# Blender v3.1.2 OBJ File: ''
# www.blender.org
mtllib chess_queen.mtl
o chess.003
v 68.386520 2.341835 49.807823
v 84.552170 2.341884 0.057820
v 80.408508 2.341854 26.217735
v 83.913513 2.984401 27.357872
v 71.370392 2.985244 51.979885
v 86.330521 4.022914 28.137657
v 73.423508 4.022894 53.467735
v 87.770508 5.985682 28.607874
v 74.648514 5.985663 54.357872
v 88.345520 9.400905 28.797815
v 75.137512 9.400886 54.717735
v 88.402512 11.762263 28.817835
v 75.185516 11.762244 54.757778
v 88.376511 14.447307 28.807827
v 75.164520 14.447288 54.737759
v 88.241516 17.165508 28.757778
v 75.049515 17.165487 54.657681
v 87.966522 19.625912 28.677702
v 74.815521 19.625891 54.487762
v 86.532516 22.062313 28.207731
v 73.595520 22.062292 53.597870
v 83.838516 24.517406 27.327848
v 71.303513 24.517387 51.927704
v 81.232513 26.413815 26.487762
v 69.086517 26.413795 50.317841
v 80.064514 27.174206 26.107880
v 68.092514 27.174187 49.597870
v 81.080521 27.433407 26.437714
v 68.957520 27.433388 50.227753
v 83.360519 29.138714 27.177704
v 70.897522 29.138695 51.637665
v 49.650833 2.341796 68.545143
v 85.754517 33.681408 27.957735
v 72.933517 33.681389 53.117645
v 26.064514 2.341830 80.557823
v -0.090485 2.341829 84.707726
v 27.203522 2.984376 84.067833
v -0.090532 2.985436 88.392342
v 27.989517 4.022889 86.477745
v -0.090485 4.022888 90.927696
v 28.456512 5.985658 87.917686
v -0.090485 5.985657 92.447716
v 28.643509 9.400880 88.497765
v -0.090485 9.400879 93.047813
v 28.662521 11.762239 88.557823
v -0.090485 11.762238 93.107872
v 28.654510 14.447282 88.527794
v -0.090485 14.447281 93.077843
v 28.610519 17.165482 88.397667
v -0.090485 17.165482 92.937706
v 28.520508 19.625885 88.117638
v -0.090485 19.625885 92.647667
v 28.054520 22.062288 86.687706
v -0.090485 22.062286 91.137657
v 27.179520 24.517382 83.987762
v -0.090485 24.517380 88.307831
v 26.332520 26.413790 81.387665
v -0.090485 26.413790 85.567841
v 25.953522 27.174181 80.217743
v -0.090485 27.174181 84.337860
v 26.283508 27.433382 81.227753
v -0.090485 27.433382 85.407684
v 27.024076 29.137131 83.516266
v -0.090485 29.138687 87.807831
v -26.270811 2.341697 80.550461
v 27.801514 33.681381 85.907692
v -0.090485 33.681381 90.327858
v -49.842384 2.341832 68.537804
v -68.567886 2.341835 49.807823
v -52.008583 2.984378 71.517784
v -71.551826 2.983361 51.973404
v -53.502182 4.022891 73.577843
v -73.605186 4.022894 53.467735
v -54.392189 5.985660 74.797813
v -74.830284 5.985663 54.357872
v -54.747589 9.400882 75.287804
v -75.319382 9.400886 54.717735
v -54.782486 11.762240 75.337852
v -75.367386 11.762244 54.747768
v -54.766983 14.447284 75.317833
v -75.346085 14.447288 54.737759
v -54.683289 17.165485 75.197716
v -75.230888 17.165487 54.657681
v -54.513382 19.625889 74.967735
v -74.997086 19.625891 54.487762
v -53.627182 22.062290 73.747765
v -73.777184 22.062292 53.597870
v -51.961983 24.517384 71.457733
v -71.485283 24.517387 51.927704
v -50.351486 26.413792 69.237762
v -69.268585 26.413795 50.317841
v -49.629387 27.174183 68.247772
v -68.274788 27.174187 49.597870
v -50.257385 27.433384 69.107880
v -69.139183 27.433388 50.227753
v -51.665787 29.137142 71.046349
v -71.079285 29.138695 51.637665
v -80.589973 2.342080 26.220142
v -53.146286 33.681385 73.087868
v -73.115387 33.681389 53.117645
v -84.734634 2.342016 0.057842
v -80.590385 2.341862 -26.092323
v -88.418381 2.984406 0.057822
v -84.095383 2.984411 -27.232216
v -90.959488 4.022919 0.057824
v -86.512085 4.022924 -28.022255
v -92.473785 5.985687 0.057824
v -87.952187 5.985692 -28.482214
v -93.078384 9.400909 0.057825
v -88.527283 9.400914 -28.672155
v -93.137787 11.762268 0.057826
v -88.583687 11.762273 -28.692175
v -93.111389 14.447311 0.057826
v -88.558685 14.447316 -28.682163
v -92.968987 17.165512 0.057828
v -88.423187 17.165516 -28.642124
v -92.679985 19.625916 0.057828
v -88.148285 19.625919 -28.552279
v -91.172180 22.062317 0.057829
v -86.714287 22.062321 -28.082308
v -88.339188 24.517410 0.057830
v -84.019989 24.517414 -27.212191
v -85.599289 26.413818 0.057830
v -81.414185 26.413822 -26.362335
v -84.370789 27.174210 0.057830
v -80.245789 27.174213 -25.982208
v -85.439186 27.433411 0.057830
v -81.261986 27.433414 -26.312286
v -87.837280 29.138718 0.057832
v -83.542686 29.138721 -27.052277
v -68.577766 2.342181 -49.682144
v -90.354080 33.681412 0.057832
v -85.936287 33.681416 -27.832304
v -49.844166 2.342097 -68.414581
v -26.246483 2.341856 -80.442177
v -52.008484 2.984402 -71.402138
v -27.385483 2.984404 -83.942177
v -53.502182 4.022946 -73.452187
v -28.170486 4.022948 -86.362343
v -54.392189 5.985715 -74.682167
v -28.638489 5.985717 -87.802284
v -54.747589 9.400937 -75.172157
v -28.825485 9.400939 -88.372353
v -54.782486 11.762265 -75.212196
v -28.843483 11.762267 -88.432167
v -54.766983 14.447339 -75.192177
v -28.835487 14.447341 -88.402138
v -54.683289 17.165432 -75.082314
v -28.791489 17.165436 -88.272255
v -54.513382 19.625835 -74.842323
v -28.702484 19.625839 -87.992226
v -53.627182 22.062344 -73.622353
v -28.236488 22.062346 -86.562294
v -51.961884 24.517437 -71.332306
v -27.361488 24.517439 -83.872345
v -50.351486 26.413845 -69.112335
v -26.514488 26.413847 -81.262238
v -49.629288 27.174236 -68.122345
v -26.134483 27.174238 -80.092316
v -50.257385 27.433437 -68.992218
v -26.464485 27.433439 -81.112335
v -51.665207 29.136322 -70.929749
v -27.206482 29.138639 -83.392120
v -0.089287 2.341979 -84.582161
v -53.146286 33.681438 -72.962181
v -27.983482 33.681442 -85.782249
v 26.064301 2.341891 -80.441475
v 49.660507 2.341854 -68.412148
v 27.203522 2.984404 -83.942177
v 51.826508 2.984402 -71.402138
v 27.989517 4.022948 -86.362343
v 53.320511 4.022946 -73.452187
v 28.457520 5.985717 -87.802284
v 54.210510 5.985715 -74.682167
v 28.643509 9.400939 -88.372353
v 54.565521 9.400937 -75.172157
v 28.662521 11.762267 -88.432167
v 54.600510 11.762265 -75.212196
v 28.654510 14.447341 -88.402138
v 54.585510 14.447339 -75.192177
v 28.610519 17.165436 -88.272255
v 54.501511 17.165432 -75.082314
v 28.520508 19.625839 -87.992226
v 54.331512 19.625835 -74.842323
v 28.054520 22.062346 -86.562294
v 53.445511 22.062344 -73.622353
v 27.179520 24.517439 -83.872345
v 51.780518 24.517437 -71.332306
v 26.332520 26.413847 -81.262238
v 50.169510 26.413845 -69.112335
v 25.953522 27.174238 -80.092316
v 49.447510 27.174236 -68.122345
v 26.283508 27.433439 -81.112335
v 50.075516 27.433437 -68.992218
v 27.023262 29.135857 -83.388390
v 51.485519 29.138638 -70.932159
v 68.383293 2.341999 -49.698460
v 27.801514 33.681442 -85.782249
v 52.964508 33.681438 -72.962181
v 80.410233 2.342030 -26.092905
v 83.913513 2.984411 -27.232216
v 88.236511 2.984406 0.057822
v 86.330521 4.022924 -28.022255
v 90.777512 4.022919 0.057824
v 87.770508 5.985692 -28.482214
v 92.292511 5.985687 0.057824
v 88.345520 9.400914 -28.672155
v 92.896515 9.400909 0.057825
v 88.402512 11.762273 -28.692175
v 92.955521 11.762268 0.057826
v 88.376511 14.447316 -28.682163
v 92.929520 14.447311 0.057826
v 88.241516 17.165516 -28.642124
v 92.787521 17.165512 0.057828
v 87.966522 19.625919 -28.552279
v 92.498520 19.625916 0.057828
v 86.532516 22.062321 -28.082308
v 90.990509 22.062317 0.057829
v 83.838516 24.517414 -27.212191
v 88.157516 24.517410 0.057830
v 81.232513 26.413822 -26.362335
v 85.417511 26.413818 0.057830
v 80.064514 27.174213 -25.982208
v 84.189514 27.174210 0.057830
v 81.080521 27.433414 -26.312286
v 85.257507 27.433411 0.057830
v 83.359756 29.136688 -27.052275
v 87.655518 29.138718 0.057832
v 85.754517 33.681416 -27.832304
v 90.172516 33.681412 0.057832
v 87.109512 42.453220 -28.272242
v 91.596512 42.453217 0.057836
v 28.242508 42.453247 -87.142113
v 53.801514 42.453243 -74.112328
v -91.778786 42.453217 0.057836
v -87.291183 42.453220 -28.272242
v -53.983688 42.453243 -74.112328
v -28.424484 42.453247 -87.142113
v -53.983688 42.453190 74.237770
v -74.267982 42.453194 53.957737
v 28.242508 42.453186 87.257790
v -0.090485 42.453186 91.747780
v 87.110695 42.448170 28.397596
v 74.086517 42.453194 53.957737
v 82.181969 53.705212 -26.651823
v 86.399521 53.732117 0.057840
v 26.653255 53.708447 -82.197296
v 50.747513 53.732143 -69.912132
v -50.926949 53.703796 -69.928802
v -26.818489 53.732147 -82.192162
v -50.946007 53.706215 70.039207
v -70.063484 53.732094 50.897682
v -86.593353 53.704865 0.043396
v -82.348480 53.732121 -26.662130
v 26.636520 53.732086 82.317848
v -0.090485 53.732086 86.547829
v 82.173027 53.705387 26.804836
v 69.881516 53.732094 50.897682
v 74.461517 66.408112 0.057844
v 43.730515 66.408134 -60.252213
v -70.994682 66.408112 -22.972185
v -60.405289 66.408104 43.877670
v 19.077528 79.776947 59.015675
v -0.090485 66.408081 74.617653
v 60.223511 66.408104 43.877670
v -23.128487 66.408142 -70.842308
v 58.860519 79.800308 -19.092299
v 61.894516 79.800308 0.057848
v 19.063507 79.800331 -58.892105
v 36.343521 79.800331 -50.082291
v -36.524483 79.800331 -50.082291
v -19.245483 79.800331 -58.892105
v -36.524483 79.800285 50.207748
v -50.237984 79.800301 36.497787
v -0.090485 79.800285 62.047836
v -62.076088 79.800308 0.057848
v -59.042282 79.800308 -19.092299
v 58.860519 79.800308 19.217760
v 50.056519 79.800301 36.497787
v 52.122513 93.228012 -16.902109
v 54.809509 93.228012 0.057852
v 50.857304 103.975380 -16.492134
v 53.479733 103.969376 0.057845
v 50.377247 110.822861 -16.332441
v 52.973511 110.825714 0.057858
v 49.067020 115.368996 -15.911981
v 51.596821 115.369026 0.057812
v 45.323051 119.179451 -14.692976
v 47.659222 119.180878 0.057882
v 40.523514 127.138710 -13.132322
v 42.612701 127.140167 0.057850
v 52.122513 93.228012 17.027822
v 44.325958 93.223404 32.328556
v 50.857349 103.975380 16.617594
v 43.248520 103.972694 31.547846
v 50.376511 110.825714 16.457760
v 42.838593 110.828651 31.247784
v 49.067520 115.367714 16.037840
v 41.725510 115.367699 30.447752
v 45.321671 119.181175 14.818276
v 38.535439 119.182907 28.131231
v 40.523514 127.138710 13.257814
v 34.458652 127.135864 25.158445
v -32.360489 93.228004 44.477776
v -44.508755 93.228439 32.323708
v -31.578871 103.976196 43.398052
v -43.429886 103.972694 31.547846
v -31.281963 110.822891 42.988327
v -43.022892 110.826698 31.244291
v -30.472488 115.367699 41.877686
v -41.907585 115.367699 30.437742
v -28.156487 119.182693 38.687744
v -38.723675 119.181717 28.124613
v -25.191483 127.138695 34.607910
v -34.639488 127.138695 25.157717
v 16.874512 93.228035 -52.152107
v 32.178513 93.228020 -44.352303
v 16.464109 103.977043 -50.883453
v 31.396515 103.972710 -43.282234
v 16.306715 110.823067 -50.402573
v 31.099001 110.828438 -42.871605
v 15.881516 115.367729 -49.102295
v 30.290512 115.367729 -41.752197
v 14.664520 119.182724 -45.352295
v 27.975510 119.182724 -38.572266
v 13.105515 127.138725 -40.552246
v 25.010513 127.138725 -34.492188
v -54.990784 93.228012 0.057852
v -52.305248 93.223274 -16.902634
v -53.660259 103.975410 0.057895
v -51.038788 103.972702 -16.492193
v -53.155422 110.823029 0.057812
v -50.557537 110.828247 -16.332243
v -51.777771 115.369476 0.057907
v -49.249283 115.367714 -15.912111
v -47.839386 119.182709 0.057860
v -45.503597 119.181221 -14.692532
v -42.795082 127.138710 0.057864
v -40.703838 127.141945 -13.131963
v 16.874512 93.227989 52.277824
v -0.090858 93.223572 54.958672
v 16.463316 103.975998 51.006779
v -0.090485 103.972679 53.627678
v 16.306559 110.822594 50.527832
v -0.090516 110.827896 53.127499
v 15.881516 115.367699 49.217773
v -0.090485 115.367699 51.747803
v 14.664520 119.182693 45.467773
v -0.090834 119.181549 47.811554
v 13.105515 127.138695 40.677734
v -0.090039 127.134476 42.766567
v -32.360489 93.228020 -44.352303
v -17.055489 93.228035 -52.152107
v -31.578558 103.975807 -43.282433
v -16.644485 103.972725 -50.882332
v -31.281487 110.822487 -42.872234
v -16.489296 110.830330 -50.403259
v -30.471802 115.369499 -41.751049
v -16.063484 115.367729 -49.092285
v -28.156487 119.182724 -38.572266
v -14.846272 119.183205 -45.354767
v -25.191483 127.138725 -34.492188
v -13.288146 127.135185 -40.554398
v 36.823517 141.483719 -11.932122
v 38.722519 141.483719 0.057868
v 31.310516 141.483719 -22.752192
v 34.457520 127.138725 -25.042234
v 22.720394 141.483688 -31.343973
v 36.823517 141.483719 12.057868
v 31.310516 141.483719 22.877691
v 25.010513 127.138695 34.607910
v 22.723150 141.485352 31.462803
v 11.903519 141.483704 36.977791
v -0.090485 141.483704 38.877693
v -13.287483 127.138695 40.677734
v -12.088318 141.483490 36.979263
v -22.905487 141.483734 -31.342279
v -12.084488 141.483734 -36.852287
v -31.491486 141.483719 -22.752192
v -34.640858 127.135757 -25.042126
v -0.090485 127.138725 -42.642090
v -0.087266 141.484100 -38.755787
v -37.004486 141.483719 -11.932122
v -38.904488 141.483719 0.057868
v -37.004486 141.483719 12.057868
v -40.704987 127.138710 13.257814
v -31.489685 141.483780 22.879734
v -22.905487 141.483704 31.457769
v 11.903519 141.483734 -36.852287
v 50.056519 79.800316 -36.372330
v 44.323441 93.231796 -32.211056
v 43.248520 103.972710 -31.422125
v 69.896439 53.709557 -50.768162
v 74.086517 42.453239 -53.832302
v 72.937569 33.680210 -52.985310
v -19.245483 79.800285 59.007797
v -17.055557 93.231544 52.277027
v -16.644485 103.972679 51.007805
v -26.834862 53.711758 82.321487
v -28.424484 42.453186 87.257790
v -27.985170 33.679714 85.907646
v -59.042282 79.800308 19.217760
v -52.302597 93.231667 17.027168
v -51.038887 103.972702 16.617670
v -82.365013 53.703678 26.776529
v -87.291183 42.453213 28.397680
v -85.935699 33.679302 27.956087
v -0.090485 79.800331 -61.922134
v -0.089776 93.232262 -54.840355
v -0.090485 103.972725 -53.512215
v -0.077809 53.702766 -86.444893
v -0.090485 42.453247 -91.622337
v -0.087821 33.679947 -90.201828
v -50.237984 79.800316 -36.372330
v -44.505032 93.231544 -32.211479
v -43.429787 103.972710 -31.422125
v -70.059853 53.710175 -50.792484
v -74.267883 42.453239 -53.832302
v -73.114655 33.679783 -52.993710
v 36.343521 79.800285 50.207748
v 32.177494 93.231659 44.476894
v 31.396515 103.972694 43.397697
v 50.743977 53.702457 70.056198
v 53.801514 42.453190 74.237770
v 52.961624 33.679905 73.089943
v 33.748520 159.861710 -10.932117
v 28.694519 159.861710 -20.852282
v 20.823517 159.861725 -28.722155
v 35.490509 159.861710 0.057874
v 10.904510 159.861725 -33.782215
v -33.930489 159.861710 11.057874
v -28.876488 159.861710 20.977797
v -35.671486 159.861710 0.057874
v -21.004486 159.861694 28.847914
v 28.694519 159.861710 20.977797
v 33.748520 159.861710 11.057874
v 20.823517 159.861694 28.847914
v -21.004486 159.861725 -28.722155
v -28.876488 159.861710 -20.852282
v -33.931812 159.862793 -10.929426
v -11.086487 159.861725 -33.782215
v -0.090485 159.861725 -35.522205
v -0.090485 159.861694 35.637707
v 10.904510 159.861694 33.897717
v -11.086487 159.861694 33.897717
v -45.497623 119.183937 14.834903
v -38.720482 119.182724 -28.002197
v 38.538929 119.181038 -28.004236
v -31.009483 179.920715 10.107929
v -26.389887 179.920624 19.171452
v -19.199486 179.920715 26.357929
v -32.601486 179.920715 0.057880
v -10.133644 179.929596 30.977421
v 30.828522 179.920715 -9.982159
v 26.210573 179.919342 -19.048090
v 19.018509 179.920715 -26.242168
v 9.955521 179.920715 -30.862286
v 32.419510 179.920715 0.057880
v -0.090468 179.911942 -32.453415
v -0.090485 179.920715 32.567890
v 9.955521 179.920715 30.977802
v 19.018509 179.920715 26.357929
v 26.208035 179.919525 19.171062
v 30.828522 179.920715 10.107929
v -10.137482 179.920715 -30.862286
v -19.202372 179.920822 -26.239763
v -26.391214 179.920105 -19.050329
v -31.009483 179.920715 -9.982159
v -28.342484 202.877716 9.237820
v -24.123482 202.877716 17.517849
v -29.796486 202.877716 0.057888
v 28.160507 202.877716 -9.122288
v 23.941513 202.877716 -17.402073
v 29.614517 202.877716 0.057888
v -9.270493 202.877716 28.317898
v -17.551483 202.877716 24.097927
v -0.090485 202.877716 29.767849
v 17.369522 202.877716 24.097927
v 9.088516 202.877716 28.317898
v 23.941513 202.877716 17.517849
v -0.095841 202.878754 -29.643898
v 9.091046 202.877777 -28.191574
v 17.369522 202.877716 -23.972141
v -9.270493 202.877716 -28.192112
v 28.160507 202.877716 9.237820
v -17.551483 202.877716 -23.972141
v -28.342484 202.877716 -9.122288
v -0.090485 227.233719 -27.572231
v 26.192045 227.236176 -8.482875
v 27.546509 227.233719 0.057896
v 24.976517 246.560715 -8.082234
v 26.266230 246.563339 0.055246
v 21.230219 246.560471 -15.436182
v 26.194670 227.233856 8.595684
v 24.982601 246.563065 8.205509
v 22.268509 227.233719 16.307896
v 21.232161 246.563583 15.557742
v 16.153519 227.233719 22.417759
v 15.192656 254.449402 20.977161
v 8.449509 227.233719 26.347935
v 8.054520 246.560715 25.127726
v -0.090485 227.233719 27.697788
v -0.090485 246.560715 26.417765
v -8.631485 227.233719 26.347935
v -8.235489 246.560715 25.127726
v -16.335487 227.233719 22.417759
v -15.583488 246.560715 21.387735
v -22.449486 227.233719 16.307896
v -21.411797 246.563980 15.560135
v -26.375488 227.233719 8.597935
v -25.158871 246.562881 8.212151
v -27.728485 227.233719 0.057896
v -26.448315 246.563385 0.057917
v -26.375488 227.233719 -8.482143
v -25.158485 246.560715 -8.082234
v -22.449486 227.233719 -16.182095
v -21.414482 246.560715 -15.432088
v -16.335487 227.233719 -22.302212
v -15.583488 246.560715 -21.262167
v -8.631485 227.233719 -26.222134
v -8.248335 246.567581 -25.000183
v 24.560371 254.432693 -7.948722
v 20.876833 254.432892 -15.173033
v 20.707420 256.272827 -15.057230
v 24.359512 256.270721 -7.882280
v 21.152924 260.386993 -15.370697
v 24.882507 260.384705 -8.052201
v 23.650513 264.667725 -17.192091
v 27.818512 264.667725 -9.012160
v -15.324803 254.436371 21.027184
v -8.097469 254.435944 24.710701
v -0.079378 254.434189 25.979034
v 7.920867 254.432571 24.706982
v 20.878510 254.431717 15.297894
v -8.035492 256.270691 24.507856
v -15.201485 256.270691 20.857954
v 7.853516 256.270691 24.507856
v 20.707520 256.270691 15.167769
v -8.202596 260.385406 25.035347
v -15.525482 260.384705 21.307907
v -9.156148 264.667328 27.969673
v -17.340485 264.667725 23.797899
v -15.322846 254.435425 -20.913311
v -21.060402 254.432571 -15.172168
v -24.740196 254.431946 -7.953037
v -26.010483 254.431717 0.057904
v -20.890175 256.271271 -15.053665
v -15.199903 256.260101 -20.744097
v -25.797585 256.271851 0.058015
v -21.335949 260.383423 -15.372469
v -15.522763 260.381897 -21.185236
v -23.834040 264.665924 -17.191980
v -17.340485 264.667725 -23.682081
v -29.817822 267.012329 -21.531729
v -21.691235 267.013947 -29.665911
v 29.636520 267.012726 -21.532179
v 34.855515 267.012726 -11.292190
v -11.445480 267.012726 35.007858
v -21.688484 267.012726 29.787889
v 15.145061 254.432281 -20.912096
v 15.401520 246.560715 -21.262167
v 7.918518 254.431717 -24.592241
v 7.856183 256.269714 -24.391346
v 8.054520 246.560715 -25.002157
v -0.090485 254.431717 -25.862261
v -0.095120 256.272400 -25.650444
v -0.090485 246.560715 -26.292196
v -0.090485 260.384705 -26.202103
v 8.023514 260.384705 -24.912064
v -0.093966 264.668793 -29.283329
v 8.977509 264.667725 -27.852247
v -0.090485 267.012726 -36.682083
v 11.263519 267.012726 -34.882278
v -8.100479 254.431717 -24.592241
v -8.035492 256.270721 -24.392046
v -0.090485 269.774719 -48.392040
v 14.883742 269.776794 -46.019596
v -0.090485 274.508698 -53.352245
v 16.414520 274.508698 -50.732128
v -0.090485 278.989716 -52.932076
v 16.285507 278.989716 -50.342232
v -15.061156 269.774567 -46.018894
v -11.444898 267.012238 -34.881248
v -28.570810 269.774017 -39.131573
v -31.485489 274.508698 -43.152050
v -16.595482 274.508698 -50.732128
v -31.240486 278.989716 -42.812202
v -16.467484 278.989716 -50.342232
v -39.287483 269.774719 -28.422071
v -46.169785 269.774719 -14.912061
v -50.887688 274.508698 -16.442089
v -43.301186 274.508698 -31.332226
v -50.493286 278.989655 -16.309055
v -42.964783 278.989716 -31.092234
v -15.057478 269.775024 46.138443
v -28.571568 269.769623 39.256950
v -16.595482 274.508698 50.857960
v -31.485489 274.508698 43.267872
v -16.467484 278.989716 50.457817
v -31.240486 278.989716 42.937798
v -0.090380 269.776154 48.510921
v -0.091322 267.012299 36.807224
v 14.881516 269.774719 46.137745
v 11.263519 267.012726 35.007858
v 16.413513 274.508698 50.857960
v -0.090485 274.508698 53.467823
v 16.285507 278.989716 50.457817
v -0.090485 278.989716 53.057915
v -9.159485 264.667725 -27.852247
v -8.205490 260.384705 -24.912064
v -14.846742 119.179893 45.469330
v -16.063484 115.367699 49.217773
v -16.488487 110.825691 50.527828
v -0.090277 119.179657 -47.694469
v -0.090485 115.367729 -51.622314
v -0.090485 110.825737 -53.002201
v 27.977652 119.180023 38.690575
v 30.290512 115.367699 41.877686
v 31.099518 110.825706 42.987789
v -24.123482 202.877716 -17.402073
v -49.250065 115.367996 16.034273
v -50.557785 110.825714 16.457760
v -41.905884 115.368164 -30.324339
v -43.020584 110.825722 -31.132328
v 41.727791 115.367783 -30.318281
v 42.838516 110.825722 -31.132328
v -0.095620 127.138725 -42.641209
v -0.090485 141.483734 -38.752190
v -13.283081 127.139114 40.678936
v -12.085487 141.483704 36.977791
v 25.013584 127.138908 34.605427
v 22.721708 141.485291 31.452721
v 20.824278 159.855972 28.848846
v -36.997330 141.476929 -11.931643
v -33.926277 159.860275 -10.933041
v -31.008163 179.920410 -9.981560
v -17.548265 202.877640 -23.974922
v -9.270493 202.877716 -28.192112
v -28.343985 202.877731 -9.117304
v -29.796486 202.877716 0.057888
v -28.342484 202.877716 9.237820
v -24.125523 202.877747 17.514606
v -17.551483 202.877716 24.097927
v -9.270493 202.877716 28.317898
v -0.090485 202.877716 29.767849
v 9.088516 202.877716 28.317898
v 17.369522 202.877716 24.097927
v 23.941513 202.877716 17.517849
v 26.210510 179.920715 19.167744
v -28.569489 269.774719 -39.132275
v -31.485489 274.508698 -43.152050
v -31.240486 278.989716 -42.812202
v -21.688484 267.012726 -29.662062
v -28.342484 202.877716 -9.122288
v 23.941513 202.877716 17.517849
v -0.090485 202.877716 29.767849
v -10.140222 179.921082 30.980093
v -9.270493 202.877716 -28.192112
v -0.088907 179.921448 -32.454281
v 34.458164 127.139938 -25.039188
v 22.723511 141.483734 -31.342279
v -40.703930 127.139114 13.256869
v -31.492113 141.484406 22.877386
v -11.083476 159.862503 33.897408
v -22.905487 141.483704 31.457769
v -0.089832 159.859970 -35.516376
v 11.903519 141.483734 -36.852287
v -12.085487 141.483704 36.977791
v -8.235489 246.560715 -25.002157
v -0.090485 141.483734 -38.752190
v -40.705803 127.139168 -13.132529
v -0.090485 202.877716 -29.642063
v -0.086112 227.234619 -27.573721
v -0.094684 246.566803 -26.287312
v 29.614275 202.877686 0.057920
v 32.419106 179.920670 0.057945
v 35.490196 159.861664 0.057910
v 38.721962 141.483688 0.057890
v 42.613213 127.138550 0.057918
v 8.449509 227.233719 -26.222134
v 8.053738 246.563019 -25.000330
v 16.153519 227.233719 -22.302212
v 15.401520 246.560715 -21.262167
v 22.268509 227.233719 -16.182095
v 21.232513 246.560715 -15.432088
v 26.199490 227.234833 -8.480928
v 61.894516 79.800308 0.057848
v 54.808456 93.227814 0.058006
v 53.479507 103.972702 0.057856
v 74.461517 66.408112 0.057844
v 86.399521 53.732117 0.057840
v 50.061634 79.803642 36.498322
v 44.324509 93.228004 32.327873
v 60.223511 66.408104 43.877670
v 69.881516 53.732094 50.897682
v 74.086517 42.453194 53.957737
v 72.933517 33.681389 53.117645
v -50.237984 79.800301 36.497787
v -44.505882 93.228004 32.327873
v -60.405289 66.408104 43.877670
v -70.063484 53.732094 50.897682
v -74.267982 42.453194 53.957737
v -73.115387 33.681389 53.117645
v -0.090485 79.800285 62.047836
v -0.090485 93.227989 54.957756
v -0.090485 66.408081 74.617653
v -0.090485 53.732086 86.547829
v -0.090485 42.453186 91.747780
v -0.090485 33.681381 90.327858
v -59.045227 79.802155 -19.090696
v -52.303787 93.228012 -16.902109
v -70.994682 66.408112 -22.972185
v -82.352425 53.735661 -26.661299
v -87.291183 42.453220 -28.272242
v -85.936287 33.681416 -27.832304
v -19.245483 79.800331 -58.892105
v -17.055489 93.228035 -52.152107
v -23.128487 66.408142 -70.842308
v -26.818489 53.732147 -82.192162
v -28.424484 42.453247 -87.142113
v -27.983482 33.681442 -85.782249
v 36.343521 79.800331 -50.082291
v 32.178513 93.228020 -44.352303
v 43.730515 66.408134 -60.252213
v 50.747513 53.732143 -69.912132
v 53.801514 42.453243 -74.112328
v 52.964508 33.681438 -72.962181
v 45.320511 119.182709 14.817870
v -47.838737 119.182259 0.057728
v -51.779083 115.367714 0.057860
v 45.320511 119.182709 -14.692140
v 49.067520 115.367714 -15.912111
v 34.457520 127.138695 25.157717
v -0.090485 127.138695 42.767822
v -13.287483 127.138725 -40.552246
v 44.324509 93.228020 -32.212166
v 43.248520 103.972710 -31.422125
v -0.090485 93.228035 -54.842293
v -0.090485 103.972725 -53.512215
v 32.178513 93.228004 44.477776
v 31.396515 103.972694 43.397697
v -17.055489 93.227989 52.277824
v -16.644485 103.972679 51.007805
v -44.505882 93.228020 -32.212166
v -43.429787 103.972710 -31.422125
v -52.303787 93.228012 17.027822
v -51.038887 103.972702 16.617670
v 50.857513 103.972702 16.617670
v 50.376511 110.825714 16.457760
v 49.067520 115.367714 16.037840
v -19.199486 179.920715 -26.242168
v -26.392487 179.920715 -19.052227
v -26.392487 179.920715 19.167744
v -19.199486 179.920715 26.357929
v 27.546509 227.233719 0.057896
v 28.160507 202.877716 -9.122288
v 23.943590 202.877747 -17.398756
v 17.370810 202.863297 -23.973808
v 26.210510 179.920715 -19.052227
v 19.018509 179.920715 -26.242168
v 30.290512 115.367699 41.877686
v 31.099518 110.825706 42.987789
v -16.063484 115.367699 49.217773
v -16.488487 110.825691 50.527828
v -0.090485 115.367729 -51.622314
v -0.090485 110.825737 -53.002201
v -49.249283 115.367714 -15.912111
v -50.557785 110.825714 -16.332279
v -45.502388 119.182709 -14.692140
v -41.907585 115.367699 30.437742
v -43.020584 110.825706 31.247799
v -38.720482 119.182693 28.127686
v 30.290512 115.367729 -41.752197
v 31.099518 110.825722 -42.872318
v 27.975510 119.182724 -38.572266
v 72.385513 3.503363 52.737755
v 74.025513 5.003790 53.927696
v 73.395416 4.022180 53.494522
v 74.882507 7.692389 54.547813
v 74.620422 5.984360 54.384495
v 75.151520 10.580970 54.747765
v 75.110092 9.398604 54.744518
v 75.164520 13.104087 54.757778
v 75.158096 11.760675 54.784561
v 75.096512 15.805686 54.707729
v 75.137100 14.445556 54.764542
v 74.921509 18.394979 54.577847
v 75.022095 17.163612 54.684464
v 74.195511 20.843481 54.047821
v 74.788094 19.624220 54.514549
v 72.439514 23.289190 52.777802
v 73.569443 22.060684 53.624477
v 70.185516 25.465096 51.137665
v 71.278748 24.515718 51.961182
v 68.580521 26.793785 49.967743
v 69.062447 26.412523 50.344608
v 68.515518 27.303688 49.927704
v 68.068443 27.173658 49.624474
v 69.917511 28.285591 50.937714
v 68.932121 27.433256 50.254501
v 71.905518 31.408897 52.387665
v 70.870758 29.137554 51.664448
v 73.499512 38.065086 53.547825
v 72.906097 33.678383 53.144432
v 71.974518 48.089790 52.437721
v 74.058418 42.447315 53.984524
v 65.045517 60.066887 47.397686
v 69.858101 53.724617 50.924461
v 55.134521 73.100807 40.197739
v 43.693512 66.359489 60.337872
v 60.197510 66.395393 43.927715
v 47.184509 86.510811 34.417713
v 50.043133 79.791359 36.517868
v 31.780518 98.597801 43.937737
v 32.172489 93.210106 44.491158
v 32.159775 93.219063 44.491165
v 31.386496 103.977379 43.404385
v 31.377104 103.966034 43.411091
v 42.276520 113.095711 30.857908
v 31.367508 103.969704 43.367668
v 31.111511 110.818703 42.977779
v 30.687515 113.095711 42.437740
v 31.090158 110.816368 42.994480
v 31.079443 110.821030 43.001183
v 30.279839 115.370361 41.877689
v 30.271776 115.365036 41.891079
v 23.861511 134.307709 33.037846
v 25.005161 127.128006 34.621128
v 24.995117 127.133362 34.621136
v 11.882507 141.471710 36.937752
v 22.702515 141.468719 31.477789
v 10.879517 159.853699 33.847912
v 20.811508 159.881714 28.847914
v 10.881516 159.853699 33.857922
v 20.804520 159.843719 28.857924
v 26.051514 202.889709 13.377712
v 23.942183 202.909805 17.511164
v 17.327515 202.872711 24.047878
v 23.933517 202.901718 17.527859
v 17.329514 202.870712 24.057888
v 23.929520 202.854706 17.537868
v 27.852509 215.061707 4.657746
v 26.145508 227.229706 -8.472134
v 27.542511 227.252716 0.047886
v 27.543837 227.259140 0.057896
v 26.145508 227.229706 8.597935
v 27.543518 227.252716 0.067906
v 28.101517 202.872711 -9.112278
v 29.609512 202.901718 0.047878
v 30.770508 179.913712 -9.972149
v 32.413513 179.943710 0.037861
v 33.695511 159.853714 -10.922106
v 35.483521 159.881714 0.037854
v 36.771515 141.474716 -11.922112
v 38.716522 141.501709 0.037848
v 40.477509 127.126709 -13.132322
v 42.605515 127.153709 0.037844
v 42.615520 127.133369 0.051186
v 47.194519 117.275711 15.417724
v 49.068195 115.370384 16.011023
v 49.722519 113.097702 16.237791
v 50.378525 110.828384 16.437679
v 50.617508 107.400711 16.527828
v 53.475498 103.977386 0.037773
v 53.476837 103.982086 0.051173
v 54.804844 93.235161 0.037767
v 58.348511 86.517502 0.047840
v 58.809509 79.773422 -19.082289
v 61.881516 79.813705 0.027819
v 68.173508 73.107513 0.047836
v 70.762512 66.360703 -22.972185
v 74.442520 66.421509 0.017805
v 80.426514 60.073318 0.047832
v 82.112518 53.681019 -26.662130
v 86.380508 53.744812 0.007791
v 91.534515 42.424210 0.067846
v 86.400513 53.720917 0.037820
v 86.434509 38.069500 28.157688
v 85.761200 33.687286 27.917551
v 84.560516 31.411205 27.547823
v 83.368546 29.141716 27.137516
v 82.223511 28.286510 26.787811
v 81.087212 27.434538 26.397522
v 80.574509 27.303905 26.257782
v 80.070534 27.174410 26.074409
v 80.650513 26.794201 26.277802
v 81.237206 26.414343 26.447573
v 82.536514 25.466106 26.897675
v 83.842529 24.518681 27.294382
v 85.186508 23.290417 27.757780
v 86.536537 22.063915 28.167551
v 87.251511 20.844707 28.427702
v 87.971878 19.627512 28.637524
v 88.106522 18.396313 28.707731
v 88.247536 17.167105 28.724316
v 88.311508 15.807109 28.767788
v 88.382538 14.449181 28.767649
v 88.391510 13.105510 28.797815
v 88.408539 11.764057 28.777658
v 88.376511 10.582179 28.787806
v 88.351540 9.402474 28.757637
v 88.060516 7.694148 28.687708
v 87.777206 5.987943 28.567694
v 87.053513 5.004786 28.357872
v 86.337204 4.024234 28.104353
v 85.124512 3.503901 27.737755
v 83.920876 2.985090 27.317686
v 82.164520 2.663265 26.777794
v 89.504517 3.503387 0.077843
v 88.228493 2.983975 0.097848
v 91.532516 5.003815 0.077843
v 90.770149 4.022206 0.097844
v 92.591522 7.692413 0.077844
v 92.285156 5.984378 0.097846
v 92.924515 10.580994 0.077845
v 92.890488 9.398627 0.097839
v 92.940521 13.104111 0.077846
v 92.949501 11.760700 0.097840
v 92.856522 15.805710 0.077847
v 92.923500 14.445580 0.097842
v 92.640518 18.395004 0.077847
v 92.781502 17.163639 0.097843
v 91.742508 20.843506 0.077848
v 92.492508 19.624247 0.097845
v 89.572510 23.289215 0.077849
v 90.985161 22.060707 0.097845
v 86.785507 25.465118 0.077850
v 88.153503 24.515739 0.097850
v 84.801514 26.793808 0.077850
v 85.413490 26.412546 0.097857
v 84.720520 27.303711 0.077850
v 84.184166 27.173683 0.097860
v 86.453522 28.285614 0.077851
v 85.251495 27.433279 0.097859
v 88.911514 31.408920 0.077852
v 87.648163 29.137573 0.097852
v 90.882507 38.065109 0.077854
v 90.165154 33.678406 0.097853
v 88.997513 48.089813 0.077857
v 91.589836 42.447338 0.097855
v 80.431519 60.066910 0.077861
v 86.397507 53.724640 0.097865
v 68.179520 73.100815 0.067856
v 70.761520 66.359512 23.087873
v 74.465515 66.395401 0.107893
v 58.351517 86.510818 0.067860
v 58.812515 79.755508 19.207750
v 61.900513 79.786911 0.107897
v 54.143509 98.597809 0.067864
v 54.810169 93.219070 0.084654
v 50.612518 107.397720 16.547848
v 50.853508 103.958687 16.624363
v 50.847477 103.966042 16.637760
v 49.718521 113.095718 16.257811
v 50.366478 110.821037 16.477848
v 45.295517 119.155716 14.807860
v 49.062515 115.375710 16.017820
v 49.060177 115.370384 16.044527
v 49.058834 115.365051 16.057905
v 45.313168 119.188049 14.824561
v 45.320507 119.177368 14.831254
v 45.313816 119.180038 14.837972
v 40.668518 134.307709 0.067876
v 37.106522 150.667709 0.067881
v 36.778519 141.471710 12.047858
v 38.722519 141.468719 0.087897
v 33.954514 169.886719 0.067887
v 33.698517 159.852707 11.047864
v 35.489517 159.843719 0.087903
v 31.016510 191.393707 0.067894
v 30.776520 179.912720 10.097919
v 32.419510 179.900711 0.077900
v 28.580521 215.049713 0.067902
v 28.104507 202.870712 9.227810
v 29.614517 202.854706 0.077907
v 26.870514 227.221710 4.337925
v 23.945505 202.862350 17.517824
v 23.939499 202.846970 17.524549
v 20.654510 202.865707 20.807888
v 17.365492 202.846970 24.097940
v 13.227509 202.865707 26.207790
v 9.083159 202.846970 28.317905
v 4.496521 202.865707 29.037868
v -0.097175 202.846970 29.767851
v -4.683487 202.865707 29.037868
v -9.277845 202.846970 28.317896
v -13.413483 202.865707 26.207790
v -10.110489 179.913712 30.927753
v -19.181488 179.943710 26.367695
v -19.194820 179.907349 26.364454
v -19.207518 179.893967 26.357918
v -22.799484 179.910706 22.767841
v -26.399179 179.893967 19.167727
v -30.962486 179.912720 10.087910
v -26.404488 179.900711 19.157734
v -26.235489 202.865707 13.377712
v -28.347170 202.846970 9.231121
v -29.071487 202.865707 4.647732
v -29.799158 202.846970 0.051187
v -29.070488 202.865707 -4.532200
v -26.397152 179.907349 -19.045549
v -26.390474 179.893967 -19.058929
v -22.795486 179.910706 -22.652081
v -19.195465 179.893967 -26.248867
v -10.113480 179.912720 -30.812237
v -19.182487 179.900711 -26.252178
v -13.409485 202.865707 -26.082249
v -9.265125 202.846970 -28.198807
v -4.678482 202.865707 -28.922092
v -0.083785 202.846954 -29.648752
v 9.079514 202.870712 -28.132298
v -0.071487 202.854706 -29.642063
v 4.181519 227.221710 -26.902065
v 18.189514 191.404709 -25.112282
v 9.929520 179.913712 -30.802227
v 18.999512 179.943710 -26.242168
v 19.013174 179.907349 -26.248846
v 19.025873 179.893967 -26.242157
v 22.617508 179.910706 -22.642071
v 26.217207 179.893967 -19.045528
v 30.781509 179.912720 -9.962139
v 26.222519 179.900711 -19.032207
v 26.053513 202.865707 -13.262180
v 27.178513 215.049713 -8.792206
v 28.165192 202.846970 -9.115590
v 29.558517 202.870712 0.067898
v 28.166519 202.854706 -9.102268
v 27.497513 227.229706 0.067906
v 26.193512 227.252716 -8.472134
v 27.488510 227.228714 0.067906
v 26.198517 227.208710 -8.462124
v 18.315521 246.564713 -18.352255
v 21.228508 246.571411 -15.432088
v 21.235188 246.566055 -15.425396
v 15.396171 246.571426 -21.262167
v 3.979507 246.564713 -25.652060
v 8.048510 246.571411 -25.002157
v -0.086487 254.429718 -25.832232
v -15.260483 255.350708 -20.822222
v -8.026489 256.268707 -24.372271
v -8.677490 262.525726 -26.382278
v -8.200126 260.379364 -24.912062
v -8.194840 260.382050 -24.912050
v -9.154810 264.669708 -27.852253
v -9.147515 264.665070 -27.852230
v -25.122482 268.392700 -34.402054
v -30.019485 272.140717 -41.142040
v -28.548767 269.772705 -39.138798
v -31.355484 276.747711 -42.982128
v -31.464025 274.505371 -43.158775
v -31.221136 278.986389 -42.825577
v -50.890900 274.512024 -16.422009
v -48.531189 272.142700 -15.672071
v -46.176262 269.777374 -14.892195
v -35.026482 267.056702 -11.292190
v -46.161087 269.771698 -14.892041
v -23.842520 264.669739 -17.178675
v -22.586487 262.527710 -16.272171
v -21.341846 260.388062 -15.365555
v -20.894901 256.273407 -15.038699
v -24.520485 256.273712 -7.882280
v -25.798130 256.273407 0.071377
v -25.799490 256.276093 0.064587
v -25.904488 255.351715 0.067915
v -26.008459 254.433060 0.071407
v -26.228485 250.497711 0.067913
v -24.717484 254.429718 8.057904
v -15.266487 255.350708 20.937788
v -15.366486 258.326691 21.077925
v -15.209549 256.269379 20.851223
v -16.435486 262.525726 22.547897
v -15.532790 260.382050 21.301266
v -19.516487 265.839722 26.787889
v -17.347109 264.665070 23.791273
v -21.695843 267.011414 29.774506
v -30.031487 272.140717 41.257862
v -28.577520 269.772705 39.237785
v -31.368484 276.747711 43.097950
v -31.498266 274.505371 43.254410
v -31.256496 278.986389 42.917747
v -16.523483 276.749725 50.657764
v -16.573412 274.512054 50.857967
v -0.099487 276.747711 53.267872
v -0.111958 274.505371 53.461117
v -0.112509 278.986389 53.051224
v 16.357513 276.749725 50.657764
v 16.433588 274.512054 50.844570
v 15.655518 272.142700 48.497852
v 14.900845 269.777374 46.131077
v 13.080521 268.394714 40.577927
v 11.282254 267.014740 35.007835
v 11.268847 267.011383 35.001167
v 11.254850 267.010040 35.001186
v -0.087479 260.398712 26.297897
v -8.116486 258.328705 24.777876
v -8.024759 256.273407 24.514540
v 7.863553 256.273407 24.507835
v 7.858854 256.276093 24.507860
v 7.848159 256.273407 24.514532
v 20.712872 256.273407 15.161042
v 20.710854 256.276093 15.167771
v 20.794510 255.351715 15.227827
v 20.704151 256.273407 15.174467
v 20.883226 254.433060 15.284462
v 21.057510 250.497711 15.417767
v 24.532516 254.429718 8.067914
v 24.621521 258.326721 -7.962113
v 24.360847 256.269379 -7.875592
v 26.350510 262.525726 -8.522170
v 24.883841 260.382050 -8.038893
v 31.336517 265.839722 -10.142043
v 27.818495 264.665070 -8.998841
v 32.249512 267.014709 -16.422071
v 34.865562 267.016724 -11.305564
v 34.864185 267.014740 -11.285493
v 34.852844 267.011414 -11.278807
v 29.629791 267.014740 -21.552273
v 39.098511 269.817719 -28.412062
v 29.644516 267.018707 -21.562208
v 26.640518 265.840698 -19.372267
v 23.644491 264.669708 -17.198776
v 21.146791 260.388062 -15.385522
v 20.927521 258.328705 -15.212113
v 15.005508 256.273712 -20.722124
v 8.504517 262.525726 -26.382278
v 8.032829 260.382050 -24.905392
v 10.124512 265.839722 -31.362257
v 8.987459 264.665070 -27.845587
v 13.076508 268.392700 -40.442093
v 11.274849 267.011383 -34.875599
v 28.382507 269.817719 -39.122265
v 14.901520 269.771698 -45.992138
v 16.357513 276.747711 -50.532177
v 16.431961 274.505371 -50.718712
v 16.305531 278.986389 -50.328857
v -0.099487 276.749725 -53.142040
v -0.112565 274.512024 -53.345554
v -0.099487 272.142700 -50.872265
v -16.523483 276.747711 -50.542187
v -16.573345 274.505371 -50.732136
v -16.445459 278.986389 -50.342216
v -31.368484 276.749725 -42.972118
v -31.500881 274.512024 -43.132126
v -30.033485 272.142700 -41.142040
v -28.586184 269.777374 -39.125584
v -21.705875 267.014740 -29.655342
v -21.691145 267.011383 -29.655376
v -21.677837 267.010040 -29.662060
v -0.102574 260.388062 -26.202093
v -8.044930 256.273407 -24.385483
v -8.040158 256.276093 -24.385532
v -8.071487 255.351715 -24.492144
v -8.109885 254.433060 -24.585539
v -8.171478 250.497711 -24.792194
v -8.245519 246.566055 -25.002144
v -8.240823 246.548019 -25.002157
v -8.230792 246.534622 -25.008846
v -4.161484 246.550705 -25.652060
v -0.085124 246.534637 -26.298880
v 3.983521 246.550705 -25.652060
v 8.059878 246.534622 -25.002151
v 11.730515 246.550705 -23.132284
v 15.406875 246.534622 -21.262156
v 18.319519 246.550705 -18.342245
v 26.049515 202.889709 -13.262180
v 17.327515 202.872711 -23.932102
v 23.927521 202.901718 -17.412083
v 23.935501 202.909805 -17.402073
v 22.611511 179.932709 -22.642071
v 13.226517 202.889709 -26.082249
v 17.362839 202.909805 -23.972139
v 23.899521 202.872711 -17.352268
v 17.375519 202.901718 -23.962132
v 23.901520 202.870712 -17.362278
v 17.385513 202.854706 -23.962132
v -8.623489 227.229706 -26.172085
v -0.107483 227.252716 -27.572231
v -0.096494 227.259140 -27.572229
v 8.441513 227.229706 -26.172085
v -0.082489 227.252716 -27.572231
v -4.682480 202.889709 -28.912083
v -17.524483 202.872711 -23.922092
v -9.285492 202.901718 -28.182102
v -9.274496 202.909805 -28.185427
v -9.276489 202.862350 -28.192116
v -11.077484 159.853729 -33.722157
v -0.111481 159.881714 -35.512196
v -0.096481 150.677734 -37.132317
v -12.076485 141.474731 -36.802238
v -0.113480 141.501709 -38.742180
v -0.098486 141.473694 -38.752193
v -0.081782 141.464340 -38.758873
v 5.909515 141.476715 -37.802238
v 11.912883 141.464340 -36.852283
v 17.317520 141.476715 -34.092278
v 34.454182 127.133377 -25.048908
v 47.189514 117.275711 -15.312257
v 14.648514 119.160728 -45.322266
v 27.946518 119.190727 -38.572266
v 27.963480 119.193459 -38.565563
v 29.125519 117.275726 -40.162109
v 27.980200 119.188072 -38.558895
v 30.270462 115.370392 -41.758892
v 30.687515 113.097710 -42.312260
v 31.079458 110.828392 -42.879017
v 31.089514 110.821022 -42.872318
v 31.107531 110.816383 -42.865631
v 36.972519 110.821709 -36.992191
v 42.844536 110.816376 -31.118948
v 43.232452 103.977394 -31.442219
v 42.809509 110.822716 -31.102299
v 43.235519 103.986717 -31.442144
v 43.779510 98.603218 -31.822273
v 32.157772 93.235168 -44.365692
v 31.375519 103.966728 -43.232185
v 32.162521 93.249519 -44.362312
v 34.252518 86.517525 -47.222179
v 19.040512 79.773445 -58.842300
v 36.306519 79.813728 -50.092300
v 40.026520 73.107536 -55.172134
v 22.923508 66.360641 -70.792259
v 43.684509 66.421532 -60.262222
v 47.226517 60.073345 -65.082298
v 26.611511 53.681046 -82.152122
v 50.695511 53.744839 -69.922142
v 52.261520 48.095440 -72.022240
v 53.766735 42.460720 -74.125732
v 53.370514 38.069439 -73.542259
v 52.931065 33.687244 -72.982269
v 51.460510 29.168346 -70.882355
v 52.937515 33.676937 -72.972191
v 52.975197 33.675369 -72.948814
v 82.214508 28.286518 -26.692169
v 81.065125 27.434546 -26.345766
v 80.566513 27.303913 -26.162140
v 80.049126 27.174412 -26.015697
v 80.641510 26.794209 -26.182159
v 81.215797 26.414347 -26.395666
v 82.528519 25.466114 -26.802277
v 83.820465 24.518690 -27.238968
v 85.178513 23.290424 -27.662142
v 86.513786 22.063923 -28.115797
v 87.242508 20.844715 -28.332308
v 87.948463 19.627520 -28.585758
v 88.097519 18.396320 -28.612337
v 88.223457 17.167118 -28.675596
v 88.302521 15.807118 -28.672153
v 88.359123 14.449190 -28.715637
v 88.382507 13.105519 -28.702185
v 88.384460 11.764066 -28.725649
v 88.367508 10.582189 -28.692175
v 88.328133 9.402483 -28.705629
v 88.051514 7.694158 -28.592321
v 87.753113 5.987953 -28.522398
v 87.044510 5.004796 -28.262245
v 86.313797 4.024247 -28.055731
v 85.116516 3.503911 -27.642128
v 83.898132 2.985106 -27.265688
v 82.155518 2.663273 -26.672157
v 52.582520 3.503415 -72.412148
v 53.775513 5.003842 -74.052284
v 53.345940 4.022230 -73.425407
v 54.398514 7.692441 -74.912148
v 54.236618 5.984409 -74.648849
v 54.593521 10.580991 -75.182167
v 54.592964 9.398652 -75.138840
v 54.603516 13.104138 -75.192177
v 54.627937 11.760697 -75.185417
v 54.553513 15.805737 -75.122353
v 54.612934 14.445537 -75.165398
v 54.426514 18.395031 -74.952187
v 54.528938 17.163631 -75.055534
v 53.898514 20.843441 -74.222206
v 54.358944 19.624237 -74.815544
v 52.623520 23.289242 -72.472206
v 53.472946 22.060736 -73.595566
v 50.985519 25.465145 -70.212189
v 51.807957 24.515768 -71.305519
v 49.818512 26.793835 -68.612335
v 50.196266 26.412573 -69.092247
v 49.770508 27.303738 -68.542267
v 49.472904 27.173706 -68.095596
v 50.789520 28.285641 -69.952179
v 50.100250 27.433243 -68.965462
v 52.234512 31.408947 -71.932152
v 51.509583 29.137506 -70.905396
v 53.392517 38.065136 -73.532249
v 52.989933 33.678371 -72.935402
v 52.285507 48.089840 -72.002220
v 53.828274 42.447365 -74.085548
v 47.249512 60.066936 -65.072289
v 50.775620 53.724667 -69.885506
v 40.046509 73.100838 -55.162125
v 60.186508 66.359520 -43.722187
v 43.772522 66.395424 -60.232197
v 34.268509 86.510841 -47.212170
v 50.022522 79.755516 -36.342300
v 36.380508 79.786934 -50.062271
v 38.257507 93.221321 -38.282234
v 43.790512 98.597816 -31.812263
v 44.337879 93.210121 -32.205467
v 44.339226 93.219078 -32.192062
v 43.253189 103.977394 -31.415443
v 43.259209 103.966049 -31.408741
v 30.701508 113.095726 -42.302250
v 29.139511 117.273727 -40.152100
v 30.306564 115.365067 -41.738808
v 49.063519 115.365028 -15.918791
v 47.196518 117.273712 -15.292237
v 49.070850 115.361710 -15.898759
v 49.072193 115.365044 -15.892192
v 45.319180 119.188049 -14.685453
v 45.326530 119.180046 -14.672050
v 40.482513 127.126709 -13.112303
v 34.460510 127.153725 -25.022215
v 17.310516 141.492706 -34.092278
v 22.714165 141.507812 -31.342272
v 31.273514 141.474716 -22.712152
v 22.729507 141.501709 -31.332270
v 5.903519 141.492706 -37.802238
v 11.894838 141.507797 -36.852280
v -12.076485 141.474731 -36.802238
v -0.113480 141.501709 -38.742180
v -0.097829 141.507812 -38.745499
v -6.691483 127.145729 -41.592285
v -13.301536 127.148735 -40.545551
v -13.292823 127.158127 -40.545551
v -13.296159 127.133377 -40.552254
v -0.098480 117.275726 -49.652100
v -0.111210 115.370392 -51.622314
v -0.098480 113.097725 -52.312260
v -0.112565 110.828407 -52.995510
v -0.084488 103.969734 -53.472176
v -0.107483 110.818733 -53.002201
v -0.079790 110.816399 -53.002197
v -0.112566 103.977409 -53.505524
v -0.084488 110.822731 -52.962162
v -0.107483 103.986732 -53.502205
v -0.099487 98.603233 -54.172127
v -17.075563 93.235184 -52.138882
v -16.623482 103.966743 -50.842293
v -17.070488 93.249535 -52.142097
v -18.157486 86.517525 -55.512218
v -36.501488 79.773445 -50.042252
v -19.275482 79.813728 -58.862320
v -21.194489 73.107536 -64.862320
v -43.888588 66.360725 -60.212177
v -23.163483 66.421432 -70.812279
v -24.982483 60.073345 -76.512230
v -26.845913 53.740623 -82.172089
v -27.632484 48.095444 -84.662132
v -28.455929 42.460724 -87.122200
v -28.216484 38.069443 -86.452171
v -28.017591 33.687248 -85.768852
v -27.181488 29.168348 -83.342316
v -28.008484 33.676941 -85.772240
v -27.964773 33.675369 -85.782249
v 26.640518 28.286436 -82.252228
v 26.248058 27.434568 -81.119034
v 26.105515 27.303938 -80.602325
v 25.918736 27.174442 -80.099007
v 26.129517 26.794233 -80.682159
v 26.297060 26.414307 -81.268929
v 26.742508 25.466139 -82.562286
v 27.142727 24.518715 -83.872360
v 27.603516 23.290449 -85.212196
v 28.017061 22.063944 -86.568993
v 28.273514 20.844740 -87.282265
v 28.482388 19.627508 -87.998924
v 28.551514 18.396347 -88.132362
v 28.571724 17.167105 -88.278954
v 28.617508 15.807036 -88.342323
v 28.615715 14.449142 -88.408836
v 28.643509 13.105544 -88.422157
v 28.623716 11.764057 -88.438866
v 28.638519 10.582183 -88.402138
v 28.605391 9.402505 -88.379051
v 28.536514 7.694182 -88.092323
v 28.419386 5.987976 -87.808983
v 28.208511 5.004821 -87.082314
v 27.952051 4.024270 -86.369041
v 27.582520 3.503905 -85.152138
v 27.167402 2.985093 -83.948875
v 26.621521 2.663267 -82.192177
v -27.764488 3.503417 -85.152138
v -28.390488 5.003844 -87.082314
v -28.133032 4.022235 -86.362358
v -28.717484 7.692443 -88.092323
v -28.600359 5.984415 -87.808983
v -28.820488 10.580993 -88.402138
v -28.787361 9.398660 -88.379051
v -28.825485 13.104140 -88.422157
v -28.805359 11.760701 -88.438866
v -28.799484 15.805739 -88.342323
v -28.797363 14.445539 -88.408836
v -28.732483 18.395035 -88.132362
v -28.753357 17.163633 -88.278954
v -28.455482 20.843443 -87.282265
v -28.664358 19.624241 -87.998924
v -27.785484 23.289244 -85.222206
v -28.199032 22.060738 -86.568993
v -26.924484 25.465147 -82.572296
v -27.324697 24.515772 -83.879044
v -26.311485 26.793837 -80.682159
v -26.479034 26.412577 -81.268936
v -26.286484 27.303740 -80.602325
v -26.099705 27.173710 -80.099007
v -26.822487 28.285643 -82.252228
v -26.429707 27.433245 -81.112343
v -27.581482 31.408949 -84.592308
v -27.169695 29.137508 -83.392128
v -28.189484 38.065140 -86.462181
v -27.946693 33.678375 -85.788940
v -27.607483 48.089844 -84.672142
v -28.386358 42.447372 -87.142120
v -24.961487 60.066936 -76.522240
v -0.080490 53.703140 -86.362328
v -26.764488 53.720947 -82.212181
v -21.176483 73.100838 -64.872330
v -0.082489 66.359543 -74.442162
v -23.082489 66.395432 -70.862328
v -18.141487 86.510841 -55.522228
v -0.083481 79.755531 -61.872330
v -19.207489 79.786934 -58.912125
v -8.569489 93.221336 -53.502205
v -0.082489 98.597832 -54.172127
v -0.077783 93.210136 -54.848976
v -0.066398 93.219093 -54.842285
v -0.079790 103.977409 -53.505535
v -0.068401 103.966064 -53.505524
v -16.267487 113.095741 -49.752201
v -0.084488 103.969734 -53.472176
v -0.107483 110.818733 -53.002201
v -0.082489 113.095741 -52.312260
v -0.079790 110.816399 -53.002197
v -0.069084 110.821060 -53.002190
v -0.079806 115.370392 -51.622318
v -0.069083 115.365059 -51.622311
v -14.059486 123.158730 -42.952148
v -0.081128 127.128044 -42.648777
v -0.072427 127.133385 -42.642082
v -0.084488 150.667725 -37.132317
v 11.896515 141.471710 -36.812248
v -0.065491 141.468719 -38.752190
v -0.085480 169.886719 -33.982162
v 10.896515 159.852722 -33.732166
v -0.067490 159.843719 -35.522205
v 9.946518 179.913712 -30.802227
v -0.080490 179.943710 -32.442120
v 9.947510 179.912720 -30.802227
v -0.069489 179.900711 -32.452129
v -13.412483 202.889709 -26.082249
v -9.274496 202.909805 -28.185427
v -0.081482 202.872711 -29.582249
v -9.260483 202.901718 -28.192112
v -24.081482 202.872711 -17.352268
v -17.562485 202.901718 -23.952122
v -17.554155 202.909805 -23.965458
v -22.796486 179.932709 -22.642071
v -29.737488 202.872711 0.067898
v -28.343483 202.901718 -9.102268
v -28.341146 202.909805 -9.115604
v -29.676483 191.404709 -9.542213
v -24.070488 202.872711 -17.372288
v -28.336487 202.901718 -9.122288
v -32.543488 179.913712 0.067890
v -31.010483 179.943710 -9.962139
v -35.618484 159.853714 0.067884
v -33.930489 159.881714 -10.912097
v -38.853485 141.474716 0.067878
v -37.005486 141.501709 -11.912103
v -42.749489 127.126709 0.067873
v -40.705284 127.153709 -13.112303
v -40.709599 127.133362 -13.125648
v -40.706856 127.128029 -13.145536
v -29.319489 117.275726 -40.152100
v -45.502125 119.188049 -14.672045
v -45.497372 119.193420 -14.685453
v -47.376083 117.275711 -15.292237
v -45.494640 119.188049 -14.698836
v -49.250095 115.370384 -15.892178
v -49.904488 113.097702 -16.112307
v -50.560329 110.828384 -16.312199
v -50.559788 110.821030 -16.325603
v -50.553307 110.816368 -16.345657
v -46.787483 110.821709 -23.732182
v -43.013237 110.816383 -31.138853
v -43.439625 103.977394 -31.402039
v -43.434258 103.982094 -31.415443
v -43.971382 98.603218 -31.812263
v -52.306530 93.235161 -16.882191
v -50.991989 103.966721 -16.482183
v -52.303886 93.249512 -16.882334
v -59.041626 79.809250 -19.065510
v -65.016983 73.107513 -21.022232
v -74.593086 66.360703 0.067853
v -70.989388 66.421509 -22.932146
v -86.527481 53.681015 0.067849
v -82.345085 53.744816 -26.612326
v -84.820686 48.095417 -27.452173
v -87.293732 42.460697 -28.232059
v -86.616287 38.069508 -28.042263
v -85.943115 33.687294 -27.792122
v -83.489182 29.168324 -27.042267
v -85.938286 33.676914 -27.802275
v -85.924789 33.675407 -27.845682
v -50.972183 28.286434 -69.952179
v -50.283882 27.434570 -68.965446
v -49.952988 27.303936 -68.542267
v -49.654762 27.174452 -68.095581
v -49.999489 26.794231 -68.612335
v -50.376030 26.414301 -69.092247
v -51.165688 25.466137 -70.212189
v -51.986492 24.518711 -71.305542
v -52.803886 23.290447 -72.472206
v -53.652527 22.063944 -73.595589
v -54.080086 20.844738 -74.222206
v -54.539879 19.627506 -74.815552
v -54.608482 18.396343 -74.952187
v -54.710567 17.167101 -75.055542
v -54.735382 15.807034 -75.122353
v -54.794346 14.449141 -75.165398
v -54.784988 13.105542 -75.192177
v -54.809910 11.764057 -75.185417
v -54.775284 10.582181 -75.182167
v -54.775089 9.402509 -75.138847
v -54.580185 7.694180 -74.912148
v -54.419746 5.987976 -74.655380
v -53.957588 5.004819 -74.052284
v -53.529812 4.024271 -73.425400
v -52.765686 3.503903 -72.412148
v -52.035973 2.985086 -71.375534
v -50.935684 2.663265 -69.902138
v -85.296890 3.503392 -27.642128
v -87.225388 5.003820 -28.262245
v -86.493523 4.022211 -28.055676
v -88.233086 7.692418 -28.592321
v -87.933868 5.984389 -28.522375
v -88.548889 10.580998 -28.692175
v -88.509293 9.398632 -28.705631
v -88.564590 13.104115 -28.702185
v -88.566048 11.760704 -28.725622
v -88.484390 15.805715 -28.672153
v -88.541039 14.445584 -28.715635
v -88.279282 18.395008 -28.612337
v -88.405670 17.163641 -28.675596
v -87.425087 20.843510 -28.332308
v -88.130905 19.624249 -28.585749
v -85.361389 23.289219 -27.662142
v -86.697807 22.060711 -28.115816
v -82.711487 25.465122 -26.802277
v -84.004745 24.515745 -27.245642
v -80.824188 26.793812 -26.182159
v -81.399445 26.412552 -26.395693
v -80.747681 27.303715 -26.162140
v -80.230476 27.173685 -26.015669
v -82.395691 28.285618 -26.692169
v -81.245193 27.433285 -26.345770
v -84.732681 31.408924 -27.452177
v -83.524765 29.137579 -27.085743
v -86.606987 38.065113 -28.062283
v -85.917831 33.678410 -27.865782
v -84.814590 48.089817 -27.482203
v -87.273056 42.447342 -28.305721
v -76.668289 60.066914 -24.832296
v -82.334885 53.724644 -26.702322
v -65.016182 73.100815 -21.042252
v -60.358788 66.359520 -43.732197
v -70.983185 66.395401 -23.022234
v -55.670387 86.510818 -18.012218
v -50.194984 79.755516 -36.352310
v -59.034882 79.786911 -19.132338
v -43.962082 98.597816 -31.822273
v -44.504341 93.210121 -32.225548
v -44.492424 93.219078 -32.232254
v -43.421631 103.977394 -31.435501
v -43.414520 103.966049 -31.442221
v -49.900085 113.095718 -16.132326
v -47.373085 117.273712 -15.312257
v -49.240242 115.365044 -15.932223
v -38.710468 119.188065 -28.008888
v -38.717136 119.177383 -28.015572
v -38.707756 119.180054 -28.022287
v -38.852486 134.307709 -12.542231
v -35.465485 150.668716 -11.442129
v -31.451485 141.471710 -22.732172
v -28.831482 159.853714 -20.832262
v -33.923485 159.843719 -10.952136
v -26.345482 179.912720 -19.022198
v -31.003487 179.900711 -10.002178
v -29.068489 202.889709 -4.522190
v -28.341146 202.909805 -9.115604
v -24.070488 202.872711 -17.372288
v -28.336487 202.901718 -9.122288
v -24.072487 202.870712 -17.372288
v -28.336487 202.854706 -9.132298
v -29.068489 202.889709 4.657742
v -29.792475 202.909805 0.064570
v -26.231483 202.889709 13.377712
v -28.337143 202.909805 9.244501
v -17.509483 202.872711 24.047878
v -24.108482 202.901718 17.537868
v -24.116808 202.909805 17.524529
v -22.793488 179.932709 22.767841
v -13.408485 202.889709 26.207790
v -17.544809 202.909805 24.097925
v -24.081482 202.872711 17.477810
v -17.556488 202.901718 24.087917
v -24.082489 202.870712 17.477810
v -17.566483 202.854706 24.077908
v -4.678482 202.889709 29.037868
v -9.263809 202.909805 28.311211
v 9.079514 202.872711 28.257839
v -0.073486 202.901718 29.757839
v -0.085146 202.909805 29.761164
v -0.084479 202.862350 29.767853
v -5.111481 191.393707 30.377708
v -0.082489 159.853699 35.587902
v -11.064484 159.881714 33.897717
v -0.082489 141.474701 38.827888
v -12.061485 141.501709 36.977791
v -12.078150 141.473694 36.977798
v -12.094853 141.464340 36.977791
v -17.498482 141.476715 34.217781
v -22.914852 141.464340 31.457762
v -27.202484 141.476715 27.167730
v -40.704189 127.133362 13.264491
v -44.272789 123.158714 6.667725
v -49.807083 117.275711 0.067870
v -38.704437 119.188034 28.141077
v -38.708447 119.193413 28.127672
v -40.307884 117.275696 29.287840
v -38.721828 119.188034 28.114481
v -41.890816 115.370369 30.451126
v -42.458084 113.097694 30.847898
v -43.004314 110.828377 31.267885
v -43.400589 103.969704 31.517817
v -43.009285 110.818703 31.267818
v -43.026196 110.816368 31.241112
v -46.791283 110.821693 23.847897
v -50.560127 110.816368 16.444382
v -51.028446 103.977386 16.637758
v -51.033211 103.982086 16.624350
v -51.667282 98.603210 16.827873
v -44.489147 93.235161 32.347965
v -43.396385 103.966713 31.517817
v -44.491989 93.249504 32.337883
v -47.364487 86.517494 34.417713
v -36.488487 79.773399 50.167709
v -50.206482 79.813698 36.517807
v -55.312286 73.107506 40.197739
v -60.378391 66.417046 43.897774
v -65.223785 60.073296 47.397686
v -50.890083 53.680988 69.997780
v -70.018288 53.744789 50.927711
v -72.155083 48.095390 52.437721
v -74.238838 42.460670 53.977829
v -73.681786 38.069481 53.547825
v -73.089302 33.687267 53.144428
v -71.040985 29.168297 51.597870
v -73.093483 33.676888 53.137665
v -73.120995 33.675381 53.097775
v -86.636688 28.286514 0.077851
v -85.435173 27.434544 0.097786
v -84.903183 27.303909 0.077850
v -84.365952 27.174414 0.097962
v -84.982681 26.794205 0.077850
v -85.592857 26.414349 0.097851
v -86.966484 25.466110 0.077850
v -88.331703 24.518682 0.097801
v -89.752785 23.290421 0.077849
v -91.164421 22.063915 0.097848
v -91.923485 20.844711 0.077848
v -92.672958 19.627518 0.097875
v -92.822189 18.396317 0.077847
v -92.962769 17.167110 0.097823
v -93.037888 15.807114 0.077847
v -93.105240 14.449185 0.097842
v -93.122284 13.105515 0.077846
v -93.131699 11.764061 0.097819
v -93.105789 10.582184 0.077845
v -93.072365 9.402477 0.097863
v -92.773987 7.694153 0.077844
v -92.468102 5.987949 0.097840
v -91.714783 5.004791 0.077843
v -90.954536 4.024243 0.097841
v -89.687386 3.503906 0.077843
v -88.414230 2.985099 0.097846
v -86.574486 2.663269 0.077842
v -74.223885 5.003790 53.907677
v -73.620796 4.022181 53.434357
v -75.081284 7.692389 54.527794
v -74.846809 5.984359 54.324402
v -75.349983 10.580970 54.717735
v -75.336639 9.398604 54.684265
v -75.363388 13.104087 54.727749
v -75.385025 11.760676 54.714317
v -75.295189 15.805686 54.677700
v -75.363739 14.445556 54.704285
v -75.120583 18.394979 54.557827
v -75.248642 17.163610 54.617626
v -74.393982 20.843481 54.027802
v -75.014793 19.624218 54.447647
v -72.638283 23.289190 52.747772
v -73.795471 22.060682 53.564342
v -70.383789 25.465096 51.117645
v -71.503799 24.515718 51.900921
v -68.777985 26.793785 49.947723
v -69.286568 26.412523 50.291065
v -68.712784 27.303688 49.897675
v -68.291565 27.173656 49.571095
v -70.114784 28.285591 50.917694
v -69.154762 27.433256 50.194157
v -72.103088 31.408897 52.367645
v -71.094406 29.137552 51.604355
v -73.697784 38.065086 53.517796
v -73.130898 33.678383 53.084358
v -72.173286 48.089790 52.417702
v -74.284462 42.447315 53.917542
v -65.242989 60.066887 47.377666
v -70.083153 53.724617 50.864353
v -55.329483 73.100807 40.177719
v -70.948189 66.359512 23.077864
v -60.437782 66.395393 43.847881
v -58.999283 79.755508 19.197741
v -50.267487 79.786903 36.467758
v -48.410187 93.221306 24.677725
v -51.672989 98.597809 16.807854
v -52.314808 93.210106 17.014433
v -52.312145 93.219063 17.001013
v -51.040291 103.977386 16.604458
v -51.043308 103.966042 16.591030
v -41.918274 115.365036 30.424366
v -51.779217 115.361710 0.051183
v -51.776608 115.365044 0.037777
v -53.118889 110.814713 0.057858
v -51.777985 115.363716 0.077879
v -47.834511 119.188042 0.051173
v -47.838783 119.180046 0.037773
v -42.749489 127.126709 0.057864
v -40.703384 127.153709 13.247805
v -27.195488 141.492706 27.167730
v -31.482801 141.507782 22.877687
v -36.958488 141.474716 12.027839
v -31.494484 141.501709 22.857916
v -17.491486 141.492706 34.217781
v -22.896137 141.507797 31.457766
v -0.082489 141.474701 38.827888
v -12.061485 141.501709 36.977791
v -12.076805 141.507797 36.971100
v -6.685486 127.145699 41.717773
v 13.098511 127.126694 40.627686
v -0.065491 127.153694 42.757812
v -0.082478 127.158096 42.761131
v -0.081814 127.133347 42.767834
v -15.447487 117.275696 47.347900
v -16.042093 115.370369 49.217781
v -16.267487 113.097679 49.877682
v -16.466412 110.828362 50.527836
v -16.638489 103.969688 50.967766
v -16.472488 110.818687 50.527828
v -16.498512 110.816345 50.521145
v -16.622410 103.977364 51.014496
v -16.482483 110.822685 50.487789
v -16.628487 103.986687 51.007805
v -16.842484 98.603188 51.637688
v -0.068407 93.235138 54.957752
v -0.098480 103.966698 53.587883
v -0.074478 93.249489 54.957756
v -0.082489 86.517479 58.497791
v -0.066403 79.809227 62.041149
v -0.081482 73.107491 68.327866
v 22.939514 66.360672 70.917702
v -0.048492 66.421478 74.597878
v -0.079483 60.073292 80.577858
v 26.627518 53.680984 82.267799
v -0.041489 53.744781 86.527809
v -0.077484 48.095383 89.147682
v -0.053701 42.460663 91.741089
v -0.076492 38.069473 91.037819
v -0.053024 33.687260 90.321167
v -0.099487 29.168291 87.757782
v -0.063492 33.676880 90.317848
v -0.108514 33.675373 90.321182
v -50.950287 28.286488 70.087860
v -50.226074 27.434517 69.127800
v -49.931686 27.303883 68.687714
v -49.598217 27.174383 68.261169
v -49.978485 26.794178 68.747772
v -50.319454 26.414326 69.251160
v -51.144386 25.466084 70.347870
v -51.928551 24.518660 71.471130
v -52.781883 23.290394 72.607872
v -53.592674 22.063890 73.761162
v -54.057388 20.844685 74.367638
v -54.478676 19.627489 74.981133
v -54.585388 18.396290 75.087852
v -54.648632 17.167086 75.217796
v -54.712189 15.807086 75.267784
v -54.732346 14.449158 75.331230
v -54.761787 13.105487 75.337852
v -54.747898 11.764031 75.357773
v -54.752083 10.582156 75.317833
v -54.713001 9.402452 75.307884
v -54.557083 7.694126 75.047813
v -54.357941 5.987921 74.817894
v -53.934586 5.004764 74.197716
v -53.468685 4.024218 73.591240
v -52.743088 3.503879 72.557823
v -51.976204 2.985068 71.537865
v -50.913689 2.663243 70.037804
v -0.104492 3.503357 89.657677
v -0.104492 5.003784 91.687706
v -0.127943 4.022174 90.921005
v -0.105484 7.692383 92.747765
v -0.128621 5.984354 92.441017
v -0.105484 10.580963 93.077843
v -0.129281 9.398597 93.041122
v -0.105484 13.104080 93.087852
v -0.129282 11.760669 93.101173
v -0.105484 15.805679 93.007774
v -0.129281 14.445549 93.071144
v -0.105484 18.394974 92.787804
v -0.129281 17.163607 92.931007
v -0.105484 20.843475 91.897667
v -0.129282 19.624214 92.640968
v -0.104492 23.289185 89.727745
v -0.128615 22.060678 91.137642
v -0.104492 25.465090 86.937714
v -0.127944 24.515711 88.307816
v -0.104492 26.793779 84.957733
v -0.126605 26.412518 85.567833
v -0.103485 27.303682 84.877655
v -0.125931 27.173653 84.337852
v -0.104492 28.285585 86.607880
v -0.125937 27.433250 85.400993
v -0.104492 31.408890 89.067848
v -0.126606 29.137548 87.801140
v -0.104492 38.065079 91.037819
v -0.127279 33.678375 90.321167
v -0.105484 48.089783 89.147682
v -0.128619 42.447308 91.741081
v -0.104492 60.066883 80.587868
v -0.127283 53.724613 86.547821
v -0.102478 73.100792 68.327866
v -0.123943 66.399597 74.617645
v -0.100479 86.510796 58.507801
v -0.119262 79.791344 62.047829
v -16.858482 98.597786 51.637688
v -17.070196 93.210091 52.277824
v -17.078905 93.219048 52.271118
v -16.654509 103.977364 51.001125
v -16.665220 103.966019 51.001106
v -0.099487 113.095695 52.437740
v -16.638489 103.969688 50.967766
v -16.472488 110.818687 50.527828
v -16.283485 113.095695 49.867672
v -16.498512 110.816345 50.521145
v -16.508551 110.821022 50.521133
v -16.072159 115.370361 49.211098
v -16.083549 115.365036 49.211079
v -0.098480 123.158699 45.287842
v -12.692482 134.307709 38.827885
v -13.298179 127.128014 40.677734
v -13.304879 127.133354 40.671036
v -12.100881 141.473694 36.971088
v -20.981483 159.853699 28.797865
v -11.107483 159.843719 33.897717
v -5.116486 191.404709 30.367699
v -19.173485 179.913712 26.307880
v -10.145493 179.943710 30.977802
v -19.176483 179.912720 26.317890
v -10.156479 179.900711 30.977802
v 4.500519 202.889709 29.037868
v -0.085146 202.909805 29.761164
v -9.261490 202.872711 28.257839
v -0.100479 202.901718 29.767849
v 13.230515 202.889709 26.197781
v 9.093190 202.909805 28.311213
v 20.656509 202.889709 20.807888
v 17.372189 202.909805 24.091242
v 28.107513 202.872711 9.217800
v 23.947510 202.901718 17.507839
v 23.942183 202.909805 17.511164
v 25.077515 191.404709 18.337914
v 30.776520 179.913712 10.077900
v 26.217514 179.943710 19.147724
v 26.215178 179.907349 19.167727
v 31.273514 141.474716 22.837896
v 22.737518 141.501709 31.447760
v 29.734512 127.145699 29.877687
v 34.462872 127.148705 25.144325
v 34.456841 127.158096 25.151028
v 34.464214 127.133369 25.157757
v 29.137512 117.275696 40.277832
v 30.303900 115.370369 41.857769
v 30.700516 113.097694 42.427731
v 31.114227 110.828377 42.974400
v 31.367508 103.969704 43.367668
v 31.111511 110.818703 42.977779
v 31.090158 110.816368 42.994480
v 31.411892 103.977379 43.384308
v 31.403860 103.982086 43.391018
v 31.793518 98.603203 43.927727
v 44.333881 93.235153 32.307789
v 44.327847 93.242393 32.321190
v 58.814514 79.773422 19.187731
v 50.067520 79.813698 36.457748
v 55.141510 73.107506 40.177719
v 70.767517 66.360703 23.077864
v 60.232513 66.421501 43.837875
v 65.055511 60.073296 47.377666
v 82.117508 53.681011 26.767801
v 69.894516 53.744789 50.847878
v 71.988510 48.095390 52.417702
v 74.100578 42.460670 53.917553
v 73.516510 38.069481 53.517796
v 72.951576 33.687267 53.084332
v 70.849518 29.168297 51.607880
v 72.944519 33.676888 53.087860
v 72.918152 33.675381 53.131016
v 26.666519 28.286486 82.367645
v 26.316288 27.434515 81.214355
v 26.130508 27.303881 80.717743
v 25.984951 27.174379 80.204353
v 26.154510 26.794176 80.797821
v 26.363962 26.414324 81.367744
v 26.767517 25.466082 82.677704
v 27.210943 24.518656 83.974373
v 27.629517 23.290392 85.327843
v 28.087294 22.063889 86.667625
v 28.300522 20.844683 87.397667
v 28.554630 19.627481 88.097717
v 28.578522 18.396286 88.247765
v 28.644636 17.167082 88.377586
v 28.644516 15.807084 88.457726
v 28.688637 14.449157 88.507713
v 28.671509 13.105485 88.537804
v 28.696636 11.764032 88.537743
v 28.665512 10.582154 88.517784
v 28.678297 9.402448 88.477676
v 28.563507 7.694124 88.207726
v 28.491289 5.987918 87.904289
v 28.235519 5.004762 87.197716
v 28.023623 4.024211 86.464348
v 27.609512 3.503877 85.267784
v 27.237635 2.985074 84.047752
v 26.646515 2.663241 82.307823
v 87.109512 42.453213 28.397680
v 91.596512 42.453217 0.057836
v 86.407265 53.739246 0.057266
v 85.754517 33.681408 27.957735
v 90.172516 33.681412 0.057832
v 83.360519 29.138714 27.177704
v 87.655518 29.138718 0.057832
v 81.080521 27.433407 26.437714
v 85.257507 27.433411 0.057830
v 80.064514 27.174206 26.107880
v 84.189514 27.174210 0.057830
v 81.232513 26.413815 26.487762
v 85.417511 26.413818 0.057830
v 83.838516 24.517406 27.327848
v 88.157516 24.517410 0.057830
v 86.532516 22.062313 28.207731
v 90.990509 22.062317 0.057829
v 87.966522 19.625912 28.677702
v 92.498520 19.625916 0.057828
v 88.241516 17.165508 28.757778
v 92.787521 17.165512 0.057828
v 88.376511 14.447307 28.807827
v 92.929520 14.447311 0.057826
v 88.402512 11.762263 28.817835
v 92.955521 11.762268 0.057826
v 88.345520 9.400905 28.797815
v 92.896515 9.400909 0.057825
v 87.770508 5.985682 28.607874
v 92.292511 5.985687 0.057824
v 86.330521 4.022914 28.137657
v 90.777512 4.022919 0.057824
v 83.913513 2.984401 27.357872
v 88.236511 2.984406 0.057822
v 80.408508 2.341854 26.217735
v 84.551514 2.341858 0.057822
v 82.112518 53.681019 -26.662130
v 86.380508 53.744812 0.007791
v 74.410507 66.359512 0.067853
v 86.372513 53.757416 0.037820
v 88.995514 48.095413 0.047828
v 82.112518 53.681011 26.777811
v 86.383514 53.744812 0.087869
v 91.587822 42.460693 0.024366
v 90.882507 38.069504 0.047824
v 90.167175 33.687290 0.024365
v 88.912521 31.411209 0.047822
v 87.651505 29.141722 0.024363
v 86.454514 28.286514 0.047822
v 85.253494 27.434540 0.024357
v 84.721512 27.303909 0.047821
v 84.184196 27.174419 0.024357
v 84.800522 26.794205 0.047821
v 85.411491 26.414351 0.024357
v 86.784515 25.466110 0.047820
v 88.150162 24.518686 0.024361
v 89.571518 23.290421 0.047820
v 90.982491 22.063915 0.024362
v 91.741516 20.844711 0.047819
v 92.491173 19.627516 0.024362
v 92.640518 18.396317 0.047818
v 92.780830 17.167114 0.024361
v 92.856522 15.807114 0.047818
v 92.923508 14.449187 0.024362
v 92.940521 13.105515 0.047816
v 92.949501 11.764060 0.024363
v 92.924515 10.582184 0.047816
v 92.890495 9.402476 0.024363
v 92.592514 7.694153 0.047814
v 92.286491 5.987948 0.024360
v 91.533508 5.004791 0.047814
v 90.772835 4.024240 0.024358
v 89.505508 3.503906 0.047814
v 88.232498 2.985102 0.024354
v 86.392517 2.663269 0.047813
v 84.548164 2.342268 0.024352
v -0.090485 2.537628 0.057822
v 84.462509 2.341858 0.037803
v 82.438507 2.341825 13.127646
v 82.154510 2.662960 26.797813
v 68.386520 2.537605 49.807823
v 80.316513 2.341854 26.217735
v 85.115509 3.503382 27.757774
v 83.894791 2.983973 27.391184
v 87.043518 5.003810 28.387657
v 86.311790 4.022200 28.171141
v 88.051514 7.692408 28.717737
v 87.752449 5.984376 28.641199
v 88.367508 10.580989 28.817835
v 88.327461 9.398623 28.831291
v 88.382507 13.104106 28.827845
v 88.384460 11.760695 28.851147
v 88.302521 15.805705 28.797817
v 88.359123 14.445575 28.841303
v 88.097519 18.395000 28.727751
v 88.224113 17.163633 28.797960
v 87.243515 20.843502 28.457731
v 87.949135 19.624241 28.711178
v 85.179520 23.289211 27.777800
v 86.516464 22.060705 28.241209
v 82.529510 25.465115 26.917694
v 83.823135 24.515738 27.361166
v 80.642517 26.793804 26.307831
v 81.217789 26.412542 26.521244
v 80.565521 27.303707 26.277802
v 80.049126 27.173677 26.141195
v 82.213516 28.285610 26.817841
v 81.063805 27.433275 26.464487
v 84.550522 31.408916 27.577852
v 83.343124 29.137573 27.211182
v 86.425522 38.065105 28.187717
v 85.735802 33.678402 27.984510
v 87.097504 42.460686 28.411055
v 87.091461 42.447334 28.431160
v -58.885185 399.507721 -42.652008
v -51.982086 390.048706 -37.642002
v -69.208389 399.507111 -22.388123
v -61.092583 390.048706 -19.762119
v -46.606583 382.231720 -33.732094
v -54.773483 382.231720 -17.702063
v -43.618889 376.145721 -31.562174
v -51.261086 376.145721 -16.562174
v -40.651588 369.380707 -29.412027
v -47.773933 369.380463 -15.428567
v -73.280785 409.181702 -23.722075
v -63.830688 409.181702 -42.262115
v -60.957169 405.480438 -44.281754
v -62.961285 411.636414 -40.124115
v -67.473488 417.645721 -21.832178
v -60.357483 417.645721 -35.802147
v -63.826122 417.715759 -20.661922
v -57.083786 417.715698 -33.922020
v -56.653488 417.420715 -33.822170
v -68.268188 417.645721 -16.812159
v -64.607384 417.715698 -15.832179
v -64.257584 417.456726 -15.632228
v -72.414383 412.159698 -15.632230
v -73.788216 410.409607 -14.910271
v -74.754684 409.181702 -14.412015
v -73.853584 406.031708 -11.302154
v -60.702782 414.572723 -11.302151
v -51.278587 414.365723 -34.602200
v -55.521400 411.735291 -17.951183
v -58.647186 412.564697 -5.832181
v -47.244888 411.736725 -34.202053
v -49.289787 413.473724 -35.682034
v -48.042389 408.917725 -15.522122
v -40.880882 408.917725 -29.572172
v -56.283386 402.904724 -47.362213
v -37.655487 359.175720 -27.232100
v -44.251183 359.175720 -14.292159
v -73.376389 402.998718 -5.832183
v -45.900185 412.440704 -36.972073
v -34.582489 342.770721 -25.002125
v -40.638084 342.770721 -13.112232
v -33.206509 331.812836 -24.005590
v -39.023483 331.812714 -12.592216
v -34.108482 327.088715 -24.652033
v -40.081585 327.090027 -12.928977
v -35.602486 325.402710 -25.742121
v -41.836784 325.402710 -13.502131
v -36.010540 323.557159 -26.043034
v -42.320984 323.557709 -13.662044
v -25.150482 342.770721 -34.432056
v -24.152765 331.810272 -33.052513
v -27.383484 359.175720 -37.502121
v -29.563885 369.381927 -40.500557
v -13.265488 342.770721 -40.482105
v -12.736398 331.812592 -38.873413
v -14.439484 359.175720 -44.102219
v -15.583488 369.380707 -47.622234
v -13.084488 327.088715 -39.932060
v -24.805489 327.088715 -33.952080
v -13.654488 325.402710 -41.682060
v -25.891487 325.402710 -35.452080
v -13.812485 323.557709 -42.172054
v -26.190483 323.557709 -35.862240
v -31.715485 376.145721 -43.462074
v -16.717484 376.145752 -51.112221
v -33.886482 382.231720 -46.452065
v -17.858482 382.231750 -54.622231
v -37.792488 390.048706 -51.832188
v -19.911484 390.048706 -60.942051
v -46.523788 359.175720 0.057939
v -50.227730 369.382782 0.057917
v -42.724785 342.770721 0.057934
v -41.026688 331.812500 0.057860
v -44.251183 359.175720 14.407792
v -47.771240 369.380615 15.561581
v -40.638184 342.770721 13.237865
v -39.023483 331.812714 12.707832
v -42.138275 327.088531 0.058143
v -40.079327 327.090302 13.061785
v -43.985184 325.402710 0.057928
v -41.836884 325.402710 13.627752
v -44.493484 323.557526 0.058041
v -42.320984 323.557709 13.777898
v -51.261086 376.145721 16.687826
v -53.894386 376.145721 0.057944
v -54.773483 382.231720 17.827967
v -57.587585 382.231720 0.057946
v -61.092682 390.048706 19.877773
v -64.236267 390.045044 0.056795
v -69.207787 399.507721 22.517912
v -0.090485 342.770721 -42.572193
v -0.090575 331.810699 -40.872128
v -0.090485 359.175720 -46.372238
v -0.090485 369.380707 -50.072186
v -37.655487 359.175720 27.357988
v -40.652557 369.382874 29.528524
v -34.582489 342.770721 25.117748
v -33.211655 331.811371 24.124680
v -27.383484 359.175720 37.627762
v -29.560486 369.380707 40.617756
v -25.150482 342.770721 34.547924
v -24.152489 331.812714 33.177803
v -34.108482 327.088715 24.777899
v -24.805489 327.088715 34.077950
v -35.602486 325.402710 25.857977
v -25.891487 325.402710 35.567940
v -36.015633 323.558014 26.156988
v -26.190483 323.557709 35.987858
v -31.715485 376.145721 43.587975
v -43.618889 376.145721 31.687826
v -33.886482 382.231720 46.577965
v -46.606789 382.231720 33.857994
v -37.792488 390.048706 51.947842
v -51.982086 390.048706 37.757900
v -42.807587 399.507690 58.858002
v -58.885284 399.507721 42.777924
v -47.555084 403.004700 56.267914
v -51.575188 402.128723 51.707855
v -56.143082 403.036682 47.697845
v -60.811584 405.640717 44.647797
v -61.218285 406.021698 44.467865
v -44.483543 405.575470 60.944901
v 13.083511 342.770721 -40.482105
v 12.563056 331.813080 -38.871346
v 14.257507 359.175720 -44.102219
v 15.402512 369.380707 -47.622234
v 12.902512 327.088715 -39.932060
v -0.090485 327.088715 -41.982109
v 13.473511 325.402710 -41.682060
v -0.090485 325.402710 -43.832207
v 13.630508 323.557709 -42.172054
v -0.090485 323.557709 -44.342220
v -0.090485 376.145752 -53.742104
v 16.535507 376.145752 -51.112221
v -0.090485 382.231750 -57.432045
v 17.676514 382.231750 -54.622231
v -0.090485 390.048706 -64.082191
v 19.729507 390.048706 -60.942051
v -0.090485 399.507751 -72.612213
v 22.366516 399.507751 -69.052155
v -0.133993 401.546478 -73.515114
v 5.931519 402.931702 -73.172028
v 11.395508 405.964722 -73.652000
v 14.575966 409.180573 -74.572830
v 23.690521 409.181702 -73.132225
v 15.112518 410.494751 -73.542137
v 15.726480 411.999969 -72.358650
v -14.439484 359.175720 44.217850
v -13.265488 342.770721 40.607983
v -15.583923 369.383209 47.749203
v -12.740486 331.812714 38.997871
v -0.090485 359.175720 46.497879
v -0.090485 342.770721 42.697826
v -0.090485 369.380707 50.197834
v -0.090485 331.812714 40.997871
v -13.084488 327.088715 40.047920
v -0.085461 327.090485 42.107052
v -13.654488 325.402710 41.807930
v -0.090485 325.402710 43.957832
v -13.816426 323.557892 42.287533
v -0.090485 323.557709 44.467838
v -0.090485 376.145691 53.867760
v -16.717484 376.145691 51.227867
v -0.090485 382.231689 57.557945
v -17.858482 382.231689 54.747887
v -0.090485 390.048706 64.197838
v -19.911484 390.048706 61.067959
v -0.090485 399.507690 72.737885
v -22.548485 399.507690 69.177826
v -0.076535 401.686279 73.697212
v -6.141479 403.074707 73.358002
v -11.605484 406.107727 73.837990
v -14.644382 409.179199 74.709557
v -23.871483 409.181702 73.247902
v -15.106243 410.313629 73.828339
v -15.935486 412.342712 72.227882
v 14.257507 359.175720 44.217850
v 13.083511 342.770721 40.607983
v 15.400455 369.383911 47.746056
v 12.559509 331.812714 38.997871
v 27.201508 359.175720 37.627762
v 24.968521 342.770721 34.547924
v 29.380686 369.385040 40.620510
v 23.970520 331.812714 33.177803
v 12.902512 327.088715 40.047920
v 24.628267 327.090485 34.075603
v 13.473511 325.402710 41.807930
v 25.709518 325.402710 35.567940
v 13.626175 323.557526 42.288845
v 26.008514 323.557709 35.987858
v 31.533508 376.145721 43.587975
v 16.535507 376.145691 51.227867
v 33.704514 382.231720 46.577965
v 17.676514 382.231689 54.747887
v 37.610519 390.048706 51.947842
v 19.729507 390.048706 61.067959
v 42.625519 399.507690 58.858002
v 22.366516 399.507690 69.177826
v 44.362106 405.622986 60.933022
v 42.453682 409.184937 63.690140
v 23.689514 409.181702 73.247902
v 39.987518 412.016724 62.677830
v 35.950516 417.645691 60.237892
v 21.802830 417.647278 67.446991
v 34.061508 417.715698 56.967873
v 20.621248 417.724518 63.818073
v 33.992508 417.521667 56.687840
v 15.824509 412.153687 72.348000
v 15.036103 410.244476 73.855583
v 14.599496 409.180878 74.687721
v 47.408291 403.025879 56.245380
v 34.739517 414.455688 51.307957
v 35.759521 413.596680 49.407810
v 34.168518 411.736694 47.217869
v 17.920345 411.736481 55.497372
v 29.544510 408.917725 40.847992
v 15.489517 408.917725 48.007904
v 37.069382 412.521088 45.905075
v 24.968521 342.770721 -34.432056
v 23.970694 331.810394 -33.052475
v 27.201508 359.175720 -37.502121
v 29.378510 369.380707 -40.502117
v 37.474518 359.175720 27.357988
v 34.400513 342.770721 25.117748
v 40.469513 369.380707 29.527914
v 33.024879 331.811127 24.131405
v 44.069519 359.175720 14.407792
v 40.456512 342.770721 13.237865
v 47.591522 369.380707 15.557942
v 38.841522 331.812714 12.707832
v 33.926514 327.088715 24.777899
v 39.899536 327.089966 13.054917
v 35.420517 325.402710 25.857977
v 41.655518 325.402710 13.627752
v 35.832520 323.557709 26.157782
v 42.139511 323.557709 13.777898
v 51.079514 376.145721 16.687826
v 43.437515 376.145721 31.687826
v 54.591522 382.231720 17.827967
v 46.424515 382.231720 33.857994
v 60.913338 390.046844 19.875544
v 51.800522 390.048706 37.757900
v 69.026306 399.507385 22.517834
v 58.703522 399.507721 42.777924
v 73.099518 409.181702 23.837984
v 63.521515 409.181702 42.637787
v 60.680733 405.589905 44.584770
v 62.604065 411.770996 40.379799
v 67.291519 417.645721 21.957861
v 60.059509 417.645721 36.147804
v 63.643112 417.715729 20.791391
v 56.785507 417.715698 34.277931
v 56.405518 417.455719 34.187840
v 68.042511 417.645721 17.207861
v 64.382507 417.715698 16.237890
v 64.039520 417.461700 16.027929
v 72.174515 412.178711 16.027927
v 73.572357 410.398651 15.304935
v 74.529922 409.181030 14.807202
v 73.631516 406.039703 11.697846
v 60.484512 414.577698 11.697849
v 51.030518 414.400726 34.967869
v 55.339859 411.735260 18.067055
v 58.429520 412.569702 6.237888
v 47.063507 411.736725 34.317966
v 49.269516 413.610718 35.927830
v 47.861794 408.917938 15.635151
v 40.699509 408.917725 29.697847
v 73.154510 403.006714 6.237885
v 45.624767 412.500031 37.308502
v 34.400513 342.770721 -25.002125
v 33.029945 331.810516 -23.998953
v 37.475010 359.179138 -27.232330
v 40.469513 369.380707 -29.412027
v 33.926514 327.088715 -24.652033
v 24.624512 327.088715 -33.952080
v 35.420517 325.402710 -25.742121
v 25.709518 325.402710 -35.452080
v 35.832520 323.557709 -26.042170
v 26.008514 323.557709 -35.862240
v 31.534515 376.145721 -43.462074
v 43.437515 376.145721 -31.562174
v 33.704514 382.231720 -46.452065
v 46.424515 382.231720 -33.732094
v 37.610519 390.048706 -51.832188
v 51.800522 390.048706 -37.642002
v 42.625519 399.507751 -58.732086
v 58.708363 399.504517 -42.652679
v 47.464508 402.894714 -55.992096
v 51.484512 402.018738 -51.422028
v 56.052521 402.926758 -47.422028
v 44.404911 405.458832 -60.680332
v 60.721512 405.530701 -44.362213
v 60.930511 405.726715 -44.272125
v 46.342514 359.175720 0.057939
v 42.543518 342.770721 0.057934
v 50.045742 369.383057 0.057953
v 40.845520 331.812714 0.057930
v 44.067059 359.175903 -14.291346
v 40.456512 342.770721 -13.112232
v 47.591522 369.380707 -15.432048
v 38.841602 331.816284 -12.592281
v 41.956512 327.088715 0.057928
v 39.898514 327.088715 -12.932061
v 43.803513 325.402710 0.057928
v 41.655518 325.402710 -13.502131
v 44.312515 323.557709 0.057928
v 42.139511 323.557709 -13.662044
v 51.079514 376.145721 -16.562174
v 53.712509 376.145721 0.057944
v 54.591522 382.231720 -17.702063
v 57.405518 382.231720 0.057946
v 60.910507 390.048706 -19.762119
v 64.050522 390.048706 0.057949
v 69.026520 399.507721 -22.392000
v -17.081482 417.645691 68.217873
v -21.984482 417.645691 67.447853
v -16.102486 417.715698 64.557961
v -20.805489 417.715698 63.817970
v -15.935486 417.505676 64.277931
v 15.824509 417.454712 64.187843
v 16.035425 417.715668 64.537766
v 11.469513 414.584717 60.657810
v 16.946518 417.645752 -68.092186
v 21.803513 417.645752 -67.322166
v 15.967514 417.715698 -64.432030
v 20.621222 417.715393 -63.692207
v 15.723931 417.410858 -64.018883
v 5.990509 412.594727 58.637791
v -73.711983 401.647705 0.057952
v 73.499512 401.617706 0.177825
v 73.519829 401.624573 0.059709
v 42.385513 409.181702 -63.602203
v -42.520485 409.181702 63.747894
v -58.306686 411.736725 -0.382230
v 58.086517 411.736725 0.747897
v 58.009521 411.676727 0.177829
v 0.197510 411.736694 58.297947
v -34.350487 411.736755 -47.092190
v -41.017883 411.858704 -40.672024
v -37.343483 412.462708 -45.572170
v -29.726486 408.917725 -40.732086
v -35.949486 413.606750 -49.292141
v -18.102486 411.736755 -55.372219
v -20.805601 417.725098 -63.691814
v -35.037483 414.373718 -50.992092
v -15.671486 408.917725 -47.891998
v -34.290482 417.440735 -56.372219
v -34.388489 417.715698 -56.772118
v -21.981825 417.645874 -67.320389
v -36.276482 417.645752 -60.042137
v -23.871426 409.180847 -73.132286
v -40.529057 411.714355 -62.615135
v -42.733986 409.181702 -63.522125
v -22.548485 399.507751 -69.052155
v -44.687313 405.522858 -60.645767
v -42.807087 399.506622 -58.731522
v -16.034485 411.818726 -72.472069
v -14.944254 409.178436 -74.541199
v -47.715187 402.936707 -55.942047
v -16.034485 417.363708 -63.932034
v -16.320093 417.716492 -64.405113
v -11.679489 414.492737 -60.402004
v -6.200485 412.503723 -58.372219
v -11.679489 405.912720 -73.612206
v -11.679489 407.304749 -71.472069
v -11.679489 405.912720 -73.612206
v -1.025482 411.736755 -58.072170
v -51.721489 402.028748 -51.382233
v -11.604817 414.621918 60.717503
v -19.658504 415.207428 60.297932
v -6.200485 404.979736 -69.962067
v -6.200485 402.906738 -73.152008
v -0.089891 401.546173 -73.519043
v -0.131485 404.187744 -69.442047
v 5.931519 402.931702 -73.172028
v 5.931519 405.008728 -69.972076
v 11.396243 405.964752 -73.651878
v 5.929235 412.519958 -58.411945
v 11.395508 414.527710 -60.462063
v -34.058487 417.482727 56.677830
v -34.138859 417.715912 57.019180
v -34.841484 414.428711 51.307957
v -18.102530 411.738098 55.497845
v -34.350487 411.736694 47.217869
v -35.902489 413.551697 49.347996
v -15.671486 408.917725 48.007904
v -29.726486 408.917725 40.847992
v -37.208488 412.507721 45.927830
v -0.090485 408.917725 50.477875
v -47.245087 411.736725 34.317966
v -40.907982 411.925720 41.037937
v -45.807983 412.528717 37.367771
v -40.880882 408.917725 29.697847
v -49.522186 413.671722 35.977879
v -55.524910 411.736603 18.064339
v -63.844116 417.724243 20.778414
v -51.229088 414.440704 35.057957
v -48.042389 408.917725 15.637790
v -56.605888 417.507721 34.317966
v -56.908783 417.715698 34.387794
v -67.470177 417.647644 21.956501
v -60.176483 417.645721 36.277931
v -73.280884 409.181702 23.837984
v -62.648643 411.953583 40.362892
v -63.634789 409.181702 42.777924
v -72.447388 412.030701 16.127781
v -74.688332 409.181427 14.957527
v -64.146088 417.421722 16.127783
v -64.543343 417.715851 16.368149
v -60.615685 414.550720 11.777927
v -58.588982 412.561707 6.297946
v -73.783287 405.999725 11.777925
v -71.773888 407.304718 11.777925
v -73.783287 405.999725 11.777925
v -58.270485 411.736725 0.727878
v -73.320786 402.994720 6.297944
v -72.764687 399.507721 0.057952
v -73.680748 401.636169 0.231163
v -73.320786 402.994720 6.297944
v -70.263885 404.979706 6.297944
v -73.706963 401.635406 0.059807
v -69.749985 404.187714 0.227876
v -70.282585 405.008698 -5.832183
v 35.934727 417.644318 -60.124332
v 34.056519 417.715698 -56.852196
v 33.945511 417.393738 -56.382229
v 19.480515 415.207703 -60.172024
v 34.729507 414.338745 -51.002102
v 17.920517 411.736755 -55.372219
v 34.168518 411.736755 -47.092190
v 35.704514 413.532715 -49.212063
v 15.489517 408.917725 -47.891998
v 29.544510 408.917725 -40.732086
v 37.077515 412.434723 -45.602200
v 47.063507 411.736725 -34.202053
v 40.777512 411.852722 -40.722073
v 45.677521 412.455719 -37.042141
v 40.699509 408.917725 -29.572172
v 49.176514 413.531708 -35.732082
v 55.341824 411.736450 -17.951826
v 63.662235 417.723694 -20.652302
v 51.076508 414.388702 -34.712063
v 47.860519 408.917725 -15.522122
v 56.452515 417.455719 -33.972073
v 56.830521 417.715698 -34.062157
v 67.290596 417.646759 -21.831945
v 60.098511 417.645721 -35.952049
v 73.099518 409.181702 -23.722075
v 62.653061 411.765839 -40.167477
v 63.572510 409.181702 -42.412018
v 72.373520 411.941711 -15.732083
v 74.545326 409.180969 -14.591358
v 63.973511 417.397705 -15.732081
v 64.404251 417.716095 -15.982933
v 60.442520 414.526703 -11.372219
v 58.416519 412.536713 -5.891995
v 73.629517 405.963715 -11.372222
v 71.564514 407.304718 -11.372221
v 73.629517 405.963715 -11.372222
v 58.107513 411.736725 -0.492093
v 70.054520 404.979706 -5.891997
v 73.167511 402.957703 -5.891998
v 73.518829 401.620483 0.068108
v 69.540512 404.187714 0.177827
v 73.154510 403.006714 6.237885
v 70.072510 405.008698 6.237886
v 73.631393 406.038635 11.695689
v 58.429264 412.569366 6.237744
v 60.484512 414.577698 11.697849
v 72.583511 399.507721 0.057952
v 73.167511 402.957703 -5.891998
v -69.207787 399.507721 22.517912
v 69.026421 399.505676 -22.388733
v 73.520508 401.624725 0.057952
v -61.216061 406.018005 44.469917
v -58.885284 399.507721 42.777924
v 60.930855 405.727081 -44.271957
v 58.703522 399.507721 -42.652008
v 74.528648 409.180756 14.809093
v 72.174286 412.180634 16.031445
v 64.039520 417.461700 16.027929
v 68.042511 417.645721 17.207861
v 64.382507 417.715698 16.237890
v 15.053450 410.342041 -73.658241
v 14.576508 409.181702 -74.572166
v 15.725510 417.411743 -64.022118
v 15.728907 411.997040 -72.357773
v 16.946518 417.645752 -68.092186
v 15.967514 417.715698 -64.432030
v -64.231888 390.048706 0.057949
v 64.050522 390.048706 0.057949
v 60.910507 390.048706 -19.762119
v 51.800522 390.048706 -37.642002
v 54.591522 382.231720 -17.702063
v 46.424515 382.231720 -33.732094
v 51.079514 376.145721 -16.562174
v 43.437515 376.145721 -31.562174
v 47.596432 369.378815 -15.430763
v 40.469513 369.380707 -29.412027
v -61.096306 390.045532 19.878090
v -51.982086 390.048706 37.757900
v -19.911484 390.048706 -60.942051
v -37.792488 390.048706 -51.832188
v 44.069519 359.175720 -14.292159
v 37.474518 359.175720 -27.232100
v 40.456512 342.770721 -13.112232
v 38.841522 331.812714 -12.592216
v 44.069519 359.175720 -14.292159
v 40.702877 408.911530 29.698692
v 33.027512 331.812714 -24.002129
v 33.926514 327.088715 -24.652033
v 35.420517 325.402710 -25.742121
v 35.832520 323.557709 -26.042170
v -56.289131 402.904480 -47.359829
v -56.271366 402.902069 -47.368900
v -58.872887 399.514709 -42.641998
v -40.308983 394.780701 -55.272125
v -37.815853 390.054718 -51.812130
v -33.858482 382.265717 -46.422035
v -37.802483 390.040710 -51.812168
v -37.776443 390.038025 -51.832176
v -28.846489 390.044739 -56.382236
v -21.219482 394.775757 -65.002113
v -19.896782 390.038055 -60.935352
v -19.884726 390.043365 -60.942055
v -23.198486 404.342712 -71.092194
v -22.518385 399.501068 -69.052162
v -11.668104 405.906006 -73.612206
v 14.587897 409.175720 -74.565468
v 14.579817 409.173645 -74.565536
v 16.942520 417.629700 -68.072166
v 2.898514 404.601746 -69.702057
v 5.923385 405.017334 -69.958672
v 5.924748 405.017700 -69.958549
v -0.132144 404.197754 -69.428650
v -3.167480 404.587708 -69.692047
v -0.136199 404.198547 -69.428757
v -6.203868 404.990997 -69.948639
v -8.941483 406.146729 -70.712059
v -11.682819 407.316101 -71.458679
v -13.858482 409.565735 -71.962059
v -16.034475 411.826080 -72.458672
v -16.035826 411.826782 -72.458672
v -16.878487 410.327698 -51.632229
v -18.079071 411.736786 -55.372227
v -15.650765 408.919739 -47.898701
v -51.782486 410.326721 -16.722075
v -58.301392 411.734711 -0.382126
v -58.322258 411.726685 -0.382244
v -58.314209 411.731293 -0.382169
v -58.314941 411.732697 -0.388770
v -72.401146 412.164368 -15.625533
v -72.406143 412.166412 -15.632230
v -73.780006 410.410370 -14.911995
v -74.752083 409.178375 -14.412010
v -73.711319 401.645721 0.057952
v -61.102451 390.054718 -19.735374
v -57.936188 386.141724 -18.722082
v -54.781628 382.237061 -17.681978
v -53.019485 379.189697 -17.122231
v -51.267033 376.149750 -16.542036
v -55.738785 379.186707 0.047936
v -53.888565 376.141052 0.037879
v -60.906685 386.138702 0.047938
v -57.581509 382.227722 0.037937
v -64.235474 390.054718 0.044606
v -64.223526 390.043396 0.037880
v -65.147186 394.780701 21.207853
v -69.212929 399.513733 22.504507
v -69.195610 399.511719 22.544687
v -69.206772 399.520386 22.531286
v -69.199127 399.518250 22.544693
v -61.085125 390.054718 19.904505
v -57.930084 386.142700 18.867762
v -54.766174 382.237061 17.854593
v -53.014084 379.190704 17.267906
v -51.252888 376.149719 16.707968
v -45.115883 379.187714 32.767906
v -43.626762 376.141052 31.667755
v -49.297188 386.138702 35.797935
v -46.615299 382.227722 33.838001
v -55.436584 394.775726 40.257904
v -51.990040 390.043365 37.737823
v -58.893658 399.501038 42.751156
v -60.056389 402.762726 43.617767
v -61.225216 406.019714 44.454506
v -42.507267 409.183044 63.754585
v -42.654587 404.347717 61.307953
v -42.781437 399.513733 58.871231
v -40.290985 394.780701 55.407806
v -37.770382 390.054718 51.967903
v -35.831482 386.142700 49.267906
v -33.866394 382.237061 46.591354
v -32.793488 379.190704 45.087975
v -31.696699 376.149750 43.601372
v -30.631485 372.764709 42.107994
v -17.295486 379.187683 52.987877
v -16.735535 376.140991 51.221169
v -18.892487 386.138672 57.897789
v -17.878551 382.227692 54.734486
v -21.238487 394.775696 65.117760
v -19.932905 390.043396 61.047874
v -23.219482 404.342712 71.207855
v -22.571915 399.501007 69.157753
v -22.937485 413.412720 70.348000
v -23.895559 409.183044 73.234535
v -23.896910 409.175659 73.234512
v -21.402489 417.680725 65.627785
v -22.009117 417.636536 67.440620
v -22.006577 417.642365 67.434448
v -55.427383 394.780701 40.277924
v -58.867050 399.509735 42.797955
v -58.872799 399.511780 42.791393
v -58.878609 399.511719 42.784599
v -58.884735 399.513733 42.784615
v -51.966476 390.054749 37.784672
v -46.578583 382.265717 33.827965
v -51.962585 390.040710 37.767910
v -51.980419 390.037994 37.744503
v -65.149788 394.775726 21.187834
v -61.086140 390.037994 19.864536
v -61.092480 390.043365 19.851152
v -68.494583 394.775726 0.047940
v -64.221199 390.038025 0.051246
v -64.223526 390.043396 0.037880
v -57.548286 382.265717 0.057946
v -64.222183 390.040710 0.077969
v -72.754547 399.501038 0.031177
v -72.762978 399.509033 0.044818
v -70.010483 404.601715 -2.802154
v -70.275833 405.014709 -5.838861
v -70.266808 405.018066 -5.832169
v -70.285980 405.010681 -5.838852
v -70.287086 405.008057 -5.838857
v -69.734703 404.198395 0.227869
v -69.734543 404.198456 0.227876
v -69.733055 404.198730 0.227888
v -70.001183 404.587708 3.267915
v -69.734779 404.198212 0.234640
v -70.249649 404.991089 6.297955
v -71.013687 406.146698 9.037933
v -71.761497 407.315979 11.777926
v -72.106682 409.671722 13.957858
v -72.436615 412.038025 16.127766
v -72.439270 412.038086 16.127787
v -58.278042 411.731354 0.727633
v -58.278370 411.732025 0.734555
v -48.050869 408.919739 15.617855
v -48.055508 408.922302 15.617632
v -0.080477 408.919739 50.484577
v -0.090485 408.921722 50.491276
v -18.078403 411.736694 55.497906
v -18.082409 411.737366 55.497910
v -15.932809 412.347351 72.214500
v -15.519485 411.329712 73.017921
v -15.936157 412.349396 72.221191
v -11.628479 407.340698 71.887794
v -15.100487 410.314697 73.807961
v -11.613480 406.100708 73.827980
v -0.059704 399.513733 72.731201
v -0.079483 394.780701 68.467857
v -0.067135 399.518372 72.737923
v -0.079193 399.514404 72.737900
v 19.723511 390.086670 61.017910
v -0.048492 390.057678 64.207848
v -0.080490 386.142700 60.877769
v -0.065734 382.237030 57.557915
v -0.082489 379.190674 55.707848
v -0.067738 376.149689 53.861233
v -0.082489 372.764709 52.027916
v 17.097519 379.187683 52.987877
v 16.513435 376.140991 51.234554
v 18.693512 386.138672 57.907799
v 17.653099 382.227722 54.747879
v 21.037521 394.775696 65.117760
v -0.097488 390.081726 64.167809
v 19.690521 390.040710 61.057949
v 23.016510 404.342712 71.217865
v 22.336418 399.501007 69.177841
v 23.665447 409.173645 73.247902
v 14.594513 409.178345 74.687836
v 15.824510 412.161041 72.341309
v 15.825830 412.161041 72.341309
v 15.821845 412.154388 72.348007
v 0.196463 411.731323 58.304565
v 0.200848 411.731995 58.311325
v 16.696518 410.327698 51.757908
v 15.468781 408.919739 48.021294
v 47.076508 411.695709 34.327976
v 40.712509 408.920715 29.687838
v 34.181225 411.736725 47.204483
v 40.127518 394.780701 55.397797
v 42.645527 399.509674 58.837971
v 42.640167 399.512085 58.844673
v 37.633911 390.054718 51.934422
v 35.665512 386.142700 49.257896
v 33.725246 382.237061 46.564560
v 32.626511 379.190704 45.077965
v 31.551598 376.149750 43.574532
v 30.462509 372.764709 42.097984
v 44.924515 379.187714 32.777916
v 43.420132 376.141052 31.701197
v 49.104507 386.138702 35.817955
v 46.406509 382.227722 33.871174
v 55.243515 394.775726 40.277924
v 51.779102 390.043365 37.777996
v 58.678818 399.501038 42.797985
v 58.690845 399.509705 42.791256
v 43.876511 410.327698 32.017918
v 47.050781 411.736725 34.331375
v 40.687454 408.919739 29.717937
v 58.004349 411.674713 0.177460
v 58.017117 411.671204 0.177830
v 58.024323 411.667725 0.177829
v 58.053513 411.702698 0.467868
v 58.094563 411.732697 0.754595
v 72.161140 412.184082 16.027906
v 72.166435 412.186096 16.027929
v 73.563499 410.399384 15.301256
v 74.527832 409.178345 14.801221
v 72.569519 399.513702 0.067962
v 64.972519 394.780701 21.187834
v 60.920521 390.054718 19.851191
v 54.599510 382.237061 17.807892
v 52.837509 379.190704 17.247887
v 51.085526 376.149750 16.667688
v 49.337509 372.764709 16.107992
v 55.557510 379.187714 0.067955
v 53.706490 376.141052 0.084721
v 60.724518 386.138702 0.067958
v 57.399513 382.227722 0.084627
v 66.541519 394.780701 -11.162021
v 64.053841 390.054718 0.071295
v 64.041824 390.043365 0.084737
v 64.965515 394.780701 -21.092196
v 69.031189 399.513733 -22.378754
v 69.013786 399.511719 -22.425489
v 69.025169 399.520416 -22.412067
v 69.017220 399.518188 -22.425579
v 60.903156 390.054718 -19.788855
v 57.748520 386.141724 -18.742102
v 54.584141 382.237061 -17.728851
v 52.832520 379.189697 -17.142006
v 51.071449 376.149750 -16.582312
v 49.332520 372.764709 -16.002115
v 47.583527 369.384705 -15.452060
v 44.062836 359.182373 -14.305524
v 42.260513 350.976715 -13.712083
v 34.355515 342.781708 -24.972095
v 40.447510 342.786713 -13.142017
v 39.646515 337.293701 -12.862234
v 33.016106 331.820068 -24.015545
v 33.022842 331.827454 -24.008816
v 33.472519 329.451721 -24.332209
v 33.913857 327.092041 -24.665363
v 34.668518 326.246704 -25.202082
v 35.406521 325.404053 -25.755474
v 35.621521 324.480713 -25.892023
v 35.819633 323.558380 -26.055069
v 44.057510 324.479706 0.067938
v 42.879517 326.245728 0.067938
v 43.800812 325.402039 0.078205
v 41.400513 329.449707 0.067939
v 41.955181 327.088043 0.078008
v 41.656864 325.404053 13.607853
v 41.898514 324.480713 13.697820
v 42.142128 323.558380 13.764812
v 35.621521 324.479706 26.017889
v 34.668518 326.245728 25.327948
v 35.407661 325.402039 25.871355
v 33.914497 327.088043 24.791273
v 25.721523 325.404053 35.554592
v 25.863510 324.480713 35.777901
v 26.020891 323.558380 35.974815
v 13.181519 326.245728 40.927803
v 13.455442 325.402039 41.807938
v 12.724518 329.449707 39.527901
v 12.885119 327.088043 40.054611
v -0.073097 325.404053 43.951149
v -0.084488 324.480713 44.207832
v -0.072448 323.558380 44.461159
v -13.375488 326.245728 40.927803
v -13.671243 325.402039 41.801216
v -12.918488 329.449707 39.517891
v -13.100516 327.088043 40.041241
v -25.342484 326.246704 34.827950
v -25.874754 325.404053 35.581322
v -26.034485 324.480713 35.777901
v -26.173859 323.558380 35.994514
v -34.858482 326.245728 25.317938
v -35.611191 325.402039 25.844564
v -34.117172 327.088043 24.764530
v -41.827541 325.404053 13.641129
v -42.075684 324.480713 13.707829
v -42.312344 323.558380 13.797852
v -43.982616 325.402039 0.044395
v -42.136868 327.088043 0.044602
v -41.838398 325.404053 -13.482073
v -42.079788 324.480713 -13.572200
v -42.323471 323.558380 -13.642557
v -34.850487 326.245728 -25.202082
v -35.588905 325.402039 -25.755716
v -34.096481 327.088043 -24.665396
v -24.817484 327.092041 -33.938747
v -25.352486 326.246704 -34.702080
v -25.903502 325.404053 -35.438725
v -26.045486 324.480713 -35.652031
v -26.202856 323.558380 -35.849205
v -13.726486 324.479706 -41.932060
v -13.362488 326.245728 -40.812187
v -13.636415 325.402039 -41.688751
v -13.067104 327.088043 -39.932060
v -0.107828 327.092041 -41.982094
v -0.097488 326.246704 -42.912041
v -0.108548 325.404053 -43.825523
v -0.097488 324.480713 -44.082207
v -0.109178 323.558380 -44.342216
v 13.558517 324.479706 -41.922050
v 13.194519 326.245728 -40.802177
v 13.489607 325.402039 -41.675343
v 12.919227 327.088043 -39.925377
v 24.608524 327.092041 -33.958759
v 25.160507 326.246704 -34.702080
v 25.692822 325.404053 -35.458775
v 25.853516 324.480713 -35.662041
v 25.991896 323.558380 -35.868896
v 35.629517 324.479706 -25.882257
v 34.676514 326.245728 -25.192072
v 35.429249 325.402039 -25.721964
v 33.935204 327.088043 -24.638824
v 39.649521 337.288727 -12.842215
v 38.844891 331.805969 -12.578712
v 38.845554 331.809357 -12.572030
v 42.263519 350.968719 -13.692063
v 40.457851 342.763367 -13.092145
v 44.069530 359.189087 -14.298844
v 44.073521 359.182373 -14.278795
v 46.290512 359.187714 0.067949
v 44.070511 359.158722 -14.262130
v 41.956512 372.761719 -30.482096
v 40.476879 369.373383 -29.392101
v 44.934509 379.187714 -32.642006
v 43.444859 376.141052 -31.542101
v 49.115509 386.138702 -35.682045
v 46.433163 382.227722 -33.712101
v 51.808548 390.043365 -37.615379
v 58.712231 399.501038 -42.625401
v 59.821518 402.615723 -43.452057
v 60.937855 405.725372 -44.258739
v 42.372154 409.183044 -63.608891
v 42.496521 404.347717 -61.172028
v 42.599411 399.513733 -58.752167
v 40.109512 394.780701 -55.292145
v 37.588444 390.054749 -51.845581
v 35.649521 386.142700 -49.152016
v 17.659515 382.263733 -54.592201
v 33.674515 382.239716 -46.482094
v 32.612518 379.190704 -44.962074
v 31.515053 376.149750 -43.475479
v 30.449509 372.764709 -41.992104
v 17.113510 379.187744 -52.862221
v 18.710510 386.138733 -57.772133
v 17.696583 382.227722 -54.608841
v 21.056519 394.775757 -64.992104
v 19.750917 390.043365 -60.928661
v 23.038513 404.342712 -71.082184
v 22.390589 399.501068 -69.038773
v 22.755508 413.412720 -70.222069
v 23.714615 409.183044 -73.118835
v 23.715288 409.175720 -73.112144
v 21.828314 417.637054 -67.315453
v 55.245514 394.780701 -40.152008
v 58.685425 399.509735 -42.672112
v 58.691483 399.511719 -42.672077
v 58.696831 399.511749 -42.665390
v 58.702843 399.513733 -42.658733
v 51.785179 390.054718 -37.662022
v 49.106522 386.142700 -35.692055
v 46.410458 382.237061 -33.752174
v 44.925522 379.190704 -32.652016
v 43.422745 376.149750 -31.582287
v 41.948517 372.764709 -30.492105
v 40.456207 369.384705 -29.425350
v 38.967514 364.280701 -28.322187
v 37.461830 359.182373 -27.245472
v 34.364517 342.782715 -24.962086
v 37.460510 359.158722 -27.242109
v 37.474525 359.153656 -27.218716
v 40.771515 359.167725 -20.752119
v 45.830521 364.275726 -14.852216
v 44.066181 359.153656 -14.278777
v 46.290512 359.187714 0.067949
v 44.070511 359.158722 -14.262130
v 47.592194 369.373383 -15.411961
v 52.835510 379.186707 -17.122231
v 51.080177 376.141052 -16.542109
v 57.751511 386.138702 -18.722082
v 54.592842 382.227722 -17.682068
v 60.910507 390.043365 -19.735334
v 57.366516 382.265717 0.067956
v 64.040512 390.040710 0.037930
v 68.312515 394.775726 0.067960
v 64.039810 390.037994 0.071361
v 64.041824 390.043365 0.084737
v 72.572823 399.501038 0.091452
v 73.049515 400.565704 0.067962
v 73.517166 401.623383 0.078013
v 74.525826 409.175690 14.821321
v 74.525787 409.173737 14.807961
v 68.021515 417.630707 17.207861
v 69.800522 404.601715 3.207856
v 70.056458 405.017395 6.231188
v 69.525131 404.198395 0.177826
v 69.791519 404.587708 -2.862212
v 69.525330 404.198792 0.171314
v 69.520264 404.200897 0.177820
v 70.039787 404.991119 -5.898671
v 70.803513 406.146698 -8.632233
v 71.551804 407.316101 -11.378903
v 71.964508 409.627716 -13.552152
v 72.362778 411.949799 -15.732114
v 72.365471 411.949738 -15.732090
v 58.114807 411.731354 -0.491882
v 58.114864 411.732025 -0.498770
v 51.604507 410.327698 -16.722075
v 47.869217 408.919739 -15.502048
v 16.696518 410.326721 -51.632229
v 17.896441 411.734741 -55.372219
v 17.897102 411.736786 -55.372227
v 18.694519 413.471741 -57.772121
v 17.901102 411.736786 -55.378925
v 19.466455 415.205048 -60.172028
v 15.419510 411.248718 -72.942039
v 15.744522 417.403748 -64.012108
v 15.110517 410.502075 -73.528748
v 11.418518 407.340698 -71.492088
v 15.105515 410.495728 -73.522118
v 14.843521 409.837708 -74.052147
v 11.403519 405.957703 -73.652000
v -0.121259 399.513733 -72.612206
v -0.102478 394.780701 -68.342201
v -0.114606 399.518433 -72.612175
v -0.102573 399.514404 -72.612213
v -0.119255 390.054749 -64.082184
v -0.100479 386.142700 -60.762123
v -0.115904 382.237091 -57.432034
v -0.099487 379.190735 -55.592201
v -0.113900 376.149750 -53.742088
v -0.099487 372.764709 -51.912025
v -17.279488 379.187744 -52.862221
v -18.875488 386.138733 -57.782143
v -17.834404 382.227722 -54.622234
v -28.858482 390.053711 -56.382236
v -22.527489 399.547729 -69.012115
v -19.936485 390.067749 -60.942051
v -19.900129 390.054718 -60.948730
v -19.884726 390.043365 -60.942055
v -37.815853 390.054718 -51.812130
v -42.775589 399.547729 -58.702057
v -37.818489 390.067749 -51.832188
v -35.847488 386.142700 -49.132240
v -33.907215 382.237061 -46.438660
v -32.808487 379.190704 -44.952065
v -31.733566 376.149750 -43.448635
v -45.105988 379.187714 -32.652016
v -49.286682 386.138702 -35.692055
v -46.588238 382.227722 -33.745438
v -55.424782 394.775726 -40.152008
v -51.960548 390.043365 -37.655396
v -58.860329 399.501007 -42.672146
v -57.576889 401.205719 -45.012115
v 69.026520 399.507721 22.517912
v 60.910507 390.048706 19.877773
v 72.583107 399.507812 0.057912
v 73.520889 401.625549 0.058143
v 64.050522 390.048706 0.057949
v 54.591522 382.231720 17.827967
v 57.405518 382.231720 0.057946
v 51.079514 376.145721 16.687826
v 53.712509 376.145721 0.057944
v 47.591522 369.380707 15.557942
v 50.044510 369.380707 0.057942
v 72.581490 399.513733 0.031101
v 68.317520 394.780701 0.047940
v 72.584198 399.518463 0.037764
v 72.584198 399.514435 0.051207
v 64.051842 390.054718 0.031214
v 60.728516 386.142700 0.047938
v 57.406170 382.237061 0.037870
v 55.558517 379.190704 0.047936
v 53.711151 376.149719 0.037803
v 51.878510 372.764709 0.047934
v 50.043846 369.385406 0.037840
v 50.040512 369.374054 0.051264
v 50.038452 369.367279 0.071418
v 48.815521 369.375702 7.807942
v 49.330521 372.761719 16.127768
v 47.582134 369.367310 15.564662
v 47.579475 369.374054 15.571339
v 52.830521 379.187714 17.267906
v 51.067471 376.141052 16.707893
v 57.745514 386.138702 18.857996
v 54.578846 382.227722 17.847971
v 64.961517 394.775726 21.207853
v 60.895119 390.043365 19.904572
v 69.021820 399.513733 22.531317
v 69.007797 399.501038 22.544708
v 69.032532 399.520416 22.511217
v 69.031837 399.511078 22.491133
v 69.031876 399.514374 22.497835
v 69.033226 399.518433 22.504499
v -0.090485 399.507751 -72.612213
v -0.090485 390.048706 -64.082191
v -22.548485 399.507751 -69.052155
v -19.911484 390.048706 -60.942051
v -0.090485 382.231750 -57.432045
v -17.858482 382.231750 -54.622231
v -0.090485 376.145752 -53.742104
v -16.717484 376.145752 -51.112221
v -0.089679 369.378906 -50.074837
v -23.871483 409.181702 -73.132225
v -11.681151 405.913696 -73.612251
v -6.200485 402.906738 -73.152008
v -0.131824 401.548798 -73.512039
v -23.878849 409.193085 -73.118866
v -23.894213 409.184387 -73.118790
v -23.890882 409.189117 -73.112137
v -23.896250 409.183044 -73.118835
v -23.219482 404.347717 -71.092194
v -23.865473 409.189758 -73.125542
v -23.860786 409.184418 -73.132240
v -23.860115 409.183044 -73.132233
v -21.240486 394.780701 -64.992104
v -22.576565 399.511780 -69.045433
v -22.576445 399.518707 -69.045280
v -19.938911 390.054749 -60.935341
v -18.894485 386.142700 -57.782143
v -17.882549 382.237091 -54.615520
v -17.295486 379.190735 -52.862221
v -16.738909 376.149750 -51.098839
v -15.566483 369.400726 -47.592205
v -16.730484 376.138733 -51.102211
v -0.084488 359.190704 -46.332199
v -0.106491 369.369720 -50.072186
v -0.083481 372.761719 -51.902016
v -0.081128 369.366669 -50.065495
v -0.071088 369.373383 -50.065498
v -0.082489 379.187744 -55.582191
v -0.069080 376.141083 -53.735409
v -0.081482 386.138733 -60.752113
v -0.067744 382.227722 -57.425354
v -0.080490 394.775757 -68.342201
v -0.065736 390.043365 -64.075493
v -0.062397 399.501068 -72.605522
v -0.097488 401.570740 -73.472076
v -0.068481 399.509705 -72.612213
v -0.090485 399.507690 72.737885
v -0.090485 390.048706 64.197838
v 22.366516 399.507690 69.177826
v 19.729507 390.048706 61.067959
v -0.090485 382.231689 57.557945
v 17.676514 382.231689 54.747887
v -0.090485 376.145691 53.867760
v 16.535507 376.145691 51.227867
v -0.090485 369.380707 50.197834
v 15.401520 369.380707 47.747883
v 23.689514 409.181702 73.247902
v 11.469513 406.050720 73.797951
v 5.990509 403.045715 73.337982
v 14.597716 409.181519 74.687569
v -0.078484 401.686768 73.697723
v 19.142517 409.182678 73.967873
v 15.066513 410.290710 73.807961
v 14.594513 409.178345 74.687836
v 23.696869 409.193024 73.234512
v 23.712252 409.185059 73.234520
v 23.708904 409.189758 73.234505
v 23.714256 409.183044 73.234528
v 23.037521 404.347717 71.207855
v 23.683496 409.189728 73.247887
v 23.678818 409.185089 73.247917
v 21.058517 394.780701 65.117760
v 22.394604 399.511688 69.164436
v 22.394451 399.518616 69.170952
v 19.756943 390.054688 61.054554
v 18.712509 386.142700 57.897789
v 17.700596 382.237061 54.741161
v 17.114517 379.190674 52.987877
v 16.556917 376.149689 51.221165
v 15.976517 372.764709 49.487877
v 15.421527 369.384705 47.734528
v 14.238510 359.190704 44.187820
v 15.414520 369.369720 47.727863
v 15.390814 369.366669 47.741199
v 7.651520 369.375702 48.967854
v -0.098480 372.761719 52.027916
v -0.100515 369.366669 50.191147
v -0.110558 369.373383 50.191147
v -0.099487 379.187683 55.707848
v -0.111890 376.140991 53.861233
v -0.099487 386.138672 60.877769
v -0.113899 382.227722 57.551239
v -0.100479 394.775696 68.467857
v -0.115899 390.043365 64.191139
v -22.541489 399.547668 69.137787
v -0.133484 399.497681 72.717865
v -0.084488 401.706726 73.657806
v -0.113480 399.509705 72.727875
v 42.625519 399.507751 -58.732086
v 37.610519 390.048706 -51.832188
v 22.366516 399.507751 -69.052155
v 19.729507 390.048706 -60.942051
v 33.704514 382.231720 -46.452065
v 17.676514 382.231750 -54.622231
v 31.534515 376.145721 -43.462074
v 16.535507 376.145752 -51.112221
v 29.378510 369.380707 -40.502117
v 23.690521 409.181702 -73.132225
v 42.387955 409.178040 -63.602760
v 40.346737 411.514343 -62.774540
v 21.803513 417.645752 -67.322166
v 35.933517 417.645752 -60.122215
v 28.864517 417.646729 -63.722069
v 35.922165 417.646393 -60.122215
v 21.798824 417.646393 -67.315475
v 22.743515 413.416748 -70.222069
v 21.796152 417.646423 -67.322174
v 23.679140 409.185059 -73.132233
v 23.680492 409.189758 -73.125534
v 23.678478 409.183044 -73.132233
v 23.024521 404.347717 -71.092194
v 21.037521 394.780701 -65.002113
v 22.336416 399.509064 -69.058846
v 22.340435 399.511169 -69.058800
v 22.348446 399.514404 -69.058853
v 22.353813 399.518463 -69.058853
v 19.703426 390.054749 -60.948742
v 18.693512 386.142700 -57.782143
v 17.653095 382.237091 -54.628918
v 17.097519 379.190735 -52.872231
v 16.513435 376.149750 -51.118904
v 15.396515 369.400726 -47.582195
v 16.517517 376.138733 -51.112221
v 22.953522 372.761719 -45.802162
v 29.367832 369.373352 -40.502102
v 30.461517 372.761719 -41.972084
v 29.382532 369.366669 -40.488731
v 29.391245 369.373383 -40.482029
v 32.624512 379.187714 -44.952065
v 31.547874 376.141052 -43.448704
v 35.662521 386.138733 -49.132240
v 33.719826 382.227722 -46.438747
v 40.123520 394.775757 -55.272125
v 37.625900 390.043365 -51.812103
v 42.642262 399.501068 -58.705269
v 42.639580 399.509766 -58.718678
v 42.630199 399.513733 -58.732109
v 42.628197 399.515747 -58.738777
v -42.807587 399.507690 58.858002
v -37.792488 390.048706 51.947842
v -22.548485 399.507690 69.177826
v -19.911484 390.048706 61.067959
v -33.886482 382.231720 46.577965
v -17.858482 382.231689 54.747887
v -31.715485 376.145721 43.587975
v -16.717484 376.145691 51.227867
v -29.560486 369.380707 40.617756
v -15.583488 369.380707 47.747883
v -23.871483 409.181702 73.247902
v -42.516483 409.184448 63.744862
v -40.188091 411.849365 62.806778
v -21.983692 417.648895 67.448143
v -36.015488 417.645691 60.297951
v -20.805489 417.715698 63.817970
v -34.138977 417.715698 57.018780
v -20.798805 417.711700 63.811291
v -20.796127 417.713715 63.811291
v -20.799469 417.715729 63.817974
v -20.813475 417.713715 63.811245
v -21.977785 417.646393 67.441177
v -23.860785 409.185059 73.247902
v -23.859438 409.183044 73.254593
v -23.205482 404.347717 71.217865
v -23.862114 409.189728 73.247894
v -21.219482 394.780701 65.127769
v -22.518381 399.509064 69.184509
v -22.522406 399.511688 69.184517
v -22.530424 399.514404 69.184532
v -22.535788 399.518372 69.184525
v -19.885389 390.054688 61.074635
v -18.875488 386.142700 57.907799
v -17.834396 382.237030 54.754559
v -17.279488 379.190674 52.987877
v -16.694736 376.149689 51.234554
v -16.142487 372.764709 49.487877
v -15.562812 369.384705 47.747879
v -14.432487 359.190704 44.177811
v -15.567482 369.369720 47.737873
v -15.590847 369.366669 47.734501
v -22.574486 369.375702 44.177814
v -30.642487 372.761719 42.097984
v -29.563829 369.366699 40.611225
v -29.573193 369.373383 40.604530
v -32.806488 379.187714 45.077965
v -31.729517 376.141052 43.574608
v -35.844482 386.138672 49.257896
v -33.901817 382.227722 46.557926
v -40.305687 394.775696 55.397797
v -37.807865 390.043365 51.927753
v -42.824436 399.501007 58.831253
v -42.821442 399.509674 58.844654
v -42.811871 399.513733 58.858017
v -42.809814 399.515717 58.858009
v 42.625519 399.507690 58.858002
v 37.610519 390.048706 51.947842
v 58.703522 399.507721 42.777924
v 55.975510 402.994690 47.657806
v 51.413513 402.118713 51.677826
v 47.404549 403.027130 56.252289
v 51.800522 390.048706 37.757900
v 33.704514 382.231720 46.577965
v 46.424515 382.231720 33.857994
v 31.533508 376.145721 43.587975
v 43.437515 376.145721 31.687826
v 29.378510 369.380707 40.617756
v 40.469513 369.380707 29.527914
v 60.647701 405.571838 44.585060
v 58.720272 399.513733 42.751053
v 55.258514 394.780701 40.257904
v 58.716217 399.520386 42.764545
v 58.708202 399.518433 42.777931
v 51.817863 390.054718 37.737839
v 49.118515 386.142700 35.797935
v 46.439888 382.237061 33.837894
v 44.935516 379.190704 32.767906
v 43.449585 376.149719 31.667664
v 41.958511 372.764709 30.597982
v 40.481529 369.384705 29.514559
v 40.472855 369.373352 29.521238
v 40.458824 369.366669 29.534611
v 34.920517 369.375702 35.077961
v 30.448517 372.761719 42.107994
v 29.366482 369.366669 40.617760
v 29.359118 369.373383 40.624462
v 32.611511 379.187714 45.087975
v 31.512789 376.141052 43.594654
v 35.648514 386.138672 49.267906
v 33.682491 382.227722 46.584633
v 40.107513 394.775696 55.407806
v 37.585087 390.043365 51.961235
v 42.596764 399.501007 58.864555
v 42.628185 399.515717 58.858006
v 44.244522 405.835693 61.067963
v 42.607513 399.513672 58.867767
v -69.207787 399.507721 -22.392000
v -61.092583 390.048706 -19.762119
v -72.764687 399.507721 0.057952
v -73.711891 401.647949 0.056728
v -73.680023 401.635406 0.231040
v -64.231888 390.048706 0.057949
v -54.773483 382.231720 -17.702063
v -57.587585 382.231720 0.057946
v -51.261086 376.145721 -16.562174
v -53.894386 376.145721 0.057944
v -47.772888 369.380707 -15.432048
v -50.226784 369.380707 0.057942
v -72.762650 399.513733 0.091533
v -68.498688 394.780701 0.067960
v -72.765411 399.516327 0.077813
v -64.233139 390.054718 0.091413
v -60.909882 386.141724 0.067958
v -57.588039 382.237061 0.084738
v -55.740486 379.189697 0.067955
v -53.893219 376.149750 0.084804
v -52.060188 372.764709 0.067953
v -50.220306 369.366699 0.051246
v -48.997482 369.374725 -7.692058
v -50.225792 369.384705 0.084670
v -46.481789 359.190704 0.057939
v -50.220589 369.369720 0.077962
v -49.512589 372.760712 -16.002115
v -47.763798 369.366699 -15.438743
v -47.761379 369.373383 -15.452149
v -53.012589 379.186707 -17.142006
v -51.248909 376.141052 -16.582241
v -57.927383 386.138702 -18.742102
v -54.760616 382.227722 -17.722069
v -65.143585 394.775726 -21.082186
v -61.076866 390.043365 -19.782204
v -69.203606 399.513733 -22.412102
v -69.189392 399.501038 -22.418797
v -69.214203 399.520386 -22.391989
v -69.213562 399.514252 -22.379036
v -69.214584 399.518372 -22.385494
v -42.807388 399.507751 -58.732086
v -37.792488 390.048706 -51.832188
v -58.885185 399.507721 -42.652008
v -56.286777 402.904724 -47.356747
v -51.982086 390.048706 -37.642002
v -33.886482 382.231720 -46.452065
v -46.606583 382.231720 -33.732094
v -31.715485 376.145721 -43.462074
v -43.620255 376.144897 -31.562899
v -29.559486 369.380707 -40.502117
v -58.901733 399.513733 -42.625305
v -55.440483 394.780701 -40.141998
v -58.898087 399.520416 -42.638779
v -58.889927 399.517731 -42.652012
v -58.888000 399.515778 -42.658699
v -51.999638 390.054718 -37.615425
v -49.300285 386.142700 -35.682045
v -46.621696 382.237061 -33.711994
v -45.117584 379.190704 -32.642006
v -43.631420 376.149750 -31.542013
v -40.618187 369.400726 -29.392008
v -43.623482 376.138702 -31.542154
v -27.353485 359.190704 -37.472092
v -29.568489 369.369720 -40.482098
v -30.630486 372.761719 -41.982094
v -29.548122 369.366669 -40.502121
v -29.540087 369.373383 -40.508820
v -32.793488 379.187714 -44.962074
v -31.694765 376.141052 -43.475471
v -35.830482 386.138733 -49.142006
v -33.864498 382.227722 -46.465416
v -40.289482 394.775757 -55.282135
v -37.767071 390.043365 -51.838886
v -42.778633 399.501068 -58.738785
v -42.816620 399.511780 -58.725384
v -42.811913 399.513763 -58.732063
v -42.809788 399.515747 -58.738777
v -44.457382 405.956726 -60.992096
v -42.788887 399.513733 -58.742096
v 23.941513 202.877716 17.517849
v 28.159996 202.876816 9.237024
v 26.193512 227.233719 8.597935
v 27.546509 227.233719 0.057896
v 26.869522 227.242706 4.327915
v 26.192848 227.259140 8.591251
v 22.224518 227.229706 16.287876
v 26.188507 227.252716 8.607944
v 26.145508 227.229706 -8.472134
v 27.542511 227.252716 0.047886
v 27.543837 227.259140 0.057896
v 27.547184 227.217026 0.051218
v 28.163185 202.862350 9.231143
v 28.161179 202.846970 9.244522
v 26.051514 202.865707 13.387722
v 25.066513 215.061707 13.067902
v 17.327515 202.872711 24.047878
v 23.933517 202.901718 17.527859
v 23.939499 202.846970 17.524549
v 17.329514 202.870712 24.057888
v 23.929520 202.854706 17.537868
v 17.369522 202.877716 -23.972141
v 9.088516 202.877716 -28.192112
v 8.449509 227.233719 -26.222134
v -0.090485 227.233719 -27.572231
v 4.177521 227.242706 -26.902065
v 8.443509 227.259140 -26.222132
v 16.131516 227.229706 -22.252163
v 8.456512 227.252716 -26.222134
v -8.623489 227.229706 -26.172085
v -0.107483 227.252716 -27.572231
v -0.096494 227.259140 -27.572229
v -0.096491 227.217026 -27.572233
v 4.496521 215.049713 -27.882294
v 9.083181 202.862350 -28.192122
v 9.095880 202.846970 -28.192110
v 13.232513 202.865707 -26.082249
v 12.911514 215.061707 -25.092255
v 23.899521 202.872711 -17.352268
v 17.375519 202.901718 -23.962132
v 17.376879 202.846970 -23.972134
v 23.901520 202.870712 -17.362278
v 17.385513 202.854706 -23.962132
v -61.092728 390.049011 19.875872
v -54.773483 382.231720 17.827967
v -51.982086 390.048706 37.757900
v -46.606789 382.231720 33.857994
v -51.261086 376.145721 16.687826
v -43.618889 376.145721 31.687826
v -47.772888 369.380707 15.557942
v -40.651688 369.380707 29.527914
v -51.966476 390.054749 37.784672
v -58.853485 399.547699 42.747894
v -51.979889 390.067719 37.787930
v -49.288689 386.142700 35.817955
v -46.592396 382.237061 33.877911
v -45.107185 379.190704 32.777916
v -43.604397 376.149719 31.701269
v -42.130089 372.764709 30.617758
v -40.638329 369.384705 29.547970
v -37.625488 359.190704 27.327959
v -40.637589 369.369720 29.537924
v -40.652088 369.366699 29.521221
v -44.212288 369.375702 22.537924
v -49.517387 372.761719 16.107992
v -47.769669 369.367310 15.544501
v -47.773689 369.374054 15.537841
v -53.017784 379.187714 17.247887
v -51.262150 376.141052 16.667763
v -54.774738 382.227722 17.807972
v -56.538582 390.053711 28.827969
v -69.167686 399.547699 22.497892
v -61.098587 390.067719 19.907803
v -61.100208 390.054718 19.871098
v -61.092480 390.043365 19.851152
v -48.541183 269.774719 0.057910
v -36.835487 267.012726 0.057909
v -46.170357 269.776001 15.038132
v -35.037483 267.012726 11.417772
v -50.886509 274.506805 16.567457
v -53.501785 274.508698 0.057912
v -50.492188 278.989716 16.437796
v -53.085983 278.989716 0.057912
v -29.436089 264.668213 0.057844
v -27.998600 264.666809 9.130677
v -26.348719 260.382782 0.053782
v -25.064484 260.384705 8.177779
v -35.037483 267.012726 -11.292190
v -27.998381 264.666504 -9.013091
v -39.291176 269.774689 28.540468
v -29.815603 267.015717 21.656864
v -42.964783 278.989716 31.207815
v -43.301285 274.508698 31.457813
v -46.164455 269.772919 -14.914463
v -50.887688 274.508698 -16.442089
v -50.492088 278.989716 -16.312204
v -25.799072 256.271149 0.058309
v -24.539549 256.272217 8.011229
v -26.010601 254.427765 0.053056
v -24.741486 254.431717 8.067914
v -26.447741 246.560684 0.058038
v -25.158485 246.560715 8.207805
v -29.818489 267.012726 -21.532179
v -23.831078 264.669342 -17.190746
v -21.334488 260.384705 -15.372270
v -21.060486 254.431717 15.297894
v -20.891621 256.270935 15.166224
v -21.414482 246.560715 15.557902
v -15.325485 254.431717 21.027876
v -15.201485 256.270691 20.857954
v -15.525482 260.384705 21.307907
v -28.569489 269.774719 39.257862
v -31.485489 274.508698 43.267872
v -31.240486 278.989716 42.937798
v -31.485489 274.508698 43.267872
v -50.686188 276.747711 -16.382273
v -50.874859 274.505371 -16.462269
v -50.482307 278.986389 -16.332207
v -31.355484 276.749725 43.107960
v -31.465408 274.512024 43.281261
v -28.556488 269.803711 39.237843
v -31.467484 274.503723 43.277882
v -31.488157 274.502716 43.254486
v -37.394485 274.506714 37.357960
v -43.300541 274.502716 31.444431
v -31.465408 274.512024 43.281261
v -31.223488 278.985718 42.897758
v -31.469482 274.517700 43.277882
v -30.020485 272.142700 41.267872
v -31.492830 274.512024 43.261189
v -28.552132 269.777374 39.271229
v -21.684486 267.056702 29.777880
v -28.548485 269.771698 39.257862
v -23.825485 264.698700 17.307909
v -29.803482 267.010712 21.667772
v -25.061129 260.388062 8.184500
v -15.516078 260.388062 21.314623
v -15.522160 260.390747 21.314608
v -15.360489 258.328705 21.087934
v -15.530859 260.388062 21.301189
v -15.192070 256.273407 20.864500
v -15.260483 255.351715 20.947798
v -15.316086 254.433060 21.034578
v -15.320820 254.426346 21.034554
v -18.368484 250.493713 18.297894
v -21.411148 246.548019 15.557909
v -21.418507 246.534607 15.551200
v -23.288483 246.550705 11.877728
v -25.161163 246.534607 8.201097
v -25.804489 246.550705 4.127727
v -26.449156 246.534622 0.051196
v -25.110489 246.557709 -8.072225
v -26.447487 246.541718 0.047892
v -24.714485 254.429718 -7.942095
v -25.797474 256.269379 0.051182
v -25.043488 260.387726 -8.052201
v -21.337149 260.381989 -15.365588
v -21.330467 260.379364 -15.378969
v -21.326509 260.382050 -15.378913
v -26.820488 265.839722 -19.362257
v -23.822493 264.665070 -17.198738
v -37.994484 268.394714 -18.232130
v -29.819136 267.014740 -21.545551
v -29.804472 267.011383 -21.545534
v 39.107838 269.774414 -28.419691
v 29.636597 267.012390 -21.532270
v 28.388899 269.775787 -39.134048
v 21.507507 267.012726 -29.662062
v 31.303656 274.507233 -43.152046
v 43.119522 274.508698 -31.332226
v 31.058517 278.989716 -42.812202
v 42.783508 278.989716 -31.092234
v 45.986294 269.773010 -14.908142
v 50.705521 274.508698 -16.442089
v 50.310516 278.989716 -16.312204
v 48.359512 269.774719 0.057910
v 53.320511 274.508698 0.057912
v 52.904510 278.989716 0.057912
v 36.653278 267.012634 0.057903
v 34.855515 267.012726 11.417772
v 45.988510 269.774719 15.037890
v 50.705521 274.508698 16.567921
v 50.310516 278.989716 16.437796
v 27.817148 264.667419 9.131061
v 29.255056 264.667969 0.058175
v 24.882507 260.384705 8.177779
v 26.168732 260.386810 0.053760
v 24.359512 256.270691 8.007856
v 25.617186 256.272522 0.053839
v 24.558237 254.431213 8.067180
v 25.828522 254.431717 0.057904
v 29.636520 267.012726 21.657763
v 23.648586 264.666687 17.308344
v 39.106522 269.774719 28.537889
v 43.119522 274.508698 31.457813
v 42.783508 278.989716 31.207815
v 21.507507 267.012726 29.787889
v 17.158508 264.667725 23.797899
v 28.386593 269.773560 39.256462
v 31.303513 274.508698 43.267872
v 31.058517 278.989716 42.937798
v 15.346247 260.385376 21.305101
v 8.975380 264.667816 27.968006
v 8.023514 260.384705 25.037888
v -0.090485 260.384705 26.317917
v -0.087144 264.668091 29.408188
v -0.090485 256.270691 25.767866
v 7.851193 256.270111 24.508451
v -0.090485 254.431717 25.977827
v 15.020508 256.270691 20.857954
v 7.918813 254.429489 24.706121
v 15.144516 254.431717 21.027876
v 23.650513 264.667725 -17.192091
v 17.157942 264.666443 -23.680384
v 21.153519 260.384705 -15.372270
v 15.342135 260.387939 -21.184864
v 20.707520 256.270721 -15.052202
v 15.020508 256.270721 -20.742144
v 20.879423 254.431946 -15.172339
v 15.144625 254.431564 -20.910589
v 14.881516 269.774719 -46.022167
v 11.263519 267.012726 -34.882278
v 14.881516 269.774719 46.137745
v 16.413513 274.508698 50.857960
v 16.285507 278.989716 50.457817
v -8.205490 260.384705 25.037888
v -8.035492 256.270691 24.507856
v -8.102446 254.433472 24.709702
v -9.159485 264.667725 27.967821
v -0.090936 267.016602 36.807262
v 8.021414 260.388580 -24.910007
v 7.853516 256.270721 -24.392046
v 16.285507 278.989716 -50.342232
v 16.414520 274.508698 -50.732128
v 29.258175 264.669739 0.044513
v 24.863510 260.398712 -8.052201
v 24.338516 256.273712 -7.882280
v 25.826515 254.433060 0.051181
v 25.827850 254.426361 0.057904
v 25.828522 254.421021 0.064596
v 25.194519 254.427719 4.067914
v 24.557508 254.421021 8.074604
v 24.554836 254.426376 8.081302
v 24.619522 258.326691 8.097945
v 24.354815 256.269379 8.014579
v 24.877180 260.382050 8.184429
v 15.027903 256.273407 20.851219
v 15.084518 255.351715 20.937788
v 15.151917 254.433060 21.021132
v 15.148517 254.426361 21.027876
v 15.139829 254.421005 21.034561
v 7.913157 254.421005 24.714489
v 7.907810 254.426376 24.714499
v -0.085151 254.426361 25.977829
v -0.096503 254.421021 25.977825
v -4.097488 254.427719 25.347944
v -8.105834 254.421021 24.707802
v -8.110504 254.426376 24.707806
v -8.123489 258.326691 24.767866
v -8.044850 256.269379 24.507847
v -8.685486 262.525726 26.497849
v -8.214796 260.382050 25.031218
v -9.166162 264.669739 27.974485
v -9.168783 264.665070 27.961157
v -0.073081 267.014740 36.814579
v -0.080473 267.016724 36.821308
v -0.098500 267.014740 36.814579
v 24.940521 268.392700 34.527878
v 15.639511 272.140717 48.497852
v 14.868794 269.770721 46.124352
v 14.861480 269.772705 46.137741
v 16.341522 276.747711 50.657764
v 16.392048 274.505371 50.857971
v 16.263493 278.986389 50.464512
v 16.341522 276.749725 -50.542187
v 16.392439 274.512054 -50.738815
v 14.876511 269.803711 -45.992138
v 16.396515 274.503723 -50.732128
v 16.421194 274.502716 -50.725441
v 14.861502 269.777374 -46.028851
v 16.409515 274.537720 -50.712109
v 14.867508 269.783722 -46.032177
v 13.065521 268.394714 -40.452103
v -0.092484 267.053711 -36.672073
v 11.241516 267.015717 -34.902054
v 11.254845 267.011383 -34.882263
v 8.012781 260.388062 -24.918756
v 8.018846 260.390747 -24.918770
v 7.842737 256.273407 -24.392065
v 7.848183 256.269348 -24.392048
v 15.139844 254.426361 -20.912069
v 15.148529 254.421021 -20.905376
v 18.012512 254.427719 -18.042192
v 20.881182 254.421021 -15.172066
v 20.883860 254.426376 -15.165394
v 20.932510 258.326721 -15.212113
v 20.712877 256.269379 -15.038798
v 22.403519 262.525726 -16.272171
v 21.157503 260.382050 -15.365631
v 23.653835 264.665070 -17.178741
v 29.638521 267.011414 -21.518799
v 14.881516 269.774719 46.137745
v 11.263895 267.013763 35.009098
v 28.387512 269.774719 39.257862
v 21.507614 267.012207 29.787975
v 8.977509 264.667725 27.967821
v -0.090358 264.666260 29.408625
v -0.090485 267.012726 36.807907
v 28.404181 269.777374 39.244530
v 28.399546 269.780792 39.257877
v 24.954514 268.394714 34.517868
v 21.524233 267.014740 29.781172
v 21.509508 267.011383 29.781206
v 8.982176 264.665039 27.967800
v 8.970846 264.662384 27.967834
v -0.095490 265.839722 33.107956
v -0.095830 264.662384 29.401068
v -0.102505 264.665070 29.401072
v -0.080473 267.016724 36.821308
v -0.098500 267.014740 36.814579
v -0.104526 267.011414 36.801216
v 21.639511 269.776703 42.697803
v 16.401520 274.537720 50.827930
v 14.898514 269.783722 46.137745
v 14.872173 269.777374 46.144424
v 14.861480 269.772705 46.137741
v 45.987896 269.777069 -14.912174
v 34.853962 267.012238 -11.291692
v 39.106522 269.774719 -28.422071
v 29.636520 267.012726 -21.532179
v 36.653519 267.012726 0.057909
v 29.255508 264.667725 0.057908
v 27.818512 264.667725 -9.012160
v 26.168518 260.384705 0.057906
v 24.881744 260.385498 -8.051950
v 25.617508 256.270691 0.057906
v 24.359512 256.270721 -7.882280
v 25.828939 254.432968 0.057824
v 24.559509 254.431717 -7.952106
v 26.266510 246.560715 0.057902
v 24.976517 246.560715 8.207805
v 24.560396 254.433014 8.063327
v 21.230618 246.560837 15.556901
v 20.878510 254.431717 15.297894
v 39.093906 269.777374 -28.435364
v 39.103855 269.780762 -28.428745
v 34.368515 268.394714 -24.982130
v 29.629791 267.014740 -21.552273
v 23.643509 264.698700 -17.182081
v 29.622513 267.010712 -21.542189
v 29.631180 267.010040 -21.525499
v 27.817158 264.669739 -9.025548
v 24.879147 260.388062 -8.065632
v 24.619522 258.328705 -7.972123
v 24.354774 256.273407 -7.895597
v 24.457520 255.351715 -7.922076
v 24.554829 254.433060 -7.958831
v 24.557514 254.426361 -7.952106
v 25.413513 250.493713 -3.942096
v 26.266510 246.548035 0.057902
v 26.267183 246.534622 0.064609
v 25.621521 246.550705 4.137736
v 24.975840 246.534622 8.214510
v 23.104507 246.550705 11.877728
v 21.229834 246.534637 15.557919
v 15.367508 246.557709 21.347940
v 21.221512 246.541718 15.567912
v 20.880516 254.434433 15.291208
v 20.874508 254.433060 15.297903
v 20.871164 254.426376 15.304580
v 24.341522 256.268707 7.997847
v 25.892517 258.326721 0.067916
v 25.616158 256.269379 0.071382
v 27.710510 262.525726 0.067917
v 26.165857 260.382050 0.071211
v 32.952515 265.839722 0.067918
v 29.251505 264.665070 0.071218
v 41.324509 268.394714 -7.422071
v 36.660179 267.014740 0.064597
v 36.646828 267.011414 0.071295
v 50.680511 274.537720 -16.432079
v 45.989517 269.783722 -14.932080
v 45.993183 269.777374 -14.905397
v 34.168518 411.736694 47.217869
v 47.063507 411.736725 34.317966
v 40.697155 408.916992 29.696190
v 40.743515 411.918701 41.007908
v 45.628883 412.500763 37.305660
v 37.064957 412.522125 45.912628
v 43.883514 410.326721 31.997896
v 47.069553 411.734711 34.297852
v 47.071560 411.738068 34.311295
v 47.067520 411.739410 34.317966
v 34.154495 411.734711 47.217876
v 34.147781 411.738678 47.231266
v 35.770508 413.561707 49.427830
v 34.155518 411.741699 47.227879
v 15.489517 408.917725 48.007904
v -0.360894 411.723846 58.311161
v 17.920517 411.736694 55.497898
v 0.197494 411.736725 58.297710
v -0.094952 408.917786 50.478561
v -18.102486 411.736694 55.497898
v -0.076355 404.190125 69.844452
v -6.141479 405.008667 70.377777
v -6.141479 403.074707 73.358002
v -0.082219 401.686737 73.698196
v 5.990509 404.979675 70.358002
v 5.990509 403.045715 73.337982
v -11.605927 406.108307 73.838181
v 11.469513 406.050720 73.797951
v 11.468642 407.305664 71.868423
v 14.598511 409.181702 74.687843
v 14.835952 409.746735 74.241920
v 15.824509 412.153687 72.348000
v 17.939264 411.734711 55.477821
v 19.492508 415.170715 60.317966
v 17.938507 411.739685 55.487888
v 17.917181 411.740692 55.504589
v 17.907820 411.738678 55.497902
v 5.993852 404.991089 70.344635
v 8.731522 406.146667 71.108009
v 11.472838 407.316101 71.854553
v 15.833871 412.155670 72.348007
v 15.445511 411.224670 73.087990
v 15.829185 412.161041 72.347992
v 15.824510 412.161041 72.341309
v 15.825830 412.161041 72.341309
v 14.602515 409.179718 74.687851
v -11.607495 406.110413 73.831268
v -6.144825 405.015350 70.371086
v -18.111847 411.734711 55.484531
v -18.095163 411.739410 55.497894
v -18.082409 411.737366 55.497910
v -18.114498 411.740723 55.497879
v -18.124567 411.738068 55.484516
v 16.711517 410.326721 51.747898
v 47.859699 408.918121 -15.526553
v 58.009468 411.676666 0.177760
v 55.342514 411.736725 -17.952055
v 50.328522 408.917725 0.057956
v 58.107353 411.736847 -0.495218
v 55.342514 411.736725 18.067965
v 47.860519 408.917725 15.637790
v 69.540512 404.187714 0.177827
v 55.327122 411.734711 -17.972185
v 60.167511 415.170715 -19.522121
v 55.338516 411.739716 -17.972075
v 55.349209 411.740723 -17.945385
v 55.347839 411.738739 -17.938683
v 69.533173 404.194427 0.164387
v 69.543182 404.187042 0.171143
v 69.545860 404.184357 0.177825
v 69.543198 404.187714 0.184512
v 69.545181 404.185699 0.177832
v 58.017548 411.672058 0.178051
v 51.599518 410.327698 16.867769
v 55.347191 411.739410 18.061289
v 55.345707 411.737366 18.055149
v 55.342518 411.740692 18.081314
v 55.333813 411.738068 18.094799
v 47.855133 408.919739 15.664593
v -15.671486 408.917725 -47.891998
v -0.129222 411.644073 -57.962685
v -18.102486 411.736755 -55.372219
v -1.029753 411.740356 -58.070225
v -0.090485 408.917725 -50.362213
v -0.107847 411.641296 -57.971687
v 17.920517 411.736755 -55.372219
v 0.773203 411.736237 -58.093872
v 5.931519 412.519714 -58.412014
v 15.489517 408.917725 -47.891998
v 19.480515 415.207703 -60.172024
v 11.395508 414.527710 -60.462063
v 20.623520 417.715698 -63.692039
v 15.722862 417.411560 -64.019005
v -0.131485 404.187744 -69.442047
v -18.120543 411.734711 -55.358837
v -19.673485 415.170715 -60.192043
v -18.119484 411.739746 -55.372219
v -18.099155 411.740753 -55.378914
v -18.089781 411.738770 -55.378899
v -18.083094 411.736725 -55.378906
v -0.139528 404.194427 -69.435364
v -0.135503 404.187042 -69.448723
v -0.131485 404.184387 -69.448746
v -0.123461 404.187744 -69.448746
v -0.127471 404.185760 -69.448738
v 5.936508 404.980713 -69.962067
v 20.621513 417.715668 -63.692039
v 20.059509 416.461731 -61.932034
v 20.641569 417.715698 -63.685341
v 21.802521 417.610718 -67.322166
v 20.640518 417.715698 -63.692039
v 20.642929 417.715729 -63.685345
v 18.708511 413.472717 -57.772121
v 19.500586 415.208405 -60.165333
v 16.713516 410.327698 -51.632229
v 17.942589 411.738068 -55.365513
v 15.511605 408.919739 -47.885448
v -16.893486 410.326721 -51.622219
v -48.042389 408.917725 15.637790
v -58.211994 411.682678 0.206451
v -55.524281 411.735962 18.068115
v -50.510086 408.917725 0.057956
v -58.270527 411.737152 0.727667
v -58.306679 411.736725 -0.382229
v -55.523888 411.736725 -17.952055
v -48.042389 408.917725 -15.522122
v -69.749985 404.187714 0.227876
v -55.508556 411.734711 18.088095
v -60.348785 415.170715 19.647800
v -55.520386 411.739716 18.087984
v -55.530514 411.740723 18.067970
v -55.529285 411.738739 18.061277
v -64.031487 407.960724 -0.082182
v -69.753014 404.187042 0.221198
v -69.742928 404.194397 0.234588
v -69.753014 404.187042 0.234552
v -69.755272 404.184357 0.227876
v -58.314941 411.732697 -0.388770
v -51.780884 410.327698 -16.742094
v -55.529152 411.739410 -17.945379
v -55.524204 411.740753 -17.965445
v -55.515522 411.738068 -17.972168
v -48.037086 408.919739 -15.542213
v -51.777687 410.326721 16.867769
v -27.984663 33.681076 85.910637
v -27.206482 29.138689 83.517792
v -0.090485 33.681381 90.327858
v -0.090485 29.138687 87.807831
v -26.465919 27.433828 81.229187
v -0.090485 27.433382 85.407684
v -26.134483 27.174181 80.217743
v -0.090485 27.174181 84.337860
v -26.514488 26.413790 81.387665
v -0.090485 26.413790 85.567841
v -27.361488 24.517382 83.987762
v -0.090485 24.517380 88.307831
v -28.236488 22.062288 86.687706
v -0.090485 22.062286 91.137657
v -28.702484 19.625885 88.117638
v -0.090485 19.625885 92.647667
v -28.789724 17.168934 88.394974
v -0.090485 17.165482 92.937706
v -28.845854 13.138942 88.567528
v -0.090485 14.447281 93.077843
v -0.090485 11.762238 93.107872
v -28.825401 9.399152 88.497208
v -0.090485 9.400879 93.047813
v -28.638649 5.987795 87.919762
v -0.090485 5.985657 92.447716
v -28.170486 4.022889 86.477745
v -0.090485 4.022888 90.927696
v -27.385483 2.984376 84.067833
v -0.090485 2.984376 88.387657
v -26.246984 2.339263 80.559052
v -51.666885 29.138691 71.047821
v -50.257385 27.433384 69.107880
v -49.842384 2.341832 68.537804
v -52.008583 2.984378 71.517784
v -53.502182 4.022891 73.577843
v -54.766983 14.447284 75.317833
v -54.782486 11.762240 75.337852
v -54.747589 9.400882 75.287804
v -0.053024 33.687260 90.321167
v -0.101486 42.463791 91.687721
v -0.062485 33.698883 90.317848
v -0.076492 31.411179 89.067848
v -0.053698 29.141693 87.801140
v -0.077484 28.286486 86.607880
v -0.055040 27.434513 85.407677
v -0.077484 27.303881 84.877655
v -0.055705 27.174385 84.337852
v -0.077484 26.794176 84.957733
v -0.055703 26.414322 85.561150
v -0.077484 25.466082 86.937714
v -0.055041 24.518652 88.301140
v -0.077484 23.290390 89.727745
v -0.053703 22.063885 91.130959
v -0.076492 20.844681 91.897667
v -0.053029 19.627485 92.640976
v -0.076492 18.396286 92.787804
v -0.052355 17.167080 92.931015
v -0.076492 15.807083 93.007774
v -0.052355 14.449155 93.071152
v -0.076492 13.105484 93.087852
v -0.052354 11.764030 93.101181
v -0.076492 10.582153 93.077843
v -0.052355 9.402448 93.041122
v -0.076492 7.694123 92.747765
v -0.052355 5.987917 92.441017
v -0.076492 5.004761 91.687706
v -0.053031 4.024212 90.921005
v -0.076492 3.503876 89.657677
v -0.053703 2.985066 88.380959
v -0.092484 2.399629 84.697716
v -0.063492 2.983735 88.377647
v -0.090485 2.537628 0.057822
v -26.194489 2.341830 80.487755
v -38.025482 2.341800 74.507774
v -50.934288 2.662938 70.017784
v -68.567886 2.537605 49.807823
v -49.811386 2.341832 68.447716
v -52.764786 3.503360 72.537804
v -52.032669 2.983951 71.491005
v -53.516205 4.024216 73.564468
v -53.527668 4.022179 73.551064
v -28.745483 7.692384 88.207726
v -54.775383 10.580966 75.307823
v -54.760742 9.396339 75.274437
v -54.774746 9.398600 75.261024
v -54.785088 13.104083 75.317833
v -54.809967 11.760673 75.311081
v -54.780674 14.449157 75.304466
v -54.794476 14.445552 75.291046
v -28.760483 18.394974 88.247765
v -28.482483 20.843477 87.397667
v -28.737270 19.624214 88.097717
v -27.811485 23.289186 85.327843
v -28.271276 22.060677 86.667618
v -26.950485 25.465090 82.677704
v -27.394926 24.515713 83.974365
v -26.336487 26.793779 80.797821
v -26.547268 26.412518 81.367744
v -26.311485 27.303682 80.717743
v -26.166590 27.173653 80.204346
v -50.971283 28.285587 70.067841
v -50.268959 27.433048 69.094490
v -50.282021 27.433252 69.081078
v -51.680840 29.141695 71.034447
v -51.691586 29.137552 71.021027
v -14.030487 33.685776 88.117653
v -28.413483 42.463791 87.197731
v -27.956482 33.698883 85.917702
v -28.000845 33.687256 85.901009
v -0.090520 33.682392 -90.199753
v -0.090485 29.138639 -87.682159
v -27.982416 33.684383 -85.779121
v -27.206482 29.138639 -83.392120
v -0.090417 27.432505 -85.279503
v -26.464485 27.433439 -81.112335
v -0.090485 27.174238 -84.222198
v -26.134483 27.174238 -80.092316
v -0.090485 26.413847 -85.452179
v -26.514488 26.413847 -81.262238
v -0.090485 24.517441 -88.182159
v -27.361488 24.517439 -83.872345
v -0.090485 22.062347 -91.022255
v -28.236488 22.062346 -86.562294
v -0.090485 19.625839 -92.532265
v -28.702484 19.625839 -87.992226
v -0.090364 17.167429 -92.816063
v -28.791489 17.165436 -88.272255
v -0.077966 13.419918 -92.995255
v -28.835487 14.447341 -88.402138
v -28.843483 11.762267 -88.432167
v -0.090495 9.398060 -92.925583
v -28.825485 9.400939 -88.372353
v -0.090480 5.986794 -92.322998
v -28.638489 5.985717 -87.802284
v -0.090485 4.022949 -90.812294
v -28.170486 4.022948 -86.362343
v -0.090485 2.984404 -88.262245
v -27.385508 2.984165 -83.942207
v -0.090485 2.341857 -84.582314
v 27.024521 29.138639 -83.392120
v 26.283508 27.433439 -81.112335
v 26.064514 2.341856 -80.442177
v 27.203522 2.984404 -83.942177
v 27.989517 4.022948 -86.362343
v 28.654510 14.447341 -88.402138
v 28.662521 11.762267 -88.432167
v 28.643509 9.400939 -88.372353
v -28.017591 33.687248 -85.768852
v -28.393486 42.463943 -87.082298
v -28.010483 33.698944 -85.772240
v -27.607483 31.411146 -84.582298
v -27.239925 29.141712 -83.378891
v -26.847488 28.286436 -82.242218
v -26.497261 27.434570 -81.098938
v -26.311485 27.303938 -80.592316
v -26.166588 27.174435 -80.078918
v -26.336487 26.794233 -80.672150
v -26.545933 26.414310 -81.242157
v -26.949486 25.466139 -82.562286
v -27.392927 24.518713 -83.852264
v -27.810486 23.290449 -85.212196
v -28.269266 22.063946 -86.542213
v -28.482483 20.844740 -87.272255
v -28.736591 19.627506 -87.978828
v -28.760483 18.396347 -88.122353
v -28.826273 17.167107 -88.252174
v -28.826485 15.807036 -88.332314
v -28.870256 14.449142 -88.388908
v -28.852486 13.105544 -88.412148
v -28.878271 11.764063 -88.412086
v -28.847488 10.582183 -88.392128
v -28.860264 9.402507 -88.358955
v -28.745483 7.694182 -88.082314
v -28.673275 5.987981 -87.782204
v -28.417488 5.004821 -87.072304
v -28.205284 4.024276 -86.342255
v -27.791489 3.503905 -85.142128
v -27.419594 2.985096 -83.928780
v -26.242485 2.399656 -80.432167
v -27.409485 2.983763 -83.932167
v -0.117493 2.341857 -84.492226
v 12.980515 2.341825 -82.472206
v 26.645508 2.662962 -82.182167
v 49.660507 2.537624 -68.412148
v 26.062515 2.341856 -80.342323
v 27.608521 3.503417 -85.142128
v 27.234962 2.983975 -83.922096
v 28.006208 4.024268 -86.355659
v 28.022297 4.022234 -86.342262
v -0.076492 7.692444 -92.622353
v 28.665512 10.580993 -88.392128
v 28.660873 9.396400 -88.365669
v 28.678286 9.398659 -88.358955
v 28.671509 13.104140 -88.412148
v 28.696638 11.760695 -88.412086
v 28.671211 14.449140 -88.395454
v 28.688620 14.445540 -88.388908
v -0.076492 18.395035 -92.672157
v -0.076492 20.843445 -91.772255
v -0.052352 19.624239 -92.525574
v -0.076492 23.289246 -89.602333
v -0.053025 22.060736 -91.015564
v -0.077484 25.465147 -86.812286
v -0.053703 24.515774 -88.182152
v -0.077484 26.793837 -84.832306
v -0.055035 26.412571 -85.445488
v -0.077484 27.303740 -84.752228
v -0.055702 27.173708 -84.215508
v 26.665512 28.285643 -82.242218
v 26.298882 27.433104 -81.098969
v 26.314962 27.433245 -81.092255
v 27.041212 29.141712 -83.385597
v 27.055960 29.137508 -83.372208
v -0.080490 42.463943 -91.562279
v -0.119492 33.698944 -90.202171
v -0.072459 33.687244 -90.202171
v -85.937820 33.682098 27.958345
v -83.542686 29.138714 27.177704
v -73.115387 33.681389 53.117645
v -71.079285 29.138695 51.637665
v -81.261322 27.433151 26.437473
v -69.139183 27.433388 50.227753
v -80.245789 27.174206 26.107880
v -68.274788 27.174187 49.597870
v -81.414185 26.413815 26.487762
v -69.268585 26.413795 50.317841
v -84.019989 24.517406 27.327848
v -71.485283 24.517387 51.927704
v -86.714287 22.062313 28.207731
v -73.777184 22.062292 53.597870
v -88.148384 19.625912 28.677702
v -74.997086 19.625891 54.487762
v -88.423500 17.166557 28.757832
v -75.230888 17.165487 54.657681
v -88.594490 13.299074 28.818657
v -75.346085 14.447288 54.737759
v -75.367386 11.762244 54.747768
v -88.527061 9.399631 28.797731
v -75.319382 9.400886 54.717735
v -87.952660 5.986477 28.607962
v -74.830284 5.985663 54.357872
v -86.512184 4.022914 28.137657
v -73.605186 4.022894 53.467735
v -84.095383 2.984401 27.357872
v -71.549385 2.984381 51.977745
v -80.590385 2.341552 26.217733
v -87.837280 29.138718 0.057832
v -85.439186 27.433411 0.057830
v -84.733086 2.341858 0.057822
v -88.418381 2.984406 0.057822
v -90.959488 4.022919 0.057824
v -93.111389 14.447311 0.057826
v -93.137787 11.762268 0.057826
v -93.078384 9.400909 0.057825
v -73.089302 33.687267 53.144428
v -74.220886 42.463799 53.907688
v -73.097488 33.698891 53.137665
v -72.087883 31.411186 52.387665
v -71.054352 29.141699 51.664429
v -70.099983 28.286491 50.937714
v -69.114906 27.434521 50.254520
v -68.697784 27.303886 49.927704
v -68.250320 27.174393 49.624462
v -68.762184 26.794182 49.967743
v -69.242981 26.414322 50.344540
v -70.366989 25.466087 51.137665
v -71.458138 24.518661 51.954491
v -72.620888 23.290396 52.777802
v -73.749199 22.063896 53.624523
v -74.376785 20.844687 54.047821
v -74.969139 19.627493 54.514538
v -75.103683 18.396292 54.577847
v -75.203346 17.167088 54.684452
v -75.278183 15.807090 54.707729
v -75.318611 14.449162 54.764534
v -75.346489 13.105491 54.757778
v -75.339859 11.764036 54.781273
v -75.333183 10.582160 54.747765
v -75.291969 9.402454 54.744518
v -75.064682 7.694129 54.547813
v -74.803192 5.987922 54.391174
v -74.207787 5.004767 53.927696
v -73.578949 4.024218 53.501217
v -72.567787 3.503882 52.737755
v -71.524345 2.985080 52.004478
v -68.560684 2.399635 49.807823
v -71.526886 2.983740 51.997765
v -80.498085 2.341854 26.217735
v -82.620483 2.341825 13.127646
v -86.572784 2.662964 0.047813
v -80.590385 2.537632 -26.092323
v -84.644485 2.341858 0.037803
v -89.686188 3.503387 0.047814
v -88.410294 2.983977 0.024351
v -90.957565 4.024240 0.044453
v -90.952003 4.022206 0.024355
v -88.241882 7.692408 28.687708
v -93.105789 10.580994 0.047816
v -93.074570 9.396367 0.037772
v -93.071983 9.398623 0.024366
v -93.122284 13.104111 0.047816
v -93.131638 11.760698 0.024363
v -93.108253 14.449184 0.037772
v -93.105293 14.445582 0.024364
v -88.288185 18.395000 28.707731
v -87.433990 20.843502 28.427702
v -88.154610 19.624241 28.637529
v -85.369980 23.289211 27.757780
v -86.721252 22.060705 28.167528
v -82.719887 25.465115 26.897675
v -84.027603 24.515738 27.294390
v -80.832382 26.793804 26.277802
v -81.421616 26.412542 26.447590
v -80.755684 27.303707 26.257782
v -80.252144 27.173679 26.074375
v -86.635590 28.285614 0.047822
v -85.435059 27.433077 0.044524
v -85.432961 27.433279 0.024315
v -87.836090 29.141718 0.044467
v -87.829994 29.137579 0.024361
v -79.523186 33.685799 40.537811
v -87.231888 42.463909 28.367651
v -85.925987 33.698910 27.977755
v -85.940155 33.687283 27.937679
v 52.966919 33.681568 73.089989
v 51.485519 29.138691 71.047821
v 72.933517 33.681389 53.117645
v 70.897522 29.138695 51.637665
v 50.078045 27.434675 69.111168
v 68.957520 27.433388 50.227753
v 49.447510 27.174183 68.247772
v 68.092514 27.174187 49.597870
v 50.169510 26.413792 69.237762
v 69.086517 26.413795 50.317841
v 51.780518 24.517384 71.457733
v 71.303513 24.517387 51.927704
v 53.445511 22.062290 73.747765
v 73.595520 22.062292 53.597870
v 54.331512 19.625889 74.967735
v 74.815521 19.625891 54.487762
v 54.501572 17.166986 75.198051
v 75.049515 17.165487 54.657681
v 54.601345 13.314101 75.351662
v 75.164520 14.447288 54.737759
v 75.185516 11.762244 54.757778
v 54.565613 9.399131 75.288254
v 75.137512 9.400886 54.717735
v 54.212051 5.988713 74.801308
v 74.648514 5.985663 54.357872
v 53.320511 4.022891 73.577843
v 73.423508 4.022894 53.467735
v 51.826508 2.984378 71.517784
v 71.367508 2.984381 51.977745
v 49.661163 2.339858 68.538834
v 27.024521 29.138689 83.517792
v 26.283508 27.433382 81.227753
v 26.064514 2.341830 80.557823
v 27.203522 2.984376 84.067833
v 27.989517 4.022889 86.477745
v 28.654510 14.447282 88.527794
v 28.662521 11.762239 88.557823
v 28.643509 9.400880 88.497765
v 72.951576 33.687267 53.084332
v 74.026520 42.463799 53.927708
v 72.948517 33.698891 53.087860
v 71.922516 31.411186 52.367645
v 70.915581 29.141699 51.604347
v 69.934509 28.286491 50.917694
v 68.974915 27.434519 50.194271
v 68.531509 27.303886 49.897675
v 68.109222 27.174385 49.571095
v 68.595520 26.794182 49.947723
v 69.101883 26.414330 50.291073
v 70.200516 25.466087 51.117645
v 71.318237 24.518663 51.894234
v 72.455521 23.290396 52.747772
v 73.610901 22.063894 53.564404
v 74.211517 20.844687 54.027802
v 74.832253 19.627491 54.447578
v 74.938507 18.396292 54.557827
v 75.066925 17.167088 54.617649
v 75.113510 15.807090 54.677700
v 75.181908 14.449161 54.704288
v 75.181519 13.105491 54.727749
v 75.202919 11.764038 54.717590
v 75.168518 10.582160 54.717735
v 75.155579 9.402452 54.684258
v 74.899521 7.694129 54.527794
v 74.666573 5.987924 54.324398
v 74.042511 5.004767 53.907677
v 73.441574 4.024219 53.434261
v 72.402512 3.503882 52.717735
v 71.386238 2.985073 51.944263
v 68.376511 2.399635 49.807823
v 71.377518 2.983741 51.947716
v 49.629517 2.341832 68.447716
v 37.843521 2.341800 74.507774
v 26.621521 2.662936 82.317833
v -0.090485 2.537599 84.707726
v 26.012512 2.341830 80.487755
v 27.582520 3.503358 85.277794
v 27.167406 2.983948 84.067841
v 27.970818 4.024213 86.484428
v 27.952061 4.022176 86.484436
v 54.375519 7.692386 75.047813
v 28.638519 10.580964 88.527794
v 28.624149 9.396338 88.497765
v 28.605389 9.398599 88.504456
v 28.643509 13.104081 88.547813
v 28.623714 11.760670 88.564522
v 28.635149 14.449155 88.534477
v 28.615713 14.445550 88.534485
v 54.403519 18.394978 75.087852
v 53.875519 20.843479 74.367638
v 54.297398 19.624220 74.987816
v 52.600510 23.289188 72.607872
v 53.412056 22.060682 73.767853
v 50.963516 25.465092 70.357880
v 51.747738 24.515713 71.477814
v 49.796509 26.793781 68.747772
v 50.138069 26.412519 69.257843
v 49.749512 27.303684 68.687714
v 49.416756 27.173655 68.261162
v 26.640518 28.285585 82.377655
v 26.265480 27.433048 81.234436
v 26.248060 27.433250 81.234444
v 27.006485 29.141691 83.517792
v 26.988403 29.137548 83.517799
v 62.954514 33.685780 63.097870
v 53.754517 42.463886 74.187721
v 52.986511 33.698887 73.067848
v 52.948494 33.687260 73.094559
v -73.113266 33.681583 -52.990940
v -71.079185 29.138634 -51.512238
v -85.936287 33.681416 -27.832304
v -83.542686 29.138721 -27.052277
v -69.139000 27.433315 -50.102272
v -81.261986 27.433414 -26.312286
v -68.274689 27.174232 -49.482208
v -80.245789 27.174213 -25.982208
v -69.268585 26.413841 -50.202179
v -81.414185 26.413822 -26.362335
v -71.485184 24.517433 -51.812286
v -84.019989 24.517414 -27.212191
v -73.777184 22.062342 -53.472198
v -86.714287 22.062321 -28.082308
v -74.996986 19.625834 -54.362335
v -88.148285 19.625919 -28.552279
v -75.231453 17.167734 -54.534019
v -88.423187 17.165516 -28.642124
v -75.377083 13.234985 -54.635452
v -88.558685 14.447316 -28.682163
v -88.583687 11.762273 -28.692175
v -75.317978 9.398176 -54.591377
v -88.527283 9.400914 -28.672155
v -74.830452 5.986380 -54.242424
v -87.952187 5.985692 -28.482214
v -73.605186 4.022943 -53.352333
v -86.512085 4.022924 -28.022255
v -71.549286 2.984398 -51.852333
v -84.095383 2.984411 -27.232216
v -68.566452 2.338493 -49.691097
v -51.666885 29.138638 -70.932159
v -50.257385 27.433437 -68.992218
v -49.842384 2.341854 -68.412148
v -52.008484 2.984402 -71.402138
v -53.502182 4.022946 -73.452187
v -54.766983 14.447339 -75.192177
v -54.782486 11.762265 -75.212196
v -54.747589 9.400937 -75.172157
v -85.943115 33.687294 -27.792122
v -87.225487 42.463917 -28.262232
v -85.943481 33.698917 -27.802275
v -84.742287 31.411213 -27.432158
v -83.550117 29.141724 -27.018780
v -82.405090 28.286518 -26.672150
v -81.269142 27.434546 -26.278780
v -80.756180 27.303913 -26.132355
v -80.251991 27.174419 -25.948778
v -80.831787 26.794209 -26.162140
v -81.418930 26.414351 -26.328865
v -82.718491 25.466114 -26.772247
v -84.023933 24.518688 -27.172070
v -85.368584 23.290424 -27.632357
v -86.718353 22.063919 -28.048893
v -87.433182 20.844715 -28.302279
v -88.153374 19.627520 -28.512100
v -88.287987 18.396320 -28.582308
v -88.429077 17.167116 -28.602118
v -88.493187 15.807118 -28.652134
v -88.564629 14.449189 -28.642153
v -88.573486 13.105519 -28.672155
v -88.589783 11.764066 -28.652151
v -88.557785 10.582189 -28.672155
v -88.533371 9.402483 -28.632145
v -88.242188 7.694158 -28.562292
v -87.958664 5.987953 -28.448742
v -87.234787 5.004796 -28.242226
v -86.519043 4.024247 -27.982086
v -85.306587 3.503911 -27.612343
v -84.102798 2.985105 -27.198763
v -80.580284 2.399662 -26.092323
v -84.096184 2.983769 -27.202187
v -68.511482 2.341851 -49.612343
v -59.175583 2.341821 -59.022255
v -50.913086 2.662961 -69.912148
v -26.246483 2.537626 -80.442177
v -49.769188 2.341854 -68.362343
v -52.742584 3.503415 -72.432167
v -51.974842 2.983973 -71.415535
v -53.485882 4.024269 -73.465553
v -53.467808 4.022232 -73.465584
v -75.064484 7.692438 -54.432167
v -54.752083 10.580991 -75.202187
v -54.729958 9.396391 -75.178848
v -54.712814 9.398652 -75.185555
v -54.761787 13.104138 -75.212196
v -54.747833 11.760699 -75.232285
v -54.749615 14.449141 -75.205544
v -54.732334 14.445539 -75.212265
v -75.103683 18.395029 -54.452183
v -74.377182 20.843439 -53.932159
v -74.969757 19.624235 -54.388962
v -72.621689 23.289238 -52.652130
v -73.750824 22.060732 -53.498981
v -70.367683 25.465141 -51.012238
v -71.460243 24.515764 -51.839058
v -68.762482 26.793831 -49.852325
v -69.244423 26.412569 -50.228973
v -68.697388 27.303734 -49.802277
v -68.250275 27.173704 -49.502300
v -50.949883 28.285641 -69.962189
v -50.240891 27.433102 -68.998901
v -50.225422 27.433243 -69.005608
v -51.651596 29.141712 -70.938850
v -51.633781 29.137505 -70.945557
v -79.529686 33.685814 -40.402130
v -74.208588 42.463936 -53.802273
v -73.130585 33.698936 -52.972198
v -73.102730 33.687237 -53.005585
v 72.936089 33.680561 -52.994434
v 70.897522 29.138634 -51.512238
v 52.962517 33.683796 -72.959099
v 51.485519 29.138638 -70.932159
v 68.957451 27.433374 -50.102272
v 50.075516 27.433437 -68.992218
v 68.092514 27.174232 -49.482208
v 49.447510 27.174236 -68.122345
v 69.086517 26.413841 -50.202179
v 50.169510 26.413845 -69.112335
v 71.303513 24.517433 -51.812286
v 51.780518 24.517437 -71.332306
v 73.595520 22.062342 -53.472198
v 53.445511 22.062344 -73.622353
v 74.815521 19.625834 -54.362335
v 54.331512 19.625835 -74.842323
v 75.049820 17.166483 -54.532330
v 54.501511 17.165432 -75.082314
v 75.195183 13.206744 -54.637066
v 54.585510 14.447339 -75.192177
v 54.600510 11.762265 -75.212196
v 75.138557 9.398652 -54.592670
v 54.565521 9.400937 -75.172157
v 74.648598 5.986625 -54.242290
v 54.210510 5.985715 -74.682167
v 73.423508 4.022943 -53.352333
v 53.320511 4.022946 -73.452187
v 71.367508 2.984398 -51.852333
v 51.826508 2.984402 -71.402138
v 68.386383 2.340726 -49.692078
v 83.360519 29.138721 -27.052277
v 81.080521 27.433414 -26.312286
v 80.408508 2.341862 -26.092323
v 83.913513 2.984411 -27.232216
v 86.330521 4.022924 -28.022255
v 88.376511 14.447316 -28.682163
v 88.402512 11.762273 -28.692175
v 88.345520 9.400914 -28.672155
v 52.931065 33.687244 -72.982269
v 53.771515 42.463940 -74.052269
v 52.940521 33.698940 -72.982201
v 52.212509 31.411144 -71.952171
v 51.453419 29.141716 -70.945557
v 50.768509 28.286434 -69.962189
v 50.044086 27.434568 -69.005608
v 49.749512 27.303936 -68.562286
v 49.416065 27.174442 -68.142265
v 49.796509 26.794231 -68.622345
v 50.137405 26.414301 -69.132256
v 50.962509 25.466137 -70.232208
v 51.747074 24.518715 -71.345703
v 52.600510 23.290447 -72.482216
v 53.410725 22.063940 -73.642273
v 53.875519 20.844738 -74.242226
v 54.296722 19.627504 -74.862411
v 54.403519 18.396343 -74.972206
v 54.466732 17.167105 -75.095711
v 54.530518 15.807034 -75.142128
v 54.550720 14.449140 -75.212265
v 54.580521 13.105542 -75.212196
v 54.565720 11.764055 -75.232285
v 54.570511 10.582181 -75.202187
v 54.531406 9.402508 -75.185555
v 54.375519 7.694180 -74.932167
v 54.176411 5.987978 -74.695564
v 53.752518 5.004819 -74.072304
v 53.287060 4.024270 -73.472267
v 52.561508 3.503903 -72.432167
v 51.794422 2.985097 -71.415527
v 49.655518 2.399654 -68.402138
v 51.799515 2.983761 -71.402138
v 68.299515 2.341851 -49.662148
v 74.360519 2.341833 -37.872353
v 82.162521 2.662968 -26.652138
v 84.551514 2.537628 0.057822
v 80.332520 2.341862 -26.042274
v 85.123520 3.503392 -27.612343
v 83.916862 2.983984 -27.198750
v 86.334526 4.024246 -28.002197
v 86.334541 4.022210 -27.982075
v 74.899521 7.692438 -54.402138
v 88.376511 10.580998 -28.672155
v 88.347519 9.396372 -28.652103
v 88.350868 9.398632 -28.632141
v 88.391510 13.104115 -28.672155
v 88.408539 11.760703 -28.652161
v 88.379860 14.449188 -28.662109
v 88.382530 14.445584 -28.642149
v 74.938507 18.395029 -54.432163
v 74.212509 20.843439 -53.902130
v 74.832916 19.624235 -54.328861
v 72.456512 23.289238 -52.632355
v 73.613571 22.060734 -53.438728
v 70.201508 25.465141 -50.992218
v 71.322243 24.515764 -51.778809
v 68.596512 26.793831 -49.822296
v 69.104576 26.412571 -50.168694
v 68.530518 27.303734 -49.782257
v 68.109238 27.173702 -49.448723
v 82.222519 28.285618 -26.672150
v 81.081856 27.433079 -26.292229
v 81.085197 27.433281 -26.278820
v 83.365181 29.141722 -27.038912
v 83.365196 29.137581 -27.018808
v 74.039520 42.463936 -53.782253
v 72.915512 33.698936 -53.012238
v 72.942863 33.687233 -52.978851
v 27.975510 119.182693 38.687744
v 38.536270 119.180107 28.126200
v 34.457520 127.138695 25.157717
v 30.290512 115.367699 41.877686
v 34.462872 127.148705 25.144325
v 34.456841 127.158096 25.151028
v 36.500519 123.162697 26.637697
v 34.448830 127.148705 25.164412
v 38.544537 119.188034 28.107777
v 38.545197 119.180016 28.121023
v 31.073517 110.814705 42.967770
v 30.302521 115.363701 41.867676
v 29.126511 117.273697 40.287842
v 30.281830 115.361687 41.884373
v 30.271776 115.365036 41.891079
v 31.213516 123.162697 31.927736
v 27.964155 119.188034 38.694431
v 27.958109 119.180031 38.701134
v -14.846489 119.182693 45.467773
v -0.090485 119.182693 47.807861
v -0.090679 127.140305 42.770123
v -16.063484 115.367699 49.217773
v 13.098511 127.126694 40.627686
v -0.065491 127.153694 42.757812
v -0.082478 127.158096 42.761131
v -0.084488 123.162697 45.287842
v -13.280487 127.126694 40.627686
v -0.104492 127.153694 42.757812
v -0.072434 119.188034 47.801174
v -0.081152 119.180016 47.807884
v -8.073486 117.273697 48.517822
v -16.482483 110.814690 50.487789
v -16.047485 115.363701 49.227783
v -15.462486 117.273697 47.347900
v -16.074167 115.361694 49.217770
v -16.083549 115.365036 49.211079
v -14.853830 119.188034 45.461090
v -14.865217 119.180031 45.461079
v -0.090485 119.182724 -47.692139
v -14.846489 119.182724 -45.352295
v -13.286545 127.139328 -40.548817
v -0.090485 115.367729 -51.622314
v -13.301536 127.148735 -40.545551
v -13.292823 127.158127 -40.545551
v -14.072487 123.162727 -42.952148
v -13.277456 127.148735 -40.552254
v -14.861877 119.188072 -45.338917
v -14.855836 119.180046 -45.352318
v -7.472488 117.273727 -48.492188
v -0.085480 110.814735 -52.962162
v -0.106491 115.363731 -51.622314
v -0.082489 117.273727 -49.652100
v -0.079786 115.361725 -51.628994
v -0.069083 115.365059 -51.622311
v -0.081136 119.188072 -47.685467
v -0.070413 119.180054 -47.685452
v -28.156487 119.182724 -38.572266
v -38.722401 119.179214 -28.003799
v -34.636337 127.137474 -25.040850
v -30.472488 115.367729 -41.752197
v -41.907486 115.367729 -30.322268
v -40.704987 127.138710 -13.132322
v -37.671486 127.145714 -19.082273
v -31.451485 141.471710 -22.732172
v -34.638489 127.167725 -25.022215
v -25.159485 127.126724 -34.452148
v -34.626488 127.153725 -25.042234
v -42.749489 127.126709 0.067873
v -40.705284 127.153709 -13.112303
v -40.701305 127.158119 -13.125636
v -40.709599 127.133362 -13.125648
v -40.316483 117.275726 -29.152102
v -41.914848 115.370392 -30.302181
v -42.988182 110.814720 -31.112309
v -41.915985 115.363731 -30.302248
v -41.901211 115.361717 -30.328955
v -36.187485 115.365730 -36.042236
v -29.307487 117.273727 -40.162109
v -30.463804 115.361717 -41.758884
v -30.453753 115.365067 -41.765587
v -28.145807 119.188072 -38.572277
v -28.139771 119.180054 -38.578964
v -29.820919 267.013367 21.656969
v -21.688484 267.012726 29.787889
v -28.569489 269.774719 39.257862
v -23.832489 264.667725 17.307909
v -17.340485 264.667725 23.797899
v -21.334488 260.384705 15.497848
v -15.524745 260.384491 21.307169
v -20.890125 256.270355 15.167969
v -28.000488 264.667725 9.127732
v -25.064484 260.384705 8.177779
v -24.540482 256.270691 8.007856
v -28.552132 269.777374 39.271229
v -31.472488 274.537720 43.247852
v -28.560486 269.783722 39.277882
v -25.124489 268.394714 34.527878
v -28.578127 269.777374 39.251225
v -21.677765 267.014740 29.801270
v -19.510483 265.840698 26.797899
v -17.331095 264.669739 23.811283
v -16.429489 262.527710 22.557907
v -15.516078 260.388062 21.314623
v -15.520145 260.382019 21.307903
v -20.885487 256.269318 15.174450
v -20.892162 256.268707 15.167769
v -24.803482 258.326691 8.087934
v -24.541826 256.268707 8.001169
v -24.542511 256.269379 7.994351
v -26.532486 262.525726 8.647752
v -25.065805 260.382050 8.164471
v -28.006481 264.669739 9.127725
v -28.000471 264.665070 9.114576
v -29.827827 267.014740 21.657749
v 29.334518 417.548706 -21.322168
v 21.287521 417.548706 -29.362207
v 15.060017 419.301910 -20.788877
v 20.761520 419.301727 -15.092188
v 7.874512 419.301727 -24.452051
v 11.148514 417.548706 -34.532131
v -0.092515 419.301727 -25.711735
v -0.090485 417.548706 -36.312160
v -8.055522 419.301727 -24.452179
v -11.330490 417.548706 -34.532131
v -15.241486 419.301727 -20.792139
v -21.469482 417.548706 -29.362207
v -20.944664 419.301758 -15.089852
v -29.515488 417.548706 -21.322168
v -24.601017 419.302063 -7.900897
v -34.681488 417.548706 -11.182033
v -25.866486 419.301727 0.057958
v -36.462486 417.548706 0.057958
v -24.602163 419.301971 8.024867
v -34.682487 417.548706 11.297948
v -20.943489 419.301727 15.207861
v -29.514395 417.548615 21.438919
v -15.239526 419.301758 20.918806
v -21.469482 417.548706 29.487890
v -8.055481 419.301727 24.577978
v -11.330490 417.548706 34.647800
v -0.090485 419.301727 25.837988
v -0.090485 417.548706 36.427830
v 7.876602 419.301758 24.576899
v 11.148514 417.548706 34.647800
v 15.057957 419.301758 20.918606
v 21.287521 417.548706 29.487890
v 20.761520 419.301727 15.207861
v 29.334518 417.548706 21.437841
v 24.419479 419.302032 8.026917
v 34.500519 417.548706 11.297948
v 25.684509 419.301727 0.057958
v 36.274059 417.549957 0.049127
v -26.329483 415.263702 36.177830
v -13.885924 415.263397 42.519135
v -0.169954 415.257721 44.710690
v 13.703407 415.263794 42.517597
v 26.152775 415.263855 36.172546
v 36.020458 415.263641 26.299009
v 42.363510 415.263702 13.858006
v 44.548161 415.263489 0.053833
v 39.317520 413.317719 28.697849
v 46.237514 413.317169 15.114456
v 40.462509 411.329712 29.527925
v 47.581512 411.329712 15.547946
v 40.696381 408.917725 29.701740
v 47.860519 408.917725 15.637790
v 14.961517 413.317719 46.387791
v -15.143486 413.317719 46.387791
v 36.019138 415.265228 -26.179573
v 26.147522 415.263702 -36.052151
v 13.707741 415.264069 -42.391224
v -0.092516 415.263458 -44.581882
v -13.886465 415.262970 -42.394802
v -26.262583 415.257202 -36.118248
v -36.202850 415.263062 -26.186447
v -42.545082 415.263702 -13.732081
v -44.729889 415.263702 0.057958
v -42.543766 415.263794 13.862764
v -39.499489 413.317719 -28.572170
v -46.417606 413.317261 -14.991801
v -48.802814 413.317474 0.057962
v -47.763687 411.329712 -15.432034
v -50.216824 411.330414 0.057975
v -48.040741 408.917694 -15.525949
v -50.510086 408.917725 0.057956
v -15.143486 413.317719 -46.262112
v 14.961517 413.317719 -46.262112
v 39.316921 413.317932 -28.571669
v 34.500278 417.548065 -11.181996
v 24.426161 419.298462 -7.901402
v -0.090528 419.891785 -16.641884
v 5.070511 419.891724 -15.822168
v 15.795517 419.891724 5.227880
v 13.422516 419.891724 9.877783
v -9.909485 419.891724 13.577978
v -13.603951 419.891449 9.877378
v -13.604485 419.891724 -9.762110
v -9.909485 419.891724 -13.452051
v -5.252487 419.891724 -15.822168
v -0.093900 419.891602 16.767345
v 5.072014 419.891449 15.952396
v -5.252487 419.891724 15.947852
v 13.432167 419.890991 -9.766874
v 15.795813 419.893036 -5.101893
v -16.793446 419.891754 0.058438
v -15.977486 419.891724 -5.102198
v 3.183799 420.056396 10.149278
v 6.139511 420.056702 8.637793
v 5.147033 420.533569 7.266654
v 2.659343 420.541443 8.533149
v 8.484944 420.056763 -6.171670
v 9.994329 420.056854 -3.212438
v 7.115338 420.533813 -5.172420
v 8.380606 420.533722 -2.691759
v 6.140518 420.056702 -8.512110
v 46.235725 413.318634 -14.991813
v 42.363510 415.263702 -13.732081
v 47.581512 411.329712 -15.432034
v 40.456188 411.334808 -29.403421
v 47.860519 408.917725 -15.522122
v 40.699509 408.917725 -29.572172
v 50.035255 411.330261 0.055310
v 50.328522 408.917725 0.057956
v -47.763687 411.329712 15.547946
v -48.042389 408.917725 15.637790
v -40.643883 411.329712 29.527925
v -40.880882 408.917725 29.697847
v -39.498646 413.318726 28.697172
v -28.722488 413.317719 39.467869
v -29.554489 411.329712 40.617771
v -29.726486 408.917725 40.847992
v -15.577590 411.330597 47.738159
v -15.671486 408.917725 48.007904
v -0.090485 411.329712 50.187840
v -0.090485 408.917725 50.477875
v -0.090485 413.317688 48.777927
v 15.398514 411.329712 47.737888
v 15.489517 408.917725 48.007904
v 29.377295 411.330750 -40.488243
v 29.544510 408.917725 -40.732086
v 29.372513 411.329712 40.617771
v 29.544510 408.917725 40.847992
v 28.541519 413.317719 39.467869
v 15.399521 411.329712 -47.612209
v 15.489517 408.917725 -47.891998
v -0.090485 411.329712 -50.062160
v -0.090485 408.917725 -50.362213
v -0.090485 413.317749 -48.652004
v -15.586672 411.330811 -47.608440
v -15.671486 408.917725 -47.891998
v -29.554489 411.329712 -40.492092
v -29.726486 408.917725 -40.732086
v -28.718880 413.318207 -39.353172
v -40.643784 411.329712 -29.402006
v -40.880882 408.917725 -29.572172
v 14.965576 413.319153 46.384483
v 14.962359 413.318634 -46.262253
v -39.499210 413.318359 -28.571888
v 26.147522 415.263702 36.177830
v 13.703656 415.264984 42.518337
v -0.090485 415.263702 44.697849
v -0.090485 415.263702 -44.582180
v -36.204483 415.263702 -26.182034
v -26.328484 415.263702 -36.052151
v -26.328436 415.260834 36.177391
v -36.204483 415.263702 26.297947
v -21.469482 417.548706 29.487890
v -29.515488 417.548706 21.437841
v 36.022522 415.263702 26.297947
v 39.317520 413.317719 28.697849
v 40.462509 411.329712 29.527925
v 40.699509 408.917725 29.697847
v 47.860519 408.917725 15.637790
v 47.581512 411.329712 15.547946
v -46.418488 413.317719 -14.992092
v -47.763687 411.329712 -15.432034
v -48.042389 408.917725 -15.522122
v 29.464508 418.424713 -9.532130
v 34.512535 417.545349 -11.175339
v 34.508537 417.546722 -11.161915
v 25.678513 419.268707 0.057958
v 12.895508 419.973724 -4.152003
v 15.802867 419.891052 -5.095486
v 10.509521 420.039703 0.057958
v 8.382508 420.533051 -2.685412
v 6.135834 420.056702 -8.512115
v 6.137174 420.057373 -8.512105
v 6.140524 420.056702 -8.518797
v 5.065829 419.891724 -15.815468
v 5.072529 419.891724 -15.815483
v -0.096516 419.891724 -16.635469
v -0.093153 419.891724 -16.635460
v -7.580490 419.891724 -14.632227
v -5.251810 419.891724 -15.815471
v -5.247809 419.891724 -15.822169
v -5.245789 419.891052 -15.828856
v -11.755478 419.891724 -11.602198
v -9.906129 419.891724 -13.445347
v -13.603840 419.891724 -9.748689
v -13.599129 419.891724 -9.755414
v -15.970116 419.891724 -5.095506
v -15.972144 419.891724 -5.102205
v -15.978813 419.891052 -5.108891
v -16.789808 419.891724 0.064659
v -16.786448 419.891724 0.064641
v -21.327484 419.596710 0.067968
v -13.596462 419.891724 9.877773
v -13.603157 419.891724 9.871091
v -9.902127 419.891724 13.577985
v -9.902790 419.891724 13.571266
v -11.645493 419.301727 22.737890
v -5.247804 419.891724 15.941149
v -5.254495 419.891724 15.941166
v -5.262530 419.891052 15.947839
v -0.091492 420.525726 8.967871
v 6.142198 420.056702 8.631089
v 6.143512 420.056702 8.637795
v 11.465515 419.301727 22.737890
v 14.606522 419.891724 7.547949
v 13.417159 419.891724 9.871086
v 13.417176 419.891724 9.877789
v 15.792853 419.891724 5.214450
v 15.788147 419.891724 5.221189
v 20.107513 419.596710 6.617773
v 25.677164 419.301758 0.051260
v 25.673203 419.302307 0.057958
v 34.494522 417.512726 -11.182033
v 44.539833 415.265747 0.044555
v 48.606522 413.287720 0.067966
v 47.584202 411.331055 15.527796
v 47.722519 410.124725 15.587985
v 47.863865 408.919739 15.617819
v 39.884521 412.323700 29.117771
v 40.447838 411.328369 29.541273
v 39.303768 413.317047 28.710953
v 14.970866 413.316986 46.387829
v 14.325516 414.290710 44.457859
v 14.952157 413.315704 46.394474
v 14.941468 413.317047 46.394474
v -15.134170 413.316986 46.387829
v -14.521484 414.290710 44.447849
v -15.153512 413.315704 46.387783
v -15.162177 413.317047 46.381104
v -23.905487 416.405701 32.827976
v -26.339510 415.261719 36.171131
v -26.344809 415.263062 36.164494
v -25.498482 417.547699 25.467871
v -46.405388 413.287720 15.108006
v -49.508286 412.324707 0.067966
v -37.856483 414.290710 27.487888
v -32.865486 416.405701 23.867773
v -36.215843 415.263062 26.284563
v -25.487488 417.549713 25.457861
v -29.500776 417.550720 21.437822
v -29.513487 417.549377 21.431158
v -29.528193 417.546722 21.424435
v -21.453432 417.549377 29.487907
v -21.456074 417.550751 29.474449
v -26.310755 415.265747 36.177856
v -27.519485 414.291718 37.827976
v -28.703775 413.319031 39.474556
v -29.131485 412.324707 40.047947
v -7.839493 412.324707 48.247898
v -0.098480 414.290710 46.737888
v -0.083139 415.267059 44.684444
v -0.099859 415.265747 44.691174
v -0.109870 415.263062 44.697845
v 13.716921 415.265747 42.504536
v 13.706843 415.267059 42.504520
v 31.084518 415.265717 31.227879
v 26.146160 415.267059 36.164440
v 26.135487 415.265747 36.177849
v 36.025890 415.265747 26.277845
v 36.017147 415.267059 26.284561
v 37.672516 414.291718 27.487888
v 39.324203 413.319031 28.677774
v 39.893509 412.324707 29.097996
v 40.470566 411.331085 29.507818
v 40.584518 410.124725 29.608004
v 40.708912 408.919739 29.677717
v -47.087883 412.323700 -15.222074
v -47.754333 411.328400 -15.445397
v -39.493328 413.315674 -28.579029
v -39.485752 413.317047 -28.585264
v -15.152838 413.316986 -46.262146
v -14.507484 414.290710 -44.332180
v -15.133461 413.315704 -46.268795
v -15.123437 413.317047 -46.268795
v 15.394516 411.310730 -47.582180
v 14.947510 413.316711 -46.272121
v 14.971543 413.315704 -46.262104
v 14.980208 413.317047 -46.255424
v 14.970188 413.319031 -46.255428
v -13.883484 415.227722 -42.382229
v -0.115479 415.266724 -44.562160
v -0.098493 415.267059 -44.568771
v -0.097488 414.291718 -46.612209
v -0.081785 415.265747 -44.575508
v -0.109918 413.319061 -48.645313
v -0.098480 412.324707 -49.352200
v -31.265488 415.265717 -31.112209
v -26.327799 415.267059 -36.038761
v -26.317122 415.265747 -36.052170
v -26.313099 415.263062 -36.065533
v -36.207859 415.265747 -26.161932
v -36.199116 415.267059 -26.168648
v -37.854485 414.291718 -27.362209
v -46.418953 413.319031 -14.972022
v -42.530586 415.233704 -13.732081
v -46.412888 413.321716 -14.972073
v -47.091888 412.324707 -15.202054
v -47.766048 411.331055 -15.411896
v -47.904182 410.124725 -15.462064
v -48.045544 408.919739 -15.501987
v 47.717514 410.122711 15.608005
v 47.581497 411.332428 15.541259
v 47.576149 411.331055 15.561342
v 47.572186 411.328369 15.567981
v 44.302521 414.290710 -14.352200
v 34.491516 417.514709 -11.172023
v 42.342514 415.268707 -13.742091
v 42.359520 415.265747 -13.718690
v 42.368858 415.263062 -13.712024
v 36.280518 417.548706 0.057958
v 34.496681 417.549500 -11.181762
v 24.422262 419.300720 -7.902306
v 25.688408 419.301239 0.057991
v 44.547119 415.264282 0.057967
v 42.364059 415.263580 -13.732250
v 48.620514 413.317719 0.057956
v 46.236576 413.317200 -14.992060
v 50.035507 411.329712 0.057956
v 15.791011 419.893951 -5.101624
v 16.613510 419.891724 0.057958
v 24.422516 419.301727 8.027929
v 15.799093 419.891632 5.228870
v 10.509521 420.056702 0.057958
v 9.990509 420.056702 -3.212061
v 9.990509 420.056702 3.337988
v 8.380496 420.533813 -2.692292
v 8.816513 420.533722 0.057959
v 8.380508 420.533722 2.817968
v 13.424332 419.891785 9.874266
v 8.485519 420.056702 6.287940
v 7.115509 420.533722 5.297950
v 9.727509 419.891724 13.577978
v 6.138026 420.057098 8.639474
v 5.143901 420.532532 7.268004
v 5.070511 419.891724 15.947852
v 29.334518 417.548706 -21.322168
v 36.022522 415.263702 -26.182034
v 15.059509 419.301727 20.917822
v 7.874431 419.301056 24.577826
v 46.236511 413.317719 15.117771
v 47.581512 411.329712 15.547946
v 24.432531 419.299072 8.034623
v 24.423834 419.300385 8.041324
v 15.067528 419.300415 20.917831
v 15.060842 419.299042 20.931202
v 6.469513 419.596710 20.267920
v 7.871173 419.299042 24.591356
v 7.863806 419.300385 24.584663
v 5.065820 419.891724 15.941176
v 5.063812 419.891052 15.954538
v 2.660507 420.525726 8.527929
v 9.987829 420.056702 -3.218765
v 12.891510 419.973724 -4.162012
v 13.422516 419.872711 -9.752100
v 24.413155 419.301758 -7.908706
v 21.283508 417.512726 -29.362207
v 29.311508 417.549713 -21.322168
v 29.319109 417.550720 -21.315453
v 32.672516 416.406708 -23.752100
v 36.006477 415.265747 -26.188751
v 36.018524 415.263031 -26.188717
v 36.031868 415.261719 -26.175348
v 46.225151 413.319031 -15.005474
v 46.233212 413.317017 -14.998773
v 50.034176 411.328339 0.051280
v 50.034153 411.326324 0.071464
v 48.808517 411.328705 7.807956
v 46.906509 412.323700 15.337985
v 47.577488 411.326355 15.561355
v 47.572186 411.328369 15.567981
v 46.229168 413.319031 15.124452
v 46.228565 413.317047 15.131031
v 40.415512 416.405701 0.067968
v 30.984512 418.424713 0.067968
v 36.283180 417.546722 0.078065
v -42.545448 415.264740 13.858500
v -36.203171 415.264832 26.299292
v -29.515522 417.549408 21.437893
v -46.418488 413.317719 15.117771
v -39.498653 413.316467 28.698845
v -47.763290 411.329285 15.547799
v -48.802238 413.317352 0.057593
v -50.217087 411.329712 0.057956
v -29.500772 417.549377 21.444550
v -29.500776 417.550720 21.437822
v -29.513487 417.549377 21.431158
v -36.188438 415.265747 26.304667
v -39.483448 413.319031 28.704548
v -39.492855 413.316986 28.704542
v -48.012283 408.913727 15.627780
v -47.756882 411.327698 15.567966
v -47.765762 411.326355 15.541225
v -50.215813 411.326355 0.051231
v -50.213959 411.328369 0.037948
v -48.798241 413.319031 0.051278
v -48.800274 413.317047 0.038095
v -42.541359 415.265747 13.844615
v -22.902489 317.147705 31.457827
v -21.684971 307.690643 29.786982
v -12.079302 317.147919 36.969280
v -11.443481 307.693726 34.997864
v -12.719482 321.204712 38.927799
v -24.113459 321.206299 33.129215
v -13.310486 322.472717 40.747868
v -25.235489 322.472717 34.667789
v -13.808315 323.558075 42.289574
v -26.190483 323.557709 35.987858
v -21.295383 300.653839 29.247587
v -11.234831 300.652710 34.367870
v -21.540482 296.822723 29.587948
v -11.367493 296.822723 34.767879
v -22.071096 295.159821 30.306381
v -11.644485 295.166718 35.617733
v -22.522484 294.640717 30.937799
v -11.883484 294.640717 36.357967
v -24.615267 291.824982 33.818111
v -12.983482 291.823700 39.737846
v -25.466484 287.211700 34.987846
v -13.431488 287.211700 41.117729
v -26.375488 282.901703 36.237846
v -13.909485 282.901703 42.587944
v -28.640488 280.988708 39.357964
v -15.100487 280.988708 46.257866
v -31.240486 278.989716 42.937798
v -16.467484 278.989716 50.457817
v -29.812485 307.693726 21.657776
v -31.488487 317.147705 22.867739
v -0.090549 317.149139 38.867950
v -0.090238 307.690613 36.800385
v 11.904823 317.147430 36.966331
v 11.256904 307.693451 35.000252
v 12.538513 321.204712 38.927799
v -0.090485 321.204712 40.927799
v 13.128510 322.472717 40.747868
v -0.090485 322.472717 42.837955
v 13.634411 323.557343 42.287415
v -0.090485 323.557709 44.467838
v 22.722500 317.151611 31.460350
v 21.503510 307.693726 29.787903
v 11.056519 300.651703 34.367737
v 21.112852 300.647400 29.247766
v 11.185516 296.822723 34.767879
v 21.358521 296.822723 29.587948
v 11.462509 295.166718 35.617733
v 21.885513 295.166718 30.307919
v 11.701508 294.640717 36.357967
v 22.340515 294.640717 30.937799
v 12.802521 291.823700 39.737846
v 24.433517 291.823700 33.817924
v 13.249512 287.211700 41.117729
v 25.284515 287.211700 34.987846
v 13.727509 282.901703 42.587944
v 26.193512 282.901703 36.237846
v 14.918518 280.988708 46.257866
v 28.458511 280.988708 39.357964
v 16.280994 278.989136 50.459740
v 31.058517 278.989716 42.937798
v 31.306519 317.147705 22.867739
v 29.631516 307.693726 21.657776
v 32.972519 321.204712 24.087955
v 23.930511 321.204712 33.127750
v 34.517517 322.472717 25.207830
v 25.053513 322.472717 34.667789
v 35.835323 323.557709 26.154797
v 26.008514 323.557709 35.987858
v 36.819771 317.149048 12.058059
v 34.847672 307.690582 11.421150
v 38.717892 317.148102 0.058001
v 36.647522 307.693726 0.057922
v 40.777386 321.204987 0.058224
v 38.777512 321.204712 12.687809
v 42.687515 322.472717 0.057927
v 40.593521 322.472717 13.277898
v 44.312572 323.557617 0.057919
v 42.139511 323.557709 13.777898
v 34.218521 300.651703 11.207822
v 35.984634 300.648499 0.057480
v 34.615509 296.822723 11.337948
v 36.401131 296.822510 0.058321
v 35.467514 295.166718 11.617732
v 37.297382 295.166473 0.058428
v 36.203159 294.640839 11.859762
v 38.071518 294.640717 0.057918
v 39.587921 291.823578 12.957326
v 41.631393 291.823181 0.058573
v 40.967514 287.211700 13.397759
v 43.079994 287.211456 0.057896
v 42.438507 282.901703 13.877738
v 44.626469 282.901611 0.058125
v 46.102509 280.988708 15.067924
v 48.477455 280.989685 0.051380
v 50.309677 278.989288 16.441586
v 52.904354 278.989380 0.057894
v 36.820103 317.149200 -11.932234
v 34.849518 307.693726 -11.292175
v 31.304476 317.148254 -22.756174
v 29.633350 307.690948 -21.528982
v 32.972519 321.204712 -23.962093
v 38.777512 321.204712 -12.572200
v 34.517517 322.472717 -25.082209
v 40.593521 322.472717 -13.162044
v 35.831203 323.558350 -26.043734
v 42.139511 323.557709 -13.662044
v 22.720663 317.149261 -31.332272
v 21.503510 307.693726 -29.662048
v 29.094513 300.651703 -21.142031
v 21.110657 300.651367 -29.123549
v 29.432510 296.822723 -21.392033
v 21.358521 296.822723 -29.462101
v 30.157516 295.166718 -21.912052
v 21.885513 295.166718 -30.182072
v 30.783508 294.640717 -22.372259
v 22.340515 294.640717 -30.812201
v 33.663513 291.823700 -24.462103
v 24.433517 291.823700 -33.692085
v 34.835510 287.211700 -25.312201
v 25.284515 287.211700 -34.862251
v 36.086517 282.901703 -26.222116
v 26.193512 282.901703 -36.112251
v 39.203522 280.988708 -28.492136
v 28.458511 280.988708 -39.232124
v 42.783508 278.989716 -31.092234
v 31.058517 278.989716 -42.812202
v 11.901520 317.147705 -36.852230
v 11.261520 307.693726 -34.882263
v 12.538513 321.204712 -38.802181
v 23.930511 321.204712 -33.002132
v 13.128510 322.472717 -40.622250
v 25.053513 322.472717 -34.552181
v 13.630508 323.557709 -42.172054
v 26.008514 323.557709 -35.862240
v -0.090418 317.149170 -38.752327
v -0.090341 307.690979 -36.681938
v -12.083488 317.147705 -36.852230
v -11.443481 307.693726 -34.882263
v -12.719482 321.204712 -38.802181
v -0.090485 321.204712 -40.802181
v -13.310486 322.472717 -40.622250
v -0.090485 322.472717 -42.722103
v -13.817250 323.558289 -42.170727
v -0.090485 323.557709 -44.342220
v -0.090485 300.651703 -36.012146
v -11.237582 300.646912 -34.251358
v -0.090485 296.822723 -36.432072
v -11.367493 296.822723 -34.642033
v -0.090485 295.166718 -37.332218
v -11.644485 295.166718 -35.502140
v -0.090485 294.640717 -38.102238
v -11.883484 294.640717 -36.232121
v -0.090485 291.823700 -41.662056
v -12.983482 291.823700 -39.622261
v -0.090485 287.211700 -43.112251
v -13.431488 287.211700 -41.002144
v -0.090485 282.901703 -44.652046
v -13.909485 282.901703 -42.472115
v -0.090485 280.988708 -48.512154
v -15.100487 280.988708 -46.132271
v -0.090485 278.989716 -52.932076
v -16.467484 278.989716 -50.342232
v -22.902897 317.149323 -31.332804
v -21.683296 307.690552 -29.664373
v -31.490574 317.147522 -22.748665
v -29.809786 307.693909 -21.535561
v -33.153488 321.204712 -23.962093
v -24.112488 321.204712 -33.002132
v -34.699486 322.472717 -25.082209
v -25.235489 322.472717 -34.552181
v -36.013489 323.557709 -26.042170
v -26.190483 323.557709 -35.862240
v -37.001259 317.149414 -11.932330
v -35.031487 307.693726 -11.292175
v -29.276482 300.651703 -21.142031
v -34.401367 300.652374 -11.078891
v -29.613487 296.822723 -21.392033
v -34.798130 296.822754 -11.212175
v -30.338486 295.166718 -21.912052
v -35.649483 295.166718 -11.492131
v -30.964485 294.640717 -22.372259
v -36.385483 294.640717 -11.732121
v -33.845482 291.823700 -24.462103
v -39.770432 291.824860 -12.831837
v -35.017487 287.211700 -25.312201
v -41.149284 287.211700 -13.282172
v -36.268486 282.901703 -26.222116
v -42.621136 282.898956 -13.762732
v -39.385483 280.988708 -28.492136
v -46.284286 280.988708 -14.952096
v -42.963326 278.988831 -31.094162
v -50.492088 278.989716 -16.312204
v -38.901012 317.149109 0.057917
v -36.829044 307.691040 0.053369
v -40.958984 321.204712 0.057926
v -38.958488 321.204712 -12.572200
v -42.869087 322.472717 0.057927
v -40.774544 322.473938 -13.161659
v -44.494186 323.557709 0.057928
v -42.320984 323.557709 -13.662044
v -37.004276 317.146606 12.049889
v -35.031487 307.693726 11.417786
v -41.813679 291.824005 0.057664
v -43.263428 287.209991 0.051992
v -35.017010 287.213654 25.433470
v -36.273190 282.900818 26.342585
v -39.767830 291.825195 12.958135
v -41.149963 287.211975 13.397211
v -36.385483 294.640717 11.857966
v -33.847473 291.824127 24.584200
v -29.614752 296.824890 21.505280
v -30.337973 295.166962 22.039246
v -29.276482 300.651703 21.267881
v -42.621868 282.901520 13.875815
v -46.281155 280.988525 15.071104
v -48.661583 280.988708 0.057914
v -44.807850 282.903809 0.057943
v -53.085983 278.989716 0.057912
v -50.492188 278.989716 16.437796
v -35.648342 295.167236 11.619735
v -36.384510 294.640747 11.862523
v -35.014103 287.210266 25.442938
v -42.619602 282.900818 13.877565
v -31.488487 317.147705 22.867739
v -33.153488 321.204712 24.077946
v -24.614487 291.823700 33.817924
v -22.522484 294.640717 30.937799
v -50.492088 278.989716 -16.312204
v -46.284286 280.988708 -14.952096
v -42.619888 282.901703 -13.762155
v -43.260830 287.211426 0.057767
v -38.254402 294.639557 0.057804
v -37.480854 295.168854 0.063171
v -41.813583 291.823700 0.057917
v -36.385483 294.640717 -11.732121
v -35.649483 295.166718 -11.492131
v -24.678482 321.838715 33.887760
v -25.717484 323.014709 35.317936
v -25.246864 322.471375 34.654396
v -26.202461 323.556396 35.974525
v -13.292391 322.473389 40.747875
v -13.008484 321.838715 39.837955
v -12.702742 321.205414 38.934486
v -0.097488 321.838715 41.887760
v -0.107141 321.202057 40.927811
v -0.097488 323.014709 43.647770
v -0.107874 322.471375 42.837952
v -0.108538 323.556396 44.461147
v 13.145323 322.473389 40.741127
v 12.839508 321.838715 39.837955
v 12.554049 321.205414 38.921013
v 24.486511 321.838715 33.897770
v 23.915228 321.202057 33.134392
v 25.524521 323.014709 35.327946
v 25.037462 322.471375 34.674488
v 25.991846 323.556396 35.994522
v 34.527046 322.473389 25.187397
v 33.748520 321.838715 24.637760
v 32.981304 321.205414 24.067715
v 32.142517 319.177704 23.467838
v 39.681519 321.838715 12.987859
v 38.768185 321.202057 12.701135
v 41.362518 323.014709 13.537908
v 40.584141 322.471375 13.297999
v 42.130207 323.556396 13.797890
v 42.685429 322.473389 0.044042
v 40.776131 321.205414 0.044339
v 39.685516 321.838715 -12.852229
v 38.778172 321.202057 -12.552182
v 41.367508 323.014709 -13.402034
v 40.594864 322.471375 -13.142114
v 42.140835 323.556396 -13.642169
v 34.505318 322.473389 -25.095760
v 33.740509 321.838715 -24.522152
v 32.961060 321.205414 -23.975561
v 24.496521 321.838715 -33.772152
v 23.941807 321.202057 -32.988815
v 25.535507 323.014709 -35.202084
v 25.064882 322.471375 -34.538799
v 26.021130 323.556366 -35.848938
v 13.372513 323.014709 -41.402035
v 13.110428 322.473389 -40.628944
v 12.826508 321.838715 -39.712093
v 12.521095 321.205414 -38.808868
v 12.213516 319.177704 -37.832211
v -0.084488 321.838715 -41.762142
v -0.074494 321.202057 -40.802197
v -0.084488 323.014709 -43.532162
v -0.073765 322.471375 -42.715416
v -0.072443 323.556396 -44.335529
v -13.326654 322.473389 -40.615498
v -13.021484 321.838715 -39.712093
v -12.735647 321.205414 -38.795418
v -12.407486 319.177704 -37.822201
v -24.667488 321.838715 -33.772152
v -24.097200 321.202057 -33.008778
v -25.706482 323.014709 -35.212093
v -25.218767 322.471375 -34.558880
v -26.173811 323.556396 -35.868908
v -35.359482 323.014709 -25.552179
v -34.708214 322.473389 -25.068752
v -33.929489 321.838715 -24.512142
v -33.162861 321.205414 -23.948660
v -39.863487 321.838715 -12.872249
v -38.949833 321.202057 -12.585508
v -40.766197 322.471375 -13.175432
v -42.311703 323.556396 -13.675398
v -43.680984 323.014709 0.067937
v -42.867325 322.473389 0.078150
v -41.913483 321.838715 0.067936
v -40.957489 321.205414 0.078119
v -39.929184 319.177704 0.067936
v -33.142033 321.205414 24.091404
v -34.687485 322.496704 25.197821
v -33.147484 321.207703 24.097965
v -32.317482 319.177704 23.477848
v -33.158840 321.205414 24.071220
v -31.477848 317.150360 22.881048
v -31.481808 317.141022 22.874411
v -33.257484 312.417725 17.147768
v -35.027481 307.689026 11.424462
v -35.031475 307.684448 11.404495
v -34.799507 296.825409 -11.198613
v -35.651432 295.167389 -11.479136
v -36.018486 294.903717 -11.602239
v -36.387463 294.641388 -11.718930
v -38.078484 293.232727 -12.272161
v -36.378197 294.641388 11.871070
v -36.380722 294.641449 11.864464
v -36.386150 294.641388 11.844621
v -22.507877 294.641388 30.944445
v -22.514395 294.641449 30.937727
v -23.562485 293.232727 32.377743
v -22.527802 294.641388 30.931149
v -24.598293 291.825714 33.824688
v -24.607815 291.820374 33.817928
v -36.246483 282.891724 26.327932
v -46.270988 280.958710 15.067924
v -42.617287 282.899719 13.897758
v -42.626369 282.899750 13.871055
v -42.625427 282.900391 13.857879
v -44.452286 281.945709 -14.342232
v -46.284904 280.990082 -14.932013
v -48.388382 279.989716 -15.622263
v -50.492626 278.991058 -16.292158
v -37.822487 281.944702 -27.362253
v -39.372692 280.987396 -28.505610
v -35.638489 285.055725 -25.772163
v -36.256580 282.900391 -26.235376
v -34.426483 289.516724 -24.892035
v -35.005402 287.209045 -25.325628
v -32.401482 293.231720 -23.422064
v -33.833405 291.820374 -24.475533
v -30.647484 294.903717 -22.152042
v -30.955116 294.638733 -22.385485
v -29.972488 295.994720 -21.652042
v -30.327795 295.166077 -21.925440
v -29.441483 298.736725 -21.272158
v -29.603470 296.822052 -21.398714
v -29.265703 300.649017 -21.155506
v -11.308487 298.738708 -34.442081
v -11.380962 296.825409 -34.635448
v -11.511490 295.994720 -35.072208
v -11.657875 295.167389 -35.488758
v -11.769485 294.903717 -35.862247
v -11.897378 294.641388 -36.225498
v -12.438484 293.232727 -37.922062
v -12.997567 291.825714 -39.608860
v -13.213486 289.518707 -40.302193
v -13.446909 287.215057 -40.988747
v -13.676483 285.057709 -41.732124
v -13.925554 282.905060 -42.458733
v -14.510483 281.945709 -44.292183
v -15.116549 280.990082 -46.118893
v -15.790482 279.989716 -48.232124
v -16.485533 278.991058 -50.328861
v -0.082489 279.988708 -50.722115
v -0.083481 281.944702 -46.582222
v -0.069723 280.987396 -48.512142
v -0.083481 285.055725 -43.882271
v -0.071802 282.900391 -44.652050
v -0.084488 289.516724 -42.382271
v -0.072400 287.209015 -43.112232
v -0.084488 293.231720 -39.882267
v -0.073062 291.820374 -41.662048
v -0.084488 294.903717 -37.712101
v -0.074430 294.638733 -38.102234
v -0.085480 295.994720 -36.882267
v -0.075102 295.166077 -37.325527
v -0.085480 298.736725 -36.222111
v -0.075785 296.822052 -36.432076
v -0.085480 304.170715 -36.342224
v -0.075689 300.649048 -36.012142
v 21.345039 296.825409 -29.468849
v 21.617508 295.994720 -29.822208
v 21.871788 295.167389 -30.188612
v 22.107513 294.903717 -30.502140
v 22.325901 294.641388 -30.818846
v 23.380508 293.232727 -32.252140
v 24.416662 291.825714 -33.698841
v 24.852509 289.518707 -34.282173
v 25.268402 287.215057 -34.868984
v 25.732513 285.057709 -35.492134
v 26.176779 282.905060 -36.125637
v 27.319519 281.945709 -37.682076
v 28.439789 280.990082 -39.238831
v 29.751511 279.989716 -41.022163
v 31.038483 278.991058 -42.818897
v 40.997513 279.988708 -29.782175
v 37.649521 281.944702 -27.352243
v 39.215588 280.987396 -28.471973
v 35.464508 285.055725 -25.762154
v 36.097195 282.900391 -26.208754
v 34.252518 289.516724 -24.882269
v 34.844883 287.209045 -25.298777
v 32.227509 293.231720 -23.412054
v 33.672226 291.820374 -24.448679
v 30.473511 294.903717 -22.142033
v 30.792875 294.638733 -22.358864
v 29.797516 295.994720 -21.642033
v 30.164852 295.166046 -21.898737
v 29.266510 298.736725 -21.262148
v 29.439816 296.822052 -21.378927
v 29.101938 300.649017 -21.128681
v 36.398834 296.825409 0.044433
v 37.294888 295.167389 0.044785
v 38.068871 294.641388 0.044657
v 41.626823 291.825714 0.044465
v 43.076500 287.215057 0.044485
v 44.623184 282.905060 0.044532
v 46.087509 280.957703 -14.942086
v 52.897842 278.991058 0.037848
v 44.267517 281.944702 14.477836
v 46.095806 280.987396 15.088028
v 41.700516 285.055725 13.647758
v 42.431835 282.900391 13.897791
v 40.275513 289.516724 13.187799
v 40.960121 287.209015 13.417891
v 39.582806 291.820374 12.971247
v 36.198166 294.638733 11.871188
v 35.039520 295.994720 11.477840
v 35.460884 295.166046 11.631026
v 34.414520 298.736725 11.277890
v 34.608929 296.822052 11.351145
v 34.211765 300.649017 11.221341
v 21.240509 298.738708 29.407774
v 21.369287 296.825409 29.574495
v 21.626511 295.994720 29.937801
v 21.896185 295.167389 30.294571
v 22.117508 294.903717 30.617733
v 22.351206 294.641388 30.924431
v 23.390518 293.232727 32.367733
v 24.443613 291.825714 33.804470
v 24.863510 289.518707 34.397758
v 25.296616 287.215057 34.974403
v 25.743515 285.057709 35.607964
v 26.206223 282.905029 36.224461
v 27.330521 281.945709 37.787895
v 28.470573 280.990082 39.337883
v 29.763519 279.989716 41.137749
v 31.071901 278.991058 42.917728
v 14.315521 281.944702 44.427788
v 14.898428 280.987396 46.264557
v 13.481522 285.055725 41.857964
v 13.708807 282.900391 42.594631
v 13.019516 289.516724 40.427788
v 13.232093 287.209015 41.124413
v 12.245514 293.231720 38.047909
v 12.785100 291.820374 39.744541
v 11.576508 294.903717 35.987850
v 11.686129 294.638733 36.357971
v 11.318512 295.994720 35.197811
v 11.447126 295.166077 35.624424
v 11.115509 298.736725 34.567928
v 11.170817 296.822052 34.767876
v 11.041756 300.649048 34.374439
v -11.352714 296.825409 34.767895
v -11.500488 295.994720 35.197811
v -11.629140 295.167389 35.617733
v -11.758484 294.903717 35.987850
v -11.868123 294.641388 36.357971
v -12.427483 293.232727 38.047909
v -12.966688 291.825714 39.737858
v -13.201485 289.518707 40.427788
v -13.413381 287.215057 41.117744
v -13.663483 285.057709 41.857964
v -13.890749 282.905060 42.594631
v -14.497482 281.945709 44.417778
v -15.080423 280.990082 46.257881
v -15.775482 279.989716 48.357964
v -16.445433 278.991058 50.464497
v -29.946487 279.988708 41.137749
v -27.513489 281.944702 37.787895
v -28.657234 280.987396 39.344536
v -50.479782 278.991058 16.457840
v -48.385483 279.988708 -15.642038
v -44.449585 281.944702 -14.362252
v -46.277443 280.987396 -14.972206
v -42.614685 282.905029 -13.768843
v -42.613628 282.900391 -13.775352
v -43.259880 287.215057 0.051205
v -43.258522 287.215057 0.078101
v -41.783287 291.813721 0.057917
v -43.257385 287.221710 0.077935
v -44.033989 285.057709 0.067924
v -41.121689 287.202698 13.387750
v -23.573486 293.231720 32.367733
v -22.535204 294.638733 30.924402
v -39.754486 291.800720 12.947809
v -41.814049 291.817688 0.051197
v -41.811775 291.820374 0.044494
v -43.232086 287.202698 0.057916
v -41.812988 291.818726 0.077937
v -36.014488 294.903717 -11.622258
v -36.386166 294.636719 -11.738772
v -36.380135 294.638733 -11.745509
v -35.649460 295.168732 -11.485442
v -35.645546 295.167389 -11.498687
v -35.642857 295.166046 -11.505423
v -36.561485 296.811707 0.057918
v -29.271814 300.661072 21.274567
v -29.280499 300.656403 21.261189
v -29.283909 300.649017 21.254366
v -30.652489 312.417725 22.257875
v -29.815142 307.684418 21.651119
v -29.819178 307.689026 21.644384
v -31.493143 317.150360 22.867737
v -31.494482 317.141052 22.854561
v 16.463516 103.972725 -50.882332
v -0.090485 103.972725 -53.512215
v -0.096665 110.827560 -53.004063
v 16.306519 110.825737 -50.402103
v -16.488487 110.825737 -50.402103
v -16.063484 115.367729 -49.092285
v 15.876511 115.356728 -49.062256
v 16.290512 110.834724 -50.402103
v 16.316538 110.828407 -50.395420
v 16.326580 110.821060 -50.395405
v -16.080854 115.370392 -49.085602
v -16.070820 115.373093 -49.085583
v -16.283485 113.097725 -49.752201
v -16.052143 115.370392 -49.092285
v -16.507879 110.828407 -50.395405
v -16.498495 110.821037 -50.402103
v -8.293488 107.397743 -51.952152
v -0.083481 93.222237 -54.792244
v -0.107483 103.962746 -53.512215
v -0.079122 103.958702 -53.512215
v 8.190521 103.967735 -52.202156
v 16.392517 107.397743 -50.642094
v 16.474205 103.958702 -50.882324
v 16.483580 103.966064 -50.875629
v -53.660683 103.972702 0.057856
v -51.038887 103.972702 16.617670
v -50.550491 110.827713 16.460426
v -53.154884 110.825714 0.057858
v -43.020309 110.826370 31.247757
v -53.152222 110.828384 0.051176
v -53.151745 110.821037 0.037775
v -51.743187 115.356712 0.057860
v -53.149582 110.834702 0.077877
v -49.216888 115.356712 16.017820
v -43.004314 110.828377 31.267885
v -41.881882 115.356697 30.417723
v -43.006882 110.834694 31.257809
v -43.400589 103.969704 31.517817
v -43.009285 110.818703 31.267818
v -47.027885 107.397713 23.937740
v -51.034691 103.966034 16.624352
v -51.042358 103.958679 16.604450
v -52.351082 103.967712 8.337885
v -53.406586 107.397720 0.047847
v -53.660683 103.958687 0.051163
v -53.658073 103.966042 0.037773
v 50.857513 103.972702 -16.492193
v 43.248466 103.971596 -31.422689
v 42.836155 110.825340 -31.130419
v 50.376511 110.825714 -16.332279
v 31.099518 110.825722 -42.872318
v 49.035507 115.356712 -15.892092
v 50.366516 110.834702 -16.352299
v 50.377186 110.828377 -16.325600
v 50.379856 110.821037 -16.312197
v 41.700516 115.356728 -30.292238
v 42.825516 110.834709 -31.142094
v 31.079458 110.828392 -42.879017
v 31.088821 110.831772 -42.872311
v 31.089514 110.821022 -42.872318
v 44.290512 93.222221 -32.172127
v 43.237518 103.962730 -31.442144
v 43.255199 103.958694 -31.415432
v 47.055511 103.967720 -23.952154
v 50.617508 107.397720 -16.402103
v 50.860859 103.958679 -16.478811
v 50.861526 103.966042 -16.472109
v -31.578484 103.972694 43.397697
v -16.643373 103.971397 51.006588
v -16.486734 110.827591 50.527817
v -31.281487 110.825706 42.987789
v -0.090485 110.825691 53.127682
v -0.090485 115.367699 51.747803
v -30.455482 115.356697 41.847900
v -31.265488 110.834694 42.997799
v -31.288832 110.828377 42.981106
v -31.297537 110.821030 42.974400
v -0.070429 115.370369 51.741119
v -0.081142 115.373070 51.741089
v -0.082489 113.097679 52.437740
v -0.101163 115.370361 51.747799
v -0.069079 110.828362 53.120995
v -0.097488 103.969688 53.587883
v -0.074478 110.818687 53.127682
v -17.048485 93.222191 52.227776
v -16.628487 103.962700 51.017815
v -16.655849 103.958664 51.007801
v -24.115486 103.967690 47.207756
v -31.435486 107.397713 43.187740
v -31.587841 103.958672 43.391006
v -31.595207 103.966034 43.384308
v -31.578484 103.972710 -43.282234
v -43.429787 103.972710 -31.422125
v -43.019024 110.828110 -31.130058
v -31.281487 110.825722 -42.872318
v -50.557785 110.825714 -16.332279
v -30.446487 115.356728 -41.732178
v -31.290482 110.834709 -42.852299
v -31.270805 110.828392 -42.872326
v -31.261423 110.821053 -42.879017
v -41.875084 115.356728 -30.302248
v -43.025688 110.834709 -31.112309
v -50.560329 110.828384 -16.312199
v -50.557713 110.831741 -16.325596
v -50.559788 110.821030 -16.325603
v -46.995789 107.397728 -23.882328
v -43.435593 103.966034 -31.415451
v -43.423161 103.958679 -31.435505
v -37.501488 103.967720 -37.352303
v -31.422485 107.397728 -43.072269
v -31.569124 103.958687 -43.288921
v -31.559090 103.966049 -43.288929
v 16.463516 103.972679 51.007805
v 31.394611 103.971436 43.395233
v 31.097034 110.827347 42.989784
v 16.306519 110.825691 50.527828
v 42.838516 110.825706 31.247799
v 41.725510 115.367699 30.447752
v 15.865509 115.356697 49.187744
v 16.320511 110.834679 50.517818
v 16.295830 110.828362 50.527832
v 16.285112 110.821022 50.534523
v 41.732876 115.370369 30.427670
v 38.515518 119.155701 28.117676
v 41.726517 115.375694 30.427732
v 42.285507 113.097694 30.837889
v 41.716175 115.370361 30.447758
v 42.847878 110.828377 31.227713
v 42.843853 110.821014 31.241121
v 32.145508 93.222206 44.437737
v 31.409515 103.962715 43.387688
v 31.387152 103.958672 43.404392
v 23.926514 103.967690 47.207756
v 16.376511 107.397697 50.767818
v 16.452814 103.958656 51.014492
v 16.441433 103.966019 51.014500
v -16.595482 274.508698 50.857960
v -15.062485 269.774719 46.137745
v -0.090485 274.508698 53.467823
v -0.090485 269.774719 48.507862
v -0.090485 278.989716 53.057915
v -16.467484 278.989716 50.457817
v -16.487507 278.986389 50.451153
v -0.082489 276.749725 53.257862
v -0.069084 274.512024 53.467819
v -0.082489 272.142700 50.987843
v -0.069805 269.777374 48.507870
v -0.080477 269.772736 48.501156
v -0.098541 269.770691 48.494427
v -7.578491 269.772705 47.317921
v -15.835487 272.140717 48.497852
v -15.064501 269.770721 46.117821
v -15.075857 269.772705 46.124367
v -16.539482 276.747711 50.657764
v -16.613598 274.505371 50.844540
v 31.303513 274.508698 -43.152050
v 28.387512 269.774719 -39.132275
v 16.413671 274.509644 -50.730991
v 14.881516 269.774719 -46.022167
v 16.392439 274.512054 -50.738815
v 16.279510 278.985718 -50.302193
v 16.397522 274.517700 -50.742138
v 15.639511 272.142700 -48.382275
v 14.861502 269.777374 -46.028851
v 14.868830 269.772736 -46.015453
v 14.883536 269.770721 -46.002079
v 21.634521 269.772705 -42.572216
v 29.850510 272.140717 -41.132275
v 28.383507 269.770721 -39.118877
v 28.395527 269.772705 -39.118904
v 31.293497 274.514740 -43.152046
v 31.310858 274.512024 -43.145367
v 31.316256 274.505371 -43.132099
v -50.887787 274.508698 16.567921
v -46.169785 269.774719 15.037890
v -43.293007 274.511841 31.459961
v -39.289009 269.772614 28.538059
v -31.485991 274.509033 43.268429
v -42.937782 278.985718 31.187796
v -31.465408 274.512024 43.281261
v -31.223488 278.985718 42.897758
v -31.469482 274.517700 43.277882
v -28.556488 269.803711 39.237843
v -31.467484 274.503723 43.277882
v -29.810486 267.056702 21.647753
v -39.267487 269.771698 28.547899
v -39.279125 269.770721 28.524494
v -42.725082 269.772705 21.777880
v -48.528786 272.140717 15.787890
v -46.156136 269.770721 15.024486
v -46.165184 269.772705 15.017810
v -50.882244 274.514740 16.574602
v -50.889259 274.512024 16.554546
v -50.887928 274.505371 16.547773
v -0.090485 274.508698 -53.352245
v -0.090485 269.774719 -48.392040
v -16.595482 274.508698 -50.732128
v -15.062485 269.774719 -46.022167
v -16.467484 278.989716 -50.342232
v -0.090485 278.989716 -52.932076
v -0.069129 278.986389 -52.932087
v -16.538483 276.749725 -50.532177
v -16.615547 274.512024 -50.725430
v -15.837486 272.142700 -48.372265
v -15.082495 269.777374 -46.015495
v -11.440491 267.056702 -34.872269
v -15.072487 269.771698 -46.002148
v -15.050435 269.770721 -46.008778
v -7.573486 269.772705 -47.202099
v -0.083481 272.140717 -50.862255
v -0.083114 269.770721 -48.372124
v 14.879517 269.817719 -46.012157
v -0.064484 269.771698 -48.372265
v -0.082489 276.747711 -53.142040
v -0.069681 274.505371 -53.345539
v -35.032112 307.696411 11.416121
v -29.812485 307.693726 21.657776
v -31.488487 317.147705 22.867739
v -34.399410 300.650482 11.211390
v -36.166489 300.651703 0.057920
v -36.583447 296.821594 0.057852
v -34.797485 296.822723 11.337948
v -37.479485 295.166718 0.057918
v -35.649483 295.166718 11.617732
v -36.827705 307.694122 0.057729
v -34.400482 300.651703 -11.082217
v -34.797485 296.822723 -11.212101
v -31.477848 317.150360 22.881048
v -33.134483 321.218719 24.067936
v -31.482483 317.155701 22.887758
v -30.646484 312.422699 22.267885
v -31.493143 317.150360 22.867737
v -29.802437 307.699707 21.671183
v -29.807148 307.689026 21.664454
v -34.790077 296.825409 11.351441
v -35.220482 295.994720 11.477840
v -35.642281 295.167389 11.630839
v -35.646900 295.166016 11.624432
v -35.651455 295.166046 11.611327
v -36.565483 295.165710 5.837947
v -37.479488 295.166046 0.051329
v -37.477501 295.166046 0.044632
v -34.596489 298.736725 -11.152041
v -34.794762 296.820679 -11.218922
v -34.790901 296.822052 -11.225295
v -34.397141 300.656403 -11.088912
v -34.393734 300.649017 -11.095736
v -36.829483 307.699707 0.051229
v -38.864487 317.155701 0.057926
v -36.831482 307.712708 0.077942
v -53.627182 22.062344 -73.622353
v -73.777184 22.062342 -53.472198
v -71.485184 24.517433 -51.812286
v -51.961884 24.517437 -71.332306
v -69.268585 26.413841 -50.202179
v -50.351486 26.413845 -69.112335
v -68.274689 27.174232 -49.482208
v -49.629288 27.174236 -68.122345
v -69.138847 27.434223 -50.102188
v -50.257385 27.433437 -68.992218
v -54.513382 19.625835 -74.842323
v -74.996986 19.625834 -54.362335
v -54.683289 17.165432 -75.082314
v -75.230782 17.165430 -54.532261
v -54.766983 14.447339 -75.192177
v -51.144783 25.465145 -70.232208
v -51.929646 24.515770 -71.352386
v -49.978683 26.793835 -68.622345
v -50.320175 26.412573 -69.132256
v -49.931488 27.303738 -68.562286
v -49.598175 27.173708 -68.142265
v -51.643082 29.185436 -70.902130
v -50.279587 27.436840 -68.972198
v -50.242496 27.434570 -68.998909
v -50.225422 27.433243 -69.005608
v -69.156807 27.434568 -50.075542
v -71.049187 29.185432 -51.502228
v -69.155388 27.436836 -50.082306
v -68.713188 27.303932 -49.782257
v -68.291397 27.174414 -49.448734
v -68.777382 26.794228 -49.822296
v -69.284042 26.414299 -50.168697
v -70.382484 25.466133 -50.992218
v -71.500206 24.518707 -51.778881
v -72.636887 23.290443 -52.632355
v -73.792633 22.063944 -53.438751
v -74.393288 20.844736 -53.902130
v -75.013580 19.627506 -54.328861
v -75.120483 18.396341 -54.432163
v -75.248238 17.167099 -54.498798
v -75.291786 14.444238 -54.592319
v -75.244087 17.162729 -54.502232
v -65.004082 15.805736 -64.862343
v -54.739288 11.761685 -75.172157
v -54.787483 14.444745 -75.172157
v -54.712189 15.805737 -75.142128
v -54.749683 14.443734 -75.205544
v -54.732334 14.445539 -75.212265
v -54.585388 18.395031 -74.972206
v -54.648781 17.163626 -75.095711
v -54.057587 20.843441 -74.242226
v -54.478996 19.624239 -74.862411
v -52.782288 23.289242 -72.482216
v -53.593536 22.060738 -73.642273
v 28.054520 22.062346 -86.562294
v -0.090485 22.062347 -91.022255
v -0.090485 24.517441 -88.182159
v 27.179520 24.517439 -83.872345
v -0.090485 26.413847 -85.452179
v 26.332520 26.413847 -81.262238
v -0.090485 27.174238 -84.222198
v 25.953522 27.174238 -80.092316
v -0.090070 27.431849 -85.284042
v 26.283508 27.433439 -81.112335
v 28.520508 19.625839 -87.992226
v -0.090485 19.625839 -92.532265
v 28.610519 17.165436 -88.272255
v -0.090325 17.164078 -92.813881
v 28.654510 14.447341 -88.402138
v 26.768509 25.465147 -82.562286
v 27.213642 24.515766 -83.852257
v 26.154510 26.793837 -80.672150
v 26.365294 26.412577 -81.248840
v 26.129517 27.303740 -80.592316
v 25.984953 27.173710 -80.078918
v 27.018509 29.185438 -83.362335
v 26.257507 27.436842 -81.122345
v 26.299536 27.434568 -81.105652
v 26.314962 27.433245 -81.092255
v -0.126605 27.434568 -85.282249
v -0.085480 29.185438 -87.652130
v -0.117493 27.436842 -85.292267
v -0.104492 27.303938 -84.752228
v -0.125936 27.174442 -84.215508
v -0.103485 26.794233 -84.832306
v -0.125930 26.414309 -85.445488
v -0.104492 25.466139 -86.812286
v -0.126602 24.518715 -88.175468
v -0.104492 23.290451 -89.602333
v -0.127943 22.063948 -91.015564
v -0.104492 20.844742 -91.772255
v -0.128617 19.627512 -92.525574
v -0.105484 18.396347 -92.672157
v -0.129277 17.167105 -92.812279
v -0.081482 14.444244 -92.902138
v -0.119492 17.162735 -92.812294
v 28.652512 11.761687 -88.372353
v 28.625519 14.444747 -88.412148
v 28.645508 15.805739 -88.332314
v 28.671209 14.443737 -88.395454
v 28.688620 14.445540 -88.388908
v 28.578522 18.395035 -88.132362
v 28.644632 17.163631 -88.252174
v 28.300522 20.843443 -87.272255
v 28.555283 19.624241 -87.978828
v 27.629517 23.289244 -85.212196
v 28.089296 22.060740 -86.548897
v 86.532516 22.062321 -28.082308
v 73.595520 22.062342 -53.472198
v 71.303513 24.517433 -51.812286
v 83.838516 24.517414 -27.212191
v 69.086517 26.413841 -50.202179
v 81.232513 26.413822 -26.362335
v 68.092514 27.174232 -49.482208
v 80.064514 27.174213 -25.982208
v 68.957237 27.434006 -50.102116
v 81.080521 27.433414 -26.312286
v 87.966522 19.625919 -28.552279
v 74.815521 19.625834 -54.362335
v 88.241516 17.165516 -28.642124
v 75.049515 17.165430 -54.532261
v 88.376511 14.447316 -28.682163
v 82.538513 25.465122 -26.772247
v 83.845879 24.515745 -27.172005
v 80.650513 26.793812 -26.162140
v 81.239868 26.412550 -26.328863
v 80.573517 27.303715 -26.132355
v 80.070534 27.173685 -25.948730
v 83.330521 29.185413 -27.042267
v 81.072510 27.436817 -26.342316
v 81.084518 27.434546 -26.298922
v 81.085197 27.433281 -26.278820
v 68.933411 27.434570 -50.128963
v 70.873520 29.185432 -51.492218
v 68.941513 27.436836 -50.132355
v 68.515518 27.303932 -49.802277
v 68.068466 27.174437 -49.502281
v 68.580521 26.794228 -49.852325
v 69.061119 26.414297 -50.222256
v 70.185516 25.466133 -51.012238
v 71.276108 24.518709 -51.832371
v 72.439514 23.290443 -52.652130
v 73.567429 22.063940 -53.498974
v 74.194519 20.844736 -53.932159
v 74.787437 19.627506 -54.388950
v 74.921509 18.396341 -54.452183
v 75.021416 17.167101 -54.559048
v 75.121521 14.444238 -54.572300
v 75.028519 17.162729 -54.552280
v 81.709518 15.805717 -41.612339
v 88.347519 11.761693 -28.662146
v 88.363510 14.444722 -28.712193
v 88.311508 15.805715 -28.652134
v 88.379852 14.443782 -28.662107
v 88.382530 14.445584 -28.642149
v 88.106522 18.395008 -28.582308
v 88.247543 17.163641 -28.602110
v 87.252518 20.843510 -28.302279
v 87.972542 19.624247 -28.512100
v 85.188507 23.289219 -27.632357
v 86.539871 22.060715 -28.048843
v -53.627182 22.062290 73.747765
v -28.236488 22.062288 86.687706
v -27.361488 24.517382 83.987762
v -51.961983 24.517384 71.457733
v -26.514488 26.413790 81.387665
v -50.351486 26.413792 69.237762
v -26.134483 27.174181 80.217743
v -49.629387 27.174183 68.247772
v -26.465485 27.433382 81.227753
v -50.257385 27.433384 69.107880
v -54.513382 19.625889 74.967735
v -28.702484 19.625885 88.117638
v -54.683289 17.165485 75.197716
v -28.791140 17.164387 88.396660
v -54.766983 14.447284 75.317833
v -51.166885 25.465092 70.337860
v -51.989540 24.515715 71.430954
v -50.000084 26.793781 68.727753
v -50.378246 26.412518 69.210976
v -49.952583 27.303684 68.667694
v -49.654972 27.173655 68.220955
v -38.355484 27.434284 75.177704
v -51.651688 29.185383 71.017792
v -50.235786 27.436787 69.127655
v -50.270878 27.434513 69.094513
v -50.282021 27.433252 69.081078
v -26.430021 27.434513 81.241127
v -27.200485 29.185381 83.477753
v -26.439484 27.436785 81.237762
v -26.286484 27.303881 80.727753
v -26.099705 27.174383 80.224434
v -26.311485 26.794176 80.797821
v -26.479040 26.414320 81.387672
v -26.924484 25.466082 82.687714
v -27.324696 24.518654 83.994453
v -27.785484 23.290392 85.337852
v -28.199034 22.063889 86.687721
v -28.455482 20.844683 87.407677
v -28.664356 19.627485 88.124329
v -28.732483 18.396286 88.257774
v -28.753361 17.167080 88.397682
v -28.826485 14.444184 88.467735
v -28.763489 17.162781 88.397667
v -54.754784 11.761661 75.287804
v -54.741188 14.444690 75.327843
v -54.735489 15.805682 75.247765
v -54.780743 14.443750 75.304466
v -54.794476 14.445552 75.291046
v -54.608688 18.394978 75.077843
v -54.710773 17.163612 75.170944
v -54.080788 20.843479 74.347862
v -54.540924 19.624218 74.940964
v -52.805084 23.289188 72.587852
v -53.654869 22.060682 73.720993
v -91.172180 22.062317 0.057829
v -86.714287 22.062313 28.207731
v -84.019989 24.517406 27.327848
v -88.339188 24.517410 0.057830
v -81.414185 26.413815 26.487762
v -85.599289 26.413818 0.057830
v -80.245789 27.174206 26.107880
v -84.370789 27.174210 0.057830
v -81.261986 27.433407 26.437714
v -85.439186 27.433411 0.057830
v -92.679985 19.625916 0.057828
v -88.148384 19.625912 28.677702
v -92.968987 17.165512 0.057828
v -88.423706 17.164755 28.758074
v -93.111389 14.447311 0.057826
v -86.967682 25.465118 0.047820
v -88.335243 24.515743 0.024375
v -84.983185 26.793808 0.047821
v -85.595413 26.412546 0.024411
v -84.902687 27.303711 0.047821
v -84.366028 27.173681 0.024311
v -85.437981 27.434542 0.044491
v -85.432961 27.433279 0.024315
v -83.350685 27.434309 13.257782
v -87.803986 29.185410 0.057832
v -85.439682 27.436813 0.087860
v -81.247078 27.434540 26.471167
v -83.512680 29.185406 27.157684
v -81.254089 27.436810 26.457733
v -80.748085 27.303905 26.277802
v -80.230431 27.174410 26.134451
v -80.823685 26.794201 26.307831
v -81.397354 26.414347 26.514513
v -82.710388 25.466106 26.917694
v -84.001740 24.518681 27.361149
v -85.360184 23.290417 27.777800
v -86.695473 22.063915 28.241257
v -87.424484 20.844707 28.447721
v -88.130020 19.627512 28.711132
v -88.279190 18.396313 28.727751
v -88.405449 17.167107 28.797962
v -88.504387 14.444209 28.777798
v -88.410187 17.162807 28.787807
v -93.037987 15.805710 0.047818
v -93.108391 14.443777 0.037768
v -93.105293 14.445582 0.024364
v -93.077484 11.761688 0.047816
v -93.106888 14.444717 0.087856
v -92.822281 18.395004 0.047818
v -92.963028 17.163637 0.024340
v -91.924187 20.843506 0.047819
v -92.674110 19.624243 0.024377
v -89.754181 23.289215 0.047820
v -91.167175 22.060709 0.024363
v 28.054520 22.062288 86.687706
v 53.445511 22.062290 73.747765
v 51.780518 24.517384 71.457733
v 27.179520 24.517382 83.987762
v 50.169510 26.413792 69.237762
v 26.332520 26.413790 81.387665
v 49.447510 27.174183 68.247772
v 25.953522 27.174181 80.217743
v 50.076141 27.432673 69.109123
v 26.283508 27.433382 81.227753
v 28.520508 19.625885 88.117638
v 54.331512 19.625889 74.967735
v 28.610519 17.165482 88.397667
v 54.501511 17.165485 75.197716
v 28.654510 14.447282 88.527794
v 26.742508 25.465090 82.687714
v 27.142725 24.515713 83.994461
v 26.129517 26.793779 80.797821
v 26.297060 26.412518 81.394356
v 26.105515 27.303682 80.727753
v 25.918739 27.173653 80.224434
v 27.008514 29.185381 83.487762
v 26.309509 27.436785 81.227753
v 26.266144 27.434513 81.234436
v 26.248060 27.433250 81.234444
v 50.102245 27.434515 69.087799
v 51.461517 29.185383 71.027802
v 50.097519 27.436787 69.097870
v 49.771515 27.303883 68.667694
v 49.472977 27.174389 68.220947
v 49.817520 26.794178 68.727753
v 50.194279 26.414320 69.210968
v 50.983521 25.466084 70.337860
v 51.804607 24.518661 71.430946
v 52.622513 23.290394 72.587852
v 53.470940 22.063890 73.720978
v 53.898514 20.844685 74.347862
v 54.358269 19.627487 74.940956
v 54.426514 18.396290 75.077843
v 54.528938 17.167084 75.170937
v 54.542511 14.444186 75.277794
v 54.522522 17.162785 75.177696
v 41.584518 15.805681 81.857872
v 28.634521 11.761659 88.497765
v 28.679520 14.444688 88.517784
v 28.617508 15.805680 88.467735
v 28.635147 14.443748 88.534477
v 28.615713 14.445550 88.534485
v 28.551514 18.394974 88.257774
v 28.571726 17.163609 88.397675
v 28.273514 20.843477 87.407677
v 28.482388 19.624214 88.124329
v 27.603516 23.289186 85.337852
v 28.017061 22.060680 86.694405
v -54.747589 9.400882 75.287804
v -54.392189 5.985660 74.797813
v -28.825485 9.400880 88.497765
v -28.638489 5.985658 87.917686
v -53.502182 4.022891 73.577843
v -28.787359 9.402449 88.504456
v -28.834488 11.763734 88.497765
v -28.796486 9.405580 88.497765
v -28.717484 7.694124 88.207726
v -28.600357 5.987920 87.924377
v -28.163483 4.059358 86.437706
v -28.609482 5.983705 87.927696
v -41.064087 5.003786 80.747765
v -51.998283 3.039218 71.497765
v -53.475388 4.021823 73.587852
v -53.956985 5.003787 74.177696
v -53.513210 4.021505 73.557785
v -53.527668 4.022179 73.551064
v -54.580086 7.692386 75.037804
v -54.418674 5.984356 74.771034
v -41.780182 9.402071 81.897667
v -54.754982 11.763736 75.287804
v -54.721786 9.405581 75.307823
v -54.761353 9.402450 75.274429
v -54.774746 9.398600 75.261024
v 28.643509 9.400880 88.497765
v 28.456512 5.985658 87.917686
v 54.565521 9.400882 75.287804
v 54.210510 5.985660 74.797813
v 27.989517 4.022889 86.477745
v 54.592945 9.402451 75.261024
v 54.557510 11.763736 75.297813
v 54.586517 9.405581 75.267784
v 54.398514 7.694126 75.037804
v 54.237934 5.987920 74.771034
v 53.286514 4.059360 73.537804
v 54.229507 5.983706 74.777794
v 41.105515 5.003786 80.637657
v 27.193512 3.039217 84.047813
v 28.013519 4.021821 86.467735
v 28.208511 5.003785 87.207726
v 27.970146 4.021502 86.477745
v 27.952061 4.022176 86.484436
v 28.536514 7.692384 88.207726
v 28.418388 5.984355 87.924385
v 41.611511 9.402071 81.887657
v 28.634521 11.763734 88.497765
v 28.669510 9.405580 88.487755
v 28.624813 9.402449 88.497765
v 28.605389 9.398599 88.504456
v -93.078384 9.400909 0.057825
v -92.473785 5.985687 0.057824
v -88.527283 9.400905 28.797815
v -87.952187 5.985682 28.607874
v -90.959969 4.021332 0.057742
v -88.509697 9.402473 28.831282
v -88.529686 11.763759 28.787806
v -88.514191 9.405604 28.817835
v -88.233284 7.694148 28.717737
v -87.934998 5.987944 28.641184
v -86.469482 4.059382 28.117638
v -87.937683 5.983729 28.637659
v -91.714081 5.003815 0.047814
v -90.953278 4.021534 0.044459
v -90.952003 4.022206 0.024355
v -88.395981 3.039246 0.057822
v -90.952591 4.021851 0.087853
v -92.773682 7.692413 0.047814
v -92.466766 5.984385 0.024358
v -93.075447 9.402478 0.037762
v -93.071983 9.398623 0.024366
v -90.801788 9.402098 14.437708
v -93.077881 11.763763 0.047816
v -93.073990 9.405609 0.087855
v 28.643509 9.400939 -88.372353
v 28.457520 5.985717 -87.802284
v -0.090164 9.401132 -92.923698
v -0.090485 5.985718 -92.322304
v 27.989756 4.020812 -86.362656
v -0.129277 9.402507 -92.922142
v -0.081482 11.763763 -92.922157
v -0.119492 9.405640 -92.922157
v -0.105484 7.694183 -92.622353
v -0.129285 5.987981 -92.315613
v -0.083481 4.059417 -90.762245
v -0.119492 5.983764 -92.312294
v 27.200516 3.039244 -83.922157
v 27.960510 4.021880 -86.362343
v 28.235519 5.003844 -87.072304
v 28.004879 4.021562 -86.348976
v 28.022297 4.022234 -86.342262
v 28.563507 7.692443 -88.082314
v 28.490957 5.984411 -87.782204
v 28.652512 11.763762 -88.372353
v 28.615509 9.405639 -88.382362
v 28.660870 9.402503 -88.365669
v 28.678286 9.398659 -88.358955
v -54.747589 9.400937 -75.172157
v -54.392189 5.985715 -74.682167
v -75.319382 9.400933 -54.592323
v -74.830406 5.985245 -54.242176
v -53.502182 4.022946 -73.452187
v -75.337051 9.402499 -54.558846
v -75.313286 11.763757 -54.602329
v -75.332687 9.405633 -54.572304
v -75.081482 7.694177 -54.402138
v -74.848122 5.987972 -54.208736
v -73.562485 4.059411 -53.332314
v -74.842087 5.983758 -54.212196
v -51.992485 3.039242 -71.382362
v -53.520683 4.021878 -73.432167
v -53.934288 5.003842 -74.072304
v -53.483753 4.021558 -73.458878
v -53.467808 4.022232 -73.465584
v -54.556885 7.692441 -74.932167
v -54.357483 5.984409 -74.695564
v -65.038689 9.402125 -64.872353
v -54.739586 11.763761 -75.172157
v -54.768188 9.405637 -75.142128
v -54.730297 9.402509 -75.178848
v -54.712814 9.398652 -75.185555
v 88.345520 9.400914 -28.672155
v 87.770508 5.985692 -28.482214
v 75.137512 9.400933 -54.592323
v 74.648514 5.985712 -54.242226
v 86.330521 4.022924 -28.022255
v 75.110092 9.402502 -54.619106
v 75.142517 11.763757 -54.592319
v 75.117508 9.405633 -54.612343
v 74.882507 7.694177 -54.432167
v 74.621765 5.987973 -54.269009
v 73.389511 4.059411 -53.312294
v 74.626511 5.983758 -54.262245
v 80.485519 5.003822 -41.132362
v 83.893509 3.039251 -27.222206
v 86.315521 4.021856 -28.042274
v 87.052521 5.003820 -28.242226
v 86.329849 4.021538 -28.002199
v 86.334541 4.022210 -27.982075
v 88.060516 7.692418 -28.562292
v 87.775864 5.984389 -28.448748
v 81.738510 9.402106 -41.642128
v 88.347519 11.763768 -28.662146
v 88.332520 9.405614 -28.702185
v 88.348846 9.402482 -28.652100
v 88.350868 9.398632 -28.632141
v -11.445480 267.012726 -34.882278
v -9.161214 264.666168 -27.849194
v -21.688484 267.012726 -29.662062
v -0.090485 264.667725 -29.282179
v -0.088165 260.381195 -26.203238
v -8.206446 260.388733 -24.914848
v -0.090485 256.270721 -25.652056
v -8.032505 256.269958 -24.392872
v -15.525482 260.384705 -21.182083
v -15.203668 256.274078 -20.743219
v -8.100479 254.431717 -24.592241
v -15.325485 254.431717 -20.912066
v -8.235489 246.560715 -25.002157
v -21.705875 267.014740 -29.655342
v -21.705200 267.016724 -29.668779
v -21.691145 267.011383 -29.655376
v -15.534876 260.388062 -21.175356
v -15.532172 260.390747 -21.182100
v -15.209571 256.273407 -20.728708
v -15.266487 255.351715 -20.822222
v -15.333545 254.433060 -20.898657
v -15.329487 254.426346 -20.905390
v -11.782486 250.493713 -22.952106
v -8.240823 246.548019 -25.002157
v -8.164490 250.493713 -24.802204
v -8.230792 246.534622 -25.008846
v -0.083481 246.557709 -26.252157
v -8.219482 246.541718 -25.012167
v -8.089796 254.426376 -24.592241
v -0.086487 258.326721 -25.922075
v -0.085138 256.268707 -25.645376
v -0.079769 256.269379 -25.645369
v -0.079790 260.382050 -26.195412
v -5.765488 265.840698 -32.092239
v -0.084467 264.669739 -29.288849
v -0.079188 264.665070 -29.282196
v -16.573486 267.014709 -32.282181
v -11.459523 267.016724 -34.895527
v -0.089493 267.053711 -36.672073
v -11.437485 267.015717 -34.902054
v 49.067238 115.367043 16.038477
v 51.597519 115.367714 0.057860
v 47.655773 119.183891 0.057008
v 45.319115 119.181671 14.817641
v 40.490509 127.117714 13.247805
v 45.313507 119.198715 14.797851
v 45.313168 119.188049 14.824561
v 45.313816 119.180038 14.837972
v 47.651505 119.188049 0.044474
v 47.649483 119.193428 0.051178
v 51.591499 115.370384 0.037759
v 51.596855 115.365036 0.051183
v 51.597519 115.361710 0.071218
v 49.064182 115.361710 16.044518
v 49.058834 115.365051 16.057905
v 49.067520 115.367714 -15.912111
v 41.724609 115.366402 -30.321329
v 38.536530 119.182098 -28.001184
v 27.975849 119.182182 -38.573315
v 33.252518 119.186729 -33.282227
v 34.433517 127.117729 -25.012205
v 38.520508 119.198730 -28.012207
v 38.540524 119.188065 -27.995516
v 14.648514 119.160728 -45.322266
v 27.946518 119.190727 -38.572266
v 27.963480 119.193459 -38.565563
v 27.968185 119.180038 -38.578960
v 41.718853 115.365036 -30.328949
v 41.732189 115.361717 -30.315580
v 49.066853 115.370384 -15.898728
v 49.070850 115.361710 -15.898759
v 49.072193 115.365044 -15.892192
v -51.779083 115.367714 0.057860
v -49.249283 115.367714 16.037840
v -45.505959 119.186119 14.819287
v -38.722458 119.183739 28.130465
v -45.491955 119.193436 14.824548
v -45.500721 119.188049 14.804487
v -38.704437 119.188034 28.141077
v -38.708447 119.193413 28.127672
v -38.715160 119.180008 28.134367
v -49.245293 115.365028 16.044519
v -49.252754 115.361710 16.024487
v -50.515587 115.365715 8.047850
v -51.774811 115.370384 0.051173
v -51.779217 115.361710 0.051183
v -51.776608 115.365044 0.037777
v -51.575768 402.128540 51.707104
v -37.208488 412.507721 45.927830
v -40.907982 411.925720 41.037937
v -47.555481 403.004608 56.267487
v -35.902489 413.551697 49.347996
v -34.841484 414.428711 51.307957
v -44.414246 405.681061 61.068806
v -34.058487 417.482727 56.677830
v -40.267723 411.755310 62.840984
v -34.138489 417.715698 57.017921
v -36.015488 417.645691 60.297951
v -42.520485 409.181702 63.747894
v -56.139416 403.037445 47.702652
v -45.807983 412.528717 37.367771
v -60.813366 405.639618 44.644711
v -49.522186 413.671722 35.977879
v -51.229088 414.440704 35.057957
v -61.218285 406.021698 44.467865
v -62.645634 411.961700 40.356491
v -63.634789 409.181702 42.777924
v -56.605888 417.507721 34.317966
v -60.176483 417.645721 36.277931
v -56.908783 417.715698 34.387794
v 49.159348 404.186707 49.432106
v 40.743515 411.918701 41.007908
v 47.408745 403.026154 56.246437
v 37.068512 412.521698 45.907810
v 45.625519 412.500702 37.307957
v 53.814514 404.979706 45.497894
v 49.269516 413.610718 35.927830
v 60.648823 405.570740 44.586163
v 51.030518 414.400726 34.967869
v 56.405518 417.455719 34.187840
v 62.608612 411.758118 40.389175
v 56.785507 417.715698 34.277931
v 60.059509 417.645721 36.147804
v 63.521515 409.181702 42.637787
v 60.988510 405.887726 44.437836
v 55.975510 402.994690 47.657806
v 44.347931 405.631012 60.918560
v 35.759521 413.596680 49.407810
v 34.739517 414.455688 51.307957
v 42.454052 409.183411 63.689465
v 39.987518 412.016724 62.677830
v 33.992508 417.521667 56.687840
v 35.950516 417.645691 60.237892
v 34.061508 417.715698 56.967873
v 44.266510 405.813721 61.117767
v 54.893509 403.985718 46.587982
v -51.720543 402.027222 -51.381779
v -45.900185 412.440704 -36.972073
v -41.017883 411.858704 -40.672024
v -56.284695 402.905853 -47.361809
v -49.289787 413.473724 -35.682034
v -51.276100 414.365173 -34.603760
v -56.653488 417.420715 -33.822170
v -62.967136 411.620087 -40.136105
v -57.083786 417.715698 -33.922020
v -60.357483 417.645721 -35.802147
v -63.830688 409.181702 -42.262115
v -61.041409 405.545532 -44.233372
v -47.714870 402.937469 -55.942970
v -37.343483 412.462708 -45.572170
v -44.655418 405.541565 -60.613659
v -35.949486 413.606750 -49.292141
v -35.037483 414.373718 -50.992092
v -44.479782 405.934753 -61.032135
v -40.560947 411.685852 -62.625221
v -42.733986 409.181702 -63.522125
v -34.290482 417.440735 -56.372219
v -36.276482 417.645752 -60.042137
v -34.388489 417.715698 -56.772118
v 51.483974 402.019012 -51.422806
v 37.077515 412.434723 -45.602200
v 40.777512 411.852722 -40.722073
v 47.465118 402.894928 -55.991734
v 35.704514 413.532715 -49.212063
v 44.386616 405.469696 -60.661922
v 34.729507 414.338745 -51.002102
v 33.945511 417.393738 -56.382229
v 40.365337 411.491364 -62.782730
v 34.056519 417.715698 -56.852196
v 35.933517 417.645752 -60.122215
v 42.385513 409.181702 -63.602203
v 44.252518 405.760742 -60.972076
v 56.053440 402.926392 -47.420670
v 45.677521 412.455719 -37.042141
v 60.724834 405.533081 -44.360332
v 60.930511 405.726715 -44.272125
v 49.176514 413.531708 -35.732082
v 51.076508 414.388702 -34.712063
v 62.658512 411.750977 -40.179157
v 63.572510 409.181702 -42.412018
v 56.452515 417.455719 -33.972073
v 60.098511 417.645721 -35.952049
v 56.830521 417.715698 -34.062157
v 5.990509 404.979675 70.358002
v 5.990509 412.594727 58.637791
v -0.078491 404.187683 69.847992
v 11.469513 414.584717 60.657810
v 0.197510 411.736694 58.297947
v 11.469591 407.304657 71.867783
v 15.824509 417.454712 64.187843
v 15.824509 412.153687 72.348000
v 16.035507 417.715698 64.537941
v 17.027512 417.645691 68.197853
v 0.059509 407.963684 64.067970
v -0.082488 404.193726 69.841309
v -0.078491 404.185028 69.854691
v -0.086506 404.187683 69.848000
v -0.082506 404.185730 69.854691
v 0.208860 411.736694 58.297947
v 0.212949 411.737366 58.297939
v 15.833871 412.155670 72.348007
v 15.829197 412.151031 72.354683
v 15.829185 412.161041 72.347992
v 11.474206 407.308044 71.874466
v 8.731522 406.141724 71.117775
v 11.471522 407.305359 71.874489
v 5.993842 404.979004 70.364548
v 2.954514 404.582703 70.108002
v 5.985844 404.976318 70.364563
v -6.141479 412.614685 58.667820
v -11.604504 406.105988 73.837395
v -6.141479 405.008667 70.377777
v -11.605484 414.622681 60.717869
v -14.905797 409.820496 74.225235
v -15.937525 412.341797 72.226723
v -14.645485 409.181702 74.707863
v -15.935486 417.505676 64.277931
v -17.081482 417.645691 68.217873
v -16.102486 417.715698 64.557961
v -0.357285 411.735962 58.307594
v -0.367845 411.736694 58.301277
v -6.133444 405.012024 70.371094
v -6.133702 405.017578 70.364571
v -6.137480 405.006683 70.377785
v -14.656857 409.175659 74.707863
v -14.648938 409.173706 74.707939
v -15.941490 412.344055 72.227882
v -70.263885 404.979706 6.297944
v -60.615685 414.550720 11.777927
v -58.588982 412.561707 6.297946
v -71.773888 407.304718 11.777925
v -64.146088 417.421722 16.127783
v -72.447388 412.030701 16.127781
v -64.542587 417.715698 16.367773
v -68.201286 417.645721 17.358007
v -69.749985 404.187714 0.227876
v -58.270485 411.736725 0.727878
v -69.742714 404.193726 0.221161
v -69.734703 404.198395 0.227869
v -69.753014 404.187042 0.221198
v -64.007385 407.963715 0.477876
v -69.733055 404.198730 0.227888
v -69.755272 404.184357 0.227876
v -58.268600 411.736755 0.741339
v -58.268883 411.737396 0.748074
v -72.444672 412.032715 16.141171
v -72.448807 412.027405 16.134443
v -72.441254 412.038086 16.134466
v -72.111488 409.667725 13.957858
v -71.777161 407.308044 11.777933
v -71.020088 406.140717 9.037933
v -71.776329 407.300659 11.771239
v -71.777153 407.305389 11.777926
v -70.008789 404.582703 3.257905
v -70.267899 404.975372 6.291427
v 70.054520 404.979706 -5.891997
v 60.442520 414.526703 -11.372219
v 58.416519 412.536713 -5.891995
v 71.564781 407.304871 -11.372170
v 63.973511 417.397705 -15.732081
v 72.373520 411.941711 -15.732083
v 64.402512 417.715698 -15.982081
v 68.060516 417.645721 -16.982080
v 69.540512 404.187714 0.177827
v 58.107513 411.736725 -0.492093
v 63.820511 407.963715 -0.162016
v 69.520264 404.200897 0.177820
v 69.533043 404.193817 0.177827
v 69.545860 404.184357 0.177825
v 69.543198 404.187714 0.184512
v 69.545181 404.185699 0.177832
v 58.105427 411.736725 -0.505973
v 58.105495 411.737396 -0.505517
v 72.370865 411.943726 -15.738772
v 72.374863 411.939056 -15.732086
v 72.367493 411.949707 -15.732093
v 71.567863 407.308075 -11.378919
v 70.810516 406.141724 -8.632233
v 71.567871 407.305359 -11.378904
v 70.058548 404.979004 -5.898681
v 69.798508 404.582703 -2.862212
v 70.058487 404.975739 -5.891997
v -58.647186 412.564697 -5.832181
v -73.853722 406.032166 -11.302713
v -70.283607 405.007324 -5.830227
v -60.702782 414.572723 -11.302151
v -73.376389 402.998718 -5.832183
v -58.306686 411.736725 -0.382230
v -69.749985 404.187714 0.227876
v -74.269539 409.807709 -14.675551
v -74.754684 409.181702 -14.412015
v -72.413208 412.160858 -15.636489
v -64.257584 417.456726 -15.632228
v -68.268188 417.645721 -16.812159
v -64.607384 417.715698 -15.832179
v -73.708321 401.643890 0.056657
v -58.299606 411.734711 -0.395462
v -58.301392 411.734711 -0.382126
v -58.305012 411.737396 -0.395491
v -64.025482 407.963715 -0.072173
v -69.734543 404.198456 0.227876
v -69.733055 404.198730 0.227888
v -69.742928 404.194397 0.234588
v -69.734779 404.198212 0.234640
v -69.753014 404.187042 0.234552
v -69.755272 404.184357 0.227876
v -73.675385 401.627716 0.227874
v -74.749939 409.175690 -14.425378
v -74.749832 409.175354 -14.420635
v -68.245987 417.629700 -16.812159
v -6.200551 404.979248 -69.961998
v -6.200485 412.503723 -58.372219
v -0.131485 404.187744 -69.442047
v -11.679489 414.492737 -60.402004
v -1.031361 411.736603 -58.072235
v -11.679713 407.304077 -71.472038
v -16.034485 417.363708 -63.932034
v -16.034485 411.818726 -72.472069
v -16.318489 417.715698 -64.402000
v -17.310486 417.645752 -68.062157
v -0.578491 407.963745 -63.762115
v -0.127491 404.193756 -69.435371
v -0.131485 404.184387 -69.448746
v -0.123461 404.187744 -69.448746
v -0.127471 404.185760 -69.448738
v -18.104485 411.702698 -55.382229
v -16.043852 411.820709 -72.465401
v -16.039162 411.816040 -72.472069
v -16.039165 411.826782 -72.465378
v -11.684155 407.308105 -71.472069
v -8.941483 406.141724 -70.712059
v -11.682158 407.305389 -71.472061
v -6.203824 404.979065 -69.962074
v -6.195812 404.975739 -69.962082
v 69.540512 404.187714 0.177827
v 58.009693 411.676147 0.177924
v 70.072510 405.008698 6.237886
v 58.086067 411.736694 0.752204
v 58.430088 412.570496 6.237272
v 70.075851 405.010742 6.244507
v 70.077194 405.008026 6.237886
v 58.439548 412.567719 6.244545
v 58.084507 411.737396 0.761296
v 58.004349 411.674713 0.177460
v 58.002163 411.674713 0.184507
v 69.525131 404.198395 0.177826
v 69.533173 404.194427 0.164387
v 69.525330 404.198792 0.171314
v 69.543182 404.187042 0.171143
v 69.545860 404.184357 0.177825
v 69.808517 404.597717 3.207856
v 69.545181 404.185699 0.177832
v -0.131485 404.187744 -69.442047
v -0.131485 411.644714 -57.962063
v 5.935654 405.006256 -69.972725
v -0.092152 411.654846 -57.966171
v 0.771662 411.736267 -58.091873
v 5.934449 412.518402 -58.412369
v 5.933517 408.763733 -64.202049
v 5.938881 405.010742 -69.978760
v 5.938507 402.919739 -73.162018
v 11.410507 407.333740 -71.492088
v 0.785287 411.736786 -58.085499
v -0.088486 408.875732 -50.372223
v -0.072479 411.643738 -57.962063
v -0.154214 411.642700 -57.955364
v -0.142186 411.641388 -57.948685
v -0.144586 411.644745 -57.962093
v -0.132492 407.918701 -63.702057
v -0.139528 404.194427 -69.435364
v -0.136199 404.198547 -69.428757
v -0.135503 404.187042 -69.448723
v -0.131485 404.184387 -69.448746
v 2.901520 404.597717 -69.712067
v -0.127471 404.185760 -69.448738
v -38.720482 119.182724 -28.002197
v -41.907486 115.367729 -30.322268
v -45.500740 119.180473 -14.691638
v -45.502125 119.188049 -14.672045
v -45.497372 119.193420 -14.685453
v -45.506470 119.180031 -14.685468
v -42.988182 110.814720 -31.112309
v -41.915985 115.363731 -30.302248
v -40.308983 117.273727 -29.172121
v -41.901211 115.361717 -30.328955
v -41.892773 115.365059 -30.335657
v -42.110588 119.186714 -21.342285
v -38.719131 119.193451 -27.988819
v -38.710468 119.188065 -28.008888
v -38.707756 119.180054 -28.022287
v -29.812485 307.693726 21.657776
v -29.276896 300.649750 21.268137
v -21.685486 307.693726 29.787903
v -21.295486 300.651703 29.247862
v -34.400482 300.651703 11.207822
v -34.797485 296.822723 11.337948
v -29.614294 296.822327 21.508406
v -35.649483 295.166718 11.617732
v -21.672091 307.699707 29.794605
v -21.679482 307.706421 29.787905
v -21.485489 304.174713 29.517881
v -21.282089 300.656403 29.254566
v -21.288815 300.649017 29.247864
v -21.300838 300.646362 29.241165
v -29.602716 296.825409 21.521322
v -29.608843 296.821991 21.514565
v -35.646900 295.166016 11.624432
v -35.224487 295.994720 11.467831
v -35.651455 295.166046 11.611327
v -35.652821 295.166046 11.597933
v -34.599487 298.736725 11.267880
v -34.800148 296.822052 11.324681
v -32.108482 304.174713 16.427794
v -34.401825 300.656403 11.201129
v -34.403183 300.649017 11.194312
v -25.747482 307.697723 25.717834
v -29.809153 307.706421 21.664459
v -29.817169 307.699707 21.651081
v -21.685486 307.693726 -29.662048
v -21.295486 300.651703 -29.122255
v -29.808893 307.695099 -21.530266
v -29.276482 300.651703 -21.142031
v -21.540051 296.821594 -29.462070
v -29.613487 296.822723 -21.392033
v -22.067482 295.166718 -30.182072
v -30.338486 295.166718 -21.912052
v -22.522484 294.640717 -30.812201
v -30.964485 294.640717 -22.372259
v -24.610006 291.825287 -33.691021
v -33.845482 291.823700 -24.462103
v -25.466484 287.211700 -34.862251
v -35.017487 287.211700 -25.312201
v -26.374828 282.901093 -36.111565
v -36.268486 282.901703 -26.222116
v -28.639488 280.988708 -39.232124
v -39.385483 280.988708 -28.492136
v -31.240486 278.989716 -42.812202
v -42.964783 278.989716 -31.092234
v -11.238480 300.651703 -34.252136
v -11.367493 296.822723 -34.642033
v -13.431488 287.211700 -41.002144
v -13.909485 282.901703 -42.472115
v -29.821190 307.699707 -21.518759
v -29.818497 307.706421 -21.525486
v -29.547485 304.174713 -21.332216
v -29.283852 300.656403 -21.128788
v -29.447487 298.738708 -21.262148
v -29.620224 296.825409 -21.378706
v -29.978485 295.994720 -21.642033
v -30.344982 295.167389 -21.899050
v -30.654488 294.903717 -22.142033
v -30.971077 294.641388 -22.359062
v -32.407486 293.232727 -23.412054
v -33.850887 291.825714 -24.448605
v -34.433487 289.518707 -24.882269
v -35.024872 287.215057 -25.298756
v -35.645485 285.057709 -25.762154
v -36.275841 282.905029 -26.208733
v -37.829483 281.945709 -27.352243
v -39.392185 280.990082 -28.472055
v -41.177582 279.989716 -29.782175
v -42.972004 278.991058 -31.072184
v -29.933487 279.988708 -41.032173
v -27.501488 281.944702 -37.682076
v -28.622744 280.987396 -39.245514
v -13.663483 285.055725 -41.732124
v -13.900804 282.899750 -42.478806
v -13.890803 282.900391 -42.472111
v -13.422103 287.215057 -41.002151
v -13.413397 287.209015 -41.002163
v -22.289482 294.903717 -30.502140
v -22.508442 294.638733 -30.818899
v -21.798485 295.994720 -29.832218
v -22.053421 295.166077 -30.195465
v -11.297485 298.736725 -34.452091
v -11.360137 296.820709 -34.648716
v -11.352776 296.822052 -34.648720
v -16.459488 304.174713 -31.952089
v -11.231123 300.656403 -34.252136
v -11.223692 300.649017 -34.252144
v -22.876488 317.155701 -31.312193
v -21.696487 307.712708 -29.652039
v -21.679464 307.699707 -29.668743
v 29.631516 307.693726 21.657776
v 29.094513 300.651703 21.267881
v 34.849518 307.693726 11.417786
v 34.218521 300.651703 11.207822
v 29.431330 296.817291 21.512476
v 34.615509 296.822723 11.337948
v 30.157516 295.166718 22.037899
v 35.467514 295.166718 11.617732
v 30.783508 294.640717 22.487848
v 36.203522 294.640717 11.857966
v 33.662556 291.824860 24.587234
v 39.589508 291.823700 12.957820
v 34.835510 287.211700 25.437799
v 40.967514 287.211700 13.397759
v 36.087673 282.900513 26.348835
v 42.438980 282.901947 13.877863
v 39.203522 280.988708 28.607962
v 46.102509 280.988708 15.067924
v 42.783508 278.989716 31.207815
v 50.310516 278.989716 16.437796
v 21.113510 300.651703 29.247862
v 21.358521 296.822723 29.587948
v 25.284515 287.211700 34.987846
v 26.193512 282.901703 36.237846
v 34.852863 307.699738 11.397656
v 34.853523 307.706421 11.411105
v 34.535507 304.174713 11.307921
v 34.221199 300.656403 11.194418
v 34.417511 298.738708 11.267880
v 34.617535 296.825409 11.324460
v 35.042511 295.994720 11.467831
v 35.469505 295.167389 11.597958
v 35.836517 294.903717 11.727839
v 36.205517 294.641388 11.837943
v 37.896515 293.232727 12.397761
v 39.590199 291.825714 12.937622
v 40.279510 289.518707 13.167779
v 40.969536 287.215057 13.384318
v 42.439865 282.905060 13.857811
v 44.270508 281.945709 14.467826
v 46.103195 280.990082 15.047840
v 48.206512 279.989716 15.747854
v 50.311184 278.991058 16.417751
v 40.988510 279.988708 29.917776
v 37.640518 281.944702 27.487844
v 39.190781 280.987396 28.627895
v 25.733521 285.055725 35.617729
v 26.187527 282.899750 36.244530
v 26.177467 282.900391 36.251225
v 25.275824 287.215057 34.987862
v 25.269091 287.209045 34.994576
v 32.219513 293.231720 23.547907
v 30.466522 294.903717 22.267879
v 30.773470 294.638733 22.501238
v 30.146820 295.166077 22.051289
v 21.231522 298.736725 29.417784
v 21.352501 296.820709 29.587954
v 21.345341 296.822052 29.594540
v 25.370514 304.174713 25.457823
v 21.106827 300.656372 29.247858
v 21.100014 300.649017 29.254623
v 32.242508 307.697723 16.527893
v 29.636856 307.706421 21.651098
v 29.626831 307.699707 21.664471
v -0.091119 307.695770 36.796047
v -0.090485 300.651703 36.137756
v 11.261520 307.693726 34.997864
v 11.056519 300.651703 34.367737
v -0.088552 296.822327 36.555157
v 11.185516 296.822723 34.767879
v -0.090485 295.166718 37.447811
v 11.462509 295.166718 35.617733
v -0.090485 294.640717 38.227840
v 11.701508 294.640717 36.357967
v -0.090511 291.826111 41.785080
v 12.802521 291.823700 39.737846
v -0.090485 287.211700 43.227837
v 13.249512 287.211700 41.117729
v -0.090636 282.899475 44.781292
v 13.727509 282.901703 42.587944
v -0.090485 280.988708 48.627739
v 14.918518 280.988708 46.257866
v -0.090485 278.989716 53.057915
v 16.285507 278.989716 50.457817
v -11.238480 300.651703 34.367737
v -11.367493 296.822723 34.767879
v -13.431488 287.211700 41.117729
v -13.909485 282.901703 42.587944
v 11.276246 307.699707 34.991158
v 11.269527 307.706421 34.997868
v 11.164520 304.174713 34.687805
v 11.070582 300.656403 34.361198
v 11.126511 298.738708 34.567928
v 11.198997 296.825409 34.761131
v 11.329514 295.994720 35.187801
v 11.476320 295.167389 35.611324
v 11.587509 294.903717 35.987850
v 11.715415 294.641388 36.351345
v 12.257507 293.232727 38.047909
v 12.816727 291.825714 39.731071
v 13.031509 289.518707 40.427788
v 13.264959 287.215057 41.111164
v 13.494522 285.057709 41.847954
v 13.743559 282.905029 42.581245
v 14.328522 281.945709 44.417778
v 14.935246 280.990082 46.244488
v 15.608521 279.989716 48.357964
v 16.303526 278.991058 50.451134
v -0.099487 279.988708 50.847954
v -0.098480 281.944702 46.707817
v -0.111911 280.987396 48.627728
v -13.676483 285.055725 41.847954
v -13.920171 282.899750 42.587952
v -13.927479 282.900391 42.581280
v -13.439537 287.215057 41.111198
v -13.448244 287.209045 41.111168
v -0.097488 293.231720 40.007870
v -0.096481 294.903717 37.837948
v -0.107206 294.638733 38.227837
v -0.096481 295.994720 36.997860
v -0.106534 295.166077 37.447815
v -11.308487 298.736725 34.567928
v -11.374839 296.820709 34.767872
v -11.381385 296.822052 34.761269
v -5.667480 304.174713 35.587952
v -11.245838 300.656372 34.367741
v -11.252663 300.649017 34.361141
v -0.082480 307.706421 36.797916
v -0.098505 307.699707 36.797913
v 34.847408 307.695007 -11.290266
v 34.218521 300.651703 -11.082217
v 29.628799 307.695526 -21.529385
v 29.094513 300.651703 -21.142031
v 34.616455 296.822205 -11.211834
v 29.432510 296.822723 -21.392033
v 35.467514 295.166718 -11.492131
v 30.157516 295.166718 -21.912052
v 36.203522 294.640717 -11.732121
v 30.783508 294.640717 -22.372259
v 39.588612 291.825287 -12.831837
v 33.663513 291.823700 -24.462103
v 40.967514 287.211700 -13.282172
v 34.835510 287.211700 -25.312201
v 42.438850 282.901093 -13.762307
v 36.086517 282.901703 -26.222116
v 46.102509 280.988708 -14.952096
v 39.202259 280.984314 -28.491907
v 50.310516 278.989716 -16.312204
v 42.783508 278.989716 -31.092234
v 35.984512 300.651703 0.057920
v 36.401520 296.822723 0.057918
v 43.080521 287.211700 0.057916
v 44.626511 282.901703 0.057914
v 29.621468 307.699707 -21.545572
v 29.627518 307.706421 -21.538851
v 29.358521 304.174713 -21.342226
v 29.084467 300.656403 -21.155441
v 29.259521 298.738708 -21.272158
v 29.421124 296.825409 -21.398760
v 29.790512 295.994720 -21.652042
v 30.146206 295.167389 -21.925379
v 30.465515 294.903717 -22.142033
v 30.771490 294.641388 -22.378952
v 32.218521 293.232727 -23.422064
v 33.649300 291.825714 -24.475662
v 34.244522 289.518707 -24.892035
v 34.822075 287.215057 -25.325655
v 35.455521 285.057709 -25.772163
v 36.072472 282.905029 -26.235512
v 37.639511 281.945709 -27.362253
v 39.187485 280.990082 -28.498840
v 42.766144 278.991058 -31.105614
v 48.208511 279.988708 -15.622263
v 44.272522 281.944702 -14.342232
v 46.108528 280.987396 -14.931978
v 43.853516 285.055725 0.067924
v 44.630516 282.899750 0.071295
v 44.626514 282.900391 0.077961
v 43.078503 287.215057 0.071357
v 43.078491 287.209045 0.078073
v 37.898514 293.231720 -12.272161
v 35.836517 294.903717 -11.602239
v 36.208191 294.638733 -11.718735
v 35.470867 295.166046 -11.478771
v 36.192520 298.736725 0.067929
v 36.401512 296.820679 0.064702
v 36.399521 296.822052 0.077955
v 35.983852 300.656403 0.064614
v 35.982487 300.649017 0.078187
v 34.848186 307.706421 -11.298858
v 34.852192 307.699707 -11.285482
v 11.262631 307.694672 -34.881966
v 11.057510 300.651703 -34.252136
v -0.092120 307.696289 -36.684494
v -0.090485 300.651703 -36.012146
v 11.189284 296.821655 -34.641171
v -0.090485 296.822723 -36.432072
v 11.462509 295.166718 -35.502140
v -0.090485 295.166718 -37.332218
v 11.701508 294.640717 -36.232121
v -0.090485 294.640717 -38.102238
v 12.802879 291.825165 -39.622227
v -0.090485 291.823700 -41.662056
v 13.249512 287.211700 -41.002144
v -0.090485 287.211700 -43.112251
v 13.732274 282.901367 -42.471268
v -0.090485 282.901703 -44.652046
v 14.918518 280.988708 -46.132271
v -0.090485 280.988708 -48.512154
v 16.285507 278.989716 -50.342232
v -0.090485 278.989716 -52.932076
v 21.113510 300.651703 -29.122255
v 21.358521 296.822723 -29.462101
v 25.284515 287.211700 -34.862251
v 26.193512 282.901703 -36.112251
v -0.106562 307.699707 -36.675369
v -0.098490 307.706421 -36.682072
v -0.096481 304.174713 -36.342224
v -0.105884 300.656372 -36.012150
v -0.096481 298.738708 -36.222111
v -0.105928 296.825409 -36.432053
v -0.096481 295.994720 -36.882267
v -0.105859 295.167389 -37.325531
v -0.096481 294.903717 -37.712101
v -0.106540 294.641388 -38.095551
v -0.096481 293.232727 -39.882267
v -0.107252 291.825714 -41.655357
v -0.097488 289.518707 -42.382271
v -0.108596 287.215057 -43.105560
v -0.097488 285.057709 -43.882271
v -0.108548 282.905060 -44.652035
v -0.097488 281.945709 -46.582222
v -0.109891 280.990082 -48.505470
v -0.098480 279.989716 -50.722115
v -0.111865 278.991058 -52.925396
v 15.609512 279.988708 -48.232124
v 14.937931 280.987396 -46.125557
v 25.744522 285.055725 -35.482124
v 26.203531 282.899750 -36.112251
v 26.208881 282.900391 -36.105556
v 25.290558 287.215057 -34.855537
v 25.298613 287.209045 -34.848804
v 12.258514 293.231720 -37.922062
v 11.587509 294.903717 -35.862247
v 11.717566 294.638733 -36.225422
v 11.477195 295.166046 -35.495476
v 21.240509 298.736725 -29.292177
v 21.365295 296.820679 -29.455328
v 21.369860 296.822052 -29.448736
v 21.119532 300.656403 -29.115559
v 21.124254 300.649048 -29.115528
v 11.254841 307.706421 -34.882271
v 11.268881 307.699707 -34.875568
v 52.904510 278.989716 0.057912
v 50.310516 278.989716 -16.312204
v 46.102509 280.988708 -14.952096
v 48.479507 280.988708 0.057914
v 42.438507 282.901703 -13.762155
v 44.626511 282.901703 0.057914
v 46.553513 281.944702 0.067924
v 48.479496 280.987396 0.078020
v 43.531509 282.904724 -6.852242
v 44.623173 282.907715 0.051231
v 44.624512 282.905029 0.071294
v 44.626514 282.900391 0.077961
v 42.429161 282.905060 -13.775545
v 42.432499 282.907745 -13.768835
v 44.266510 281.945709 -14.362252
v 46.091156 280.990082 -14.965487
v 48.202515 279.989716 -15.642038
v 50.297840 278.991058 -16.332258
v 50.691513 279.988708 0.067923
v -16.472197 278.989777 50.457035
v -0.090485 278.989716 53.057915
v -0.090485 280.988708 48.627739
v -15.100487 280.988708 46.257866
v -0.090485 282.901703 44.777885
v -13.909485 282.901703 42.587944
v -14.511482 281.944702 44.417778
v -15.119904 280.987396 46.251152
v -6.996490 282.904724 43.687798
v -13.900135 282.907745 42.587936
v -13.917505 282.905060 42.581264
v -13.927479 282.900391 42.581280
v -0.072432 282.905060 44.777878
v -0.081809 282.907745 44.777882
v -0.083481 281.945709 46.707817
v -0.071762 280.990082 48.627728
v -0.083481 279.989716 50.837944
v -0.069767 278.991058 53.051235
v 31.062023 278.990021 -42.810520
v 16.285507 278.989716 -50.342232
v 14.918518 280.988708 -46.132271
v 28.458511 280.988708 -39.232124
v 13.727509 282.901703 -42.472115
v 26.193512 282.901703 -36.112251
v 27.331512 281.944702 -37.672066
v 28.475262 280.987396 -39.218704
v 19.957520 282.904724 -39.292183
v 25.270508 287.201721 -34.842232
v 26.179520 282.910706 -36.122261
v 26.199526 282.905029 -36.105568
v 26.208881 282.900391 -36.105556
v 13.709455 282.905060 -42.472122
v 13.718157 282.907745 -42.465416
v 14.315521 281.945709 -44.302193
v 14.898455 280.990082 -46.132286
v 15.594513 279.989716 -48.232124
v 16.263464 278.991058 -50.342239
v -16.467484 278.989716 -50.342232
v -31.240486 278.989716 -42.812202
v -28.639488 280.988708 -39.232124
v -15.100487 280.988708 -46.132271
v -26.375488 282.901703 -36.112251
v -13.909485 282.901703 -42.472115
v -14.497482 281.944702 -44.302193
v -15.080396 280.987396 -46.138798
v -20.144485 282.904724 -39.292183
v -13.916828 282.907745 -42.465424
v -13.900135 282.905029 -42.472118
v -13.890803 282.900391 -42.472111
v -26.387529 282.905029 -36.098862
v -26.380157 282.907745 -36.105564
v -27.511482 281.945709 -37.672066
v -28.652197 280.990051 -39.218739
v -29.944489 279.989716 -41.012154
v -31.253868 278.991058 -42.792130
v -15.775482 279.988708 -48.242134
v 31.055372 278.988831 42.940315
v 42.784122 278.990814 31.207731
v 39.203522 280.988708 28.607962
v 28.458511 280.988708 39.357964
v 36.086517 282.901703 26.347952
v 26.193512 282.901703 36.237846
v 27.319519 281.944702 37.797905
v 28.441095 280.987396 39.371193
v 31.141510 282.904724 31.287893
v 26.198847 282.907745 36.231159
v 26.184824 282.905029 36.244530
v 26.177467 282.900391 36.251225
v 36.093891 282.905060 26.327860
v 34.808517 287.201721 25.417780
v 36.090515 282.910706 26.327932
v 37.647522 281.945709 27.467825
v 39.210220 280.990082 28.587877
v 42.790203 278.991058 31.187759
v -50.493759 278.989563 16.434467
v -42.964783 278.989716 31.207815
v -39.385483 280.988708 28.607962
v -46.284595 280.989075 15.067952
v -36.268486 282.901703 26.347952
v -28.640488 280.988708 39.357964
v -26.375488 282.901703 36.237846
v -31.240486 278.989716 42.937798
v -46.283531 280.990051 15.061244
v -46.290470 280.987396 15.047807
v -31.318489 282.904724 31.297903
v -36.260468 282.907745 26.354630
v -36.271835 282.905060 26.334576
v -26.358099 282.905060 36.244553
v -26.366135 282.907745 36.237843
v -27.500488 281.945709 37.797905
v -28.621098 280.990082 39.364510
v -29.932487 279.989716 41.147758
v -31.219778 278.991058 42.944492
v -18.102486 411.736694 55.497898
v -19.662483 415.207703 60.297947
v -6.141479 412.614685 58.667820
v -0.356491 411.736694 58.307957
v -11.605537 414.623566 60.717651
v -11.614179 414.626740 60.724552
v -18.890488 413.472717 57.887791
v -19.682554 415.208374 60.291252
v -19.673162 415.211090 60.297966
v -18.088434 411.732697 55.484459
v -18.111847 411.734711 55.484531
v -0.093491 411.665710 58.287937
v -18.066483 411.733704 55.487888
v -18.078403 411.736694 55.497906
v -18.124567 411.738068 55.484516
v -0.090485 419.301727 -25.712061
v -8.055481 419.301727 -24.452051
v -5.253459 419.891632 -15.825093
v -0.087806 419.891815 -16.641588
v -3.366486 420.056702 -10.022120
v -0.090485 420.056702 -10.542139
v -2.843491 420.533722 -8.412012
v -0.090485 420.533722 -8.842188
v -6.321487 420.056702 -8.512110
v -5.326492 420.533722 -7.141993
v -9.909485 419.891724 -13.452051
v -8.666489 420.056702 -6.172021
v -7.297485 420.533722 -5.172021
v -13.605016 419.891632 -9.766006
v -10.172485 420.056702 -3.212061
v -8.562485 420.533722 -2.692042
v -15.980343 419.891632 -5.103105
v -10.691483 420.056702 0.057958
v -8.998489 420.533722 0.057959
v -16.794487 419.891724 0.057958
v -10.172485 420.056702 3.337988
v -8.562485 420.533722 2.817968
v -15.979834 419.891663 5.228621
v -8.666489 420.056702 6.287940
v -7.297485 420.533722 5.297950
v -13.603957 419.891693 9.881320
v -6.321487 420.056702 8.637793
v -5.326492 420.533722 7.267920
v -9.911036 419.891785 13.576438
v -3.366486 420.056702 10.147802
v -2.843491 420.533722 8.527929
v -5.252610 419.891724 15.948231
v -0.090485 420.056702 10.657812
v -0.090485 420.533722 8.967871
v -0.090485 419.891724 16.767920
v 3.184864 420.055298 10.147779
v 2.662546 420.533936 8.527831
v 5.065242 419.891815 -15.823045
v 3.184509 420.056702 -10.022120
v 2.661514 420.533722 -8.412012
v 9.727509 419.891724 -13.452051
v 6.143261 420.056793 -8.509435
v 5.145508 420.533722 -7.141993
v 13.423508 419.891724 -9.762110
v 8.485519 420.056702 -6.172021
v 7.115404 420.532959 -5.171840
v -15.241413 419.298096 20.917488
v -8.055481 419.301727 24.577978
v -20.943489 419.301727 -15.092188
v -24.604485 419.301727 -7.902003
v -24.604485 419.301727 8.027929
v 15.059509 419.301727 -20.792139
v 20.761520 419.301727 -15.092188
v 2.492508 419.891724 -16.242090
v 15.058852 419.300415 -20.798830
v 15.072885 419.299042 -20.798822
v 17.916519 419.300720 -17.942041
v 17.096512 419.596710 -12.422022
v 20.776894 419.299042 -15.092184
v 20.773546 419.300385 -15.085473
v 13.421518 419.891724 -9.755418
v 13.432207 419.891052 -9.755392
v 8.493554 420.056702 -6.172021
v 8.491554 420.056702 -6.165297
v 7.118186 420.533051 -5.172021
v 3.187874 420.056702 10.141106
v 3.187847 420.056702 10.147804
v -0.087144 419.891083 16.774611
v -0.095831 419.891052 16.774609
v -8.045444 419.301758 24.571302
v -8.052815 419.300415 24.584669
v -8.066840 419.299042 24.584671
v -15.254855 419.299042 20.924505
v -15.254868 419.300385 20.911106
v -24.608503 419.300415 8.034614
v -20.293488 419.596710 6.617773
v -24.619198 419.299042 8.021235
v -24.613173 419.300385 8.014512
v -16.805840 419.891052 0.057946
v -24.600485 419.301758 -7.895313
v -24.611837 419.300415 -7.902005
v -24.614510 419.299042 -7.915393
v -22.777489 419.300720 -11.502100
v -20.949495 419.299042 -15.105572
v -20.940121 419.300385 -15.105577
v -9.911488 419.891052 -13.465437
v -8.061502 419.301758 -24.445364
v -8.062826 419.300415 -24.458750
v -8.052804 419.299042 -24.465431
v -4.071487 419.300720 -25.092188
v -0.083123 419.299042 -25.725441
v -0.077764 419.300385 -25.718737
v -25.866501 419.301788 0.057959
v -24.604485 419.301727 8.027929
v -15.977408 419.890259 5.228064
v -16.794487 419.891724 0.057958
v -16.789816 419.891724 0.057952
v -16.799152 419.891052 0.051259
v -16.383484 419.891724 2.637792
v -16.786448 419.891724 0.064641
v -15.970808 419.891724 5.227891
v -15.968774 419.891724 5.221186
v -24.594460 419.301758 8.034636
v -24.608503 419.300415 8.034614
v -24.619198 419.299042 8.021235
v -25.240486 419.300720 4.037939
v -25.879181 419.299042 0.051262
v -25.871149 419.300385 0.044555
v 17.159441 264.665710 -23.682411
v 8.977509 264.667725 -27.852247
v 11.263890 267.016327 -34.882095
v 15.343521 260.384705 -21.182083
v 8.023514 260.384705 -24.912064
v -0.092484 267.053711 -36.672073
v 11.241516 267.015717 -34.902054
v 14.879517 269.817719 -46.012157
v 11.256516 267.018707 -34.912064
v 10.115509 265.840698 -31.372267
v 21.502518 267.053711 -29.662062
v 11.277512 267.015717 -34.892044
v 8.965466 264.669739 -27.858927
v 8.496521 262.527710 -26.382278
v 8.012781 260.388062 -24.918756
v 8.018178 260.382019 -24.912056
v 8.028199 260.379364 -24.912062
v 11.685516 260.382721 -23.042191
v 15.346862 260.379364 -21.175381
v 15.350819 260.382050 -21.175444
v 17.165848 264.669739 -23.682070
v 17.165188 264.665070 -23.668705
v -15.147281 413.318634 46.384819
v -0.090530 413.317383 48.777763
v -0.090485 415.263702 44.697849
v -15.580482 411.329712 47.737888
v -29.554489 411.329712 40.617771
v -28.722488 413.317719 39.467869
v -0.073729 415.265747 44.691166
v -0.083139 415.267059 44.684444
v -0.083481 414.291718 46.737888
v -0.099859 415.265747 44.691174
v -0.071747 413.319031 48.771240
v -0.095490 411.310669 50.157810
v -0.075485 413.316711 48.767918
v -15.570481 411.328308 47.737892
v -15.589873 411.326355 47.731182
v -22.571487 411.328705 44.167820
v -29.144485 412.323700 40.037937
v -29.561886 411.326355 40.611195
v -29.569206 411.328400 40.597843
v -28.711111 413.320404 39.467838
v -28.728472 413.319061 39.461205
v -28.737783 413.317047 39.454552
v 39.317520 413.317719 -28.572170
v 28.541519 413.317719 -39.352200
v 26.147419 415.265594 -36.051785
v 40.462509 411.329712 -29.402006
v 29.372513 411.329712 -40.492092
v 13.703522 415.263702 -42.391994
v 14.961517 413.317719 -46.262112
v 26.134142 415.267059 -36.045437
v 26.150877 415.265747 -36.038776
v 13.684735 415.265747 -42.392021
v 13.692829 415.267059 -42.385452
v 14.325516 414.291718 -44.332180
v 14.941478 413.319061 -46.262119
v 15.394516 411.310730 -47.582180
v 14.947510 413.316711 -46.272121
v 22.163513 412.323700 -43.382229
v 29.529510 408.913727 -40.702057
v 29.358521 411.327698 -40.502102
v 29.380589 411.326355 -40.485355
v 34.920517 411.328705 -34.942043
v 39.893509 412.323700 -28.982082
v 40.467209 411.326355 -29.395283
v 40.471848 411.328369 -29.382141
v 39.320190 413.319031 -28.558798
v 39.327255 413.317047 -28.552677
v -15.148472 413.319672 -46.258656
v -28.723005 413.318329 -39.353088
v -26.328484 415.263702 -36.052151
v -15.580482 411.329712 -47.612209
v -0.090485 411.329712 -50.062160
v -0.090485 413.317749 -48.652004
v -26.337894 415.265747 -36.038742
v -26.327799 415.267059 -36.038761
v -27.530487 414.291718 -37.692043
v -26.317122 415.265747 -36.052170
v -28.735205 413.319031 -39.332115
v -29.534485 411.310699 -40.472073
v -28.734482 413.316711 -39.342190
v -15.655487 408.913757 -47.862213
v -15.594482 411.327698 -47.602200
v -15.570470 411.326355 -47.612221
v -7.831482 411.328735 -48.842190
v -0.083481 412.323730 -49.352200
v -0.080470 411.326355 -50.062149
v -0.069746 411.328369 -50.062157
v -0.099838 413.320435 -48.645283
v -0.080455 413.319061 -48.645325
v -0.070421 413.317047 -48.651993
v -28.722488 413.317719 39.467869
v -15.143486 413.317719 46.387791
v -13.885483 415.263702 42.517918
v -26.329483 415.263702 36.177830
v -20.102486 415.265717 39.337986
v -26.316111 415.267059 36.171116
v -26.332850 415.265747 36.164455
v -26.344809 415.263062 36.164494
v -13.866744 415.265747 42.511250
v -13.874115 415.267059 42.504501
v -14.507484 414.291718 44.447849
v -15.123470 413.319061 46.387794
v -15.134170 413.316986 46.387829
v -15.153512 413.315704 46.387783
v -21.937485 413.316711 42.927830
v -27.532486 414.290710 37.817966
v -28.731401 413.315643 39.460999
v -28.737783 413.317047 39.454552
v -0.090485 413.317749 -48.652004
v -15.143486 413.317719 -46.262112
v -13.885483 415.263702 -42.391994
v -0.090485 415.263702 -44.582180
v -6.990479 415.265717 -43.482082
v -0.098493 415.267059 -44.568771
v -0.081785 415.265747 -44.575508
v -0.071776 415.263062 -44.582176
v -13.898892 415.265747 -42.378777
v -13.888815 415.267059 -42.378761
v -14.520485 414.291718 -44.322170
v -15.160181 413.319061 -46.255432
v -15.152838 413.316986 -46.262146
v -15.133461 413.315704 -46.268795
v -7.613480 413.316711 -47.462063
v -0.083481 414.290710 -46.612209
v -0.080470 413.315704 -48.651997
v -0.070421 413.317047 -48.651993
v -44.808105 282.900848 0.058101
v -42.619888 282.901703 13.877738
v -41.149384 287.211700 13.397759
v -43.262283 287.211700 0.057916
v -43.259880 287.215057 0.051205
v -43.260403 287.209045 0.044485
v -42.204582 287.214722 6.737847
v -41.783287 291.813721 0.057917
v -43.257385 287.221710 0.077935
v -41.140373 287.215057 13.417938
v -41.143559 287.218414 13.404437
v -41.881187 285.057709 13.647758
v -42.610580 282.905060 13.897838
v -46.270988 280.958710 15.067924
v -42.617287 282.899719 13.897758
v -42.626369 282.899750 13.871055
v -43.716682 282.900726 6.967826
v -44.812103 282.899750 0.051232
v -44.808022 282.900391 0.037880
v -0.090485 327.088715 -41.982109
v -13.084488 327.088715 -39.932060
v -12.740871 331.814911 -38.871521
v -0.090485 331.812714 -40.872246
v -0.090485 325.402710 -43.832207
v -13.654488 325.402710 -41.682060
v -0.090485 323.557709 -44.342220
v -13.812485 323.557709 -42.172054
v -0.099163 331.827454 -40.872253
v -0.082455 331.820068 -40.872238
v -0.073720 331.809357 -40.872242
v -12.756575 331.820068 -38.865524
v -12.749166 331.827454 -38.872250
v -12.918488 329.451721 -39.392021
v -13.099866 327.092072 -39.918701
v -13.375488 326.246704 -40.802177
v -13.670502 325.404053 -41.675369
v -13.739487 324.480713 -41.922050
v -13.828538 323.558380 -42.158676
v -0.083481 324.479706 -44.082207
v -0.084488 326.245728 -42.912041
v -0.072417 325.402039 -43.832199
v -0.084488 329.449707 -41.432060
v -0.073101 327.088043 -41.982109
v 24.624512 327.088715 34.077950
v 33.926514 327.088715 24.777899
v 33.024796 331.812805 24.126072
v 25.709518 325.402710 35.567940
v 35.420517 325.402710 25.857977
v 26.004883 323.557312 35.989029
v 35.832520 323.557709 26.157782
v 33.036247 331.820068 24.107773
v 33.033527 331.827454 24.121075
v 33.479507 329.451721 24.447821
v 33.022152 331.820068 24.134453
v 33.933872 327.092041 24.757862
v 34.675522 326.246704 25.307928
v 35.427841 325.404053 25.844635
v 35.629517 324.480713 26.007879
v 35.840454 323.558380 26.144537
v 25.160507 326.245728 34.827950
v 25.693447 325.402039 35.581329
v 24.615850 327.092041 34.084606
v 24.609161 327.088043 34.084621
v 24.624512 327.088715 -33.952080
v 12.902512 327.088715 -39.932060
v 12.559725 331.815094 -38.868042
v 23.970520 331.812714 -33.052177
v 25.709518 325.402710 -35.452080
v 13.473511 325.402710 -41.682060
v 26.012613 323.557648 -35.859268
v 13.630508 323.557709 -42.172054
v 23.964514 331.827454 -33.058865
v 23.977863 331.820068 -33.052155
v 23.983238 331.809357 -33.045467
v 12.542074 331.820068 -38.878929
v 12.551505 331.827454 -38.872253
v 12.724518 329.451721 -39.402031
v 12.885170 327.092041 -39.932076
v 13.181519 326.246704 -40.812187
v 13.455458 325.404053 -41.688744
v 13.545517 324.480713 -41.932060
v 13.612494 323.558380 -42.172058
v 25.171509 326.245728 -34.702080
v 25.723095 325.402039 -35.438484
v 24.302521 329.449707 -33.502129
v 24.637878 327.088043 -33.945385
v -40.080482 327.088715 13.057929
v -34.108482 327.088715 24.777899
v -33.207664 331.812531 24.125629
v -41.836884 325.402710 13.627752
v -35.602486 325.402710 25.857977
v -42.322113 323.557648 13.774632
v -36.013489 323.557709 26.157782
v -33.198112 331.820068 24.134476
v -33.204819 331.827454 24.134439
v -33.653488 329.451721 24.457830
v -33.214188 331.820068 24.114510
v -34.095165 327.092041 24.791235
v -34.850487 326.246704 25.327948
v -35.588486 325.404053 25.871166
v -35.803482 324.480713 26.017889
v -36.001087 323.558380 26.170847
v -40.960182 326.245728 13.337957
v -41.840141 325.402039 13.607523
v -40.081158 327.092041 13.044600
v -40.084499 327.088043 13.037890
v -0.090485 327.088715 42.107979
v 12.902512 327.088715 40.047920
v 12.559509 331.812714 38.997871
v -0.090485 325.402710 43.957832
v 13.473511 325.402710 41.807930
v -0.090485 323.557709 44.467838
v 13.630508 323.557709 42.287907
v 12.574933 331.820068 38.991154
v 13.065521 342.776703 40.567944
v 12.572510 331.834717 38.987862
v 12.736511 329.451721 39.517891
v 12.551480 331.820068 38.997879
v 12.917835 327.092041 40.041248
v 13.193512 326.246704 40.927803
v 13.488858 325.404053 41.801247
v 13.557510 324.480713 42.047920
v 13.646437 323.558380 42.281265
v -0.097488 324.479706 44.207832
v -0.097488 326.245728 43.027901
v -0.109230 325.402039 43.951141
v 6.230515 329.451721 40.547920
v -0.099132 327.092041 42.107971
v -0.108545 327.088043 42.107979
v 39.898514 327.088715 13.057929
v 41.955807 327.088745 0.057269
v 40.845032 331.812988 0.058049
v 41.655518 325.402710 13.627752
v 43.802868 325.402771 0.056371
v 42.138088 323.557587 13.781594
v 44.312515 323.557709 0.057928
v 40.844177 331.820068 0.044515
v 40.846188 331.827454 0.051248
v 40.845505 331.820068 0.071340
v 41.953190 327.092041 0.044599
v 43.799519 325.404053 0.044564
v 44.309200 323.558380 0.044673
v 40.774521 326.245728 13.347967
v 41.647457 325.402039 13.641199
v 39.893864 327.092041 13.064590
v 39.891888 327.088043 13.071216
v -40.080482 327.088715 -12.932061
v -42.138382 327.088715 0.057928
v -41.023941 331.813629 0.057661
v -41.836784 325.402710 -13.502131
v -43.985184 325.402710 0.057928
v -42.320984 323.557709 -13.662044
v -44.494186 323.557709 0.057928
v -41.027077 331.820068 0.051229
v -41.025665 331.820068 0.078072
v -42.684189 342.776703 0.057934
v -41.028587 331.834717 0.077949
v -41.581589 329.451721 0.067939
v -42.134991 327.092041 0.077936
v -43.060287 326.246704 0.067938
v -43.981125 325.404053 0.077969
v -44.238487 324.480713 0.067938
v -44.491096 323.558380 0.077275
v -42.075882 324.479706 -13.592219
v -40.955986 326.245728 -13.222101
v -41.828735 325.402039 -13.522255
v -40.075836 327.092041 -12.938722
v -40.073582 327.088043 -12.945343
v -24.805489 327.088715 34.077950
v -13.084488 327.088715 40.047920
v -12.740829 331.813324 38.999039
v -25.891487 325.402710 35.567940
v -13.654488 325.402710 41.807930
v -26.193350 323.557953 35.987129
v -13.812485 323.557709 42.287907
v -12.723730 331.820068 38.997890
v -12.732477 331.827454 38.997879
v -12.906487 329.451721 39.527901
v -12.748530 331.820068 38.991180
v -13.067122 327.092072 40.054588
v -13.363487 326.246704 40.927803
v -13.636442 325.404053 41.807941
v -13.726486 324.480713 42.047920
v -13.793773 323.558380 42.294590
v -25.353485 326.245728 34.817940
v -25.904854 325.402039 35.561237
v -24.811472 327.092041 34.071297
v -24.818764 327.088043 34.064663
v -24.805489 327.088715 -33.952080
v -34.108482 327.088715 -24.652033
v -33.209488 331.812714 -24.002129
v -24.152489 331.812714 -33.052177
v -25.891487 325.402710 -35.452080
v -35.602486 325.402710 -25.742121
v -26.190483 323.557709 -35.862240
v -36.013489 323.557709 -26.042170
v -28.683487 331.817719 -28.532158
v -24.160500 331.827454 -33.052181
v -24.145784 331.820068 -33.058865
v -24.137737 331.809357 -33.065582
v -33.218193 331.820068 -23.988705
v -33.214828 331.827454 -23.995451
v -33.661484 329.451721 -24.322199
v -34.115139 327.092041 -24.638872
v -34.857483 326.246704 -25.192072
v -35.609184 325.404053 -25.722042
v -35.811485 324.480713 -25.882257
v -36.022118 323.558380 -26.022226
v -26.034485 324.479706 -35.662041
v -25.342484 326.245728 -34.702080
v -25.874729 325.402039 -35.458794
v -24.473488 329.449707 -33.512138
v -24.790092 327.088043 -33.965469
v -12.983482 291.823700 -39.622261
v -13.431488 287.211700 -41.002144
v -24.614487 291.823700 -33.692085
v -22.522484 294.640717 -30.812201
v -11.883484 294.640717 -36.232121
v -22.067482 295.166718 -30.182072
v -11.644485 295.166718 -35.502140
v -21.540482 296.822723 -29.462101
v -11.367493 296.822723 -34.642033
v -11.758484 294.903717 -35.862247
v -11.868098 294.638733 -36.238808
v -11.500488 295.994720 -35.072208
v -11.629112 295.166077 -35.502136
v -16.456482 296.824707 -32.052189
v -11.374164 296.828094 -34.642033
v -11.360100 296.825409 -34.642044
v -11.352776 296.822052 -34.648720
v -21.551260 296.825409 -29.448647
v -21.545822 296.828094 -29.455414
v -21.807487 295.994720 -29.822208
v -22.078163 295.167389 -30.175390
v -22.298485 294.903717 -30.492130
v -22.533171 294.641388 -30.798832
v -23.572487 293.232727 -32.252140
v -24.625267 291.825714 -33.678612
v -24.621162 291.820374 -33.685413
v -19.026482 289.516724 -37.342232
v -13.895485 282.891724 -42.442085
v -13.444489 287.207703 -40.992134
v -13.201485 289.516724 -40.312202
v -13.422798 287.206360 -41.002132
v -13.413397 287.209015 -41.002163
v -12.427483 293.231720 -37.932072
v -12.966735 291.820374 -39.622269
v 24.433517 291.823700 -33.692085
v 25.284515 287.211700 -34.862251
v 12.802629 291.822693 -39.621204
v 11.701508 294.640717 -36.232121
v 22.340515 294.640717 -30.812201
v 11.462509 295.166718 -35.502140
v 21.885513 295.166718 -30.182072
v 11.185140 296.823822 -34.641354
v 21.358521 296.822723 -29.462101
v 22.117508 294.903717 -30.492130
v 22.353888 294.638733 -30.805500
v 21.626511 295.994720 -29.822208
v 21.896875 295.166077 -30.175383
v 21.351835 296.828094 -29.462097
v 21.363905 296.825409 -29.455376
v 21.369860 296.822052 -29.448736
v 11.170760 296.825409 -34.648724
v 11.178170 296.828094 -34.642029
v 11.318512 295.994720 -35.072208
v 11.447165 295.167389 -35.502140
v 11.576508 294.903717 -35.862247
v 11.686146 294.641388 -36.232124
v 12.245514 293.232727 -37.922062
v 12.785051 291.825714 -39.622272
v 12.793850 291.820374 -39.622265
v 25.277184 287.209015 -34.868938
v 24.863510 289.516724 -34.272163
v 25.292534 287.206390 -34.862251
v 25.298613 287.209045 -34.848804
v 23.391510 293.231720 -32.252140
v 24.446268 291.820374 -33.678654
v -12.983482 291.823700 39.737846
v -13.431488 287.211700 41.117729
v -0.090485 291.823700 41.787895
v -0.090485 294.640717 38.227840
v -11.883484 294.640717 36.357967
v -0.090485 295.166718 37.447811
v -11.644485 295.166718 35.617733
v -0.090485 296.822723 36.557919
v -11.367493 296.822723 34.767879
v -11.769485 294.903717 35.987850
v -11.899544 294.638733 36.351269
v -11.511490 295.994720 35.187801
v -11.658465 295.166046 35.611252
v -5.726486 296.824707 35.657772
v -11.360147 296.828094 34.767876
v -11.374202 296.825409 34.761181
v -11.381385 296.822052 34.761269
v -0.075727 296.825409 36.551228
v -0.083139 296.828125 36.551228
v -0.085480 295.994720 36.997860
v -0.075805 295.167389 37.447811
v -0.085480 294.903717 37.837948
v -0.075106 294.641388 38.221153
v -0.085480 293.232727 39.997860
v -0.074387 291.825714 41.781197
v -0.082484 291.820374 41.787899
v -6.757492 289.516724 41.447807
v -13.904488 282.891724 42.557915
v -13.418488 287.207703 41.127739
v -13.213486 289.516724 40.427788
v -13.440181 287.206390 41.117737
v -13.448244 287.209045 41.111168
v -12.439484 293.231720 38.047909
v -13.000247 291.820374 39.731129
v 24.433517 291.823700 33.817924
v 25.284515 287.211700 34.987846
v 33.664772 291.824097 24.588514
v 30.783508 294.640717 22.487848
v 22.340515 294.640717 30.937799
v 30.157516 295.166718 22.037899
v 21.885513 295.166718 30.307919
v 29.432510 296.822723 21.507870
v 21.358521 296.822723 29.587948
v 22.107513 294.903717 30.627743
v 22.327137 294.638733 30.944496
v 21.617508 295.994720 29.947811
v 21.872232 295.166046 30.314558
v 25.397522 296.824707 25.547909
v 21.363855 296.828094 29.581261
v 21.351820 296.825409 29.587961
v 21.345341 296.822052 29.594540
v 29.439259 296.825409 21.494379
v 29.435177 296.828094 21.501184
v 29.797516 295.994720 21.767879
v 30.163443 295.167389 22.024710
v 30.472519 294.903717 22.257870
v 30.790110 294.641388 22.474653
v 33.668892 291.825714 24.567808
v 33.668190 291.820374 24.581270
v 25.291859 287.209015 34.981178
v 24.853516 289.516724 34.407768
v 25.277170 287.206360 34.994545
v 25.269091 287.209045 34.994576
v 23.381516 293.231720 32.377743
v 24.418085 291.820374 33.824642
v 41.631516 291.823700 0.057917
v 43.080521 287.211700 0.057916
v 39.588577 291.823029 -12.832024
v 36.203522 294.640717 -11.732121
v 38.071518 294.640717 0.057918
v 35.467514 295.166718 -11.492131
v 37.297516 295.166718 0.057918
v 34.615509 296.822723 -11.212101
v 36.401520 296.822723 0.057918
v 37.683517 294.903717 0.067928
v 38.071510 294.638733 0.078021
v 36.849518 295.994720 0.067928
v 37.295521 295.166046 0.077991
v 35.507507 296.824707 -5.582218
v 36.400181 296.828094 0.051236
v 36.400177 296.825409 0.064654
v 36.399521 296.822052 0.077955
v 34.608101 296.825409 -11.225594
v 34.611504 296.828094 -11.218782
v 35.038513 295.994720 -11.362247
v 35.460300 295.167389 -11.505243
v 35.832520 294.903717 -11.612248
v 36.196239 294.641388 -11.745372
v 39.580109 291.825714 -12.845688
v 39.586845 291.820374 -12.838899
v 41.334518 289.516724 -6.392035
v 43.079857 287.209045 0.051238
v 42.355515 289.516724 0.067926
v 43.081196 287.206360 0.071301
v 43.078491 287.209045 0.078073
v 39.851517 293.231720 0.067927
v 41.630169 291.820374 0.078061
v -39.771484 291.823700 12.957820
v -33.845482 291.823700 24.587946
v -30.964485 294.640717 22.487848
v -36.385880 294.641144 11.858152
v -30.339485 295.166718 22.037899
v -22.522484 294.640717 30.937799
v -22.067482 295.166718 30.307919
v -36.386150 294.641388 11.844621
v -36.390167 294.638733 11.837860
v -26.200485 295.167725 26.177792
v -30.332777 295.168762 22.044558
v -30.342106 295.167389 22.031321
v -22.053745 295.167389 30.314463
v -22.060122 295.168793 30.314562
v -22.289482 294.903717 30.627743
v -22.507877 294.641388 30.944445
v -22.516493 294.638702 30.944489
v -28.181488 293.231720 27.767878
v -33.840149 291.820374 24.594625
v -33.850857 291.817657 24.581217
v -36.810486 291.820709 18.767878
v -38.080482 293.231720 12.397761
v -39.774883 291.817596 12.944231
v -39.775513 291.820374 12.937663
v -39.771484 291.823700 -12.832219
v -41.813583 291.823700 0.057917
v -38.253487 294.640717 0.057918
v -36.385483 294.640717 -11.732121
v -37.319489 294.640717 -5.832219
v -36.385422 294.641449 -11.725415
v -36.381516 294.641388 -11.738743
v -36.380135 294.638733 -11.745509
v -38.250183 294.641388 0.077744
v -38.250740 294.641449 0.064609
v -40.031586 293.232727 0.067927
v -41.814049 291.817688 0.051197
v -40.792686 291.820709 -6.392035
v -41.808540 291.825714 0.078160
v -43.232086 287.202698 0.057916
v -41.812988 291.818726 0.077937
v -38.076485 293.231720 -12.292180
v -39.769470 291.817688 -12.838941
v -39.764107 291.820374 -12.845647
v 32.969654 321.196594 24.092455
v 31.306519 317.147705 22.867739
v 38.777512 321.204712 12.687809
v 36.819519 317.147705 12.057925
v 40.593521 322.472717 13.277898
v 34.517517 322.472717 25.207830
v 42.139980 323.557251 13.777635
v 35.832520 323.557709 26.157782
v 35.169510 323.014709 25.687811
v 34.504135 322.471375 25.221224
v 35.818554 323.556366 26.171083
v 40.597538 322.473389 13.264460
v 39.686508 321.838715 12.977849
v 38.780865 321.205414 12.674311
v 37.799515 319.177704 12.367741
v 36.822830 317.150360 12.038013
v 34.813507 307.701721 11.407776
v 36.818512 317.137726 12.037906
v 36.812824 317.135040 12.057936
v 34.060516 317.142700 17.467836
v 32.134521 319.174713 23.477848
v 31.299170 317.135040 22.874428
v 31.294514 317.141052 22.881090
v 33.739517 321.838715 24.647770
v 23.911514 321.218719 33.107975
v 12.538513 321.204712 -38.802181
v 11.901520 317.147705 -36.852230
v -0.090485 321.204712 -40.802181
v -0.090485 317.147705 -38.752132
v -0.090485 322.472717 -42.722103
v 13.128510 322.472717 -40.622250
v -0.095145 323.557678 -44.342804
v 13.630508 323.557709 -42.172054
v 13.385513 323.014709 -41.392025
v 13.143897 322.471375 -40.615555
v 13.646563 323.556396 -42.158669
v -0.108578 322.473389 -42.715408
v -0.097488 321.838715 -41.762142
v -0.107911 321.205414 -40.802166
v -0.097488 319.177704 -39.772152
v -0.107162 317.150391 -38.745461
v -0.098488 317.141022 -38.745445
v -0.083127 317.135040 -38.745441
v 5.908508 317.142700 -37.792171
v 12.225510 319.174713 -37.822201
v 11.907525 317.135040 -36.845539
v 11.915545 317.141052 -36.838856
v 12.838516 321.838715 -39.712093
v 12.552455 321.202057 -38.795544
v 12.538513 321.204712 38.927799
v 11.899578 317.142365 36.960236
v 23.930511 321.204712 33.127750
v 22.720520 317.147705 31.457827
v 25.053513 322.472717 34.667789
v 13.128510 322.472717 40.747868
v 26.008514 323.557709 35.987858
v 13.630508 323.557709 42.287907
v 13.372513 323.014709 41.517887
v 13.110455 322.471375 40.747871
v 13.612466 323.556396 42.294598
v 25.536514 323.014709 35.317936
v 25.067423 322.473389 34.653862
v 24.497513 321.838715 33.887760
v 23.944395 321.205383 33.114010
v 23.330521 319.177704 32.287907
v 22.733114 317.150360 31.444553
v 22.725853 317.141022 31.451147
v 22.712492 317.135040 31.457827
v 17.308517 317.142700 34.217838
v 12.213516 319.174713 37.947819
v -0.096481 307.700714 36.767883
v 11.885501 317.141052 36.974525
v 12.826508 321.838715 39.837955
v 12.521184 321.202057 38.927788
v -40.958820 321.205109 0.058648
v -38.899410 317.146942 0.057949
v -38.955849 321.204468 12.692048
v -42.321915 323.556335 13.778079
v -34.698952 322.472290 25.209446
v -36.013489 323.557709 26.157782
v -42.867310 322.471527 0.052054
v -44.494038 323.557922 0.057981
v -26.187477 323.558380 35.990074
v -25.235489 322.472717 34.667789
v -40.759384 322.496704 -13.152034
v -44.490246 323.556396 0.044585
v -25.220079 322.473389 34.681183
v -24.105484 321.228699 33.107975
v -25.222488 322.470703 34.677799
v -25.240158 322.470734 34.661102
v -36.976486 317.161713 12.037906
v -38.896473 317.135040 0.051236
v -38.896481 317.141052 0.044584
v -36.793488 307.701721 0.057922
v -38.896484 317.137726 0.077945
v -40.955051 321.202057 0.044615
v 32.972519 321.204712 -23.962093
v 31.306519 317.147705 -22.752134
v 23.930511 321.204712 -33.002132
v 22.720520 317.147705 -31.332212
v 25.053513 322.472717 -34.552181
v 34.517517 322.472717 -25.082209
v 26.004972 323.557556 -35.865662
v 35.832520 323.557709 -26.042170
v 35.177521 323.014709 -25.552179
v 34.524200 322.471375 -25.068827
v 35.839867 323.556396 -26.022104
v 25.037960 322.473389 -34.558960
v 24.486511 321.838715 -33.782162
v 23.915543 321.205414 -33.008968
v 23.320511 319.177704 -32.172054
v 22.706474 317.150391 -31.345579
v 21.486511 307.701721 -29.632263
v 22.708511 317.137726 -31.342222
v 22.724527 317.135040 -31.325523
v 27.014511 317.142700 -27.042173
v 32.141510 319.174713 -23.352230
v 31.307856 317.135040 -22.745445
v 31.312517 317.141052 -22.738792
v 33.747513 321.838715 -24.512142
v 32.978489 321.202057 -23.948801
v 40.777512 321.204712 0.057926
v 38.718521 317.147705 0.057926
v 38.777512 321.204712 -12.572200
v 36.819519 317.147705 -11.932066
v 40.593521 322.472717 -13.162044
v 42.687515 322.472717 0.057927
v 42.139019 323.558228 -13.662793
v 44.312515 323.557709 0.057928
v 43.498520 323.014709 0.067937
v 42.683506 322.471375 0.078024
v 44.308517 323.556396 0.077907
v 40.585979 322.473389 -13.175786
v 39.682510 321.838715 -12.872249
v 38.769985 321.205414 -12.585949
v 37.795517 319.177704 -12.252132
v 36.812889 317.150360 -11.945327
v 36.814171 317.141022 -11.938744
v 36.817513 317.135040 -11.925375
v 37.768509 317.142700 -5.932065
v 39.746521 319.174713 0.067936
v 38.714504 317.135040 0.064616
v 38.714508 317.141052 0.077959
v 41.730515 321.838715 0.067936
v 40.773518 321.202057 0.077886
v -12.719482 321.204712 38.927799
v -12.083488 317.147705 36.967838
v -0.090485 321.204712 40.927799
v -0.090485 317.147705 38.867741
v -0.090485 322.472717 42.837955
v -13.310486 322.472717 40.747868
v -0.086192 323.558716 44.467697
v -13.812485 323.557709 42.287907
v -13.567482 323.014709 41.517887
v -13.325214 322.471375 40.734482
v -13.828480 323.556396 42.281246
v -0.073060 322.473389 42.837948
v -0.084488 321.838715 41.887760
v -0.073733 321.205414 40.927784
v -0.084488 319.177704 39.897770
v -0.074510 317.150360 38.867737
v -0.082484 317.141022 38.867733
v -0.098502 317.135040 38.867741
v -6.089493 317.142700 37.917789
v -12.407486 319.174713 37.947819
v -12.089499 317.135040 36.961147
v -12.097483 317.141052 36.961166
v -13.020485 321.838715 39.837955
v -12.734099 321.202057 38.921158
v -33.151718 321.207611 -23.961145
v -31.491917 317.143280 -22.755293
v -38.958488 321.204712 -12.572200
v -37.000488 317.147705 -11.932066
v -40.775284 322.472717 -13.162044
v -34.699486 322.472717 -25.082209
v -42.320984 323.557709 -13.662044
v -36.011826 323.559418 -26.042757
v -34.686108 322.471375 -25.095602
v -36.000126 323.556396 -26.048857
v -41.549583 323.014709 -13.402034
v -40.779221 322.473389 -13.141772
v -39.868484 321.838715 -12.852229
v -38.962536 321.205414 -12.551808
v -37.981483 319.177704 -12.242123
v -37.004471 317.150360 -11.918765
v -37.000481 317.141022 -11.925385
v -36.994476 317.135040 -11.938754
v -32.316483 319.174713 -23.362240
v -31.480461 317.135040 -22.752140
v -31.475805 317.141052 -22.758808
v -33.140804 321.202057 -23.968765
v -33.154774 321.203369 24.074333
v -31.486561 317.147705 22.866634
v -24.112488 321.204712 33.127750
v -25.235218 322.473511 34.667240
v -34.699486 322.472717 25.207830
v -38.958488 321.204712 12.687809
v -37.000488 317.147705 12.057925
v -38.900482 317.147705 0.057926
v -36.995808 317.141022 12.064600
v -36.999146 317.135040 12.044556
v -37.949486 317.142700 6.057926
v -38.900482 317.150360 0.051297
v -38.896473 317.135040 0.051236
v -38.896481 317.141052 0.044584
v -38.930489 319.177704 6.367740
v -36.830482 321.838715 18.947819
v -38.961155 321.205414 12.681087
v -34.694176 322.474091 25.214516
v -34.704197 322.473389 25.201080
v -25.220079 322.473389 34.681183
v -25.228174 322.474091 34.674500
v -24.668488 321.838715 33.897770
v -24.097513 321.205414 33.134590
v -24.104467 321.201996 33.127739
v -31.481808 317.141022 22.874411
v -31.489824 317.135040 22.861212
v -31.494482 317.141052 22.854561
v -12.719482 321.204712 -38.802181
v -12.083488 317.147705 -36.852230
v -24.112488 321.204712 -33.002132
v -22.902489 317.147705 -31.332212
v -25.235489 322.472717 -34.552181
v -13.310486 322.472717 -40.622250
v -26.194798 323.557861 -35.859715
v -13.812485 323.557709 -42.172054
v -13.554489 323.014709 -41.392025
v -13.292426 322.471375 -40.622257
v -13.793780 323.556396 -42.172050
v -25.249401 322.473389 -34.538258
v -24.678482 321.838715 -33.772152
v -24.126404 321.205383 -32.988205
v -23.512482 319.177704 -32.162045
v -22.915154 317.150391 -31.325533
v -22.907154 317.141022 -31.325531
v -22.893793 317.135040 -31.338907
v -17.490486 317.142700 -34.092220
v -12.395485 319.174713 -37.832211
v -12.075457 317.135040 -36.845547
v -12.067482 317.141052 -36.852226
v -13.008484 321.838715 -39.712093
v -12.702801 321.202057 -38.808872
v -28.000198 264.668579 -9.012130
v -25.064484 260.384705 -8.052201
v -29.437973 264.667328 0.058093
v -26.349487 260.384705 0.057906
v -24.540482 256.270721 -7.882280
v -25.799484 256.270691 0.057906
v -24.742043 254.429886 -7.952265
v -21.334488 260.384705 -15.372270
v -20.889488 256.270721 -15.052202
v -21.060486 254.431717 -15.172076
v -29.439810 264.669739 0.071303
v -29.445185 264.671082 0.064589
v -27.893486 262.527710 0.067917
v -26.350145 260.388062 0.071344
v -26.074486 258.328705 0.067916
v -25.798130 256.273407 0.071377
v -25.798820 256.269348 0.064583
v -24.742821 254.426346 -7.945428
v -24.739483 254.421021 -7.952116
v -20.971489 255.350708 -15.112261
v -21.056475 254.421021 -15.178766
v -21.052471 254.426376 -15.178762
v -21.109482 258.326721 -15.212113
v -20.882132 256.269379 -15.058897
v -21.332466 260.388062 -15.378967
v -21.326509 260.382050 -15.378913
v -28.011194 264.671082 -9.005489
v -28.002478 264.669739 -9.018842
v 23.650143 264.669037 17.307713
v 21.153519 260.384705 15.497848
v 27.818512 264.667725 9.127732
v 24.882507 260.384705 8.177779
v 20.705463 256.269836 15.170927
v 24.360201 256.270721 8.007903
v 20.878510 254.431717 15.297894
v 24.559509 254.431717 8.067914
v 15.343521 260.384705 21.307907
v 15.020508 256.270691 20.857954
v 15.144516 254.431717 21.027876
v 27.825857 264.669739 9.114491
v 27.829218 264.671082 9.127739
v 26.352509 262.527710 8.647752
v 24.886538 260.388062 8.164327
v 24.621521 258.328705 8.087934
v 24.361538 256.273407 7.994377
v 24.561516 254.433060 8.061191
v 24.560844 254.426346 8.061237
v 24.557508 254.421021 8.074604
v 22.718521 254.427719 11.687787
v 20.875174 254.421021 15.297903
v 20.871164 254.426376 15.304580
v 15.148517 254.426361 21.027876
v 15.078522 255.350708 20.947798
v 15.139829 254.421005 21.034561
v 15.134494 254.426376 21.034567
v 15.178513 258.326691 21.087934
v 15.010428 256.269379 20.864511
v 15.340170 260.388062 21.307915
v 15.333506 260.382050 21.307903
v 25.739517 264.668701 13.217820
v 23.661879 264.671082 17.307924
v 23.650501 264.669739 17.314587
v 67.291519 417.645721 -21.832178
v 68.060516 417.645721 -16.982080
v 72.373520 411.941711 -15.732083
v 63.662521 417.715698 -20.652002
v 64.403030 417.715698 -15.982224
v 72.374863 411.939056 -15.732086
v 72.362778 411.949799 -15.732114
v 72.365471 411.949738 -15.732090
v 72.367523 411.942383 -15.725397
v 72.373528 411.937714 -15.725430
v 63.651852 417.711731 -20.658674
v 63.649124 417.713715 -20.672121
v 63.653164 417.715698 -20.672062
v 65.472519 417.680725 -21.252100
v 63.660530 417.713684 -20.651987
v 67.290848 417.640381 -21.845554
v 67.280083 417.646393 -21.852407
v 69.834518 414.791718 -18.782131
v -17.310486 417.645752 -68.062157
v -16.034485 411.818726 -72.472069
v -21.984482 417.645752 -67.322166
v -20.805489 417.715698 -63.692039
v -16.319363 417.715668 -64.405121
v -20.814180 417.711700 -63.678665
v -20.824228 417.713074 -63.678627
v -20.823545 417.715698 -63.685341
v -21.401482 417.680725 -65.502098
v -20.801491 417.713684 -63.692043
v -21.995182 417.640442 -67.322182
v -22.002560 417.646423 -67.308777
v -19.012482 414.729736 -69.891991
v -16.039162 411.816040 -72.472069
v -16.034475 411.826080 -72.458672
v -16.035826 411.826782 -72.458672
v -16.031816 411.819397 -72.465385
v -16.031143 411.814728 -72.472069
v 17.027512 417.645691 68.197853
v 15.824509 412.153687 72.348000
v 21.803513 417.645691 67.447853
v 20.623520 417.715698 63.817970
v 16.035460 417.715698 64.537766
v 20.632206 417.711731 63.804596
v 20.642254 417.713715 63.804585
v 20.641586 417.715698 63.804581
v 21.219513 417.680725 65.627785
v 20.619503 417.713684 63.811268
v 21.814209 417.640350 67.441170
v 21.820904 417.646362 67.434479
v 18.816513 414.897705 69.897804
v 15.829197 412.151031 72.354683
v 15.824510 412.161041 72.341309
v 15.825830 412.161041 72.341309
v 15.821845 412.154388 72.348007
v 15.821158 412.149689 72.354675
v -68.201286 417.645721 17.358007
v -72.447388 412.030701 16.127781
v -67.473114 417.645538 21.958408
v -63.844383 417.715698 20.777929
v -64.542099 417.715698 16.367643
v -63.833649 417.711731 20.784605
v -63.831123 417.713684 20.798056
v -63.834965 417.715698 20.791309
v -63.842239 417.713684 20.771244
v -67.472588 417.640381 21.964542
v -67.461685 417.646362 21.971258
v -69.962189 414.835724 19.047947
v -72.448807 412.027405 16.134443
v -72.436615 412.038025 16.127766
v -72.439270 412.038086 16.127787
v -72.441414 412.031342 16.127781
v -72.447784 412.026031 16.127777
v 8.545517 430.794708 -2.742087
v 7.255508 430.794708 -5.272116
v -0.108490 431.623718 0.067972
v 5.246521 430.794708 -7.282126
v 2.715515 430.794708 -8.572165
v -0.090485 430.794708 -9.022116
v -2.897491 430.794708 -8.572165
v -5.428482 430.794708 -7.282126
v -7.437485 430.794708 -5.272116
v 8.990509 430.794708 0.057962
v 8.545517 430.794708 2.867777
v 7.255508 430.794708 5.397806
v 5.246521 430.794708 7.407816
v 2.715515 430.794708 8.697855
v -0.090485 430.794708 9.137796
v -2.897491 430.794708 8.697855
v -8.727478 430.794708 -2.742087
v -5.428482 430.794708 7.407816
v -7.437485 430.794708 5.397806
v -9.171478 430.794708 0.057962
v -8.727478 430.794708 2.867777
v -12.904488 428.489716 0.057962
v -12.277489 428.489716 -3.901999
v -12.277489 428.489716 4.017922
v -10.457489 428.489716 -7.472067
v -7.622482 428.489716 -10.302146
v -4.050491 428.489716 -12.122214
v -0.090485 428.489716 -12.752097
v 3.868515 428.489716 -12.122214
v 7.440521 428.489716 -10.302146
v 10.275513 428.489716 -7.472067
v 12.095520 428.489716 -3.901999
v 12.722519 428.489716 0.057962
v 12.095520 428.489716 4.017922
v 10.275513 428.489716 7.587991
v 7.440521 428.489716 10.427835
v 3.868515 428.489716 12.247903
v -0.090485 428.489716 12.877786
v -4.050491 428.489716 12.247903
v -7.622482 428.489716 10.427835
v -10.457489 428.489716 7.587991
v 47.405827 403.025299 56.248016
v 51.413513 402.118713 51.677826
v 49.160507 404.187683 49.427826
v 53.814514 404.979706 45.497894
v 55.977108 402.995514 47.656876
v 51.484512 404.587708 47.457855
v 49.152534 404.193756 49.427826
v 49.152481 404.199036 49.414425
v 53.815205 404.987061 45.491207
v 53.805824 404.990387 45.491196
v 53.822548 404.981720 45.497875
v 47.404171 403.030029 56.247890
v -35.649483 295.166718 -11.492131
v -37.479485 295.166718 0.057918
v -36.583488 296.822723 0.057918
v -34.797485 296.822723 -11.212101
v -35.690483 296.824707 -5.572209
v -34.798149 296.828094 -11.205418
v -34.793457 296.825409 -11.218838
v -34.790901 296.822052 -11.225295
v -36.580784 296.825409 0.078173
v -36.581478 296.828094 0.064601
v -37.030487 295.994720 0.067928
v -37.479488 295.166046 0.051329
v -36.564484 295.165710 -5.722111
v -37.476864 295.167389 0.077660
v -37.478893 295.166016 0.064591
v -35.221489 295.994720 -11.362247
v -35.646935 295.166077 -11.498522
v -35.642857 295.166046 -11.505423
v 12.280518 424.978699 0.057960
v 8.816513 420.533722 0.057959
v 11.674515 424.978699 -3.762108
v 8.380508 420.533722 -2.692042
v 8.380508 420.533722 2.817968
v 11.674515 424.978699 3.887794
v 7.115509 420.533722 5.297950
v 9.917511 424.978699 7.327980
v 5.144516 420.533722 7.267920
v 7.180511 424.978699 10.067970
v 2.661514 420.533722 8.527929
v 3.731522 424.978699 11.827980
v -0.090485 420.533722 8.967871
v -0.090485 424.978699 12.427834
v -2.843491 420.533722 8.527929
v -3.913483 424.978699 11.827980
v -5.326492 420.533722 7.267920
v -7.362488 424.978699 10.067970
v -7.297485 420.533722 5.297950
v -10.099487 424.978699 7.327980
v -8.562485 420.533722 2.817968
v -11.856491 424.978699 3.887794
v -8.998489 420.533722 0.057959
v -12.462486 424.978699 0.057960
v -8.562485 420.533722 -2.692042
v -11.856491 424.978699 -3.762108
v -7.297485 420.533722 -5.172021
v -10.099487 424.978699 -7.212059
v -5.326492 420.533722 -7.141993
v -7.362488 424.978699 -9.952049
v -2.843491 420.533722 -8.412012
v -3.913483 424.978699 -11.702049
v -0.090485 420.533722 -8.842188
v -0.090485 424.978699 -12.312157
v 2.661514 420.533722 -8.412012
v 3.732513 424.978699 -11.702049
v 5.145508 420.533722 -7.141993
v 7.180511 424.978699 -9.952049
v 7.115509 420.533722 -5.172021
v 9.917511 424.978699 -7.212059
v 12.095176 428.489746 -3.902172
v 12.722519 428.489716 0.057962
v 12.095520 428.489716 4.017922
v 10.275513 428.489716 7.587991
v 7.440521 428.489716 10.427835
v 3.868515 428.489716 12.247903
v -0.090485 428.489716 12.877786
v -4.050491 428.489716 12.247903
v -7.622482 428.489716 10.427835
v -10.457489 428.489716 7.587991
v -12.277489 428.489716 4.017922
v -12.904488 428.489716 0.057962
v -12.277489 428.489716 -3.901999
v -10.457489 428.489716 -7.472067
v -7.622482 428.489716 -10.302146
v -4.050491 428.489716 -12.122214
v -0.090485 428.489716 -12.752097
v 3.868515 428.489716 -12.122214
v 7.440521 428.489716 -10.302146
v 10.275513 428.489716 -7.472067
v 8.381763 420.533936 -2.689095
v 11.674414 424.976288 -3.760763
v 12.095975 428.489655 -3.902066
v 11.672519 424.980713 -3.768766
v 10.027512 422.756714 -3.232079
v 8.381163 420.536377 -2.698759
v 12.267517 424.988708 0.067970
v 12.096188 428.487061 -3.895271
vt -2.952393 -1.652523
vt -2.552795 -1.072406
vt -2.798583 -1.330860
vt -2.839393 -1.302691
vt -2.999924 -1.638372
vt -2.867397 -1.283189
vt -3.032567 -1.628559
vt 3.331662 0.920150
vt 3.331662 1.302987
vt 3.305810 1.306056
vt 3.305810 0.916867
vt 3.260065 1.307252
vt 3.260065 0.915498
vt 3.228301 1.307353
vt 3.228301 0.915303
vt 3.192147 1.307311
vt 3.192147 0.915412
vt 3.155502 1.307090
vt 3.155503 0.915673
vt 3.122275 1.306382
vt 3.122275 0.916294
vt 3.088911 1.303338
vt 3.088910 0.919597
vt 3.739036 -0.538968
vt 3.739036 -0.155224
vt 3.701158 -0.161196
vt 3.701149 -0.533000
vt 3.664619 -0.167093
vt 3.664572 -0.527283
vt 3.648228 -0.169694
vt 3.648190 -0.524739
vt 3.875247 -0.531812
vt 3.875209 -0.176774
vt 3.861024 -0.174497
vt 3.861040 -0.534059
vt 3.829291 -0.169290
vt 3.829291 -0.538969
vt -2.999328 -2.006240
vt 0.119807 -0.594365
vt -0.245701 -0.538969
vt -0.259786 -0.597725
vt 0.116189 -0.654708
vt -2.934711 -2.356784
vt -2.764968 -2.670422
vt -2.981491 -2.373314
vt -2.804255 -2.700511
vt -3.013573 -2.384597
vt -2.831279 -2.721274
vt -3.032566 -2.391314
vt -2.847306 -2.733639
vt 1.325355 3.434728
vt 1.325371 3.175257
vt 1.370678 3.165977
vt 1.370672 3.427230
vt 1.402341 3.163605
vt 1.402337 3.425056
vt 1.438439 3.162050
vt 1.438434 3.423417
vt 1.475081 3.161697
vt 1.475080 3.422690
vt 1.508408 3.163277
vt 1.508402 3.423415
vt 1.542542 3.178551
vt 1.542542 3.434507
vt 3.783082 1.684646
vt 3.783082 2.068367
vt 3.745275 2.062231
vt 3.745387 1.690423
vt 3.708866 2.056298
vt 3.708899 1.696049
vt 3.692490 2.053663
vt 3.692522 1.698582
vt 3.877910 0.897390
vt 3.877903 1.252476
vt 3.863807 1.254734
vt 3.863712 0.895133
vt 3.831993 1.259737
vt 3.831993 0.890048
vt -2.506172 -2.916270
vt -0.636476 2.755908
vt -0.389913 2.755908
vt -0.358329 2.814582
vt -0.611896 2.814575
vt -2.184793 -3.070026
vt -1.831238 -3.116920
vt -2.198848 -3.117558
vt -1.829957 -3.166528
vt -2.208528 -3.150352
vt -1.828940 -3.200677
vt -2.290820 3.173217
vt -2.290823 2.792226
vt -2.265368 2.791234
vt -2.265367 3.178530
vt -2.219806 2.790980
vt -2.219807 3.180779
vt -2.188080 2.791068
vt -2.188077 3.181175
vt -2.151946 2.791247
vt -2.151946 3.181208
vt -2.115290 2.791571
vt -2.115294 3.180862
vt -2.082015 2.791916
vt -2.082016 3.180028
vt -2.048296 2.793227
vt -2.048296 3.175048
vt 3.739036 -0.155224
vt 3.739036 -0.538969
vt 3.776589 -0.532871
vt 3.776654 -0.160996
vt 3.812979 -0.526953
vt 3.813007 -0.166660
vt 3.829248 -0.524356
vt 3.829291 -0.169222
vt 3.826947 -2.227399
vt 3.827011 -2.582525
vt 3.841166 -2.584705
vt 3.841162 -2.225136
vt 3.872969 -2.589568
vt 3.872969 -2.219899
vt -1.480623 -3.052366
vt -3.030469 -0.758298
vt -2.665017 -0.800015
vt -2.656605 -0.741060
vt -3.032567 -0.698143
vt -1.166973 -2.882498
vt -0.921290 -2.624129
vt -1.136732 -2.921878
vt -0.880335 -2.652249
vt -1.115810 -2.949008
vt -0.851985 -2.671581
vt -2.651768 3.100793
vt -2.651768 2.722426
vt -2.631075 2.715303
vt -2.631071 3.099873
vt -2.588455 2.711133
vt -2.588453 3.098261
vt -2.557818 2.709704
vt -2.557817 3.097100
vt -2.522676 2.708458
vt -2.522673 3.095720
vt -2.486722 2.707665
vt -2.486722 3.094386
vt -2.453657 2.707597
vt -2.453656 3.093107
vt -2.416934 2.712478
vt -2.416931 3.091658
vt -2.375648 2.722718
vt -2.375648 3.090170
vt 3.789077 1.672718
vt 3.789077 1.300906
vt 3.825377 1.306676
vt 3.825384 1.666901
vt 3.841660 1.309263
vt 3.841669 1.664307
vt 3.823244 -1.646906
vt 3.823243 -2.001938
vt 3.837468 -2.004162
vt 3.837471 -1.644630
vt 3.869460 -2.009031
vt 3.869460 -1.639410
vt -0.767438 -2.302558
vt 0.156596 -3.136870
vt 0.516281 -3.200678
vt 0.537500 -3.152533
vt 0.167467 -3.086891
vt -0.720517 -1.948903
vt -0.785057 -1.598125
vt -0.670743 -1.947567
vt -0.738236 -1.581627
vt -0.636476 -1.946715
vt -0.705814 -1.570167
vt 2.181634 3.262516
vt 2.181634 2.921002
vt 2.207143 2.908531
vt 2.207146 3.255735
vt 2.252732 2.902840
vt 2.252738 3.252315
vt 2.284468 2.901734
vt 2.284468 3.251436
vt 2.320606 2.901216
vt 2.320610 3.250817
vt 2.357255 2.901605
vt 2.357258 3.250670
vt 2.390530 2.903219
vt 2.390532 3.251194
vt 2.424200 2.914449
vt 2.424200 3.256759
vt 3.723812 2.459379
vt 3.723812 2.075613
vt 3.761365 2.081440
vt 3.761331 2.453278
vt 3.797766 2.087072
vt 3.797745 2.447365
vt 3.814027 2.089637
vt 3.814073 2.444724
vt -0.683756 2.976760
vt -0.683779 2.621670
vt -0.669471 2.619454
vt -0.669469 2.979040
vt -0.637374 2.614429
vt -0.637374 2.984101
vt -0.954912 -1.284557
vt -0.835143 1.892139
vt -1.150710 1.987870
vt -1.188188 1.936923
vt -0.863559 1.838444
vt -1.213292 -1.038785
vt -1.535082 -0.884964
vt -1.185120 -0.997928
vt -1.520771 -0.837302
vt -1.165559 -0.969671
vt -1.510963 -0.804504
vt 0.610518 3.248527
vt 0.610518 2.907650
vt 0.636028 2.914505
vt 0.636026 3.261061
vt 0.681619 2.917949
vt 0.681613 3.266779
vt 0.713349 2.918849
vt 0.713350 3.267895
vt 0.749491 2.919473
vt 0.749488 3.268425
vt 0.786139 2.919621
vt 0.786137 3.268034
vt 0.819413 2.919076
vt 0.819412 3.266412
vt 0.853082 2.913447
vt 0.853082 3.255131
vt 3.773140 0.908022
vt 3.773140 1.291790
vt 3.735456 1.286014
vt 3.735424 0.914170
vt 3.698914 1.280351
vt 3.698891 0.920059
vt 3.682541 1.277798
vt 3.682580 0.922722
vt 3.860414 2.082725
vt 3.860383 2.437799
vt 3.846104 2.440095
vt 3.846116 2.080528
vt 3.814074 2.445285
vt 3.814074 2.075613
vt -1.888441 -0.837983
vt -0.848453 0.692082
vt -1.175951 0.725212
vt -1.170280 0.664704
vt -0.833383 0.630623
vt -2.239285 -0.902634
vt -2.255713 -0.855798
vt -2.582889 -1.032979
vt -2.266933 -0.823445
vt -2.603571 -1.005768
vt 0.509485 3.021294
vt 0.509485 3.332084
vt 0.483770 3.346868
vt 0.483771 3.031002
vt 0.438087 3.353568
vt 0.438087 3.035593
vt 0.406334 3.354800
vt 0.406334 3.036597
vt 0.370185 3.355258
vt 0.370186 3.037174
vt 0.333537 3.354704
vt 0.333538 3.037059
vt 0.300290 3.352632
vt 0.300290 3.035983
vt 0.266801 3.338967
vt 0.266802 3.027522
vt 3.743083 -1.170715
vt 3.743083 -0.787038
vt 3.705242 -0.792880
vt 3.705227 -1.164691
vt 3.668654 -0.798651
vt 3.668648 -1.158876
vt 3.652264 -0.801229
vt 3.652260 -1.156271
vt 3.868491 3.272590
vt 3.868484 3.627619
vt 3.854280 3.629900
vt 3.854291 3.270371
vt 3.822430 3.635142
vt 3.822430 3.265523
vt 2.032481 2.452922
vt 2.034781 2.752957
vt 1.975003 2.778531
vt 1.972637 2.469860
vt 1.857734 2.795325
vt 1.855330 2.481781
vt -1.173768 0.547295
vt -0.831569 0.512673
vt 0.566726 -3.046117
vt 0.190856 -2.979439
vt -1.235220 1.828748
vt -0.905476 1.728721
vt -2.642816 -0.624770
vt -3.024666 -0.581183
vt -0.336089 2.931089
vt -0.593666 2.931082
vt -0.280254 -0.713500
vt 0.101669 -0.771393
vt 1.703181 2.750314
vt 1.700913 2.454596
vt -1.207781 0.395378
vt -0.885058 0.362484
vt -1.243918 1.669925
vt -0.932808 1.575235
vt -2.629884 -0.470539
vt -2.990154 -0.429138
vt 0.580278 -2.882096
vt 0.225759 -2.818871
vt -0.386799 3.087457
vt -0.629822 3.087456
vt -0.292817 -0.866866
vt 0.067459 -0.921747
vt 2.676203 -0.538968
vt 2.789039 -0.192528
vt 2.532192 -0.465430
vt 1.238641 -0.910207
vt 1.238862 -0.545798
vt 1.079534 -0.884145
vt 0.269085 -2.618966
vt -2.930153 -0.256837
vt 2.695232 0.518549
vt 2.752296 0.878449
vt 2.421607 0.876733
vt 2.542019 0.567353
vt 0.015648 -1.091016
vt -0.940475 1.391989
vt 2.461276 -0.139690
vt 2.380590 -0.388014
vt 0.912135 -0.595513
vt 0.912028 -0.856710
vt -1.171686 1.266095
vt -0.948766 1.198474
vt -2.608683 -0.104293
vt -2.866833 -0.074826
vt 2.380590 0.618772
vt 0.568846 -2.452976
vt 0.314770 -2.407903
vt -0.297083 -1.230730
vt -0.038869 -1.269864
vt -0.758065 2.247954
vt -0.758065 2.459899
vt -0.942062 2.396452
vt -0.942061 2.208747
vt -1.087284 2.386807
vt -1.087284 2.203640
vt -1.179749 2.383847
vt -1.179749 2.202452
vt -1.241514 2.372118
vt -1.241514 2.195366
vt 3.925650 -2.589568
vt 3.925650 -2.371825
vt 3.872969 -2.380072
vt 3.872973 -2.581181
vt 1.934056 1.363955
vt 1.771454 1.378437
vt 1.807183 1.265410
vt 1.952581 1.252455
vt -0.310205 -1.414252
vt -0.081569 -1.448905
vt -0.329233 -1.558162
vt -0.106119 -1.591978
vt -0.342092 -1.649710
vt -0.121085 -1.683212
vt -0.348472 -1.711104
vt -0.133144 -1.743739
vt -0.348421 -1.764543
vt -0.149539 -1.794682
vt -0.354556 -1.873860
vt -0.176722 -1.900814
vt -2.593921 0.080287
vt -2.822616 0.106400
vt -2.579158 0.224914
vt -2.802266 0.250382
vt -2.569494 0.316913
vt -2.790500 0.342127
vt -2.563770 0.378621
vt -2.779096 0.403203
vt -2.560928 0.432433
vt -2.759777 0.455131
vt -2.552763 0.542398
vt -2.730656 0.562706
vt -1.107960 0.017970
vt -1.339315 0.041378
vt -1.383690 -0.139915
vt -1.178792 -0.160645
vt -1.400927 -0.284254
vt -1.200995 -0.304475
vt -1.410486 -0.376253
vt -1.212439 -0.396290
vt -1.421198 -0.437399
vt -1.228282 -0.456920
vt 3.925285 -1.388857
vt 3.925285 -1.171032
vt 3.872762 -1.179110
vt 3.872881 -1.380275
vt -1.263701 -0.507261
vt -1.441916 -0.489233
vt -1.471780 -0.596793
vt -1.312389 -0.612915
vt 0.581898 -2.253792
vt 0.356882 -2.213874
vt 0.607182 -2.111400
vt 0.387602 -2.072447
vt 0.624477 -2.021923
vt 0.407031 -1.983342
vt 0.632385 -1.958545
vt 0.420502 -1.920958
vt 0.629504 -1.894410
vt 0.433810 -1.859693
vt 0.634344 -1.773079
vt 0.459363 -1.742025
vt 0.821754 2.417047
vt 0.992928 2.385316
vt 0.957739 2.582021
vt 0.806020 2.610157
vt 0.976921 2.726531
vt 0.828921 2.753973
vt 0.992928 2.817670
vt 0.846380 2.844842
vt 0.992149 2.881178
vt 0.849370 2.907650
vt -1.606251 2.855425
vt -1.589331 3.072533
vt -1.642364 3.068082
vt -1.657957 2.867507
vt 2.835847 1.395298
vt 2.968907 1.378437
vt 2.932055 1.495584
vt 2.813031 1.510669
vt -1.175356 1.074062
vt -0.977904 1.014164
vt -1.210284 0.932784
vt -1.017620 0.874332
vt -1.235094 0.843653
vt -1.044249 0.785754
vt -1.243859 0.781604
vt -1.057966 0.725211
vt 3.875247 -0.321205
vt 3.875247 -0.538969
vt 3.927396 -0.530850
vt 3.927399 -0.329697
vt 2.750228 -2.064865
vt 2.571774 -2.046078
vt 2.597676 -2.159425
vt 2.757280 -2.176230
vt 1.822667 1.068397
vt 1.954848 1.056624
vt 1.726134 1.075229
vt 3.868490 3.298362
vt 3.928562 3.265491
vt 3.928471 3.468063
vt 1.700913 1.272933
vt 2.263917 -0.789553
vt 2.275929 -0.591090
vt 2.149144 -0.802822
vt -0.375782 -2.067428
vt -0.214100 -2.091932
vt -0.007981 -1.927976
vt -0.060843 -2.116619
vt 2.923199 1.694615
vt 2.815019 1.708325
vt 2.659312 1.534091
vt 2.675297 1.729606
vt 2.603875 -2.356443
vt 2.748959 -2.371719
vt 1.673554 1.521085
vt 1.675753 1.721156
vt 1.526670 1.517981
vt 1.698437 1.842918
vt 1.514169 1.717710
vt 2.933800 -2.197295
vt 2.909389 -2.390855
vt 1.365906 1.500971
vt 0.660868 -1.574692
vt 0.807080 -1.588053
vt 0.795177 -1.787774
vt 2.171312 2.256110
vt 2.181634 2.452922
vt 2.021967 2.245407
vt -2.534497 0.736985
vt -1.503696 -0.789850
vt 2.461298 0.121474
vt -0.944549 2.533379
vt -0.760874 2.614429
vt -1.089712 2.520307
vt 2.789015 0.171943
vt 1.700913 2.965940
vt 1.855331 3.023923
vt 1.972637 3.003539
vt -2.354738 -0.129453
vt -2.368945 0.057993
vt -2.359639 0.203162
vt -2.275470 -0.505594
vt -2.267154 -0.661992
vt -2.286776 -0.777705
vt 0.802297 -2.474307
vt 0.788667 -2.272685
vt 0.808954 -2.129837
vt 0.906039 -2.911873
vt 0.912028 -3.077667
vt 0.877498 -3.183591
vt -1.596212 0.063758
vt -1.611222 -0.120090
vt -1.622952 -0.264906
vt -1.566312 0.426679
vt -1.553775 0.580399
vt -1.544338 0.697295
vt 1.105116 1.016037
vt 1.297108 1.422579
vt 0.872212 1.043579
vt 1.050059 0.821629
vt 0.843811 0.846024
vt 1.040310 0.677685
vt 0.838880 0.701475
vt 0.971909 1.460927
vt 1.337210 1.583527
vt 1.325450 1.694326
vt 0.992698 1.624265
vt 1.305381 1.746950
vt 0.986248 1.734425
vt -1.651180 1.622975
vt -1.700907 1.434649
vt -1.465121 1.637127
vt -1.490909 1.450619
vt -1.652444 1.768526
vt -1.470908 1.782333
vt 2.695640 1.238440
vt 2.380590 1.134665
vt -1.899741 1.056225
vt -1.934398 0.898927
vt -1.606811 1.078193
vt -1.909544 0.783087
vt -1.623743 0.922553
vt -1.879791 0.725211
vt -1.603728 0.806344
vt 1.826097 0.818270
vt 1.737590 0.824534
vt 2.162117 -1.052470
vt 2.267306 -1.040328
vt 1.947245 0.807480
vt 2.029841 -1.070348
vt 0.834868 -1.339639
vt 2.033849 1.996273
vt 2.170752 2.006067
vt 0.700837 -1.327390
vt 1.885267 1.983266
vt -0.258235 -2.336688
vt -0.406467 -2.314222
vt -0.117690 -2.359313
vt 2.598214 -2.606381
vt 1.549171 1.268482
vt 1.683767 1.271312
vt 1.401782 1.252872
vt 2.731191 -2.620376
vt 2.878271 -2.637928
vt 2.832035 1.958073
vt 2.931218 1.945502
vt 2.703965 1.977586
vt -2.942401 0.478925
vt 0.241234 -1.810065
vt -1.122579 -0.524322
vt 0.868483 -1.070449
vt 2.048382 1.724755
vt 2.173429 1.733699
vt 1.912625 1.712868
vt 0.746032 -1.059263
vt 1.779468 1.699090
vt 1.825534 0.545862
vt 1.744594 0.551592
vt 2.179815 -1.324222
vt 2.275929 -1.313127
vt 2.058954 -1.340559
vt 1.936213 0.536004
vt 1.925214 -1.360435
vt 2.854478 2.229736
vt 2.945098 2.218250
vt -2.270577 1.589692
vt -2.258798 1.317519
vt -2.161006 1.604076
vt -0.305500 -2.603760
vt -0.440865 -2.583278
vt 2.709963 -2.891316
vt 2.588463 -2.878526
vt 1.575465 0.997852
vt 1.698437 1.000434
vt 1.440722 0.983582
vt 0.912028 -0.765392
vt 2.067357 1.414660
vt 2.181634 1.422835
vt 0.800178 -0.755174
vt 1.818133 0.235029
vt 1.744265 0.240256
vt 1.919337 0.226015
vt 1.821548 1.391316
vt 1.943230 1.403797
vt 1.714187 1.378437
vt -2.190722 1.913103
vt 2.968907 2.528723
vt -2.290823 1.899963
vt -2.072951 1.929933
vt 1.972931 -1.667269
vt 2.095152 -1.648987
vt 2.205582 -1.634069
vt 1.850864 -1.687058
vt -0.481650 -2.890722
vt 2.571774 -3.188989
vt 1.485047 0.677685
vt 2.023526 -1.992180
vt 1.801851 -0.093574
vt 1.895996 -0.101959
vt 1.785579 -0.353860
vt 1.875280 -0.361850
vt 1.719993 -0.349239
vt 2.006338 -0.113058
vt 1.980612 -0.372432
vt 2.122155 -0.125753
vt 2.091031 -0.384548
vt 2.231921 -0.138823
vt 2.181397 -0.502427
vt 2.325106 -0.150994
vt 2.284515 -0.408613
vt 0.495315 1.337240
vt 0.496899 1.598061
vt 0.417651 1.337964
vt 0.422849 1.598749
vt 0.317100 1.341426
vt 0.326937 1.602052
vt 0.203418 1.347297
vt 0.218580 1.607644
vt 0.087855 1.354989
vt 0.108382 1.614979
vt -0.018438 1.363766
vt 0.006998 1.623350
vt 2.212993 1.794927
vt 2.234895 1.539763
vt 2.315984 1.812533
vt 2.333187 1.556561
vt 2.430645 1.822283
vt 2.442481 1.565854
vt 2.545698 1.823218
vt 2.552286 1.566755
vt 2.650054 1.815269
vt 2.651726 1.559164
vt 2.047786 -2.835987
vt 2.077272 -3.095131
vt 2.151184 -2.826175
vt 2.175893 -3.085771
vt 1.778066 -0.459729
vt 1.713688 -0.455191
vt 1.713450 -0.480106
vt 1.777425 -0.484634
vt 1.700913 -0.534346
vt 1.766225 -0.538968
vt 2.146699 -2.138919
vt 2.146699 -2.028293
vt 2.105535 -2.021206
vt 2.105524 -2.144833
vt 0.224790 1.713651
vt 0.331323 1.708191
vt 0.425655 1.704873
vt 0.498456 1.704197
vt 2.268757 -0.513593
vt 2.078493 -0.489928
vt 0.331832 1.733000
vt 0.226137 1.738456
vt 0.497610 1.729106
vt 2.075262 -0.514558
vt 0.337964 1.787740
vt 0.229985 1.793314
vt 0.356399 1.842523
vt 0.235703 1.848739
vt 2.088632 -3.200677
vt 2.555259 1.462579
vt 2.653135 1.455122
vt 2.447378 1.461702
vt 2.339833 1.452557
vt 2.555579 1.437888
vt 2.652616 1.430487
vt 2.341855 1.427942
vt 2.560225 1.385996
vt 2.659311 1.378436
vt 2.200920 2.778309
vt 2.221010 2.669510
vt 2.263038 2.670941
vt 2.240555 2.792499
vt 2.362794 2.673559
vt 2.334708 2.825794
vt 2.007135 -2.005438
vt 2.007104 -2.160207
vt 2.788803 0.016335
vt 2.800948 -0.106714
vt 2.900235 -0.112412
vt 2.885036 0.041655
vt 3.199124 0.911070
vt 3.093046 0.915173
vt 3.196545 0.833978
vt 3.090426 0.836773
vt 3.195190 0.736744
vt 3.220034 0.736020
vt 3.089050 0.737915
vt 3.195186 0.628919
vt 3.220044 0.629071
vt 3.089046 0.628259
vt 3.275107 0.629432
vt 3.275113 0.738671
vt 3.331112 0.629861
vt 3.331096 0.751944
vt 3.088911 0.599737
vt 3.076962 0.722781
vt 2.977226 0.728819
vt 2.992314 0.574748
vt 3.196537 0.521027
vt 3.221384 0.522055
vt 2.819506 0.738330
vt 2.839354 0.535167
vt 2.752296 0.742520
vt 2.774280 0.518549
vt -0.181823 3.695780
vt -0.181823 3.473573
vt -0.121303 3.473948
vt -0.121308 3.694417
vt 2.863369 0.937694
vt 3.010518 0.880005
vt 2.966815 1.113741
vt 2.914587 1.156376
vt 2.800752 0.962291
vt 2.904495 3.225033
vt 2.904490 3.024291
vt 2.965022 3.026366
vt 2.965022 3.225531
vt 2.520702 2.677903
vt 2.493917 2.475491
vt 2.558394 2.456793
vt 2.587903 2.679890
vt -1.044037 3.357962
vt -1.035108 3.135671
vt -0.975384 3.140341
vt -0.984256 3.360975
vt 3.057295 -0.121446
vt 3.037292 0.081696
vt 3.123572 -0.125013
vt 3.101454 0.098959
vt 2.530805 3.721465
vt 2.530805 3.501502
vt 2.591347 3.502961
vt 2.591341 3.721107
vt 3.013552 -0.320842
vt 2.867090 -0.263644
vt 2.910365 -0.496965
vt 2.788803 -0.397199
vt 2.961598 -0.538969
vt 3.075312 -0.344802
vt -0.972688 3.779698
vt -0.972698 3.629612
vt -0.912110 3.631179
vt -0.912110 3.780012
vt 2.181634 2.901216
vt 3.814790 -2.698430
vt 3.870586 -2.723937
vt 3.814790 -2.599744
vt 3.870586 -2.613643
vt -2.365318 0.413040
vt -2.351991 0.357637
vt -2.352032 0.295364
vt -1.639785 -0.471975
vt -1.635418 -0.418741
vt -1.630407 -0.357091
vt -1.689445 3.263661
vt 3.871457 -2.184670
vt 3.933227 -2.196571
vt 3.871457 -2.009031
vt -1.640306 3.284247
vt 3.933225 -2.016199
vt 2.539303 2.147926
vt 0.827092 -1.976338
vt 0.824300 -2.040179
vt 0.947849 3.317210
vt 0.884833 3.327997
vt 0.924492 3.123105
vt 0.860869 3.128623
vt -1.243857 2.500981
vt -1.182154 2.516217
vt -1.648767 -0.581377
vt -1.664562 -0.775835
vt -2.377752 0.525060
vt -2.375399 0.721216
vt -2.259558 0.869894
vt -2.290823 0.755429
vt -2.115613 0.888793
vt -2.129957 0.776544
vt -2.252025 1.067427
vt -2.121161 1.084642
vt -2.138978 1.333182
vt 0.501788 -1.546470
vt 0.555025 -1.301535
vt 0.612819 -1.035627
vt 2.651367 2.139370
vt 2.118160 -2.498940
vt 2.007018 -2.509490
vt 2.415588 2.146888
vt 2.292344 2.136432
vt -0.053758 1.036592
vt 2.181634 2.117508
vt 0.060423 1.027165
vt 0.184749 1.018884
vt 0.306907 1.012578
vt 0.414973 1.008859
vt 2.380589 0.173307
vt 0.498456 1.008080
vt 2.280480 0.186385
vt 2.162347 0.200447
vt -2.032252 1.622472
vt 2.483563 2.878539
vt -1.035113 3.559926
vt 2.547057 2.901216
vt -0.975383 3.561270
vt 3.088911 1.013526
vt 0.678380 -0.733568
vt -0.357920 -2.909475
vt 2.886083 2.539224
vt 2.737459 2.247564
vt 2.682801 -3.200678
vt 2.844352 -2.907350
vt -1.186217 -0.628164
vt -1.358832 -0.804504
vt -2.893953 0.583981
vt -2.696092 0.755428
vt 1.739569 1.968306
vt 1.859957 2.231241
vt 1.883440 -1.092218
vt 2.004869 -0.822303
vt 1.700913 2.214931
vt 3.090420 0.518549
vt 1.845165 -0.846160
vt 1.337210 1.699018
vt 2.241418 -2.488966
vt 2.265862 -2.816895
vt 2.285254 -3.076921
vt -0.599674 -2.873940
vt -0.570071 -2.564906
vt -0.547889 -2.294113
vt -0.530053 -2.045492
vt -0.524260 -1.849729
vt 2.380569 -2.809057
vt 2.394657 -3.069446
vt 2.484088 -2.803428
vt 2.493377 -3.064079
vt 2.566302 -2.800566
vt 2.571773 -3.061347
vt 3.580680 -0.909889
vt 3.578241 -1.170715
vt 3.649510 -0.911910
vt -0.543413 -1.195704
vt -0.528379 -1.383230
vt -0.542132 -1.527890
vt -0.591091 -1.001833
vt -0.636476 -0.818277
vt -1.243858 1.472253
vt -1.246222 1.656288
vt -1.253009 1.285493
vt -1.261875 1.108694
vt -1.258299 0.954539
vt -1.243858 0.837844
vt 1.562422 2.060485
vt 1.684366 2.447184
vt 1.325354 2.029416
vt 1.539119 1.870432
vt 1.329190 1.842918
vt 1.339778 2.221586
vt 1.698437 2.605284
vt 1.353490 2.403520
vt 1.670544 2.719631
vt 1.347773 2.559328
vt 1.325354 2.674390
vt 1.564607 -0.595507
vt 1.238453 -0.545769
vt 1.564493 -0.856684
vt -2.169776 0.041707
vt -2.129742 -0.147862
vt 1.397313 -0.884145
vt -1.961667 -0.531046
vt 1.238641 -0.910207
vt -1.934399 -0.689212
vt -1.959178 -0.804504
vt 0.614177 1.052170
vt 0.615207 0.853633
vt 0.612937 1.268125
vt 0.611819 1.472666
vt 0.611020 1.636984
vt 0.610517 1.746950
vt -1.853530 0.082929
vt -1.839127 -0.103113
vt -1.890346 0.273091
vt -1.925387 0.453118
vt -1.934398 0.608759
vt -1.919072 0.725212
vt 2.380590 0.369816
vt 3.369499 3.257566
vt 3.389687 3.455095
vt 3.211521 3.215831
vt 3.211327 3.407977
vt 2.532222 0.446096
vt 3.483762 3.165267
vt 3.328233 3.215831
vt 3.483762 2.907861
vt 2.676252 0.518549
vt 3.211357 3.195699
vt 3.328239 2.942941
vt 3.211360 2.926986
vt 2.124765 1.344795
vt 3.598897 -3.182428
vt 3.721399 -3.200676
vt 3.661698 -3.012915
vt 3.599035 -2.998956
vt 3.886163 0.091886
vt 3.818162 0.098360
vt 3.837082 -0.103281
vt 3.886084 -0.124307
vt -1.946422 0.912966
vt -2.222776 0.512378
vt -1.826049 -0.568166
vt -1.016574 -0.180248
vt -1.042705 -0.323611
vt -0.760156 0.944795
vt -0.805147 0.806646
vt 0.135381 -1.483829
vt 0.105502 -1.626045
vt 0.610517 2.651508
vt 0.638111 2.794334
vt 0.135381 -2.156801
vt 0.171587 -2.016773
vt -3.032567 0.133749
vt -3.007136 0.277074
vt -1.089713 1.988611
vt -1.182155 1.989499
vt -1.243858 1.987870
vt 2.659311 2.447424
vt 2.536669 2.456792
vt 0.031672 0.717824
vt 0.167647 0.708773
vt -0.636476 -3.200677
vt 3.652261 -0.582926
vt 2.564338 -2.471414
vt 3.578241 -0.580740
vt 2.476031 -2.474317
vt 2.571773 -2.160207
vt 2.475079 -2.163579
vt 3.925895 -1.393528
vt 3.872762 -1.388857
vt 3.872762 -1.604671
vt -2.377528 3.324119
vt -2.434637 3.125395
vt -2.377528 3.100793
vt -1.689445 2.654161
vt 3.931529 -1.796549
vt 3.931529 -1.608344
vt 3.869461 -1.613380
vt 3.851088 0.519935
vt 3.906849 0.520548
vt 3.910426 0.726759
vt 3.851088 0.744216
vt 0.916907 2.907911
vt 0.853081 2.907650
vt 0.979600 2.908106
vt 3.922489 2.274907
vt 3.860469 2.283699
vt 3.922489 2.075613
vt 3.860467 2.079041
vt 3.912474 1.104991
vt 3.877910 0.890047
vt 3.930714 0.890047
vt 2.908690 3.746127
vt 2.846594 3.758679
vt 2.908693 3.592295
vt 2.846594 3.600757
vt 3.894373 -3.014962
vt 3.927154 -2.799670
vt 3.874052 -2.799670
vt -3.016324 -1.633702
vt 3.318741 0.918265
vt 3.282948 0.915998
vt 3.244189 0.915219
vt 3.210231 0.915173
vt 3.173833 0.915359
vt 3.138896 0.915855
vt 3.105598 0.917825
vt 3.720065 -0.536225
vt 3.682838 -0.530378
vt 3.656333 -0.526184
vt 3.868166 -0.533172
vt 3.845255 -0.536635
vt 0.118179 -0.624550
vt 0.109117 -0.713051
vt 0.084745 -0.846560
vt 0.041721 -1.006364
vt -0.011452 -1.180418
vt -0.642239 -0.447831
vt -0.642008 -0.134414
vt -0.642239 -0.133690
vt -0.060115 -1.359356
vt -2.885333 3.881464
vt -2.885256 3.808598
vt -2.885256 3.954386
vt -0.126952 -1.713484
vt -2.972531 3.901091
vt -2.972531 3.808598
vt -2.972334 3.901000
vt -2.406099 3.112989
vt -0.034311 -2.022259
vt -1.943857 1.312949
vt -1.943652 1.444217
vt -1.943857 1.444581
vt -1.940960 1.084584
vt -1.940688 1.205006
vt -1.940960 1.204928
vt -1.945102 1.225212
vt -1.944860 1.345512
vt -1.945102 1.345742
vt -0.419814 -2.900257
vt 0.911451 -0.733568
vt 0.911451 -0.614949
vt 0.911128 -0.615120
vt -1.935557 0.755428
vt -1.935245 0.873845
vt -1.935557 0.874156
vt -0.558951 -3.045797
vt -3.018259 3.808598
vt -3.018259 3.902703
vt -3.018516 3.808699
vt -0.641770 1.271059
vt -0.641770 1.382254
vt -0.642026 1.382118
vt -1.941203 1.084204
vt -1.941203 1.185330
vt -1.941527 1.084300
vt -0.640217 1.041962
vt -0.640217 1.152605
vt -0.640528 1.042172
vt -0.637308 1.079713
vt -0.637308 1.200897
vt -0.637580 1.079917
vt -1.944859 1.092946
vt -1.944859 1.225213
vt -1.945102 1.093156
vt -1.944249 1.203992
vt -1.944249 1.349692
vt -1.944453 1.204188
vt -2.836163 3.861945
vt -2.836163 3.808598
vt -2.836030 3.835307
vt -0.345406 -1.680403
vt -0.335786 -1.603939
vt -0.536001 -1.289499
vt -1.941527 0.755429
vt -1.941527 0.966938
vt -1.941712 0.755715
vt -3.010869 3.978823
vt -3.010869 3.808599
vt -3.010735 3.893772
vt -0.637659 0.335334
vt -0.637659 0.649444
vt -0.637828 0.335907
vt -3.003186 3.970298
vt -3.003186 3.808598
vt -3.003051 3.889503
vt -0.639827 0.272871
vt -0.639827 0.637298
vt -0.639975 0.273577
vt -1.940050 1.066142
vt -1.940050 1.223198
vt -1.940263 1.066336
vt -0.270289 -0.655609
vt -0.253001 -0.568326
vt 3.845243 -0.171637
vt 3.868184 -0.175443
vt 3.656325 -0.168141
vt 3.682838 -0.164017
vt 3.720047 -0.158084
vt 3.105583 1.305053
vt 3.138879 1.306872
vt 3.173813 1.307396
vt 3.210212 1.307525
vt 3.244173 1.307558
vt 3.282925 1.306851
vt 3.318728 1.304719
vt -2.853308 -1.292831
vt -2.818910 -1.316656
vt -2.593423 -1.019564
vt 0.496632 3.025892
vt 0.460938 3.033038
vt 0.422217 3.035845
vt 0.388267 3.036632
vt 0.351869 3.036863
vt 0.316921 3.036265
vt 0.283552 3.031500
vt 3.724093 -1.167966
vt 3.686869 -1.162045
vt 3.660385 -1.157836
vt 3.861473 3.271220
vt 3.838442 3.267687
vt 2.002569 2.461134
vt 1.914008 2.475567
vt 1.778157 2.467944
vt 0.902279 -0.639073
vt 0.902044 -0.544484
vt 0.902044 -0.733568
vt -3.018516 3.908424
vt -3.018637 4.008245
vt -3.018637 3.808598
vt -0.637659 0.335348
vt -0.637485 0.634161
vt -0.637659 0.634741
vt -0.850019 2.228226
vt -0.641289 0.507906
vt -0.641102 0.768456
vt -0.641289 0.769108
vt -1.014640 2.206065
vt -1.135917 1.988905
vt -1.212996 1.988543
vt -2.905583 3.862305
vt -2.905583 3.808598
vt -2.905348 3.808746
vt 1.953840 1.154578
vt 1.951174 0.932107
vt -0.642589 1.116545
vt -0.642385 1.272158
vt -0.642589 1.272521
vt 1.941858 0.671790
vt -1.936193 0.993857
vt -1.935950 1.136516
vt -1.936193 1.136885
vt 1.927905 0.381071
vt 0.609147 0.979056
vt 0.609418 1.109514
vt 0.609147 1.109757
vt 1.907795 0.062097
vt -1.936416 0.755428
vt -1.936106 0.874616
vt -1.936416 0.874859
vt 1.951304 -0.107353
vt 2.221437 0.193575
vt 2.330560 0.180005
vt 0.456636 1.008313
vt 0.360856 1.010563
vt 0.245791 1.015570
vt 0.905091 -0.599840
vt 0.905091 -0.733568
vt 0.905401 -0.600114
vt 0.099657 0.713160
vt -1.939435 1.170331
vt -1.939708 1.045491
vt -1.939435 1.045286
vt 0.003295 1.031718
vt 2.236975 2.127133
vt 2.353960 2.141833
vt 2.598049 2.452245
vt -0.639509 1.196188
vt -0.639779 1.073927
vt -0.639509 1.073693
vt 2.062597 -2.504052
vt 2.179803 -2.493787
vt 0.911127 -0.610114
vt 0.910816 -0.733314
vt 0.911127 -0.733568
vt 2.323231 -2.812810
vt 2.475474 -2.319112
vt 0.910502 -0.611255
vt 0.910502 -0.733568
vt 0.910817 -0.611505
vt 2.523456 -2.161758
vt -3.004477 3.808598
vt -3.004207 3.890091
vt -3.004477 3.890270
vt 3.615247 -0.581670
vt 3.651001 -0.747348
vt -1.938631 1.118873
vt -1.938320 1.220728
vt -1.938631 1.220939
vt -3.020381 3.808598
vt -3.020381 3.903533
vt -3.020638 3.903418
vt -1.934770 1.114511
vt -1.934432 1.209283
vt -1.934770 1.209501
vt 2.532559 -3.062765
vt -2.831656 3.808599
vt -2.831656 3.919651
vt -2.831716 3.864168
vt -2.789309 3.820964
vt -2.789351 3.833315
vt -2.789351 3.808598
vt 3.842683 -2.606626
vt 2.409080 2.852280
vt -2.825508 3.845147
vt -2.825592 3.881559
vt -2.825592 3.808598
vt -2.826291 3.838896
vt -2.826393 3.869165
vt -2.826393 3.808598
vt 2.526145 2.466068
vt -1.937613 1.162595
vt -1.937613 1.004620
vt -1.937392 1.162400
vt -2.833470 3.856732
vt -2.833470 3.808598
vt -2.833329 3.832647
vt 2.340719 1.440225
vt 2.336388 1.504521
vt 0.225372 1.726038
vt 0.227986 1.765877
vt 0.232775 1.821026
vt 2.836866 0.029044
vt 3.069334 0.090403
vt 2.561054 3.721385
vt 2.561085 3.502149
vt -2.834062 3.838867
vt -2.833949 3.808598
vt -2.833949 3.869189
vt -0.942398 3.630312
vt 2.935942 -0.518067
vt 2.849608 -0.447207
vt 0.334983 1.760377
vt 2.076807 -0.502242
vt 2.084627 -0.437245
vt 1.771885 -0.511793
vt -2.831051 3.840510
vt -2.830947 3.808598
vt -2.830947 3.872546
vt 2.056382 -2.152638
vt 2.007017 -2.082725
vt 0.903815 -0.575922
vt 0.903815 -0.733568
vt 0.904078 -0.733242
vt 2.056309 -2.013182
vt -2.795896 3.808598
vt -2.795896 3.864113
vt -2.795938 3.836347
vt 3.303097 0.745361
vt 3.040677 0.587185
vt 2.915968 0.554896
vt -0.641068 0.582374
vt -0.640830 0.786122
vt -0.641068 0.786546
vt -0.151583 3.695199
vt -0.151555 3.473639
vt 2.785906 0.740546
vt 2.934738 3.225390
vt -2.856814 3.808599
vt -2.856814 3.868344
vt -2.856965 3.838463
vt 2.940708 1.135139
vt 3.208968 0.521494
vt -2.846301 3.808598
vt -2.846301 3.912379
vt -2.846378 3.860471
vt 3.089596 0.573424
vt 3.088911 0.683107
vt 3.089603 0.787377
vt 3.091604 0.876006
vt 1.781190 0.237481
vt -0.641074 1.328778
vt -0.641074 1.239798
vt -0.640749 1.328603
vt 2.227857 -1.318843
vt 2.150357 -1.641698
vt -0.637077 1.353315
vt -0.637077 1.265471
vt -0.636752 1.265565
vt -0.637267 1.405299
vt -0.637580 1.317632
vt -0.637267 1.317429
vt -1.940304 1.338144
vt -1.940304 1.223198
vt -1.940050 1.337914
vt -1.938575 1.335803
vt -1.938575 1.220938
vt -1.938320 1.221048
vt 1.911896 -1.677324
vt -0.641641 1.049698
vt -0.641641 0.938419
vt -0.641317 1.049489
vt 0.908046 -0.585564
vt 0.908046 -0.733568
vt 0.908319 -0.585849
vt 1.864233 -0.969271
vt 0.909448 -0.572108
vt 0.909448 -0.733569
vt 0.909693 -0.572419
vt 1.925042 -0.834132
vt 2.077053 -0.812451
vt 3.899271 -2.375804
vt -0.642589 0.971985
vt -0.642589 1.173157
vt -0.642765 0.972334
vt -2.815614 3.808599
vt -2.815614 3.870152
vt -2.815698 3.839318
vt 2.877661 3.596425
vt -2.928227 3.808598
vt -2.928164 3.920251
vt -2.928227 4.032165
vt -2.953259 3.808598
vt -2.953259 3.901131
vt -2.953435 3.900947
vt -2.913334 3.808598
vt -2.913334 3.954323
vt -2.913424 3.881416
vt -1.944655 1.272798
vt -1.944655 1.418300
vt -1.944848 1.418000
vt 3.211327 3.311830
vt 0.608823 0.941626
vt 0.608823 0.708773
vt 0.609008 0.941132
vt 2.456310 0.408079
vt -0.638572 0.615329
vt -0.638572 0.335316
vt -0.638383 0.614714
vt -3.027636 3.808598
vt -3.027636 4.008220
vt -3.027763 3.908292
vt -0.641811 -0.447831
vt -0.641811 -0.083403
vt -0.642007 -0.447144
vt 3.406039 2.925228
vt 3.269832 2.934796
vt -2.992054 3.808598
vt -2.992054 3.871581
vt -2.992377 3.808778
vt 3.838415 3.632666
vt 3.861432 3.628970
vt 3.660387 -0.799793
vt 3.686887 -0.795551
vt 3.724101 -0.789746
vt 0.283535 3.345938
vt 0.316904 3.353811
vt -2.800845 3.808598
vt -2.800845 3.845240
vt -2.800932 3.826911
vt 0.388248 3.355167
vt -2.798370 3.808598
vt -2.798370 3.840372
vt -2.798458 3.824484
vt 0.460915 3.350361
vt -2.800470 3.828954
vt -2.800470 3.808598
vt -2.800317 3.818742
vt -2.261118 -0.839559
vt -2.247346 -0.879193
vt -1.516101 -0.820929
vt -2.811150 3.818804
vt -2.810925 3.808598
vt -2.810925 3.829182
vt 0.658813 3.264061
vt 0.697476 3.267478
vt 0.731413 3.268301
vt 0.767809 3.268363
vt 0.802768 3.267357
vt 0.836241 3.260906
vt 3.754284 0.910939
vt 3.717100 0.916926
vt 3.690737 0.921240
vt 3.853390 2.081427
vt 3.830160 2.077901
vt -0.840790 0.661349
vt -0.832346 0.571665
vt -0.858164 0.437600
vt 1.159033 -0.897363
vt 0.995778 -0.870573
vt -0.641501 -0.447831
vt -0.641289 -0.134318
vt -0.641501 -0.133727
vt -1.143272 -0.071304
vt 0.609307 0.708773
vt 0.609470 0.969322
vt 0.609307 0.969866
vt -1.097595 -0.170363
vt -1.029583 -0.251902
vt -1.220268 -0.426602
vt 3.899002 -1.384706
vt 3.861521 -0.113917
vt -3.004758 3.808598
vt -3.004758 3.915629
vt -3.004964 3.915414
vt -1.431314 -0.797297
vt -0.638381 1.394879
vt -0.638381 1.279862
vt -0.638137 1.279953
vt -1.584179 -0.782960
vt 0.909694 -0.572108
vt 0.909694 -0.733569
vt 0.909939 -0.572419
vt -1.737450 -0.574864
vt -2.824266 3.808598
vt -2.824266 3.882276
vt -2.824347 3.845379
vt -1.633021 -0.387921
vt -2.998007 3.808598
vt -2.998007 3.901103
vt -2.998236 3.808692
vt -2.998652 3.808598
vt -2.998652 3.901065
vt -2.998881 3.900872
vt -1.617214 -0.192529
vt -1.937399 1.162596
vt -1.937399 1.307911
vt -1.937612 1.307624
vt -0.638627 1.316098
vt -0.638627 1.520281
vt -0.638759 1.418102
vt -0.637085 0.929775
vt -0.637085 0.668622
vt -0.636913 0.929232
vt -1.872042 0.177971
vt -0.637485 0.615220
vt -0.637485 0.335348
vt -0.637298 0.614744
vt -1.907991 0.363069
vt -1.930044 0.530911
vt -2.990644 3.921548
vt -2.990644 3.808598
vt -2.990466 3.865047
vt -2.993864 3.808603
vt -2.993864 3.868993
vt -2.994205 3.808598
vt 3.830172 2.442852
vt 3.853323 2.439103
vt 3.690704 1.279266
vt 3.717042 1.283314
vt -2.826002 3.808598
vt -2.826002 3.845047
vt -2.826171 3.826755
vt 0.836258 2.916073
vt 0.802789 2.919160
vt 0.767825 2.919345
vt 0.731431 2.918960
vt 0.697496 2.918204
vt 0.658836 2.916039
vt 0.623283 2.910876
vt -1.175226 -0.983950
vt -1.199104 -1.018490
vt -0.722137 -1.575753
vt 2.194387 3.259315
vt 2.229931 3.254221
vt 2.268599 3.252064
vt 2.302531 3.251315
vt 2.338926 3.250932
vt 2.373890 3.251127
vt 2.407358 3.254165
vt 3.742596 2.456521
vt 3.779561 2.450514
vt 3.805930 2.446230
vt -0.676692 2.978056
vt -0.653501 2.981726
vt -0.849172 1.865252
vt -0.884322 1.783551
vt -0.918949 1.651959
vt -0.936473 1.483606
vt -0.640727 0.268905
vt -0.640883 -0.090546
vt -0.640727 -0.091275
vt -0.944470 1.295234
vt -0.640727 0.579355
vt -0.640903 0.269527
vt -0.640727 0.268906
vt -0.963206 1.106324
vt -0.639379 0.787969
vt -0.639566 0.527368
vt -0.639379 0.526821
vt -0.868956 0.979553
vt -0.782540 0.875717
vt -1.050994 0.755462
vt -2.997778 3.808598
vt -2.997778 3.901103
vt -2.998007 3.808692
vt 3.880774 0.735595
vt 2.753858 -2.120534
vt 2.893918 -2.514341
vt -0.643298 1.234746
vt -0.643502 1.073703
vt -0.643298 1.073367
vt 2.861384 -2.772592
vt -0.640830 1.083947
vt -0.641074 0.936339
vt -0.640830 0.936031
vt 0.903501 -0.598442
vt 0.903501 -0.733568
vt 0.903816 -0.733432
vt -1.934448 1.005961
vt -1.934719 0.871103
vt -1.934448 0.870822
vt 2.627247 -3.194991
vt 0.908804 -0.609787
vt 0.908804 -0.733568
vt 0.909127 -0.733436
vt -1.937877 0.868264
vt -1.937877 0.755428
vt -1.937543 0.868001
vt 1.636907 0.998974
vt 0.909939 -0.609982
vt 0.909939 -0.733568
vt 0.910259 -0.610255
vt 1.462767 0.830535
vt 0.906394 -0.610015
vt 0.906394 -0.733568
vt 0.906725 -0.733530
vt 0.904079 -0.598385
vt 0.904079 -0.733568
vt 0.904386 -0.598658
vt 0.908319 -0.585571
vt 0.908319 -0.733568
vt 0.908590 -0.585838
vt 0.910259 -0.572087
vt 0.910259 -0.733568
vt 0.910501 -0.572357
vt -1.939106 1.057617
vt -1.939106 0.879943
vt -1.938901 1.057351
vt -2.857430 3.808598
vt -2.857430 3.876367
vt -2.857563 3.842412
vt 0.948270 2.907881
vt 0.885014 2.907650
vt 0.856928 3.018142
vt 0.841270 0.773718
vt -0.638383 0.860930
vt -0.638383 1.005733
vt -0.638637 1.005432
vt 0.613436 1.160092
vt -0.641503 0.176499
vt -0.641503 -0.133726
vt -0.641290 0.176000
vt -0.642443 -0.087902
vt -0.642443 -0.447831
vt -0.642239 -0.088534
vt 0.611224 1.554776
vt 0.610630 1.691936
vt -2.988900 3.808598
vt -2.988900 3.859183
vt -2.989293 3.808632
vt -0.653481 2.616760
vt -0.676746 2.620354
vt 3.805902 2.088214
vt 3.779633 2.084086
vt 3.742593 2.078383
vt -2.827211 3.808598
vt -2.827211 3.846345
vt -2.827376 3.827429
vt -2.821070 3.808598
vt -2.821070 3.841599
vt -2.821243 3.825099
vt -2.849397 3.808598
vt -2.849397 3.844499
vt -2.849631 3.826550
vt -2.824553 3.808598
vt -2.824553 3.843750
vt -2.824724 3.826186
vt -2.816960 3.808598
vt -2.816960 3.839305
vt -2.817131 3.823968
vt -2.871268 3.851889
vt -2.871268 3.808598
vt -2.871035 3.830212
vt -2.813982 3.833363
vt -2.813982 3.808598
vt -2.813782 3.820857
vt -0.653685 -1.947375
vt -0.695600 -1.948388
vt -0.866057 -2.661720
vt -2.641409 3.100489
vt -2.609760 3.099288
vt -2.573126 3.097836
vt -2.540240 3.096630
vt -2.504690 3.095208
vt -2.470184 3.093967
vt -2.435289 3.092601
vt -2.396286 3.091129
vt 3.807273 1.670021
vt 3.833582 1.665748
vt 3.830306 -1.645557
vt 3.853397 -1.641874
vt 0.161879 -3.111851
vt 0.179005 -3.033149
vt 0.208090 -2.899145
vt 0.247209 -2.718921
vt 0.291783 -2.513452
vt -0.639592 0.218932
vt -0.639798 -0.090786
vt -0.639592 -0.091467
vt 0.335615 -2.310894
vt -0.639379 0.526820
vt -0.639591 0.269271
vt -0.639379 0.268735
vt 0.153392 -2.086788
vt 0.413617 -1.952132
vt 0.427012 -1.890316
vt 0.480419 -1.644269
vt 0.528262 -1.424023
vt -0.637336 1.079713
vt -0.637580 0.931842
vt -0.637336 0.931565
vt -1.935677 0.890739
vt -1.935950 0.755699
vt -1.935677 0.755428
vt 0.739436 -0.744231
vt 0.906725 -0.610015
vt 0.906725 -0.733568
vt 0.907056 -0.733530
vt -0.639509 0.927040
vt -0.639807 0.803638
vt -0.639509 0.803496
vt 0.856259 -0.760143
vt 2.124496 1.418585
vt 0.909127 -0.608955
vt 0.909127 -0.733568
vt 0.909448 -0.609280
vt 1.980450 1.718645
vt 1.882379 1.397393
vt 0.907056 -0.609063
vt 0.907056 -0.733568
vt 0.907381 -0.733429
vt -1.938901 0.879943
vt -1.939209 0.755754
vt -1.938901 0.755428
vt 1.767905 1.384715
vt 0.901630 -0.540367
vt 0.901630 -0.623246
vt 0.901959 -0.540476
vt 1.746745 1.538892
vt -1.945470 1.110903
vt -1.945470 0.981699
vt -1.945199 1.110666
vt -1.946074 1.168268
vt -1.946074 1.027279
vt -1.945829 1.168011
vt 1.780458 2.223184
vt 1.941003 2.238433
vt 0.712463 -1.841137
vt 0.631066 -1.926480
vt -2.821243 3.808599
vt -2.821243 3.864003
vt -2.821346 3.836268
vt 3.891493 2.077221
vt -0.639863 1.434078
vt -0.639863 1.341553
vt -0.639573 1.433984
vt 3.860414 2.181433
vt -2.897853 3.808599
vt -2.897853 3.954163
vt -2.897937 3.881338
vt -1.940536 1.239815
vt -1.940536 1.094446
vt -1.940316 1.094744
vt 1.327161 1.936104
vt -0.639807 0.803497
vt -0.639807 0.543635
vt -0.639621 0.802999
vt 1.332392 2.125431
vt 1.346447 2.312482
vt -0.640153 0.271228
vt -0.640153 -0.091467
vt -0.639975 0.270502
vt 1.350443 2.481358
vt 1.336380 2.616802
vt -3.012219 3.868371
vt -3.012219 3.808599
vt -3.011834 3.868252
vt 3.853401 -2.006859
vt 3.830289 -2.003312
vt 3.833592 1.307708
vt 3.807306 1.303530
vt -2.396264 2.717352
vt -2.435268 2.709790
vt -2.470164 2.707383
vt -2.504672 2.707814
vt -2.540220 2.708833
vt -2.573112 2.710171
vt -2.609737 2.712970
vt -2.819561 3.829068
vt -2.819561 3.808599
vt -2.819292 3.818805
vt -1.126498 -2.935591
vt -1.152078 -2.902339
vt -2.278100 3.175982
vt -2.242597 3.179808
vt -2.203947 3.181174
vt -2.170017 3.181388
vt -2.133623 3.181275
vt -2.098660 3.180641
vt -2.065161 3.177737
vt 3.757921 -0.157900
vt 3.794814 -0.163714
vt 3.821186 -0.167785
vt 3.833965 -2.226068
vt 3.856975 -2.222322
vt -3.031664 -0.728218
vt -3.028850 -0.639660
vt -3.007577 -0.505179
vt -2.960332 -0.343010
vt -1.938906 1.323143
vt -1.938782 1.202360
vt -1.938782 1.443949
vt -0.641602 0.199221
vt -0.641811 -0.114251
vt -0.641602 -0.114806
vt -0.638189 0.918229
vt -0.638377 0.679983
vt -0.638189 0.679424
vt -2.927658 0.119986
vt -0.641402 1.386607
vt -0.641589 1.458708
vt -0.641589 1.314427
vt -2.950493 3.872486
vt -2.950493 3.808598
vt -2.950245 3.872435
vt -1.935744 1.230107
vt -1.935950 1.068413
vt -1.935744 1.068523
vt -2.615251 0.746324
vt -0.641076 0.936031
vt -0.641076 0.786546
vt -0.640830 0.786751
vt -2.454893 0.729218
vt -0.643039 1.177469
vt -0.643039 1.036480
vt -0.642794 1.177212
vt -2.300259 0.518814
vt -3.023538 3.928068
vt -3.023538 3.808599
vt -3.023331 3.927882
vt -2.358525 0.385337
vt -2.351880 0.326501
vt -2.942129 3.901124
vt -2.942129 3.808598
vt -2.941965 3.901033
vt -2.951187 3.901103
vt -2.951187 3.808598
vt -2.951015 3.808789
vt -2.937415 3.954398
vt -2.937415 3.808598
vt -2.937313 3.881547
vt -1.939106 1.424935
vt -1.939106 1.279338
vt -1.938916 1.279620
vt -2.951870 4.009550
vt -2.951870 3.808598
vt -2.951790 3.909159
vt 1.480987 -0.870524
vt -0.639980 0.271228
vt -0.639980 0.585340
vt -0.640153 0.271828
vt 1.318065 -0.897312
vt -0.640553 -0.091275
vt -0.640553 0.273112
vt -0.640715 -0.090582
vt -1.947895 -0.610102
vt -1.946639 -0.746839
vt -2.939388 3.808598
vt -2.939388 3.876340
vt -2.939610 3.808789
vt 3.857050 -2.587345
vt 3.834071 -2.583821
vt 3.821179 -0.525816
vt 3.794900 -0.530031
vt 3.757885 -0.536090
vt -2.065146 2.792352
vt -2.098641 2.791564
vt -2.133607 2.791188
vt -2.170002 2.790937
vt -2.203932 2.790846
vt -2.242571 2.790931
vt -2.278087 2.791514
vt -2.203896 -3.133905
vt -2.192024 -3.093748
vt -2.817646 -2.711047
vt -2.839178 -2.727607
vt 1.348004 3.431136
vt 1.386499 3.426300
vt 1.420383 3.424436
vt 1.456749 3.423211
vt 1.491738 3.423251
vt -2.813674 3.827380
vt -2.813544 3.808598
vt -2.813544 3.846313
vt 3.764271 1.687338
vt 3.727111 1.693050
vt 3.700746 1.697119
vt 3.870773 0.896079
vt 3.847880 0.892404
vt -0.624333 2.785228
vt -0.602929 2.872801
vt -0.611904 3.009233
vt 2.618633 0.542751
vt -0.642554 1.009145
vt -0.642386 0.901662
vt -0.642386 1.116545
vt -2.974271 3.908984
vt -2.974180 3.808598
vt -2.974180 4.009551
vt 0.624177 2.722918
vt 0.847775 2.876250
vt -2.941965 3.901124
vt -2.941965 3.808598
vt -2.941800 3.901033
vt 3.900484 -1.610739
vt 2.824352 1.452969
vt 2.667236 1.631814
vt -0.639509 1.073692
vt -0.639757 0.927262
vt -0.639509 0.927041
vt 2.811716 2.393481
vt 0.905727 -0.599539
vt 0.905727 -0.733568
vt 0.906034 -0.733488
vt -0.641317 0.938420
vt -0.641591 0.804645
vt -0.641317 0.804444
vt 2.927497 2.534140
vt -1.934770 1.114511
vt -1.934770 1.005962
vt -1.934448 1.006057
vt -2.240667 1.906714
vt -2.131855 1.921678
vt 0.907704 -0.733569
vt 0.907704 -0.608506
vt 0.907381 -0.733412
vt -2.052546 1.776286
vt 0.903501 -0.733568
vt 0.903501 -0.596583
vt 0.903191 -0.733285
vt -1.936666 0.755428
vt -1.936666 0.910916
vt -1.936908 0.755631
vt -2.030968 0.900982
vt -1.664925 3.274028
vt 3.902327 -2.012522
vt -2.972334 3.901091
vt -2.972334 3.808598
vt -2.972138 3.901000
vt -1.467862 1.709783
vt -0.639980 0.585340
vt -0.639980 0.846585
vt -0.640164 0.585888
vt -1.248309 1.378926
vt -0.640883 -0.091275
vt -0.640883 0.222762
vt -0.641068 -0.090742
vt -1.257308 1.197151
vt -0.639798 -0.091467
vt -0.639798 0.272871
vt -0.639974 -0.090790
vt -1.259944 1.031668
vt -1.250804 0.896249
vt -3.026335 3.808598
vt -3.026335 3.868638
vt -3.026752 3.808696
vt 3.847942 1.257413
vt 3.870896 1.253775
vt 3.700637 2.055144
vt 3.726961 2.059438
vt 3.764073 2.065486
vt -2.809653 3.844774
vt -2.809653 3.808597
vt -2.809527 3.826745
vt -2.830488 3.841916
vt -2.830488 3.808598
vt -2.830291 3.825279
vt -2.812759 3.845248
vt -2.812759 3.808598
vt -2.812627 3.826934
vt -2.814340 3.844752
vt -2.814340 3.808599
vt -2.814201 3.826683
vt -2.826853 3.808598
vt -2.826853 3.840374
vt -2.827049 3.824484
vt 1.348034 3.170475
vt -3.023172 -2.387822
vt -2.997585 -2.378776
vt -2.958150 -2.364875
vt 2.429802 -0.934601
vt 2.429801 -0.566589
vt 2.275913 -0.596664
vt 2.547314 -0.938587
vt 2.547314 -0.576283
vt 2.607468 -0.944261
vt 2.607468 -0.592083
vt 3.826770 -1.234919
vt 3.826770 -1.604671
vt 3.858560 -1.599816
vt 3.858570 -1.240155
vt 3.872753 -1.597598
vt 3.872761 -1.242433
vt 2.607469 -0.574783
vt 2.607474 -0.929959
vt 2.623867 -0.932551
vt 2.623858 -0.572196
vt 2.660439 -0.938234
vt 2.660444 -0.566423
vt 2.698308 -0.944260
vt 2.698308 -0.560453
vt 3.123573 -0.170839
vt 3.123573 -0.536391
vt 3.156963 -0.533653
vt 3.156963 -0.162000
vt 3.190196 -0.533250
vt 3.190197 -0.160549
vt 3.226841 -0.533365
vt 3.226841 -0.160020
vt 3.262994 -0.533655
vt 3.262993 -0.160189
vt 3.294756 -0.534047
vt 3.294756 -0.160835
vt 3.340488 -0.535662
vt 3.340488 -0.164909
vt 3.366311 -0.538969
vt 3.366311 -0.174325
vt -2.741925 3.026472
vt -2.741925 2.643632
vt -2.708192 2.648799
vt -2.708186 3.021007
vt -2.659207 2.656510
vt -2.659208 3.013174
vt -0.639092 0.292919
vt -0.639092 0.657346
vt -0.639239 0.293625
vt 0.902278 -0.571184
vt 0.902278 -0.733568
vt 0.902548 -0.733202
vt 2.352826 -0.581538
vt -0.639239 -0.091467
vt -0.639239 0.255859
vt -0.639415 0.255403
vt 2.488526 -0.571328
vt 2.577374 -0.584072
vt 3.842718 -1.237408
vt 3.865713 -1.241165
vt 2.615602 -0.573362
vt 2.642090 -0.569182
vt 2.679322 -0.563310
vt 3.140258 -0.166317
vt 3.173570 -0.161169
vt 3.208508 -0.160176
vt 3.244906 -0.159996
vt 3.278865 -0.160401
vt 3.317609 -0.162763
vt 3.353392 -0.169506
vt -2.725014 3.023870
vt -2.683656 3.017220
vt -0.639037 0.335339
vt -0.639037 -0.804504
vt -0.638767 0.334140
vt -2.658635 2.834889
vt -2.683634 2.652508
vt -0.640153 -0.447996
vt -0.639050 -0.092030
vt -0.640153 -0.091467
vt -2.724993 2.646069
vt 3.353404 -0.537537
vt 3.317632 -0.535073
vt 3.278881 -0.534011
vt 3.244925 -0.533733
vt 3.208526 -0.533528
vt 3.173587 -0.533611
vt 3.140275 -0.535239
vt 2.679316 -0.941393
vt 2.642094 -0.935537
vt 2.615612 -0.931401
vt 3.865739 -1.598788
vt 3.842737 -1.602393
vt 2.577404 -0.941588
vt 2.488585 -0.936754
vt -2.829206 3.420660
vt -2.943482 3.401945
vt -2.829205 3.114460
vt -2.943475 3.131714
vt -3.032560 3.387231
vt -3.032566 3.144964
vt -2.309160 1.211384
vt -2.290823 1.450181
vt -2.359429 1.437503
vt -2.376588 1.214050
vt -2.436977 1.425338
vt -2.452967 1.217085
vt 3.064481 -1.384060
vt 3.058798 -1.686708
vt 3.171208 -1.684506
vt 3.176420 -1.407535
vt 3.134220 -1.370494
vt 3.213782 -1.430589
vt 3.301684 -1.681947
vt 3.305597 -1.473268
vt -2.651768 1.931349
vt -2.587217 1.730331
vt -2.541226 1.753543
vt -2.602649 1.944440
vt -2.597572 1.947582
vt 3.305597 -1.749475
vt -2.502903 1.700184
vt -2.547180 1.674818
vt -2.497647 1.701604
vt 3.222898 -1.783489
vt 3.196791 -1.798959
vt 3.178465 -1.809743
vt 3.143946 -1.846473
vt -2.422419 1.694082
vt -2.553427 2.006170
vt -2.435851 1.806890
vt -2.350754 1.661403
vt -2.510926 2.040736
vt -2.544614 2.035399
vt -2.341136 1.854785
vt -2.406012 2.057000
vt 3.110789 -1.311986
vt -2.559330 1.414640
vt -2.574142 1.221863
vt 3.112643 -1.915133
vt -2.524401 2.079934
vt -2.762354 1.406734
vt -2.775949 1.229620
vt -2.900432 1.404982
vt -2.913490 1.235007
vt -2.965378 1.412060
vt -2.978779 1.237466
vt -2.992821 1.420846
vt -3.006817 1.238516
vt -3.018404 1.423961
vt -3.032567 1.239536
vt -2.736489 1.565957
vt -2.875597 1.557812
vt -2.531161 1.588046
vt -2.406560 1.612590
vt 0.648952 0.314100
vt 0.664261 0.093480
vt 0.805130 0.349910
vt 0.632163 0.460466
vt 0.782123 0.494858
vt 0.663315 -0.045367
vt 0.834353 0.132487
vt 0.846970 -0.003232
vt 0.764538 0.556702
vt 0.610517 0.521378
vt 0.349082 3.610862
vt 0.348930 3.788058
vt 0.324519 3.792013
vt 0.324519 3.607097
vt 3.964435 2.655586
vt 3.964439 2.820561
vt 3.939314 2.818950
vt 3.939314 2.652073
vt 0.653201 -0.138822
vt 0.850284 -0.093624
vt 0.641023 -0.223378
vt 0.851641 -0.175078
vt 0.610517 -0.334240
vt 0.845485 -0.280359
vt -2.574141 1.028502
vt -2.452967 1.008360
vt -2.775950 1.052155
vt -2.913491 1.064551
vt -2.559330 0.853558
vt -2.436972 0.819391
vt -2.762350 0.891470
vt -2.900433 0.910332
vt -2.978789 1.062429
vt -2.965374 0.903937
vt -3.006819 1.055797
vt -2.992816 0.890358
vt -3.032567 1.054664
vt -3.018405 0.887400
vt -2.359428 0.787353
vt -2.376590 0.990097
vt -2.290823 0.755428
vt -2.309163 0.972070
vt 3.512065 2.786863
vt 3.422934 2.561580
vt 3.500460 2.516908
vt 3.599880 2.768197
vt 3.599960 2.459379
vt 0.978649 0.387174
vt 0.948729 0.530632
vt 1.023336 0.173068
vt 1.051020 0.040584
vt 0.937578 -1.554955
vt 0.963061 -1.773887
vt 1.116651 -1.560474
vt 0.912028 -1.419380
vt 1.105269 -1.425333
vt 0.973893 -1.920506
vt 1.127388 -1.778949
vt 0.965200 -1.984560
vt 1.131781 -1.925391
vt 1.311254 -1.563373
vt 1.315399 -1.428464
vt 1.306079 -1.781611
vt 1.303324 -1.927928
vt 1.127291 -1.989555
vt 1.303529 -1.992180
vt -1.689502 3.428620
vt -1.689520 3.605763
vt -1.713956 3.609604
vt -1.713956 3.424674
vt 3.622672 3.516671
vt 3.622672 3.700675
vt 3.597534 3.702289
vt 3.597531 3.516093
vt 1.319134 -1.339808
vt 1.093630 -1.336449
vt 1.322778 -1.260302
vt 1.081771 -1.256710
vt 1.328822 -1.159390
vt 1.059971 -1.155383
vt 1.336636 -1.037603
vt 1.031994 -1.033062
vt 1.265534 -0.990466
vt 1.184648 -1.000803
vt 1.102975 -0.987621
vt 1.028659 -0.952207
vt 1.022936 -0.947098
vt 1.337770 -0.957612
vt 1.152511 0.422233
vt 1.115676 0.564296
vt 1.212691 0.211254
vt 1.255486 0.081818
vt 1.107147 0.628031
vt 0.935675 0.593448
vt 3.935362 -2.618505
vt 3.935489 -2.795639
vt 3.959971 -2.799670
vt 3.959971 -2.614731
vt 0.079356 3.562458
vt 0.079356 3.745070
vt 0.054255 3.747037
vt 0.054257 3.562311
vt 1.069269 -0.046600
vt 1.288687 -0.002351
vt 1.085653 -0.124828
vt 1.320130 -0.077542
vt 1.106536 -0.224300
vt 1.368107 -0.171553
vt 1.131764 -0.344411
vt 1.428136 -0.284648
vt 1.136754 -0.370930
vt 1.220504 -0.372692
vt 1.300821 -0.397397
vt 1.351507 -0.430559
vt 1.471787 -0.406302
vt 1.362263 -0.446928
vt 1.374563 -0.465640
vt 1.502401 -1.563371
vt 1.481665 -1.781615
vt 1.521921 -1.428470
vt 1.471932 -1.927932
vt 1.671507 -1.560477
vt 1.636905 -1.778956
vt 1.704409 -1.425338
vt 1.620930 -1.925375
vt 1.476638 -1.992180
vt 1.629735 -1.989557
vt -1.936924 3.608800
vt -1.936935 3.785965
vt -1.961545 3.789710
vt -1.961545 3.604771
vt -0.784213 3.638713
vt -0.784213 3.798545
vt -0.809387 3.796790
vt -0.809390 3.635054
vt 1.736583 -1.336454
vt 1.540648 -1.339808
vt 1.768837 -1.256714
vt 1.559550 -1.260305
vt -1.934311 3.391744
vt -1.934399 3.149498
vt -1.846931 3.135939
vt -1.846769 3.406166
vt -1.734368 3.118467
vt -1.734368 3.424674
vt 0.992929 3.326893
vt 0.992929 3.062254
vt 1.021538 3.053166
vt 1.039754 3.118817
vt 1.079568 3.170642
vt 1.119928 3.193841
vt 1.119926 3.302536
vt 1.135718 3.205729
vt 1.164074 3.227230
vt 1.801776 -1.554959
vt 1.756546 -1.773891
vt 1.845165 -1.419387
vt 1.735869 -1.920515
vt 1.017343 -2.764351
vt 1.053215 -2.984235
vt 1.175039 -2.767925
vt 1.069118 -3.131320
vt 1.198120 -2.987514
vt 0.982089 -2.627905
vt 1.152540 -2.631762
vt 1.208265 -3.134468
vt 1.058447 -3.195186
vt 1.201281 -3.198422
vt -2.315720 3.617862
vt -2.315805 3.440717
vt -2.291125 3.436901
vt -2.291124 3.621867
vt 3.930713 0.890048
vt 3.930718 0.740814
vt 3.955784 0.736513
vt 3.955784 0.887330
vt 1.130056 -2.541894
vt 0.947287 -2.537754
vt 1.107413 -2.461175
vt 0.912028 -2.456752
vt 3.622668 2.184811
vt 3.622732 2.427076
vt 3.535364 2.441266
vt 3.535224 2.170958
vt 3.422933 2.459378
vt 3.422933 2.153202
vt 3.211324 2.923883
vt 3.211326 3.170827
vt 3.130141 3.154796
vt 3.083096 3.109043
vt 3.083123 2.880292
vt 3.044016 3.105423
vt 2.966369 3.108689
vt 2.966369 2.936203
vt 1.261071 2.551648
vt 1.291604 2.763282
vt 1.240954 2.767889
vt 1.212015 2.566835
vt 1.237348 2.769315
vt 3.722833 -1.174550
vt 3.641527 -1.188020
vt 3.694228 -1.277476
vt 3.712208 -1.290628
vt 3.722833 -1.298499
vt 3.163885 3.230239
vt 1.184117 2.819478
vt 1.171176 2.845502
vt 1.134823 2.845105
vt 1.099748 2.602045
vt 1.028980 2.843851
vt 0.998611 2.633618
vt 1.142893 2.887163
vt 1.309715 0.451666
vt 1.266611 0.592553
vt 1.383903 0.243304
vt 1.440348 0.116427
vt 1.360800 -2.770015
vt 1.368687 -2.989433
vt 1.353120 -2.634018
vt 1.371986 -3.136333
vt 1.556505 -2.770414
vt 1.548253 -2.989802
vt 1.564282 -2.634452
vt 1.544556 -3.136663
vt 1.369494 -3.200314
vt 1.546630 -3.200677
vt 0.165316 3.765204
vt 0.165358 3.588068
vt 0.190008 3.584288
vt 0.190008 3.769156
vt 3.439849 -2.438411
vt 3.439848 -2.623276
vt 3.464876 -2.624382
vt 3.464876 -2.437280
vt 1.572008 -2.544780
vt 1.345308 -2.544316
vt 1.579739 -2.464259
vt 1.337469 -2.463763
vt 1.593586 -2.361558
vt 1.323353 -2.361004
vt 1.611266 -2.237472
vt 1.305062 -2.236845
vt 1.620326 -2.108876
vt 1.336196 -2.108294
vt 1.295569 -2.155826
vt 1.357881 -2.072800
vt 1.607957 -1.992620
vt 1.393483 -1.992180
vt -0.972697 2.716487
vt -0.972697 2.930964
vt -1.023588 2.922908
vt -1.023418 2.718901
vt -1.028509 2.717664
vt 1.669631 -1.992180
vt -1.042581 2.981804
vt -0.992733 2.992548
vt -1.047962 2.982232
vt 1.708720 -2.067050
vt 1.725811 -2.091396
vt 1.737592 -2.108041
vt 1.769464 -2.149559
vt -1.116889 3.012516
vt -1.088012 2.675512
vt -1.139431 2.904718
vt -1.174789 3.065508
vt -1.139394 2.659116
vt -1.103215 2.653244
vt -1.243852 2.888187
vt -1.243801 2.675702
vt 1.832155 -2.189410
vt -1.138418 2.614430
vt 1.434866 0.472585
vt 1.386785 0.612647
vt 1.520212 0.266089
vt 1.587511 0.141024
vt 1.385621 0.677685
vt 1.262196 0.657054
vt -2.315804 3.433052
vt -2.315795 3.255919
vt -2.291114 3.251971
vt -2.291114 3.436901
vt 2.381417 3.638319
vt 2.381418 3.768959
vt 2.356232 3.773519
vt 2.356232 3.641358
vt 1.487082 0.034786
vt 1.645019 0.061186
vt 1.532135 -0.037855
vt 1.700913 -0.009645
vt 3.588961 1.408538
vt 3.588977 1.650777
vt 3.500128 1.665667
vt 3.500113 1.395430
vt 3.386158 1.684646
vt 3.386154 1.378436
vt 2.698844 3.572526
vt 2.659312 3.359875
vt 2.715212 3.417544
vt 2.713719 3.472351
vt 2.736744 3.531071
vt 2.741101 3.372019
vt 2.782057 3.587955
vt 2.785119 3.590353
vt 1.742849 -2.769087
vt 1.719401 -2.988583
vt 1.765551 -2.633017
vt 1.708827 -3.135494
vt 1.901646 -2.766162
vt 1.865135 -2.985898
vt 1.936963 -2.629860
vt 1.848811 -3.132915
vt 1.715437 -3.199475
vt 1.859181 -3.196827
vt 3.826099 0.281634
vt 3.798393 0.106702
vt 3.822161 0.098959
vt 3.851087 0.281567
vt 1.292754 2.921609
vt 1.291604 2.771535
vt 1.316689 2.773919
vt 1.317853 2.925765
vt 1.971867 -2.539854
vt 1.787953 -2.543242
vt 2.007017 -2.458995
vt 1.810492 -2.462615
vt 3.514016 0.577396
vt 3.602260 0.802885
vt 3.525569 0.849028
vt 3.427094 0.597383
vt 3.426987 0.908022
vt 1.238144 3.271340
vt 1.238139 3.329054
vt -3.017407 1.688740
vt -2.982384 1.631816
vt -2.936357 1.653827
vt -2.969938 1.708441
vt -2.932021 1.654555
vt 1.178784 2.511194
vt 1.184261 2.510782
vt 1.106277 2.490849
vt 1.406524 -0.538969
vt 1.470624 -0.526043
vt 2.513662 -0.995696
vt 2.471949 -0.944261
vt 2.429191 -0.972102
vt 2.469156 -1.021431
vt 2.423079 -0.974033
vt 1.041608 2.446364
vt 3.101387 -1.992180
vt 1.907087 -2.207332
vt 1.908656 -2.207227
vt 2.785119 3.338477
vt 1.382591 -0.910207
vt -2.295740 1.612590
vt -1.212416 3.129301
vt -1.216822 3.135671
vt 0.992928 2.385315
vt -2.510013 2.286262
vt -2.512817 2.161642
vt -2.524235 2.243305
vt -2.405309 2.269482
vt -2.546279 2.292030
vt -2.433310 2.519552
vt -2.538492 2.573171
vt -2.553740 2.316894
vt -2.338935 2.471260
vt -2.597834 2.375259
vt -2.602582 2.378138
vt -2.584156 2.596657
vt -2.651646 2.391477
vt 1.570444 2.826880
vt 1.570445 3.019561
vt 1.452968 2.996649
vt 1.488127 2.771327
vt 1.452970 2.742347
vt 1.325354 3.016928
vt 1.410140 2.719631
vt 1.325354 2.743804
vt 1.490924 3.101425
vt 1.454609 3.116858
vt 3.385454 3.680621
vt 3.321227 3.645759
vt 3.367509 3.600289
vt -2.495105 2.620722
vt -2.502308 2.622491
vt -2.419822 2.628437
vt -2.348085 2.661115
vt 1.412043 3.161696
vt 3.887993 3.192758
vt 3.859208 3.205744
vt 3.849592 3.146003
vt 3.878342 3.147790
vt -2.295740 2.707383
vt 3.368673 3.522661
vt -2.857575 1.641206
vt -2.923793 1.727391
vt 3.834128 3.070873
vt 3.876981 3.073536
vt 3.887343 2.991665
vt 3.832498 2.988803
vt 3.887969 2.910533
vt 3.844982 2.907861
vt 2.181656 3.497818
vt 2.181634 3.446818
vt 2.243944 3.487648
vt 2.181634 3.262516
vt 2.243871 3.277418
vt -3.012817 1.906562
vt -3.017006 1.904416
vt -2.964582 1.961373
vt -2.860883 1.753203
vt -2.918313 1.991969
vt -2.953770 1.989329
vt -2.762831 1.793686
vt -2.812536 2.000203
vt -2.930149 2.032560
vt -2.651768 1.612590
vt -2.899109 2.236838
vt -2.912446 2.113180
vt -2.917782 2.195490
vt -2.796014 2.211948
vt -2.936103 2.245743
vt -2.805216 2.463773
vt -2.906056 2.525635
vt -2.941654 2.271312
vt -2.714767 2.408288
vt -2.981254 2.333017
vt -2.984627 2.335520
vt -2.949847 2.552427
vt -3.032567 2.352422
vt 2.904490 3.098208
vt 2.904490 3.296356
vt 2.786502 3.338477
vt 2.825147 3.087536
vt 2.786499 3.076456
vt 3.417779 0.153908
vt 3.541744 0.098931
vt 3.512491 0.203896
vt 3.484260 0.239839
vt -2.861041 2.569370
vt -2.866981 2.571344
vt -2.785509 2.571117
vt -2.711602 2.598201
vt 3.485800 0.300989
vt 0.517663 2.480397
vt 0.552962 2.446026
vt 0.552840 2.512573
vt 0.523593 2.526183
vt -2.651768 2.643631
vt 3.505799 0.382709
vt 3.528117 0.476387
vt 3.541736 0.454423
vt 1.293793 2.292006
vt 1.318514 2.290920
vt 1.281065 2.375170
vt 1.318668 2.373519
vt -0.862316 3.637551
vt -0.821374 3.635054
vt -0.862305 3.721632
vt -0.809390 3.716206
vt -0.811598 3.798113
vt 2.590364 -1.195004
vt 2.542125 -1.210855
vt 2.536798 -1.214581
vt 2.426146 -1.046537
vt 2.496363 -1.275699
vt 2.367480 -1.080766
vt 2.455671 -1.309958
vt 2.490053 -1.302450
vt 2.275929 -1.133962
vt 2.352241 -1.332195
vt 2.471360 -1.351028
vt 2.468781 -1.555140
vt 2.464513 -1.433246
vt 2.480433 -1.514177
vt 2.363499 -1.544384
vt 2.503631 -1.558734
vt 2.405413 -1.792420
vt 2.512805 -1.839950
vt 2.513437 -1.586004
vt 2.308739 -1.749566
vt 2.560472 -1.641634
vt 2.565056 -1.644119
vt 2.559734 -1.860783
vt 2.614803 -1.654613
vt 2.635322 -1.894625
vt 2.678610 -1.635740
vt 2.708155 -1.621674
vt -1.817657 2.945925
vt -1.934406 2.890362
vt -1.855725 2.846194
vt -1.817651 2.844876
vt 2.471601 -1.892024
vt 2.478137 -1.893357
vt 2.397126 -1.904069
vt 2.327596 -1.940833
vt -1.775009 2.799725
vt -1.794013 2.787594
vt -1.775009 2.799725
vt 2.275929 -1.992180
vt -0.767503 3.406355
vt -0.795410 3.406371
vt -0.815577 3.332547
vt -0.773507 3.332523
vt -0.768684 3.252244
vt -0.822446 3.250800
vt -0.773697 3.169175
vt -0.815348 3.169200
vt -0.767498 3.095681
vt -0.972698 3.169291
vt -0.945178 3.095784
vt -1.689445 2.654161
vt -1.735169 2.730198
vt 2.659313 3.304617
vt 3.359951 0.259052
vt -1.820698 3.113034
vt -1.689445 2.902626
vt -1.717502 2.660412
vt 2.744956 3.035991
vt 2.659312 3.024291
vt -1.775286 3.118467
vt -1.692739 3.083800
vt -2.922250 3.631713
vt -2.922250 3.420659
vt -2.878838 3.617872
vt -2.861753 3.568939
vt -2.861754 3.438349
vt -2.829820 3.481854
vt -2.856282 3.440298
vt 2.309226 3.456779
vt 2.299803 3.477406
vt 2.319952 3.300229
vt 2.319982 3.433172
vt 2.356232 3.344544
vt 2.327140 3.302688
vt 3.655337 -2.589568
vt 3.768068 -2.304857
vt 3.655337 -2.280770
vt 1.217922 3.639693
vt 1.106278 3.354697
vt 1.217922 3.329053
vt -1.546024 3.352604
vt -1.546004 3.046411
vt -1.432391 3.063335
vt -1.432395 3.333558
vt -1.343835 3.076310
vt -1.343843 3.318573
vt -1.294616 3.083373
vt -1.294626 3.310068
vt 3.754579 3.197557
vt 3.631477 3.144209
vt 3.631709 3.047677
vt 3.746442 3.097393
vt 1.106277 3.329053
vt 1.106277 3.635246
vt 0.992936 3.616176
vt 0.992928 3.345947
vt 3.751192 3.265523
vt 3.751192 3.571700
vt 3.636624 3.553598
vt 3.636611 3.283353
vt 3.648399 2.907861
vt 3.754579 2.953878
vt -0.317713 3.256513
vt -0.308751 3.481144
vt -0.421902 3.235154
vt -0.313799 3.107952
vt -0.413767 3.087457
vt -0.422117 3.457902
vt 0.992918 3.053178
vt 1.950789 -3.129181
vt 3.798393 0.456590
vt 1.963931 -3.192991
vt 1.291604 3.031087
vt 3.822177 0.464277
vt 1.316689 3.036492
vt 3.388880 3.455096
vt 3.693837 3.274268
vt -3.020302 3.899579
vt -3.020302 3.808598
vt -3.020034 3.899437
vt 3.636525 3.418511
vt 3.693903 3.562806
vt 1.389138 3.006942
vt 3.838671 2.948348
vt 3.833177 3.029849
vt 3.841791 3.108454
vt 3.854264 3.175885
vt -2.386043 2.495488
vt -2.388347 1.830703
vt -2.988044 3.138200
vt -2.342864 1.212581
vt -2.342901 0.981222
vt 3.555962 2.777660
vt -2.953172 3.946143
vt -2.953172 3.808598
vt -2.953054 3.877344
vt 3.461614 2.539057
vt -2.871388 3.892917
vt -2.871388 3.808598
vt -2.871268 3.850741
vt 1.087626 -1.296591
vt 1.070756 -1.206062
vt -2.940998 3.865945
vt -2.941130 3.923200
vt -2.941130 3.808598
vt 1.027373 -0.990105
vt 1.359755 -0.973865
vt 1.332865 -1.098464
vt 1.325926 -1.209813
vt 1.321077 -1.300029
vt 1.317379 -1.384117
vt 1.550020 -1.300072
vt -2.951481 3.861822
vt -2.951632 3.914911
vt -2.951632 3.808598
vt -1.790618 3.415543
vt 1.056403 3.314857
vt 1.179018 3.315893
vt -2.993686 1.698712
vt -2.984543 3.934078
vt -2.984543 3.808598
vt -2.984389 3.871333
vt -3.031911 3.911781
vt -3.031911 3.808598
vt -3.031653 3.911614
vt 1.049540 3.625828
vt 3.711683 -2.292671
vt -3.020034 3.898906
vt -3.020034 3.808598
vt -3.019765 3.898773
vt -0.810416 3.757154
vt -0.815309 3.675558
vt 1.318668 2.332211
vt 0.552962 2.479251
vt -2.801442 3.808598
vt -2.801337 3.824333
vt -2.801442 3.839898
vt -2.908385 3.808598
vt -2.908385 3.868949
vt -2.908597 3.808788
vt -1.790673 3.127057
vt -0.641068 -0.091275
vt -0.641068 0.178966
vt -0.641290 -0.090738
vt -1.890688 3.142586
vt -2.869409 3.808598
vt -2.869409 3.901214
vt -2.869516 3.854937
vt -2.877170 3.808599
vt -2.877170 3.909229
vt -2.877274 3.858945
vt -2.829205 3.854073
vt -2.829276 3.899436
vt -2.829276 3.808598
vt 3.579005 2.177771
vt -2.947551 3.887443
vt -2.947650 3.966043
vt -2.947650 3.808598
vt -0.641811 0.199221
vt -0.641598 0.468969
vt -0.641811 0.469467
vt 3.147250 2.901958
vt 1.049169 2.617700
vt -3.008290 3.914538
vt -3.008290 3.808598
vt -3.008079 3.914476
vt -2.955506 3.808599
vt -2.955506 3.943741
vt -2.955628 3.876188
vt -2.903751 3.808598
vt -2.903751 3.919402
vt -2.903863 3.864011
vt 1.118841 -2.501510
vt 1.141396 -2.586810
vt 1.341289 -2.504051
vt 1.330242 -2.412402
vt 1.314035 -2.298956
vt -1.191596 2.667258
vt -1.214522 3.132459
vt 1.602571 -2.299481
vt 1.576006 -2.504492
vt 1.568337 -2.589594
vt 1.799093 -2.502943
vt -2.921711 3.863808
vt -2.921587 3.808598
vt -2.921587 3.919162
vt 3.426987 0.752646
vt 3.476362 0.878716
vt 3.563976 0.826081
vt 1.989543 -2.499408
vt -2.808947 3.808599
vt -2.808947 3.910513
vt -2.808990 3.859559
vt 1.883495 -2.875981
vt -3.006895 3.808598
vt -3.006895 3.914326
vt -3.007106 3.808910
vt 1.857078 -3.059377
vt -2.803841 3.808598
vt -2.803841 3.873650
vt -2.803899 3.841102
vt 3.810242 0.460518
vt -2.792895 3.808599
vt -2.792895 3.834195
vt -2.792959 3.821375
vt 1.304151 2.772603
vt 3.810229 0.102704
vt 1.712009 -3.167499
vt 3.452355 -2.437779
vt 3.452369 -2.623980
vt 0.177684 3.586028
vt -2.790258 3.834387
vt -2.790258 3.808598
vt -2.790210 3.821489
vt -2.303506 3.438732
vt 1.063684 -3.163265
vt -2.796297 3.834265
vt -2.796297 3.808598
vt -2.796204 3.821460
vt -1.949251 3.787917
vt 1.474180 -1.960068
vt -1.701720 3.426542
vt 3.610111 3.516314
vt -2.788826 3.820928
vt -2.788855 3.833241
vt -2.788855 3.808598
vt -2.793783 3.808599
vt -2.793783 3.833966
vt -2.793858 3.821265
vt -3.019683 1.238895
vt -2.979086 1.416538
vt -2.791653 3.808599
vt -2.791653 3.836249
vt -2.791706 3.822441
vt -2.795030 3.808598
vt -2.795030 3.834358
vt -2.795113 3.821467
vt -2.796448 3.821465
vt -2.796541 3.834310
vt -2.796541 3.808598
vt -2.798149 3.824881
vt -2.798234 3.841073
vt -2.798234 3.808598
vt 3.947717 -2.616515
vt 0.066816 3.562290
vt 0.066801 3.746141
vt 3.947679 -2.797751
vt -2.793567 3.808598
vt -2.793567 3.836277
vt -2.793634 3.822380
vt 2.368831 3.639765
vt -2.797412 3.821414
vt -2.797513 3.834260
vt -2.797513 3.808598
vt -2.303474 3.253869
vt -0.417943 3.161245
vt -0.422116 3.346447
vt -0.639239 0.905187
vt -0.639012 1.064084
vt -0.639239 1.064443
vt 1.616301 0.101131
vt 1.673010 0.025791
vt 3.544556 1.401908
vt -2.835420 3.808598
vt -2.835420 3.898129
vt -2.835497 3.853308
vt 2.722235 3.349051
vt 3.443129 1.675333
vt 3.544535 1.658392
vt 0.608822 0.708772
vt 0.608822 0.951058
vt 0.608644 0.709316
vt 1.509521 -0.001577
vt 1.463626 0.075573
vt 1.304505 -0.039916
vt -2.901696 3.853624
vt -2.901558 3.808598
vt -2.901558 3.898847
vt 1.398227 -0.228047
vt 1.450089 -0.345427
vt 1.471315 -0.466139
vt -2.922625 3.808598
vt -2.922625 3.964140
vt -2.922713 3.886396
vt -2.877600 3.808598
vt -2.877600 3.934638
vt -2.877684 3.871639
vt -2.834827 3.808598
vt -2.834827 3.898826
vt -2.834904 3.853724
vt -2.832361 3.808598
vt -2.832361 3.906992
vt -2.832430 3.857807
vt -2.862932 3.808598
vt -2.862932 3.950620
vt -2.863000 3.879594
vt 0.608464 1.124511
vt 0.608464 1.347861
vt 0.608323 1.124777
vt -2.913492 3.808598
vt -2.913424 3.906269
vt -2.913492 4.004175
vt 3.639956 2.977691
vt -1.936908 0.910917
vt -1.936681 1.069813
vt -1.936908 1.070172
vt -2.852084 3.852609
vt -2.851986 3.808599
vt -2.851986 3.896767
vt -1.388058 3.069700
vt -3.019551 3.898316
vt -3.019551 3.808598
vt -3.019280 3.898185
vt -2.957142 3.875885
vt -2.957019 3.808598
vt -2.957019 3.943348
vt -1.703468 2.657151
vt -0.818978 3.210000
vt -0.819093 3.291743
vt -0.805575 3.369461
vt -1.824932 2.816868
vt 2.356971 -1.771170
vt 2.321620 -1.107286
vt 2.396752 -1.063597
vt -2.795278 3.821457
vt -2.795194 3.808598
vt -2.795194 3.834540
vt -2.938563 3.874136
vt -2.938563 3.808598
vt -2.938335 3.873963
vt -2.791361 3.819908
vt -2.791299 3.808598
vt -2.791299 3.831275
vt 1.118999 -0.284424
vt 1.095969 -0.174622
vt 1.077348 -0.085762
vt 1.060030 -0.003050
vt 0.851072 -0.134317
vt 0.848684 -0.227673
vt 0.727929 -0.307386
vt -1.934719 0.870822
vt -1.934719 0.755428
vt -1.934399 0.755535
vt -1.942257 1.205127
vt -1.942257 1.089741
vt -1.941974 1.089948
vt -2.938729 3.899034
vt -2.938729 3.808598
vt -2.938564 3.853772
vt 0.647019 -0.181149
vt -2.831973 3.853743
vt -2.832047 3.898778
vt -2.832047 3.808598
vt -2.988082 3.394695
vt -2.886420 3.411416
vt -2.810842 3.836390
vt -2.810925 3.864293
vt -2.810925 3.808598
vt -3.032253 3.043292
vt -3.032567 2.917954
vt -2.743699 3.085770
vt -2.741925 3.114461
vt -2.777925 2.955439
vt -3.032047 2.814325
vt -2.803748 2.847933
vt -3.028543 2.733509
vt -2.814895 2.764960
vt -3.023767 2.643632
vt -2.824642 2.672946
vt -2.946009 3.923150
vt -2.946009 3.808598
vt -2.945874 3.865882
vt -2.897227 3.897789
vt -2.897227 3.808599
vt -2.897092 3.853202
vt -2.809209 2.806491
vt -2.819652 2.718991
vt -2.924210 2.658221
vt -3.026241 2.688540
vt -3.030442 2.773883
vt -3.032398 2.866107
vt -3.032567 2.980568
vt 0.266677 2.671560
vt 0.266657 2.794292
vt -0.035845 2.670147
vt -0.000342 2.793047
vt 0.266651 2.895932
vt 0.027307 2.894818
vt 0.266684 2.975858
vt 0.042709 2.974815
vt 0.266747 3.064937
vt -0.053758 2.542179
vt 0.110482 2.586152
vt 0.184340 2.626243
vt 0.266105 2.644577
vt -0.044929 2.606123
vt -2.970897 3.924587
vt -2.970897 3.808598
vt -2.970742 3.866572
vt 0.013354 2.843899
vt 0.034907 2.934788
vt -2.960201 3.808598
vt -2.960201 3.898808
vt -2.960389 3.808656
vt -1.935735 1.230106
vt -1.935735 1.365229
vt -1.935950 1.230254
vt 0.266802 3.020412
vt 0.266775 2.935905
vt 0.266775 2.845129
vt 0.266802 2.732956
vt -2.846301 3.835899
vt -2.846301 3.808598
vt -2.846004 3.835873
vt -1.243858 3.135671
vt -1.131410 3.153868
vt -1.243858 3.441867
vt -1.131572 3.424082
vt -1.044037 3.168024
vt -1.044124 3.410259
vt 3.596008 -2.269458
vt 3.742905 -2.202185
vt 3.742661 -2.116170
vt 3.605282 -2.179095
vt 3.738891 -2.021716
vt 3.610802 -2.080376
vt 1.951635 3.594128
vt 1.951635 3.389980
vt 2.077586 3.334823
vt 2.036824 3.459887
vt 1.997699 3.523084
vt 2.077588 3.417476
vt 1.980007 3.584322
vt 2.077601 3.376165
vt -2.958179 3.876302
vt -2.958055 3.808598
vt -2.958055 3.944008
vt -2.972704 3.808598
vt -2.972704 3.957881
vt -2.972826 3.883282
vt -2.993559 3.808599
vt -2.993559 3.930010
vt -2.993728 3.869371
vt 3.600574 -2.224337
vt 3.607973 -2.129788
vt -1.938630 0.755428
vt -1.938630 0.896211
vt -1.938901 0.755653
vt -2.948168 3.808598
vt -2.948093 3.914165
vt -2.948168 4.019815
vt 3.740885 -2.068877
vt 3.742905 -2.159114
vt -1.087703 3.160826
vt -1.187613 3.144636
vt -0.636727 0.641482
vt -0.636900 0.335895
vt -0.636727 0.335281
vt -2.864261 3.838782
vt -2.863942 3.808598
vt -2.863942 3.838849
vt 3.641527 -1.604671
vt 3.755781 -1.587485
vt 3.641527 -1.298499
vt 3.755767 -1.317244
vt 3.305597 -0.746441
vt 3.526464 -0.841923
vt 3.516339 -0.727260
vt 3.318361 -0.641670
vt 3.519584 -0.641844
vt 3.334317 -0.561747
vt 3.526464 -0.548026
vt -0.053758 3.340214
vt -0.053756 3.067590
vt 0.073853 3.088109
vt 0.073855 3.339686
vt 0.106228 3.312862
vt 0.191335 3.064932
vt 0.191335 3.255078
vt -2.819726 4.022157
vt -2.819753 3.915425
vt -2.819726 3.808598
vt -2.825636 3.877449
vt -2.825592 3.808599
vt -2.825592 3.946448
vt 0.010090 3.077796
vt -2.975860 3.808599
vt -2.975860 3.936637
vt -2.976004 3.872628
vt 3.311848 -0.694038
vt 3.326224 -0.601688
vt -2.989980 3.808598
vt -2.989980 3.898806
vt -2.990203 3.808732
vt -2.975860 3.808599
vt -2.975779 3.921106
vt -2.975861 4.033628
vt -2.836030 3.860061
vt -2.835962 3.808598
vt -2.835962 3.911650
vt 3.518028 -0.684568
vt -2.893917 3.853573
vt -2.893785 3.808598
vt -2.893785 3.898686
vt 3.698740 -1.596205
vt 3.228518 -2.908634
vt 3.215175 -2.787328
vt 2.933800 -2.960325
vt 2.954953 -2.832962
vt 3.203696 -2.686889
vt 2.970483 -2.727790
vt 3.193549 -2.607949
vt 2.975366 -2.646216
vt 3.181912 -2.519981
vt 2.978495 -2.555653
vt 2.933963 -3.089636
vt 3.205262 -3.042053
vt 3.195274 -3.081476
vt 2.982429 -3.200709
vt 3.186553 -3.164875
vt 3.526464 -0.629858
vt 3.526467 -0.841922
vt 3.577225 -0.833870
vt 3.577295 -0.632319
vt 2.933800 -3.025034
vt -2.966841 3.808599
vt -2.966841 3.922513
vt -2.966996 3.865538
vt -2.879386 3.808598
vt -2.879386 3.897321
vt -2.879507 3.853002
vt 2.972842 -2.687047
vt 2.976851 -2.600971
vt -3.005994 3.808599
vt -3.005994 3.954359
vt -3.006146 3.808816
vt 3.080260 -2.537741
vt 3.187815 -2.563931
vt 3.198719 -2.647390
vt 3.209526 -2.737073
vt 3.221943 -2.847931
vt -0.683779 2.652681
vt -0.718728 2.783226
vt -0.971418 2.695666
vt -0.903444 2.638666
vt -0.826669 2.638960
vt -0.749931 2.615322
vt -0.972568 2.821160
vt -0.744964 2.890879
vt -0.972508 2.924884
vt -0.756363 2.973935
vt -0.969263 3.005753
vt -0.766353 3.066032
vt -0.964743 3.095680
vt -0.972698 2.614410
vt -0.972156 2.758403
vt -0.972698 2.873011
vt -0.970976 2.965304
vt -0.967153 3.050717
vt -0.865457 3.080911
vt -0.761249 3.019987
vt -0.750557 2.932404
vt -0.731730 2.837055
vt -2.965315 3.865568
vt -2.965468 3.922479
vt -2.965468 3.808598
vt -2.967370 3.894504
vt -2.967370 3.808599
vt -2.967164 3.894377
vt 3.588994 1.990732
vt 3.474985 1.971838
vt 3.588994 1.684646
vt -1.245537 2.482051
vt -1.269901 2.180526
vt -1.245524 2.173641
vt -1.245657 2.171583
vt 3.474973 1.701611
vt 3.386159 1.956914
vt 3.386162 1.714772
vt 0.979600 3.327998
vt 0.979600 3.567311
vt 0.912172 3.569976
vt 0.912173 3.346024
vt 0.835795 3.573010
vt 0.835796 3.364287
vt 3.531968 1.692995
vt 3.430548 1.708058
vt 0.945906 3.336884
vt 0.874011 3.355027
vt 0.835723 3.468725
vt -1.941974 1.205127
vt -1.941974 1.327662
vt -1.942216 1.205201
vt 0.873963 3.571577
vt 0.945870 3.568791
vt 3.430518 1.964521
vt 3.531912 1.981367
vt 3.578240 -0.864500
vt 3.463760 -0.882968
vt 3.578240 -1.170715
vt -1.734368 3.393510
vt -1.734368 3.118467
vt -1.695752 3.194872
vt 3.463774 -1.153207
vt 3.374489 -0.897433
vt 3.374507 -1.139680
vt 3.509391 -3.200677
vt 3.598897 -3.002362
vt 3.523597 -3.009547
vt 3.439848 -3.195086
vt 3.439848 -3.013766
vt 3.521025 -1.162074
vt 3.419149 -1.146548
vt 3.474609 -3.197969
vt -2.988097 3.886739
vt -2.988097 3.808598
vt -2.987844 3.886602
vt -1.942682 1.242427
vt -1.942682 1.115683
vt -1.942431 1.242212
vt -2.843360 3.855657
vt -2.843444 3.902620
vt -2.843444 3.808598
vt -2.841488 3.851362
vt -2.841577 3.894027
vt -2.841577 3.808598
vt -2.886383 3.866163
vt -2.886481 3.923581
vt -2.886481 3.808598
vt -2.941204 3.879077
vt -2.941311 3.949362
vt -2.941311 3.808598
vt -3.011652 3.896993
vt -3.011652 3.808598
vt -3.011391 3.896983
vt -0.758065 2.225116
vt -0.640578 2.268210
vt -0.757773 2.575279
vt -0.654009 2.614429
vt -0.705935 2.594967
vt -0.637324 1.200898
vt -0.637324 1.317430
vt -0.637580 1.317279
vt -3.018002 3.808598
vt -3.018002 3.902703
vt -3.018259 3.808699
vt -0.699374 2.246473
vt -0.758065 2.400228
vt 0.911773 -0.733568
vt 0.911773 -0.614948
vt 0.911450 -0.615120
vt -1.935245 0.755429
vt -1.934934 0.873845
vt -1.935245 0.874156
vt 3.679871 1.295739
vt 3.574805 1.258600
vt 3.682541 0.947847
vt 3.574685 0.908023
vt 3.628630 0.927815
vt -3.030513 3.911973
vt -3.030513 3.808598
vt -3.030260 3.808698
vt 0.609147 1.343402
vt 0.609147 1.228456
vt 0.609402 1.343172
vt 3.574685 1.083375
vt 3.627325 1.277337
vt 3.681261 1.121724
vt -0.642589 1.360365
vt -0.642589 1.272521
vt -0.642264 1.272614
vt -0.640762 1.416647
vt -0.641074 1.328981
vt -0.640762 1.328778
vt 1.700913 3.340868
vt 1.733055 3.232974
vt 1.944501 3.297585
vt 1.951427 3.194171
vt 1.747293 3.149866
vt 1.951635 3.113555
vt 1.759953 3.057744
vt 1.950303 3.023923
vt 0.905401 -0.607556
vt 0.905401 -0.733568
vt 0.905728 -0.733397
vt 1.948112 3.245886
vt 1.951635 3.153874
vt 1.951108 3.068735
vt -0.636725 1.349740
vt -0.636725 1.214342
vt -0.636508 1.349572
vt 1.855076 3.040776
vt -2.922781 3.850647
vt -2.922946 3.892498
vt -2.922946 3.808598
vt -2.845807 3.846504
vt -2.845913 3.884267
vt -2.845913 3.808598
vt -2.993805 4.078827
vt -2.993805 3.808598
vt -2.993729 3.943599
vt 0.906394 -0.733568
vt 0.906394 -0.619229
vt 0.906035 -0.619426
vt -1.612957 2.351976
vt -1.770531 2.359227
vt -1.654528 2.152019
vt -1.802053 2.207592
vt -1.591847 2.128927
vt -1.546024 2.349308
vt 3.746134 -2.811722
vt 3.755069 -3.013527
vt 3.814789 -3.014912
vt 3.805923 -2.814699
vt -1.870159 2.363742
vt -1.895334 2.242694
vt -1.911870 2.365251
vt -1.934399 2.256864
vt -1.787387 2.513054
vt -1.883620 2.486692
vt -1.755813 1.974871
vt -1.878867 2.073233
vt -0.058893 3.592525
vt -0.119425 3.594796
vt -0.060584 3.388147
vt -0.121131 3.388779
vt -1.635228 2.554852
vt 3.755069 -2.589568
vt -1.570531 2.572932
vt 3.814789 -2.594292
vt 3.794104 2.459379
vt 3.892756 2.471143
vt 3.895275 2.523181
vt 3.798691 2.511658
vt 3.894500 2.547866
vt 3.797189 2.536258
vt 3.893119 2.652073
vt 3.794104 2.640265
vt -1.850975 2.654160
vt -1.934399 2.599386
vt -2.414679 3.324116
vt -2.377528 3.440552
vt -2.425662 3.440552
vt 3.612824 3.487012
vt 3.510724 3.516092
vt 3.586307 3.390583
vt 3.636525 3.479383
vt 3.610245 3.383859
vt 3.483761 3.418042
vt 3.559175 3.285396
vt 3.583323 3.279448
vt 3.636525 3.265523
vt -1.906912 1.837618
vt -1.870070 1.782333
vt -0.058893 3.165942
vt -0.119422 3.164938
vt 3.784923 -2.591848
vt -0.089149 3.165318
vt -2.974885 3.808598
vt -2.974885 3.875356
vt -2.975161 3.808633
vt -2.845968 4.033563
vt -2.846004 3.921138
vt -2.845968 3.808598
vt -2.943661 3.869109
vt -2.943661 3.808598
vt -2.943408 3.808719
vt -1.888588 1.809913
vt -0.636752 0.949762
vt -0.636752 1.107347
vt -0.636980 0.949928
vt -3.009348 3.808598
vt -3.009348 3.908236
vt -3.009576 3.808683
vt 3.609918 3.272411
vt 3.571237 3.282350
vt 3.521420 3.351672
vt 3.497129 3.467162
vt 3.843674 2.646308
vt -0.637695 1.417559
vt -0.637945 1.307945
vt -0.637695 1.307804
vt -1.892754 2.626778
vt -1.743070 2.604647
vt -0.431491 1.786202
vt -0.307530 1.688548
vt -0.282021 1.925100
vt -0.194166 1.793985
vt -0.319096 1.981160
vt -0.483879 1.827866
vt 0.774000 3.627840
vt 0.772273 3.468892
vt 0.832821 3.467331
vt 0.834530 3.625055
vt -0.530718 1.607729
vt 3.366012 -0.841923
vt 3.305598 -0.846583
vt 3.370562 -0.975027
vt -0.593234 1.631190
vt 3.310113 -0.978720
vt -0.569914 1.407460
vt 3.373483 -1.157614
vt -0.636476 1.410422
vt 3.313011 -1.159872
vt -0.412495 1.401429
vt -0.393842 1.247680
vt -0.545315 1.204713
vt 3.374489 -1.372011
vt -0.609340 1.186965
vt 3.314010 -1.372577
vt -0.298122 1.274795
vt -0.313036 1.397552
vt 2.503833 1.378124
vt 2.386091 1.374951
vt 2.380731 1.318356
vt 2.486137 1.321193
vt 2.380590 1.263172
vt 2.483784 1.265950
vt 2.381523 1.238352
vt 2.485506 1.241150
vt -0.328602 1.107330
vt -0.246022 1.162677
vt -0.459286 1.019680
vt 3.373483 -1.597046
vt -0.514514 0.982884
vt 3.313011 -1.595814
vt -0.223171 0.993952
vt -0.161821 1.072170
vt -0.320261 0.870185
vt 3.370561 -1.810675
vt -0.361261 0.818184
vt 3.310113 -1.807928
vt 1.700913 3.558015
vt 1.701527 3.440618
vt 1.757843 3.460378
vt -0.053758 1.012060
vt 1.757307 3.371143
vt 1.700913 3.340867
vt 1.949613 3.694276
vt 1.909145 3.700691
vt 1.949725 3.583656
vt 1.909145 3.577045
vt 0.837049 -0.733568
vt 0.835197 -0.659777
vt 0.780274 -0.653589
vt 1.812454 3.377290
vt 0.782092 -0.725776
vt 0.755394 -0.654699
vt 1.812993 3.464639
vt 1.837292 3.375652
vt 1.837836 3.463708
vt -0.229189 1.626953
vt -0.138665 1.711104
vt -0.196656 1.600756
vt -0.115632 1.676104
vt 0.915572 3.675402
vt 0.916419 3.753558
vt 0.861428 3.745954
vt 0.860597 3.669452
vt 0.836565 3.747542
vt 0.835723 3.670408
vt -0.096895 2.011226
vt -0.053758 1.859233
vt -0.141860 0.771007
vt 3.366012 -1.992180
vt -0.164579 0.708773
vt 3.305598 -1.987881
vt 0.890561 -0.687624
vt 0.835191 -0.564206
vt 0.780273 -0.559962
vt 0.755412 -0.560309
vt 0.890561 -0.580738
vt 1.909082 3.747338
vt 1.837835 3.646268
vt 1.909145 3.577046
vt 0.916465 3.576904
vt 0.861428 3.573010
vt 0.834530 3.268539
vt 0.774001 3.268538
vt 2.433458 1.239695
vt 2.380590 1.290749
vt 1.825406 3.464247
vt -2.844077 3.917812
vt -2.844149 3.863221
vt -2.844077 3.808598
vt 0.807722 -0.562010
vt 0.862873 -0.572398
vt -0.271625 0.931998
vt -0.153112 0.739886
vt -2.816563 3.838885
vt -2.816477 3.808598
vt -2.816477 3.869206
vt 0.804273 3.268425
vt -2.947108 3.876165
vt -2.947108 3.808598
vt -2.946877 3.876091
vt -2.936707 3.875487
vt -2.936707 3.808598
vt -2.936485 3.808669
vt -0.075233 1.935225
vt -1.943431 1.057675
vt -1.943431 1.212491
vt -1.943648 1.058010
vt 0.836089 3.708987
vt 0.888910 3.749782
vt -2.824812 3.842563
vt -2.824723 3.808598
vt -2.824723 3.876663
vt 3.359952 0.265811
vt 3.218831 0.335205
vt 3.242374 0.098959
vt 3.129628 0.208656
vt 3.129628 0.379034
vt 3.166194 0.497148
vt 3.264577 0.483101
vt 3.185921 0.153724
vt 3.215396 0.490191
vt 3.301153 0.182319
vt -2.930511 3.808599
vt -2.930511 3.874412
vt -2.930729 3.874342
vt -0.285973 2.998135
vt -0.144711 2.928152
vt -0.168243 3.164938
vt -0.055440 3.054576
vt -0.190528 2.780340
vt -0.092054 2.765840
vt -0.055440 2.883956
vt 3.225772 -2.034914
vt 3.227162 -2.135288
vt 3.283645 -2.154366
vt 3.282402 -2.064622
vt 3.338814 -2.158064
vt 3.337597 -2.070194
vt 3.363649 -2.156946
vt 3.362421 -2.068303
vt 3.469766 -2.154980
vt 3.470037 -2.260810
vt 3.363914 -2.260966
vt 3.469302 -2.371889
vt 3.363192 -2.370219
vt -0.111792 3.109818
vt -3.003822 3.908407
vt -3.003822 3.808598
vt -3.003603 3.908335
vt 3.309985 -2.067358
vt 3.350001 -2.069201
vt -2.800107 3.808599
vt -2.800084 3.873939
vt -2.800107 3.939404
vt 3.470037 -2.207955
vt 3.469803 -2.316288
vt -1.938576 1.335803
vt -1.938320 1.440799
vt -1.938576 1.440984
vt 3.311244 -2.156338
vt 3.255411 -2.144957
vt -0.141283 2.772952
vt -0.238308 2.889175
vt -2.958733 3.875014
vt -2.958733 3.808598
vt -2.958481 3.808696
vt 0.266915 3.355258
vt 0.368665 3.578817
vt 0.266802 3.607108
vt 0.320517 3.464609
vt 0.364589 3.534352
vt 0.297204 3.385410
vt 0.317711 3.593093
vt -2.846543 3.808598
vt -2.846543 3.845261
vt -2.846764 3.845253
vt 0.266801 3.004957
vt 0.370328 2.772259
vt 0.371485 3.021295
vt 0.371356 2.779670
vt 0.266801 2.792531
vt 0.295527 2.542179
vt 0.524564 2.752185
vt 0.518807 2.670367
vt 0.558489 2.664222
vt 0.575816 2.744194
vt 0.544126 2.831770
vt 0.583804 2.825625
vt 0.553287 2.590313
vt 0.601408 2.897312
vt 0.575708 2.901293
vt 0.583467 2.529114
vt 0.559645 2.533610
vt 0.552962 2.475166
vt 0.564374 2.464185
vt 0.583513 2.446024
vt -2.977260 3.876758
vt -2.976988 3.808598
vt -2.976988 3.876813
vt -2.817256 3.847231
vt -2.817324 3.885872
vt -2.817324 3.808598
vt 0.573867 2.455066
vt 0.319090 3.013223
vt 2.659319 2.991540
vt 2.795777 2.780143
vt 2.759858 3.024291
vt 2.692546 2.781726
vt 2.797085 2.789165
vt 2.759858 2.539224
vt 2.659311 2.571919
vt 2.951612 2.780062
vt -2.977729 3.808598
vt -2.977729 3.876697
vt -2.978002 3.808631
vt 2.709558 2.555371
vt -1.255869 2.558296
vt -1.391518 2.767363
vt -1.356633 2.525351
vt -1.392992 2.755317
vt -1.289134 2.768116
vt -1.391643 2.767673
vt -1.356633 3.010451
vt -1.393261 2.779502
vt -1.397576 2.848945
vt -1.255869 2.977922
vt -1.421307 3.031202
vt -1.425206 2.922376
vt -1.468737 3.046408
vt -1.473179 2.980473
vt -1.546024 2.767916
vt -2.937454 3.808598
vt -2.937454 3.876980
vt -2.937671 3.808670
vt -1.445022 3.038906
vt -2.885196 3.859999
vt -2.885196 3.808598
vt -2.884979 3.808669
vt -1.388970 3.020934
vt -1.306252 2.994301
vt -1.306118 2.541736
vt 3.225772 -2.487285
vt 3.088626 -2.279448
vt 3.124815 -2.519982
vt 3.192542 -2.277478
vt 3.087828 -2.286469
vt 3.087341 -2.271520
vt 3.124815 -2.034914
vt 3.225772 -2.067667
vt 2.933800 -2.279819
vt -2.977606 3.877196
vt -2.977606 3.808598
vt -2.977335 3.877157
vt 3.010528 -2.275602
vt 3.175324 -2.051224
vt 3.175367 -2.503834
vt 3.655280 -2.644642
vt 3.596009 -2.630759
vt 3.655275 -2.973314
vt 3.596009 -2.950215
vt 3.376179 0.577397
vt 3.426987 0.943587
vt 3.394749 0.942878
vt 3.345421 0.586666
vt 3.380466 0.942545
vt 3.331662 0.590833
vt 3.794071 2.474060
vt 3.794104 2.829141
vt 3.777744 2.831677
vt 3.777711 2.471417
vt 3.741379 2.837334
vt 3.741267 2.465513
vt 3.703629 2.843111
vt 3.703629 2.459378
vt 3.211327 2.166953
vt 3.211320 2.498518
vt 3.177473 2.492117
vt 3.177476 2.155008
vt 3.144176 2.491569
vt 3.144183 2.153446
vt 3.089919 2.492322
vt 3.107531 2.153252
vt 3.071404 2.153984
vt 3.039691 2.493925
vt 3.039694 2.155362
vt 2.994207 2.498161
vt 2.994204 2.161720
vt 2.968907 2.506243
vt 2.968907 2.175367
vt 3.260192 -3.200677
vt 3.344629 -2.827247
vt 3.310666 -2.825125
vt 3.228518 -3.188087
vt 3.261140 -2.821912
vt 3.602213 -2.269458
vt 3.331662 1.296865
vt 3.362004 1.307558
vt 3.228518 -2.466804
vt 3.276540 -2.454525
vt 2.975317 2.880292
vt 3.309662 -2.446038
vt 3.114091 2.874865
vt 3.077970 2.875844
vt 3.046257 2.876773
vt -1.937877 0.755429
vt -1.937877 0.874558
vt -1.938196 0.874373
vt 3.625659 -2.961911
vt 3.360751 0.581863
vt 3.338554 0.588563
vt 3.785853 2.472556
vt 3.759518 2.468292
vt 3.722408 2.462262
vt 3.194407 2.160791
vt -2.811852 3.841951
vt -2.811852 3.808598
vt -2.811709 3.825293
vt 3.125867 2.153203
vt -2.816932 3.844749
vt -2.816932 3.808598
vt -2.816787 3.826681
vt 3.055559 2.154527
vt 3.016962 2.158395
vt -2.804592 3.808599
vt -2.804592 3.828841
vt -2.804781 3.818721
vt 3.244286 -3.194557
vt -2.971168 3.808598
vt -2.971168 3.858219
vt -2.971532 3.808733
vt -0.637660 -0.804504
vt -0.637660 0.335334
vt -0.638034 -0.803390
vt 3.244234 -2.644395
vt 3.252448 -2.460505
vt -0.641290 -0.447831
vt -0.642442 -0.803941
vt -0.641290 -0.804503
vt 3.293023 -2.450114
vt 3.016936 2.496184
vt 3.062108 2.876459
vt 3.096027 2.875548
vt 3.160820 2.492068
vt 3.194390 2.495496
vt 3.722609 2.840410
vt 3.759668 2.834693
vt 3.785964 2.830579
vt 3.387588 0.942879
vt 3.346740 1.302368
vt 3.655337 -2.809047
vt 0.904386 -0.616051
vt 0.904386 -0.733569
vt 0.904739 -0.733307
vt -2.315865 3.083122
vt -2.375648 3.083430
vt -2.315861 2.707392
vt -2.375648 2.718159
vt 0.543392 0.708773
vt 0.594032 1.074990
vt 0.561522 1.074427
vt 0.512306 0.718225
vt 0.547220 1.074152
vt 0.498456 0.722410
vt 3.798394 0.112915
vt 3.798354 0.468017
vt 3.782011 0.470663
vt 3.782049 0.110381
vt 3.745743 0.476553
vt 3.745590 0.104753
vt 3.708023 0.482714
vt 3.708023 0.098960
vt 3.211528 1.385933
vt 3.211528 1.765080
vt 3.177938 1.765325
vt 3.177942 1.379901
vt 3.144683 1.765538
vt 3.144679 1.378915
vt 3.094197 1.765855
vt 3.108031 1.378553
vt 3.071885 1.378671
vt 3.040147 1.766189
vt 3.040145 1.379108
vt 2.994512 1.766457
vt 2.994510 1.381896
vt 2.968906 1.766579
vt 2.968907 1.388322
vt -0.675615 1.479871
vt -0.760156 1.106461
vt -0.725773 1.104167
vt -0.643670 1.467142
vt -0.676253 1.100896
vt -2.371074 3.448450
vt 0.498456 1.428423
vt 0.529153 1.438938
vt -0.643670 0.745786
vt -0.691776 0.733593
vt 2.973650 2.144590
vt -0.725106 0.725211
vt 3.112888 2.152731
vt 3.076743 2.153064
vt 3.045000 2.153004
vt 0.905091 -0.733569
vt 0.905091 -0.615956
vt 0.904739 -0.616214
vt -2.345738 2.712603
vt 0.527717 0.713335
vt 0.505249 0.720153
vt 3.790264 0.111478
vt 3.763862 0.107403
vt 3.726850 0.101692
vt 3.194746 1.382742
vt 3.161324 1.379226
vt 3.126365 1.378559
vt 3.089970 1.378437
vt -2.820592 3.808599
vt -2.820592 3.839343
vt -2.820776 3.823997
vt 3.017340 1.380320
vt 2.981719 1.384933
vt -0.659495 1.473679
vt -2.964903 3.858378
vt -2.964903 3.808598
vt -2.964554 3.858350
vt -0.638398 0.335246
vt -0.638398 -0.804504
vt -0.638034 0.334033
vt -0.659418 0.923393
vt -0.667599 0.739527
vt -0.643653 -0.804504
vt -0.642443 -0.448442
vt -0.643653 -0.447856
vt -0.708316 0.729232
vt 3.017319 1.766511
vt 3.060870 2.153202
vt 3.094810 2.153073
vt 3.161304 1.765620
vt 3.194729 1.765391
vt 3.726911 0.479820
vt 3.763969 0.473771
vt 3.790275 0.469503
vt 0.554368 1.074461
vt 0.513667 1.433833
vt 0.901629 -0.733568
vt 0.901629 -0.616116
vt 0.901238 -0.616350
vt 3.842463 2.042640
vt 3.783083 2.023095
vt 3.842463 1.694498
vt 3.783083 1.684646
vt 3.372180 2.153202
vt 3.422934 2.519375
vt 3.390653 2.518531
vt 3.341280 2.162381
vt 3.376268 2.518214
vt 3.327505 2.166554
vt 3.833247 -1.156138
vt 3.833222 -0.801100
vt 3.816927 -0.798548
vt 3.816967 -1.158734
vt 3.780641 -0.792779
vt 3.780643 -1.164581
vt 3.743083 -0.786971
vt 3.743083 -1.170715
vt 1.807072 -0.904521
vt 1.807072 -0.553205
vt 1.773276 -0.542948
vt 1.773276 -0.900077
vt 1.739993 -0.541450
vt 1.739990 -0.899772
vt 1.687883 -0.541463
vt 1.703337 -0.900009
vt 1.667210 -0.900617
vt 1.635491 -0.542861
vt 1.635491 -0.901517
vt 1.589972 -0.548180
vt 1.589973 -0.904490
vt 1.564607 -0.559717
vt 1.564607 -0.910207
vt -0.254196 2.011227
vt -0.169677 2.384606
vt -0.203816 2.386649
vt -0.285976 2.023736
vt -0.253349 2.389836
vt 3.833246 -1.137799
vt 3.879022 -1.170723
vt 3.878960 -0.809150
vt 3.327505 2.872601
vt 3.358016 2.883380
vt -0.285976 2.745001
vt -0.237869 2.757293
vt -0.149306 2.383478
vt -0.204692 2.765840
vt 3.673118 2.101146
vt 3.723814 2.096188
vt 3.688091 2.451157
vt 3.653179 2.455366
vt 3.622733 2.107743
vt 3.622772 2.459379
vt 0.902824 -0.616158
vt 0.902824 -0.733568
vt 0.903190 -0.733350
vt 3.812791 1.689389
vt 3.356635 2.157687
vt 3.334341 2.164237
vt 3.825161 -1.157612
vt 3.798834 -1.161896
vt 3.761895 -1.167891
vt 1.790187 -0.902449
vt 1.756646 -0.900076
vt 1.721676 -0.900084
vt 1.685285 -0.900548
vt 1.651360 -0.901301
vt 1.612747 -0.903194
vt 1.577298 -0.907579
vt -0.270160 2.017254
vt -2.987094 3.808598
vt -2.987094 3.858314
vt -2.987490 3.808685
vt -0.636900 -0.804504
vt -0.636900 0.335360
vt -0.637284 -0.803322
vt -0.270235 2.567415
vt -0.261994 2.751268
vt -0.640153 -0.447949
vt -0.641290 -0.804050
vt -0.640153 -0.804504
vt -0.221349 2.761688
vt -2.842580 3.830303
vt -2.842760 3.851900
vt -2.842760 3.808598
vt 3.637981 2.457510
vt 3.670640 2.453400
vt -2.805439 3.825113
vt -2.805559 3.841589
vt -2.805559 3.808599
vt -2.834295 3.827508
vt -2.834113 3.808599
vt -2.834113 3.846361
vt 3.761889 -0.789738
vt 3.798812 -0.795525
vt 3.825168 -0.799569
vt 3.383418 2.518570
vt 3.342683 2.878106
vt 3.842525 1.868541
vt -1.938617 1.118873
vt -1.938617 1.001024
vt -1.938320 1.001229
vt 3.647872 0.381090
vt 3.708023 0.397220
vt 3.647871 0.742291
vt 3.708023 0.748309
vt 3.395380 -2.470486
vt 3.344629 -2.836659
vt 3.376721 -2.836109
vt 3.426085 -2.479934
vt 3.391030 -2.835876
vt 3.439847 -2.484117
vt 3.655337 -2.604107
vt 3.655385 -2.959239
vt 3.671732 -2.961757
vt 3.671704 -2.601464
vt 3.708326 -2.967472
vt 3.708258 -2.595598
vt 3.746134 -2.973314
vt 3.746134 -2.589568
vt 3.049815 -0.570686
vt 3.049813 -0.935144
vt 3.083205 -0.944134
vt 3.083208 -0.573682
vt 3.116437 -0.945560
vt 3.116441 -0.573997
vt 3.168344 -0.946075
vt 3.153086 -0.573922
vt 3.189239 -0.573699
vt 3.220997 -0.945282
vt 3.221000 -0.573213
vt 3.266729 -0.941115
vt 3.266730 -0.571423
vt 3.292551 -0.931597
vt 3.292551 -0.567902
vt 3.295883 2.907862
vt 3.211326 2.534395
vt 3.245401 2.532154
vt 3.327504 2.895123
vt 3.294827 2.528882
vt 3.704625 0.098959
vt 3.439848 -3.190098
vt 3.409430 -3.200677
vt 3.327504 2.173772
vt 3.279422 2.161539
vt 3.289027 -1.240303
vt 3.246451 2.153202
vt 3.149477 -1.262226
vt 3.185630 -1.262202
vt 3.217393 -1.261299
vt -0.640244 0.295041
vt -0.640244 0.412794
vt -0.640699 0.412570
vt 3.677930 0.745462
vt 3.410837 -2.475012
vt 3.433076 -2.481832
vt 3.663481 -2.602632
vt 3.689984 -2.598430
vt 3.727110 -2.592383
vt 3.066501 -0.571967
vt 3.099814 -0.573624
vt 3.134750 -0.573680
vt 3.171149 -0.573530
vt 3.205108 -0.573173
vt 3.243853 -0.572158
vt 3.279635 -0.569561
vt 3.311700 2.901608
vt -2.991191 3.808598
vt -2.991191 3.858300
vt -2.991598 3.808725
vt -0.637284 -0.804504
vt -0.637284 0.335348
vt -0.637660 -0.803277
vt 3.311758 2.351398
vt 3.303495 2.167477
vt -0.643653 -0.447855
vt -0.642611 -0.091771
vt -0.643653 -0.091227
vt 3.262980 2.157175
vt 3.243873 -0.943334
vt -2.812354 3.824456
vt -2.812203 3.808598
vt -2.812203 3.840349
vt 3.167560 -1.262365
vt 3.099828 -0.944987
vt 3.066516 -0.939837
vt 3.727160 -2.970561
vt 3.690016 -2.964821
vt 3.663492 -2.960660
vt 3.383867 -2.836202
vt 3.424696 -3.195572
vt 3.647813 0.561782
vt 0.901238 -0.733568
vt 0.901238 -0.615500
vt 0.900849 -0.615704
vt -0.643711 -0.426640
vt -0.694826 -0.439047
vt -0.643716 -0.802558
vt -0.694826 -0.804504
vt -0.694370 1.479871
vt -0.643670 1.846059
vt -0.676126 1.845304
vt -0.725429 1.489138
vt -0.690476 1.845092
vt -0.739222 1.493300
vt -0.641937 -0.033825
vt -0.641975 0.321334
vt -0.658248 0.323915
vt -0.658226 -0.036389
vt -0.694553 0.329728
vt -0.694553 -0.042078
vt -1.269901 1.792886
vt -1.269901 2.160436
vt -1.311177 2.170558
vt -1.311176 1.791209
vt -1.347906 2.175469
vt -1.347904 1.789842
vt -1.380972 2.175410
vt -1.380971 1.788584
vt -1.432793 2.174055
vt -1.416919 1.787161
vt -1.452065 1.785846
vt -1.482699 2.171932
vt -1.482700 1.784657
vt -1.525328 2.167865
vt -1.525317 1.783001
vt -1.546023 2.160790
vt -1.546023 1.782333
vt -0.799640 -0.042078
vt -0.715101 0.331304
vt -0.749410 0.333417
vt -0.831569 -0.029508
vt -0.798945 0.336692
vt -0.666859 -0.108080
vt -0.739222 2.199396
vt -0.708545 2.210093
vt -0.831569 0.691761
vt -0.783328 0.704098
vt -0.694553 0.330091
vt -0.750103 0.712522
vt -1.387262 2.525351
vt -1.422395 2.524204
vt -1.453063 2.522668
vt 0.902044 -0.733568
vt 0.902044 -0.623246
vt 0.901630 -0.623482
vt -0.669249 -0.803672
vt -0.709947 1.484372
vt -0.732415 1.491037
vt -0.650041 -0.035240
vt -0.676315 -0.039422
vt -1.290513 1.791852
vt -1.329515 1.790326
vt -1.364414 1.789014
vt -1.398927 1.787736
vt -1.434467 1.786302
vt -1.467367 1.785114
vt -1.503983 1.783629
vt -1.535657 1.782529
vt -0.815703 -0.035972
vt -2.984389 3.858403
vt -2.984389 3.808598
vt -2.984001 3.858288
vt -0.636900 0.335280
vt -0.636900 -0.804504
vt -0.636476 0.334035
vt -0.815820 0.514172
vt -0.807534 0.698088
vt -0.640244 -0.091274
vt -0.641289 -0.447375
vt -0.640244 -0.447949
vt -0.766804 0.708472
vt -1.504017 2.170132
vt -1.437714 2.523618
vt -1.404814 2.524960
vt -2.810232 3.825269
vt -2.810370 3.841945
vt -2.810370 3.808598
vt -1.329543 2.173246
vt -2.834956 3.827547
vt -2.835139 3.846545
vt -2.835139 3.808598
vt -0.676321 0.326938
vt -0.650063 0.322802
vt -0.683329 1.845381
vt -0.724019 2.204839
vt -0.643653 -0.614743
vt -1.935227 0.874156
vt -1.935227 0.984853
vt -1.935557 0.984669
vt 3.873991 -2.723937
vt 3.814789 -2.753766
vt 3.873995 -2.992568
vt 3.814789 -3.014912
vt -0.098632 2.741425
vt -0.149306 2.375156
vt -0.116950 2.375582
vt -0.067661 2.731853
vt -0.102612 2.375922
vt -0.053839 2.727585
vt 3.389686 3.585580
vt 3.389734 3.230543
vt 3.406089 3.227888
vt 3.406022 3.588087
vt 3.442616 3.221996
vt 3.442586 3.593773
vt 3.480357 3.215831
vt 3.480357 3.599578
vt -2.434637 3.100793
vt -2.434638 3.371867
vt -2.468524 3.386984
vt -2.468521 3.111417
vt -2.501821 3.388819
vt -2.501821 3.112391
vt -2.555165 3.388382
vt -2.538470 3.112069
vt -2.574591 3.110836
vt -2.606297 3.385854
vt -2.606300 3.109103
vt -2.651768 3.377447
vt -2.651768 3.102499
vt -0.745633 -0.042078
vt -0.831570 -0.421713
vt -0.811166 -0.423279
vt -0.726602 -0.049924
vt -0.776942 -0.425714
vt -0.694826 -0.062662
vt -0.727450 -0.428976
vt -1.244191 3.259286
vt -1.294615 3.304582
vt -1.294615 3.046409
vt -0.053839 2.021610
vt -0.084403 2.011227
vt -0.694826 -0.784136
vt -0.742957 -0.796259
vt -0.776192 -0.804503
vt 1.488825 3.669097
vt 1.435475 3.669322
vt 1.472126 3.437652
vt 1.508261 3.436538
vt 1.539985 3.666550
vt 1.539985 3.434728
vt 0.908046 -0.733569
vt 0.908046 -0.615467
vt 0.907704 -0.615662
vt 3.844411 -3.003912
vt -0.083017 2.736737
vt -0.060661 2.729870
vt 3.397788 3.586996
vt 3.424279 3.591143
vt 3.461400 3.596841
vt -2.451568 3.105931
vt -2.485159 3.111730
vt -2.520133 3.112055
vt -2.556519 3.111284
vt -2.590436 3.109801
vt -2.629018 3.105633
vt -2.809368 3.808598
vt -2.809368 3.837018
vt -2.809528 3.822879
vt -0.710613 -0.056150
vt -2.935792 3.858508
vt -2.935792 3.808598
vt -2.935498 3.858294
vt -0.638759 0.335316
vt -0.638759 -0.804503
vt -0.638398 0.334131
vt -0.710574 -0.606517
vt -0.718836 -0.790324
vt -0.640153 -0.804504
vt -0.639037 -0.448501
vt -0.640153 -0.447996
vt -0.759484 -0.800562
vt -2.828787 3.831772
vt -2.828649 3.808599
vt -2.828649 3.855023
vt 1.524129 3.435527
vt 1.490199 3.436926
vt -2.813072 3.825271
vt -2.813218 3.841949
vt -2.813218 3.808598
vt -2.812943 3.827389
vt -2.813072 3.846289
vt -2.813072 3.808598
vt 3.461459 3.218752
vt 3.424272 3.224738
vt 3.397789 3.228960
vt -0.109759 2.375600
vt -0.069060 2.016293
vt 0.609416 1.109758
vt 0.609416 1.228456
vt 0.609148 1.228263
vt -0.862195 3.406371
vt -0.771160 3.574304
vt -0.862317 3.635053
vt 3.959496 0.735750
vt 3.910427 0.540687
vt 3.959496 0.519935
vt -0.816727 3.604758
vt -2.901993 3.870905
vt -2.901993 3.808599
vt -2.901793 3.870875
vt 3.934922 0.530207
vt -0.862317 3.520656
vt 1.700913 3.731904
vt 1.700913 3.558015
vt 1.811532 3.597948
vt -1.548082 3.792747
vt -1.596875 3.597560
vt -1.547939 3.577090
vt -3.023331 3.928068
vt -3.023331 3.808598
vt -3.023124 3.927881
vt 1.756250 3.577919
vt -0.641074 1.239797
vt -0.641074 1.083946
vt -0.640867 1.084172
vt -1.547939 3.684959
vt -2.943015 3.870967
vt -2.943015 3.808598
vt -2.942769 3.870888
vt -2.809715 3.845300
vt -2.809653 3.808599
vt -2.809653 3.882179
vt -0.716009 3.663945
vt -0.767503 3.471957
vt -0.656270 3.463022
vt -0.767503 3.678199
vt -0.711881 3.467417
vt -2.966524 4.024747
vt -2.966605 3.916648
vt -2.966524 3.808597
vt -2.916308 3.808598
vt -2.916308 3.870578
vt -2.916523 3.808651
vt -0.741744 3.671180
vt 3.521503 -1.225002
vt 3.423111 -1.376619
vt 3.521503 -1.447775
vt 3.480937 -1.170715
vt 3.374490 -1.334735
vt 3.437577 -1.604671
vt 3.479602 -1.526321
vt -0.642385 0.701509
vt -0.642385 0.901662
vt -0.642604 0.901241
vt -0.639980 1.007841
vt -0.640208 0.846585
vt -0.639980 0.846667
vt -1.935950 1.068413
vt -1.935950 0.890739
vt -1.935745 1.068147
vt 3.398749 -1.355826
vt -2.979971 3.808598
vt -2.979971 3.872482
vt -2.980268 3.808630
vt 3.427725 -1.252648
vt -2.820427 3.839310
vt -2.820518 3.870082
vt -2.820518 3.808598
vt 3.531991 -0.301686
vt 3.430431 -0.418560
vt 3.531869 -0.538969
vt 3.447410 -0.249173
vt 3.366310 -0.342466
vt 1.949345 3.340867
vt 1.948408 3.463863
vt 1.892811 3.452548
vt 1.893648 3.342469
vt 1.837836 3.450040
vt 3.495697 -0.135364
vt 1.893650 3.553831
vt 1.949345 3.577046
vt 1.838656 3.549136
vt -2.960465 3.808598
vt -2.960465 3.874711
vt -2.960721 3.874567
vt 3.481095 -0.478836
vt 3.398322 -0.380584
vt 1.921517 3.341588
vt -2.799602 3.834865
vt -2.799659 3.861081
vt -2.799659 3.808598
vt -2.798458 3.835485
vt -2.798510 3.862292
vt -2.798510 3.808598
vt 0.424993 0.085265
vt 0.400944 0.236550
vt 0.265180 0.192556
vt 0.282187 0.085321
vt 0.215847 0.289288
vt 0.331386 0.373118
vt 0.139031 0.366046
vt 0.223016 0.481455
vt 0.042278 0.415354
vt 0.086461 0.551011
vt -0.064983 0.432344
vt -0.064925 0.574917
vt -0.172217 0.415358
vt -0.216220 0.550988
vt -0.269003 0.365996
vt -0.352755 0.481385
vt -0.345755 0.289248
vt -0.461112 0.373011
vt -0.395094 0.192422
vt -0.530670 0.236455
vt -0.412010 0.085218
vt -0.554618 0.085082
vt -0.395066 -0.022120
vt -0.530658 -0.066304
vt -0.345740 -0.118869
vt -0.461021 -0.202763
vt -0.268927 -0.195631
vt -0.352641 -0.311108
vt -0.172170 -0.244930
vt -0.216097 -0.380655
vt -0.064923 -0.261921
vt -0.064790 -0.404671
vt 0.042396 -0.244824
vt 0.086595 -0.380641
vt 0.139111 -0.195560
vt 0.223128 -0.311041
vt 0.215930 -0.118712
vt 0.331475 -0.202658
vt -0.636432 -0.100855
vt -0.551020 -0.268416
vt -0.418901 -0.400806
vt -0.250419 -0.486746
vt -0.064658 -0.516144
vt 0.121125 -0.486640
vt 0.288664 -0.401280
vt 0.421683 -0.268208
vt 0.138139 -0.538969
vt 0.320992 -0.445766
vt 3.869450 -1.800146
vt 3.869461 -2.005389
vt 3.896753 -2.008428
vt 3.896753 -1.797163
vt 3.929330 -2.009031
vt 3.929331 -1.796549
vt -0.267234 -0.538969
vt -0.595249 -0.300726
vt 0.536446 0.085162
vt 0.506963 0.270862
vt 0.421538 0.438417
vt 0.288587 0.571445
vt 0.120942 0.656754
vt -0.063562 0.686282
vt -0.250520 0.656749
vt -0.418131 0.571281
vt -0.551069 0.438317
vt -0.636476 0.270664
vt -0.267400 0.708773
vt -0.450259 0.615561
vt -0.595340 0.470448
vt 2.656172 3.407307
vt 2.656172 3.610102
vt 2.625606 3.611300
vt 2.625607 3.402577
vt 2.593160 3.612542
vt 2.593162 3.402606
vt 0.137973 0.708773
vt 0.465988 0.470530
vt 0.591368 0.085036
vt 0.401033 -0.066102
vt 0.265174 -0.021995
vt 0.067223 0.267255
vt 0.116968 0.217480
vt 0.067236 -0.096753
vt 0.004582 -0.128639
vt -0.278920 0.015688
vt -0.289896 0.085245
vt -0.134468 0.299239
vt -0.065007 0.310203
vt 0.004491 0.299173
vt -0.197192 -0.096781
vt -0.134497 -0.128723
vt -0.246933 -0.046988
vt 0.160100 0.085308
vt 0.148989 0.015802
vt -0.246944 0.217483
vt -0.197202 0.267244
vt -0.109119 -0.050566
vt -0.064967 -0.057484
vt -0.064993 -0.034665
vt -0.102019 -0.028738
vt 0.077797 0.085318
vt 0.070771 0.041155
vt 0.054932 0.085287
vt 0.049088 0.048255
vt 0.070766 0.129371
vt 0.559284 -0.117685
vt 0.507009 -0.100663
vt 0.577527 -0.123640
vt 0.610465 0.084914
vt 0.216474 3.562662
vt 0.218746 3.437742
vt 0.251343 3.439854
vt 0.249058 3.565483
vt 0.191335 3.424855
vt 0.218746 3.266338
vt 0.251343 3.267418
vt 2.641596 3.213735
vt 2.609243 3.212667
vt 3.511751 -2.037387
vt 3.479173 -2.034914
vt 3.505794 -2.230696
vt 3.473182 -2.229340
vt 3.533348 -2.235839
vt 3.530310 -2.439970
vt 3.502663 -2.440809
vt 3.470037 -2.440645
vt 3.502663 -2.647215
vt 3.470037 -2.648234
vt 3.505795 -2.829671
vt 3.473185 -2.831810
vt 3.533348 -2.817938
vt 3.511747 -2.970396
vt 3.479174 -2.973314
vt 3.580396 -2.028642
vt 3.547870 -2.025245
vt 3.573549 -2.177677
vt 3.540980 -2.175153
vt 2.383566 3.264738
vt 2.416147 3.262516
vt 2.384615 3.435091
vt 2.417203 3.433839
vt 2.357250 3.443485
vt 3.568575 -2.365644
vt 3.535978 -2.364223
vt 3.565962 -2.574169
vt 3.533348 -2.573960
vt 3.593464 -2.574374
vt 3.565962 -2.782830
vt 3.533350 -2.783847
vt 3.568580 -2.971206
vt 3.535983 -2.973315
vt 3.596008 -2.960199
vt 3.792759 -1.608411
vt 3.760384 -1.608587
vt 3.784376 -1.797920
vt 3.751961 -1.799268
vt 2.332164 3.500643
vt 2.350962 3.497819
vt 2.332012 3.705875
vt 2.350962 3.708993
vt 2.356230 3.277929
vt 3.596008 -2.371745
vt 3.823244 -1.617177
vt 3.815101 -1.801380
vt 3.773140 0.890048
vt 3.831993 1.086677
vt 3.777569 1.093857
vt 2.277876 3.697149
vt 2.277851 3.509089
vt 3.939315 2.856169
vt 3.884882 2.658284
vt 3.939315 2.652073
vt 3.909088 1.889919
vt 3.909088 1.684647
vt 3.963108 1.693168
vt 3.963190 1.881196
vt 2.752295 1.361551
vt 2.752295 1.156375
vt 2.806328 1.165017
vt 2.806434 1.353127
vt 2.916212 1.182545
vt 2.916300 1.335815
vt 3.773140 1.281916
vt 2.356230 3.638319
vt 3.827269 1.291790
vt 2.383564 3.635675
vt 2.416147 3.635543
vt 0.249057 3.065108
vt 0.216473 3.065161
vt 3.823244 -2.004112
vt 3.792747 -2.006484
vt 3.760377 -2.009031
vt 0.333057 -0.044180
vt 0.109866 0.028402
vt -0.030291 0.304631
vt -0.099760 0.304656
vt -0.296394 0.253234
vt -0.370294 -0.070410
vt -0.118483 -0.253304
vt 0.035921 -0.112623
vt 0.103235 -0.146037
vt 3.913028 -1.796788
vt 3.883106 -2.007001
vt -0.258942 -0.512856
vt -0.573172 -0.284460
vt -0.583572 -0.083479
vt -0.542743 0.009382
vt 2.640913 3.404820
vt 2.779418 1.357477
vt 2.861316 1.344525
vt 2.916351 1.259181
vt 2.779325 1.160585
vt 3.516499 -2.440506
vt -1.943087 1.403604
vt -1.943218 1.507999
vt -1.943218 1.299084
vt 2.304991 3.504760
vt 3.775252 1.187975
vt 3.800130 1.286970
vt 2.369880 3.637197
vt 2.399842 3.635689
vt 2.640894 3.610842
vt 0.129577 0.682762
vt -2.817824 3.808620
vt -2.818012 3.836943
vt -2.818012 3.808598
vt 0.908590 -0.545481
vt 0.908590 -0.733568
vt 0.908803 -0.545856
vt 3.912153 2.655078
vt 3.579729 -2.574380
vt 3.963204 1.787144
vt 3.936215 1.688742
vt -2.907780 3.808598
vt -2.907780 3.863493
vt -2.908013 3.863339
vt 3.808026 -2.005428
vt 3.776602 -2.007952
vt 0.232776 3.064931
vt 0.533095 -0.109301
vt -3.017185 3.808598
vt -3.017185 3.920222
vt -3.017401 3.919994
vt 0.954394 2.206376
vt 0.801682 2.219294
vt 0.812076 2.076834
vt 0.920217 2.067706
vt 0.981080 2.314645
vt 0.793731 2.330482
vt 0.994251 2.368023
vt 0.789781 2.385316
vt 1.807072 -0.548083
vt 1.808088 -0.714650
vt 1.835449 -0.706463
vt 0.820890 1.954974
vt 0.890997 1.949053
vt 1.020375 2.025537
vt 0.955958 1.921714
vt 0.871337 1.869227
vt 0.826907 1.872972
vt 0.912555 1.851879
vt 0.828509 1.850212
vt 0.865872 1.847057
vt 0.900557 1.832468
vt 1.009082 1.875710
vt 0.946282 1.822700
vt 0.928912 1.807941
vt 1.045610 1.815475
vt 0.969462 1.784469
vt 0.948324 1.775825
vt 1.061602 1.746950
vt 0.652463 2.184402
vt 0.610517 2.287660
vt 1.158771 1.861600
vt 1.183494 1.755864
vt 1.183494 2.288354
vt 1.834403 -0.907617
vt 1.807072 -0.910207
vt 1.122604 1.751352
vt 0.823830 1.913969
vt -0.636508 1.061121
vt -0.636508 1.214342
vt -0.636727 1.061341
vt 0.631470 2.235952
vt 1.834939 -0.807100
vt 1.820736 -0.908989
vt 0.967873 2.260491
vt 0.937446 2.137034
vt 3.477710 -1.799023
vt 3.429000 -1.980632
vt 3.539614 -1.992181
vt 3.427698 -1.776820
vt 3.374490 -1.975047
vt 0.584171 2.246401
vt 0.610241 2.432482
vt 0.584171 2.446025
vt 3.539614 -1.604671
vt 1.668995 3.481517
vt 1.699845 3.488910
vt 1.668990 3.671036
vt 1.699845 3.673170
vt -2.844589 3.808598
vt -2.844589 3.841291
vt -2.844832 3.808618
vt -0.339187 2.446093
vt -0.464969 2.451072
vt -0.341924 2.286333
vt -0.467558 2.299883
vt -0.288860 2.274814
vt -0.285976 2.443029
vt 3.929049 3.647424
vt 3.929065 3.475265
vt 3.954410 3.471351
vt 3.954283 3.651605
vt 3.975871 3.468063
vt 3.975866 3.655097
vt -0.559227 2.454182
vt -0.561757 2.305691
vt -0.610988 2.455252
vt -0.613563 2.305042
vt -0.633835 2.455238
vt -0.636476 2.301314
vt 3.952822 2.468714
vt 3.952812 2.626249
vt 3.942552 2.627814
vt 3.942490 2.467023
vt 3.895275 2.635128
vt 3.895275 2.459379
vt 1.305417 1.760336
vt 1.305414 1.932080
vt 1.242455 1.931638
vt 1.242455 1.753892
vt 1.183495 1.931068
vt 1.183495 1.746950
vt 0.609292 3.460497
vt 0.609345 3.648894
vt 0.558109 3.656880
vt 0.558019 3.452235
vt 0.499311 3.666071
vt 0.499311 3.442841
vt -0.460031 2.605014
vt -0.333970 2.608740
vt -0.341928 2.145022
vt -0.467543 2.166093
vt -0.339193 2.036034
vt -0.464966 2.062938
vt -0.285976 2.011227
vt -0.288861 2.126013
vt 3.979703 -2.386824
vt 3.979618 -2.214635
vt 3.954318 -2.210659
vt 3.954452 -2.390885
vt 3.932902 -2.207258
vt 3.932906 -2.394351
vt -2.240720 1.929932
vt -2.113836 1.948596
vt -2.236795 2.061737
vt -2.110123 2.073297
vt -2.019169 1.954075
vt -2.015502 2.076544
vt -1.967553 1.949578
vt -1.963861 2.073499
vt -1.945100 1.940833
vt -1.941318 2.067831
vt 3.389686 3.765985
vt 3.389743 3.608460
vt 3.400109 3.606839
vt 3.400048 3.767630
vt 3.447520 3.599578
vt 3.447520 3.775327
vt 2.413050 -1.992337
vt 2.413050 -2.134053
vt 2.475796 -2.146639
vt 2.475794 -1.999949
vt 2.534522 -2.160207
vt 2.534520 -2.008255
vt -2.290823 3.629067
vt -2.290770 3.440669
vt -2.239368 3.432659
vt -2.239459 3.637305
vt -2.180520 3.423527
vt -2.180527 3.646760
vt -2.233943 2.217057
vt -2.107423 2.220311
vt -2.287820 2.212968
vt -2.290823 2.049477
vt 3.980043 -2.189239
vt 3.979969 -2.017059
vt 3.954730 -2.012949
vt 3.954824 -2.193148
vt 3.933276 -2.009419
vt 3.933280 -2.196571
vt -2.232443 2.380458
vt -2.106000 2.375071
vt -2.232444 2.536281
vt -2.106004 2.522584
vt -2.286241 2.549248
vt -2.286241 2.385238
vt 3.975444 3.272684
vt 3.975449 3.444879
vt 3.950116 3.449040
vt 3.950118 3.268799
vt 3.928563 3.452581
vt 3.928563 3.265523
vt -2.011476 2.372918
vt -2.011467 2.517699
vt -1.959770 2.373291
vt -1.959770 2.519771
vt -1.937125 2.374886
vt -1.937126 2.524997
vt 0.368667 3.760525
vt 0.368665 3.602915
vt 0.379000 3.601270
vt 0.379001 3.762155
vt 0.426563 3.593772
vt 0.426563 3.769653
vt 2.966369 3.631457
vt 2.966370 3.463946
vt 3.029022 3.466441
vt 3.029022 3.639673
vt 3.087647 3.469054
vt 3.087647 3.648513
vt -2.651768 3.594804
vt -2.651761 3.406379
vt -2.600377 3.398269
vt -2.600378 3.602921
vt -2.541366 3.388912
vt -2.541372 3.612244
vt -2.233943 2.668977
vt -2.107423 2.648196
vt -2.236795 2.765709
vt -2.110123 2.739738
vt -2.290823 2.790847
vt -2.287820 2.689030
vt 3.976377 -2.001839
vt 3.976407 -1.829691
vt 3.950997 -1.825543
vt 3.950957 -2.005710
vt 3.929327 -1.821932
vt 3.929330 -2.009031
vt 3.009052 -1.262365
vt 2.882634 -1.285753
vt 3.005200 -1.377805
vt 2.878983 -1.395037
vt 2.788132 -1.293594
vt 2.784567 -1.400887
vt 2.736448 -1.289363
vt 2.732825 -1.397921
vt 2.713827 -1.279731
vt 2.710114 -1.390950
vt 3.883797 1.672961
vt 3.883816 1.515444
vt 3.894183 1.513834
vt 3.894154 1.674597
vt 3.941633 1.506141
vt 3.941633 1.681921
vt 3.502718 1.996206
vt 3.502718 2.120375
vt 3.439628 2.133684
vt 3.439629 2.005196
vt 3.380525 2.148217
vt 3.380527 2.015129
vt -3.032553 3.626693
vt -3.032567 3.438313
vt -2.981186 3.430123
vt -2.981190 3.634708
vt -2.922250 3.420660
vt -2.922250 3.643909
vt 3.003170 -1.523383
vt 2.877064 -1.532849
vt 3.056666 -1.514418
vt 3.058798 -1.361131
vt 3.972507 -1.381619
vt 3.972593 -1.209473
vt 3.947041 -1.205311
vt 3.946935 -1.385504
vt 3.925284 -1.201763
vt 3.925284 -1.388856
vt 3.003168 -1.684831
vt 2.877062 -1.685679
vt 3.005195 -1.846372
vt 2.878981 -1.838601
vt 3.058798 -1.854550
vt 3.056665 -1.684442
vt -2.594187 3.791927
vt -2.594223 3.619739
vt -2.568619 3.615682
vt -2.568498 3.795942
vt -2.546815 3.612242
vt -2.546820 3.799328
vt 2.782664 -1.686296
vt 2.784544 -1.836455
vt 2.730918 -1.686613
vt 2.732824 -1.838511
vt 2.708155 -1.686736
vt 2.710106 -1.842364
vt -2.483827 3.621173
vt -2.483855 3.778704
vt -2.494086 3.780362
vt -2.494028 3.619568
vt -2.541372 3.788055
vt -2.541372 3.612273
vt 3.650628 -0.075542
vt 3.650625 0.098136
vt 3.587793 0.098559
vt 3.587797 -0.081154
vt 3.528978 0.098959
vt 3.528978 -0.087192
vt -1.133882 3.459055
vt -1.133811 3.647448
vt -1.185112 3.655705
vt -1.185030 3.451049
vt -1.243859 3.665145
vt -1.243859 3.441865
vt 3.009052 -1.992181
vt 2.882629 -1.976633
vt 3.002899 -0.648430
vt 2.885543 -0.669181
vt 2.990514 -0.794698
vt 2.873835 -0.807776
vt 3.036783 -0.784385
vt 3.049813 -0.630299
vt 3.925911 -1.425191
vt 3.925894 -1.597363
vt 3.951418 -1.601354
vt 3.951502 -1.421060
vt 3.973189 -1.604670
vt 3.973189 -1.417624
vt 2.990521 -0.956354
vt 2.873829 -0.960778
vt 2.784048 -0.813959
vt 2.784077 -0.964244
vt 2.732689 -0.814121
vt 2.732699 -0.966206
vt 2.708159 -0.811421
vt 2.708155 -0.967112
vt 0.900822 -0.731961
vt 0.900849 -0.574464
vt 0.890561 -0.572757
vt 0.890561 -0.733568
vt 3.386158 1.723118
vt 3.386150 1.882089
vt 3.337775 1.894987
vt 3.337781 1.721225
vt 3.272841 1.898507
vt 3.272842 1.718758
vt 3.211529 1.902602
vt 3.211522 1.716443
vt 3.848807 -0.744916
vt 3.848875 -0.556581
vt 3.797734 -0.548344
vt 3.797698 -0.752985
vt 3.739031 -0.538968
vt 3.739035 -0.762331
vt 3.002892 -1.117443
vt 2.885532 -1.113214
vt 3.049813 -1.124253
vt 3.036780 -0.954567
vt 3.927400 -0.359574
vt 3.927399 -0.531773
vt 3.952876 -0.535661
vt 3.952878 -0.355420
vt 3.974552 -0.538969
vt 3.974552 -0.351910
vt 3.026443 -1.262365
vt 2.907834 -1.250460
vt 3.351088 1.548045
vt 3.286602 1.539606
vt 1.245151 2.112591
vt 1.186286 2.118482
vt 3.376409 1.392255
vt 3.312803 1.378437
vt -0.912109 3.805493
vt -0.912109 3.629612
vt -0.864959 3.637175
vt 3.698589 1.627629
vt 3.641779 1.656434
vt 3.647609 1.474995
vt -0.606068 2.608207
vt -0.628813 2.611886
vt -0.554381 2.605325
vt 1.191591 2.290952
vt 0.584171 1.848739
vt 0.525957 2.027980
vt 0.474859 2.019827
vt 0.474842 2.224478
vt 0.525954 2.216405
vt 0.416137 2.233751
vt 0.416138 2.010422
vt -0.621902 2.755908
vt 3.647813 0.098959
vt 3.599135 0.248740
vt 3.588877 0.247084
vt 3.589009 1.498450
vt 3.588977 1.684649
vt -2.077248 3.562663
vt -2.180527 3.636524
vt -2.180373 3.454266
vt -2.136240 3.423529
vt 3.594843 1.308234
vt 2.130873 3.799354
vt 2.130885 3.623522
vt 2.178105 3.631193
vt 0.485115 2.446025
vt 0.538075 2.419117
vt 0.584171 2.395615
vt 3.874051 -2.613451
vt 3.874051 -2.799670
vt 3.935360 -2.795574
vt 3.588887 0.407968
vt 3.599144 0.406350
vt 3.541737 0.415405
vt 3.638567 0.560852
vt 3.647813 0.556121
vt 3.941573 3.649630
vt 3.964983 3.653466
vt 3.941699 3.473229
vt 3.967028 -2.388958
vt 3.943761 -2.392701
vt 3.966953 -2.212568
vt 3.967486 -2.191246
vt 3.944113 -2.194922
vt 3.967412 -2.014874
vt -2.260901 2.215151
vt 3.962824 3.270667
vt 3.939373 3.267019
vt 3.963758 -2.003954
vt 3.940194 -2.007497
vt -2.789243 3.808599
vt -2.789243 3.835154
vt -2.789280 3.821924
vt 3.959754 -1.383646
vt 3.936143 -1.387266
vt 3.936147 -1.203423
vt 3.959861 -1.207309
vt 3.029936 -1.518987
vt -2.581355 3.794014
vt -2.557672 3.797715
vt -2.581409 3.617624
vt -2.809298 3.862501
vt -2.809298 3.808599
vt -2.809215 3.835519
vt -2.791707 3.819737
vt -2.791772 3.830759
vt -2.791772 3.808598
vt 3.962330 -1.419234
vt 3.962236 -1.603136
vt 3.938590 -1.599483
vt 3.940105 -0.357422
vt 3.963684 -0.537447
vt 3.940109 -0.533849
vt 3.026389 -1.120973
vt -2.832891 3.808598
vt -2.832891 3.834127
vt -2.833156 3.834035
vt -2.158345 3.438826
vt -2.180527 3.545372
vt 0.895740 -0.732889
vt 3.361991 1.722044
vt 2.154553 3.627301
vt -2.922561 3.860181
vt -2.922561 3.808598
vt -2.922294 3.860131
vt 3.823341 -0.749131
vt 3.768425 -0.757778
vt 3.823328 -0.552373
vt 3.242177 1.900637
vt 3.305303 1.896831
vt -2.804914 3.832470
vt -2.804996 3.856341
vt -2.804996 3.808598
vt 0.895693 -0.573467
vt -2.789603 3.820868
vt -2.789646 3.833176
vt -2.789646 3.808598
vt 2.758365 -0.813960
vt -2.808538 3.808598
vt -2.808538 3.859616
vt -2.808624 3.834092
vt 2.721466 -1.840511
vt -2.488874 3.620287
vt -2.517642 3.615843
vt -2.862303 3.808598
vt -2.862303 3.873590
vt -2.862450 3.841053
vt -2.817398 3.808598
vt -2.817398 3.870221
vt -2.817483 3.839386
vt -1.159334 3.454958
vt -1.214390 3.446361
vt -1.214469 3.660532
vt -1.159449 3.651670
vt 3.558373 0.098854
vt 3.619199 0.098428
vt -2.517718 3.784289
vt -2.488890 3.779602
vt 2.719536 -1.686607
vt 2.756783 -1.686387
vt 2.829838 -1.685921
vt 2.721469 -1.394496
vt 3.888971 1.673879
vt 3.917831 1.678321
vt 3.471188 2.000614
vt 3.410092 2.010076
vt -3.006839 3.630856
vt -2.951787 3.639375
vt -2.951776 3.425258
vt -3.006880 3.434128
vt 3.410065 2.140997
vt -2.798510 3.840951
vt -2.798553 3.873297
vt -2.798553 3.808598
vt 3.917897 1.509901
vt -2.787621 3.814216
vt -2.787647 3.819773
vt -2.787647 3.808598
vt -2.796352 3.820979
vt -2.796449 3.833445
vt -2.796449 3.808599
vt -2.794951 3.834533
vt -2.794992 3.860460
vt -2.794992 3.808598
vt -2.626098 3.402251
vt 3.058347 3.467611
vt 2.997708 3.465055
vt -2.787971 3.820998
vt -2.787952 3.808598
vt -2.787952 3.833381
vt -1.985617 2.373029
vt -1.989710 2.075185
vt -1.952589 2.070814
vt 3.394833 3.766893
vt 3.423684 3.771582
vt 2.444407 -1.996054
vt 2.505142 -2.004016
vt -2.265234 3.633301
vt -2.210084 3.642154
vt -2.265056 3.436545
vt 2.505173 -2.153527
vt -2.809131 3.840928
vt -2.809062 3.808598
vt -2.809062 3.873253
vt 3.423775 3.603130
vt 3.394893 3.607584
vt -1.956328 1.945112
vt -2.799602 3.834529
vt -2.799545 3.808598
vt -2.799545 3.860467
vt -0.625023 2.303078
vt 3.947690 2.467803
vt 3.918919 2.463129
vt 1.273951 1.757051
vt 1.212988 1.750304
vt 0.583763 3.456307
vt 0.528715 3.447435
vt 0.528795 3.661609
vt 0.583814 3.653014
vt 0.511652 2.432697
vt 0.561167 2.407429
vt -2.954439 3.873607
vt -2.954439 3.808598
vt -2.954189 3.808742
vt 3.904729 -2.797747
vt 3.919004 2.631593
vt -2.952824 3.873643
vt -2.952824 3.808598
vt -2.952575 3.873577
vt 3.643251 0.558615
vt -0.397037 2.606941
vt 2.067458 2.908303
vt 2.034781 2.687846
vt 2.126350 2.674853
vt 2.158715 2.893223
vt 2.096712 2.455961
vt 2.158715 2.452921
vt -2.904346 3.808598
vt -2.904346 3.870556
vt -2.904550 3.870415
vt 2.127709 2.454340
vt -2.905753 4.033473
vt -2.905809 3.920970
vt -2.905753 3.808598
vt -1.936679 1.070172
vt -1.936679 1.215514
vt -1.936908 1.070306
vt -2.956534 3.808598
vt -2.956461 3.921415
vt -2.956534 4.034317
vt 2.113081 2.900866
vt 3.794149 2.861788
vt 3.794197 2.659176
vt 3.884881 2.652063
vt 3.884831 2.852727
vt 1.321864 3.239955
vt 1.238144 3.279354
vt 1.238232 3.053163
vt -2.950204 3.872448
vt -2.950204 3.808598
vt -2.949957 3.808730
vt -2.918155 3.808598
vt -2.918155 3.870595
vt -2.918373 3.870456
vt 0.609111 1.435927
vt 0.609111 1.343402
vt 0.609402 1.435832
vt 1.238144 3.166211
vt 3.794104 2.760483
vt 3.839480 2.857393
vt -1.596941 3.578368
vt -1.596944 3.711890
vt -1.689445 3.709479
vt -1.689445 3.577090
vt 3.916546 -3.063975
vt 3.837391 -3.016047
vt 3.837476 -3.200677
vt -2.906194 3.808598
vt -2.906194 3.871422
vt -2.906398 3.871336
vt -2.856065 3.808598
vt -2.856065 3.871902
vt -2.856207 3.871747
vt -3.014076 3.808598
vt -3.014076 3.954335
vt -3.014236 3.808729
vt -1.596875 3.645082
vt -1.643176 3.577610
vt 1.605882 3.141945
vt 1.570447 2.924213
vt 1.661978 2.910832
vt 1.697096 3.126546
vt 1.634224 2.719631
vt 1.697096 2.720673
vt -2.948592 3.870444
vt -2.948592 3.808598
vt -2.948338 3.808715
vt 1.665662 2.720067
vt -2.940753 3.901131
vt -2.940753 3.808598
vt -2.940590 3.901037
vt 0.608323 1.124511
vt 0.608323 0.979009
vt 0.608570 1.124368
vt -2.982186 4.034312
vt -2.982270 3.921472
vt -2.982186 3.808598
vt 1.651487 3.134347
vt 0.518434 3.439737
vt 0.509486 3.237105
vt 0.600466 3.242221
vt 0.609345 3.442841
vt 0.609345 3.021295
vt -2.962816 3.808598
vt -2.962816 3.872514
vt -2.963086 3.872355
vt -2.959843 3.808598
vt -2.959843 3.872458
vt -2.960108 3.872312
vt -2.897799 4.033488
vt -2.897853 3.921094
vt -2.897799 3.808598
vt 0.513902 3.338429
vt -2.860022 3.854871
vt -2.860124 3.901118
vt -2.860124 3.808598
vt 3.612301 -1.604671
vt 3.641526 -1.424968
vt 3.550454 -1.408927
vt 3.521502 -1.586961
vt 3.582148 -1.198967
vt 3.521502 -1.187486
vt -2.882108 3.871426
vt -2.882108 3.808598
vt -2.881933 3.808758
vt -2.898651 3.862264
vt -2.898651 3.808598
vt -2.898424 3.808745
vt 3.551831 -1.193086
vt -0.639779 1.341554
vt -0.639779 1.196188
vt -0.639573 1.341427
vt 3.626968 -1.514910
vt -2.849071 3.854848
vt -2.848981 3.808598
vt -2.848981 3.901133
vt 3.916627 0.323986
vt 3.851130 0.313256
vt 3.916627 0.098960
vt 3.851166 0.109125
vt 3.868490 3.662498
vt 3.868490 3.468063
vt 3.929041 3.469901
vt 3.929049 3.662918
vt -2.830119 3.869190
vt -2.830119 3.808598
vt -2.830011 3.838908
vt 3.883880 0.103936
vt 3.851088 0.211227
vt 3.883893 0.318707
vt 3.898749 3.662793
vt 3.848876 -0.763957
vt 3.915335 -0.753929
vt 3.848876 -0.538969
vt 3.915168 -0.549755
vt -2.919767 3.808598
vt -2.919767 3.869098
vt -2.919992 3.868975
vt 3.882012 -0.544228
vt 3.915312 -0.651873
vt 3.882194 -0.759063
vt 2.653684 2.896347
vt 2.587903 2.884724
vt 2.655627 2.671321
vt 2.589630 2.680685
vt 2.587903 2.456792
vt -2.943408 3.869109
vt -2.943408 3.808598
vt -2.943155 3.808719
vt -2.974609 3.808598
vt -2.974609 3.875356
vt -2.974885 3.808633
vt 0.902824 -0.733568
vt 0.902824 -0.575870
vt 0.902549 -0.733419
vt 2.588655 2.782799
vt 2.620699 2.890715
vt 3.909087 1.909696
vt 3.842551 1.899316
vt 3.909087 1.684646
vt 3.842643 1.695184
vt -1.133811 3.664200
vt -1.133805 3.441865
vt -1.073291 3.443206
vt -1.073291 3.663815
vt -1.103539 3.442441
vt 3.875818 1.689792
vt -0.639239 1.222642
vt -0.639239 1.064443
vt -0.639028 1.222427
vt 3.842524 1.797279
vt 3.875673 1.904578
vt 0.609471 0.708773
vt 0.609679 0.912508
vt 0.609471 0.912896
vt -1.103570 3.664115
vt -0.428429 3.580502
vt -0.526121 3.477808
vt -0.428309 3.398196
vt -0.501348 3.640554
vt -0.210103 3.181273
vt -0.121166 3.164897
vt -0.210138 3.317692
vt -0.261287 3.322250
vt -0.261253 3.184236
vt -0.285976 3.321527
vt -0.285943 3.180090
vt -0.121200 3.303934
vt -0.197508 3.467275
vt -0.248512 3.473573
vt -2.913736 3.862564
vt -2.913736 3.808598
vt -2.913492 3.808667
vt -0.477253 3.437922
vt -2.788719 3.808598
vt -2.788719 3.832262
vt -2.788749 3.820421
vt -0.285976 3.250805
vt -0.223005 3.470497
vt 0.610173 1.247864
vt 0.610173 1.365493
vt 0.609928 1.365213
vt 3.532694 1.259301
vt 3.532704 0.914630
vt 3.574686 0.908023
vt 3.574686 1.241931
vt -0.694553 0.701510
vt -0.694553 0.329729
vt -0.658229 0.335421
vt -0.658193 0.695623
vt -0.641955 0.337997
vt -0.641935 0.693040
vt 0.594032 1.066124
vt 0.594160 0.711082
vt 0.608324 0.708773
vt 0.608324 1.068443
vt 3.495692 1.266758
vt 3.495691 0.916428
vt 3.462733 1.265082
vt 3.462748 0.913582
vt 3.426987 1.261748
vt -0.676354 0.698774
vt -0.650000 0.694490
vt 0.601113 1.067444
vt -2.907026 3.840622
vt -2.907426 3.808646
vt -2.907026 3.808598
vt -2.884212 3.840662
vt -2.884212 3.808598
vt -2.883865 3.808614
vt 0.601206 0.709772
vt -0.649957 0.336465
vt -0.676301 0.332379
vt 3.553712 0.911177
vt 3.514229 0.915311
vt 3.479251 0.914786
vt -2.949147 3.808599
vt -2.949147 3.844407
vt -2.949588 3.808639
vt -2.989535 4.200315
vt -2.989586 4.004409
vt -2.989535 3.808598
vt -2.894383 3.808598
vt -2.894383 3.843584
vt -2.894725 3.808677
vt -2.828398 3.826931
vt -2.828573 3.845250
vt -2.828573 3.808599
vt 3.479212 1.266102
vt 3.514192 1.263211
vt -2.830119 3.827557
vt -2.830291 3.846601
vt -2.830291 3.808599
vt 3.789076 1.300906
vt 3.789076 1.684646
vt 3.751299 1.678844
vt 3.751452 1.307058
vt 3.714986 1.673233
vt 3.714949 1.312964
vt 3.698626 1.670697
vt 3.698588 1.315596
vt 0.608322 1.070669
vt 0.608260 1.425772
vt 0.594133 1.428018
vt 0.594032 1.068443
vt 3.692489 1.685127
vt 3.692489 2.064043
vt 3.658902 2.070139
vt 3.658899 1.684950
vt 3.625638 2.071147
vt 3.625643 1.684746
vt 3.588992 2.071510
vt 3.733160 1.309834
vt 3.706725 1.314116
vt 0.601287 1.069388
vt -2.896703 3.840644
vt -2.896703 3.808598
vt -2.896328 3.808619
vt -2.889715 3.840713
vt -2.889715 3.808598
vt -2.889351 3.808733
vt 0.601226 1.427082
vt 3.706714 1.672127
vt 3.733048 1.676214
vt 3.770160 1.681932
vt 3.675707 1.684850
vt 3.642282 1.684646
vt -2.930120 3.808599
vt -2.930120 3.845263
vt -2.930511 3.808634
vt -2.926989 3.808598
vt -2.926989 3.844721
vt -2.927379 3.808639
vt 3.607307 2.071503
vt 3.642261 2.070818
vt 3.675688 2.067266
vt 3.770222 1.303805
vt 0.589215 1.442171
vt 0.589214 1.825911
vt 0.551415 1.820112
vt 0.551421 1.448307
vt 0.514854 1.814429
vt 0.514841 1.454123
vt 0.498479 1.811899
vt 0.498456 1.456736
vt 2.172928 2.455142
vt 2.172890 2.810294
vt 2.158715 2.812476
vt 2.158715 2.452921
vt 0.609443 1.438938
vt 0.609443 1.829027
vt 3.656733 -0.556238
vt 3.652261 -0.787037
vt 3.685562 -0.786216
vt 3.690048 -0.554702
vt 3.722206 -0.787037
vt 0.533075 1.451016
vt 0.506611 1.455296
vt 2.165900 2.453847
vt -2.915957 3.840451
vt -2.915957 3.808598
vt -2.915539 3.808623
vt -2.933394 3.840539
vt -2.933394 3.808598
vt -2.932940 3.808664
vt 2.165855 2.811563
vt 0.506621 1.813341
vt 0.533051 1.817389
vt 0.570255 1.823191
vt 0.599288 1.827715
vt -2.813357 3.808598
vt -2.813357 3.841946
vt -2.813504 3.825252
vt -2.874826 3.808598
vt -2.874826 3.845248
vt -2.875110 3.808637
vt -2.805744 3.808598
vt -2.805734 4.004663
vt -2.805744 4.200562
vt -2.873205 3.844746
vt -2.873205 3.808598
vt -2.872922 3.844724
vt 3.703890 -0.786732
vt 3.668915 -0.786791
vt -2.819862 3.826629
vt -2.820016 3.844767
vt -2.820016 3.808598
vt 0.570263 1.445041
vt 3.708022 0.866478
vt 3.708022 0.482714
vt 3.745708 0.488899
vt 3.745622 0.860676
vt 3.782039 0.494770
vt 3.782060 0.855062
vt 3.798381 0.497418
vt 3.798335 0.852505
vt 2.951613 2.896487
vt 2.951613 2.541403
vt 2.965733 2.539223
vt 2.965750 2.898788
vt 3.702074 2.467200
vt 3.703628 2.842258
vt 3.669891 2.841588
vt 3.668313 2.460359
vt 3.636614 2.841877
vt 3.635026 2.459378
vt 3.599959 2.842251
vt 3.763897 0.858051
vt 3.790318 0.853991
vt 2.958616 2.897810
vt 2.965824 2.718874
vt -2.902603 3.808599
vt -2.902603 3.840320
vt -2.902995 3.840279
vt -2.892818 3.808597
vt -2.892818 3.840301
vt -2.893192 3.840283
vt 2.958651 2.540121
vt 3.790348 0.495968
vt 3.763956 0.491673
vt 3.726946 0.485644
vt 3.685202 2.463591
vt 3.651681 2.459717
vt -2.879118 3.845254
vt -2.879118 3.808598
vt -2.878827 3.845227
vt -2.907780 3.844706
vt -2.907780 3.808598
vt -2.907426 3.844677
vt 3.618281 2.842258
vt 3.653243 2.841883
vt 3.686755 2.842117
vt 3.726936 0.863794
vt 3.589397 3.259317
vt 3.585185 2.914927
vt 3.627399 2.931900
vt 3.631478 3.265523
vt 2.913777 3.602040
vt 2.913777 3.230229
vt 2.950070 3.235955
vt 2.950084 3.596311
vt 2.966356 3.238564
vt 2.966369 3.593740
vt 1.305416 2.104329
vt 1.305416 1.749167
vt 1.319632 1.746951
vt 1.319632 2.106610
vt 3.552375 3.258003
vt 3.548089 2.907862
vt 3.519471 3.261264
vt 3.515178 2.910146
vt 3.483761 3.265523
vt 2.931972 3.599305
vt 2.958272 3.595154
vt 1.312472 2.105597
vt 1.319655 1.926647
vt -2.910140 3.840510
vt -2.910482 3.808598
vt -2.910078 3.808598
vt -2.858837 3.808598
vt -2.858548 3.840422
vt -2.858837 3.840446
vt 1.312458 1.747980
vt 2.958276 3.237113
vt 2.931992 3.232947
vt -2.824086 3.846602
vt -2.824086 3.808598
vt -2.823929 3.827646
vt -2.803899 3.808598
vt -2.803899 3.843915
vt -2.804005 3.826214
vt -2.815287 3.808598
vt -2.815287 3.841915
vt -2.815440 3.825241
vt -2.931406 3.845253
vt -2.931406 3.808599
vt -2.931014 3.845215
vt 3.501622 3.263531
vt -2.906661 3.808615
vt -2.907026 3.843609
vt -2.907026 3.808598
vt 3.535929 3.259772
vt 3.570892 3.258796
vt 3.610442 3.262555
vt 3.751961 -1.992180
vt 3.751961 -1.608411
vt 3.714197 -1.614535
vt 3.714109 -1.986319
vt 3.677629 -1.620405
vt 3.677651 -1.980698
vt 3.661303 -1.623060
vt 3.661264 -1.978138
vt -2.301648 2.709593
vt -2.301648 3.064674
vt -2.315775 3.066957
vt -2.315752 2.707383
vt 1.217922 3.654977
vt 1.217922 3.345407
vt 1.251413 3.331726
vt 1.251414 3.646369
vt 1.284663 3.329592
vt 1.284661 3.645322
vt 1.321309 3.329053
vt 3.695798 -1.983671
vt 3.669317 -1.979550
vt -2.308681 2.708302
vt -2.877800 3.808598
vt -2.877800 3.840346
vt -2.878133 3.840239
vt -2.871388 3.808598
vt -2.871388 3.840282
vt -2.871707 3.840218
vt -2.308651 3.065997
vt 3.669341 -1.621533
vt 3.695846 -1.617307
vt 3.732958 -1.611268
vt 1.234658 3.650852
vt 1.268030 3.645964
vt -2.918742 3.845263
vt -2.918742 3.808597
vt -2.918373 3.845231
vt -2.836967 3.808598
vt -2.836948 4.004549
vt -2.836967 4.200283
vt -2.867488 3.844738
vt -2.867488 3.808597
vt -2.867217 3.844695
vt 1.302994 3.329172
vt -2.812943 3.825279
vt -2.812797 3.808598
vt -2.812797 3.841962
vt 1.234675 3.338421
vt 3.732954 -1.989412
vt 3.826771 -1.221767
vt 3.781219 -1.220835
vt 3.826771 -1.604671
vt 3.781221 -1.601215
vt 3.755781 -1.219464
vt -2.863629 3.840379
vt -2.863629 3.808598
vt -2.863327 3.808672
vt 3.804012 -1.603095
vt -2.868221 3.808698
vt -2.868597 3.834841
vt -2.868597 3.808598
vt -2.953740 4.194937
vt -2.953782 4.001695
vt -2.953740 3.808599
vt -2.908014 3.808599
vt -2.908014 3.843095
vt -2.908385 3.808702
vt 3.768496 -1.219961
vt 3.803983 -1.221152
vt -2.842282 4.200387
vt -2.842282 3.808598
vt -2.842262 4.004386
vt -2.926100 3.840380
vt -2.926100 3.808599
vt -2.925661 3.808661
vt -1.316632 3.352604
vt -1.270952 3.359394
vt -1.316632 3.668642
vt -1.270951 3.673330
vt -1.245242 3.374415
vt -2.890896 3.840407
vt -2.890896 3.808598
vt -2.890528 3.808656
vt -1.293803 3.671110
vt -2.853395 3.808598
vt -2.853395 3.835735
vt -2.853718 3.808751
vt -2.882976 3.808598
vt -2.882947 4.001880
vt -2.882976 4.195024
vt -2.895139 3.808599
vt -2.895139 3.842911
vt -2.895488 3.808626
vt -1.258090 3.366696
vt -2.827856 3.831760
vt -2.827992 3.854846
vt -2.827992 3.808598
vt -2.839837 3.808598
vt -2.839837 4.200390
vt -2.839856 4.004610
vt -2.854497 3.840408
vt -2.854497 3.808598
vt -2.854219 3.808654
vt 3.883784 1.652542
vt 3.841668 1.660292
vt 3.883781 1.300906
vt 3.841668 1.310982
vt -1.249721 1.782334
vt -1.249721 2.171582
vt -1.269901 2.168160
vt -2.866389 3.840386
vt -2.866389 3.808598
vt -2.866081 3.808655
vt -2.854924 3.854427
vt -2.854924 3.808599
vt -2.854730 3.831501
vt -2.865957 3.836100
vt -2.865957 3.808598
vt -2.865602 3.835902
vt -2.799030 3.819589
vt -2.799160 3.830482
vt -2.799160 3.808598
vt -2.925044 3.843158
vt -2.925044 3.808598
vt -2.924640 3.843064
vt 3.862729 1.656555
vt 3.883797 1.476599
vt -2.885953 3.808599
vt -2.885953 3.839464
vt -2.886320 3.839360
vt 3.822429 3.652722
vt 3.776794 3.649914
vt 3.822429 3.265877
vt 3.776795 3.265573
vt 3.751192 3.643414
vt -2.902213 3.808598
vt -2.902213 3.840393
vt -2.902604 3.840331
vt 3.799624 3.265523
vt -2.866619 3.808598
vt -2.866619 3.833686
vt -2.867010 3.808618
vt -2.909858 3.843230
vt -2.909858 3.808598
vt -2.909486 3.843111
vt 3.763991 3.646826
vt 3.799602 3.651493
vt -2.895544 3.808598
vt -2.895544 3.840392
vt -2.895921 3.840336
vt -1.547196 3.013788
vt -1.589315 3.003781
vt -1.547196 2.661803
vt -1.589331 2.654160
vt -0.739756 1.479872
vt -0.739756 1.869121
vt -0.760156 1.865777
vt -2.863630 3.808598
vt -2.863630 3.839480
vt -2.863942 3.839441
vt -1.568231 2.657762
vt -2.855999 3.829801
vt -2.855999 3.808598
vt -2.855577 3.829693
vt -2.903601 3.843211
vt -2.903601 3.808598
vt -2.903241 3.843139
vt -2.808321 3.822877
vt -2.808475 3.836992
vt -2.808475 3.808598
vt -2.844416 3.831602
vt -2.844588 3.854541
vt -2.844588 3.808598
vt -2.965819 4.200454
vt -2.965819 3.808598
vt -2.965774 4.004382
vt -2.933789 3.808599
vt -2.933789 3.839496
vt -2.934260 3.839469
vt -0.336086 2.763437
vt -0.290533 2.755908
vt -0.336089 2.995259
vt -0.290533 2.986324
vt 0.589317 2.218325
vt 0.589317 1.829027
vt 0.609443 1.832074
vt -2.851278 3.808598
vt -2.851278 3.840392
vt -2.851548 3.840340
vt -2.829584 3.808598
vt -2.829584 3.854840
vt -2.829724 3.831736
vt -2.848981 3.829750
vt -2.848981 3.808598
vt -2.848588 3.829676
vt 0.599427 2.025226
vt -2.882676 3.843139
vt -2.882676 3.808598
vt -2.882356 3.843032
vt 0.599417 1.830418
vt -0.313301 2.759508
vt -2.862278 3.808599
vt -2.862278 4.200345
vt -2.862302 4.004610
vt -2.856624 3.840404
vt -2.856624 3.808599
vt -2.856341 3.808671
vt 2.077601 3.497108
vt 2.167120 3.452896
vt 2.166981 3.623521
vt 2.130522 3.334824
vt -2.274451 3.272400
vt -2.192952 3.181389
vt -2.151041 3.218550
vt -2.223979 3.299973
vt -2.109817 3.255022
vt -2.181209 3.334756
vt -2.290823 3.372574
vt -2.246684 3.405799
vt -2.163168 3.351870
vt -2.229144 3.423529
vt -2.084860 3.423529
vt -2.793471 3.808598
vt -2.793471 3.833238
vt -2.793545 3.820910
vt -2.855451 3.926675
vt -2.855526 3.867611
vt -2.855451 3.808599
vt -2.845409 3.860518
vt -2.845486 3.912379
vt -2.845486 3.808598
vt 0.609676 1.360776
vt 0.609416 1.251181
vt 0.609676 1.250963
vt -2.130394 3.236745
vt 2.103923 3.415952
vt 2.122170 3.560421
vt 0.911773 -0.578755
vt 0.911773 -0.733568
vt 0.912020 -0.733420
vt 3.140340 3.463945
vt 3.140340 3.681821
vt 3.087649 3.673521
vt 3.087647 3.472278
vt -3.016168 3.808598
vt -3.016168 3.917819
vt -3.016386 3.917618
vt 3.146395 3.230229
vt 3.206327 3.439610
vt 3.153450 3.446232
vt 3.146395 3.647338
vt 3.149832 3.546774
vt -2.963586 3.808598
vt -2.963586 3.877414
vt -2.963838 3.877295
vt -0.639798 0.974089
vt -0.639798 1.175261
vt -0.639974 0.974438
vt 0.191396 3.761002
vt 0.191335 3.565483
vt 0.254951 3.589097
vt 3.964007 -0.568771
vt 3.915335 -0.548281
vt 3.915335 -0.763957
vt 0.191335 3.663240
vt -0.624122 3.185141
vt -0.440637 3.087457
vt -0.422117 3.167894
vt -0.636476 3.104265
vt 2.966369 3.463945
vt 2.966382 3.235734
vt 3.007131 3.447959
vt 3.033203 3.442748
vt 3.035467 3.230263
vt 3.111780 3.422880
vt 3.111135 3.286140
vt 3.117190 3.421279
vt 3.146396 3.380761
vt 3.094053 3.244585
vt -0.622257 3.267030
vt -0.426616 3.250254
vt -0.631230 3.341765
vt -0.444425 3.300689
vt -0.449717 3.326314
vt -0.603036 3.398202
vt -0.632906 3.347544
vt -0.636476 3.387306
vt -0.488687 3.388418
vt 3.849971 3.635142
vt 3.849971 3.766894
vt 3.822430 3.730936
vt 3.846079 3.766292
vt 2.112420 3.179438
vt 1.951635 3.179328
vt 2.160654 3.097876
vt 1.963184 3.097637
vt 1.962934 3.261010
vt 2.119350 3.261185
vt 1.984471 3.308781
vt 2.175773 3.334824
vt 1.992076 3.334648
vt 2.181634 3.715835
vt 2.181634 3.497822
vt 2.245217 3.698474
vt 2.245183 3.557862
vt 2.250826 3.696499
vt 2.277851 3.654339
vt 2.231343 3.514464
vt 2.186641 3.498369
vt 2.160614 3.261244
vt 2.175775 3.024130
vt 1.983938 3.051776
vt 1.992241 3.023923
vt 0.054255 3.562291
vt 0.054255 3.698634
vt -0.006556 3.587002
vt -0.025569 3.621347
vt -0.025624 3.706371
vt -0.053758 3.693771
vt -0.029368 3.707436
vt 0.050589 3.563300
vt 2.140064 3.261104
vt 3.143713 -0.004248
vt 3.335933 -0.086042
vt 3.347031 -0.004266
vt 3.138697 -0.086019
vt 3.315986 -0.130696
vt 3.307350 -0.159977
vt 3.757311 -3.177164
vt 3.837391 -3.200680
vt 3.757335 -3.059546
vt 3.750475 -3.175694
vt 3.721397 -3.142562
vt 3.773817 -3.027697
vt 3.835870 -3.020396
vt 3.123572 -0.159977
vt 3.138193 0.077267
vt 3.335127 0.077328
vt 0.135381 -0.544023
vt 0.135381 -0.733568
vt 0.217658 -0.543961
vt 0.189819 -0.722009
vt 0.217617 -0.719749
vt 0.298435 -0.603844
vt 0.225536 -0.545719
vt 0.281459 -0.567181
vt 0.298535 -0.718332
vt 2.534522 -2.019165
vt 2.534522 -2.160208
vt 2.565917 -2.118611
vt 2.540165 -2.158584
vt 2.628481 3.056208
vt 2.435498 3.138806
vt 2.424199 3.057081
vt 2.633767 3.138052
vt 2.456800 3.186298
vt 2.648890 3.211968
vt 2.464553 3.212667
vt -0.181823 3.473573
vt -0.181835 3.686090
vt -0.250742 3.498754
vt -0.250529 3.639863
vt -0.257942 3.501460
vt -0.285977 3.543716
vt -0.237110 3.676055
vt -0.186796 3.686201
vt 2.633761 2.974671
vt 2.435703 2.975405
vt 2.648885 2.901216
vt 2.456449 2.929655
vt 2.464761 2.901892
vt 0.610524 3.683219
vt 0.610517 3.503253
vt 0.690598 3.642641
vt 0.614409 3.683401
vt 0.673288 3.676286
vt 0.690647 3.526793
vt 0.725689 3.561287
vt 0.696660 3.528092
vt 0.380362 -0.714760
vt 0.376595 -0.556890
vt 0.298571 -0.709558
vt 0.450766 -0.582571
vt 0.298571 -0.553905
vt 0.454369 -0.733568
vt -1.546024 3.727905
vt -1.546024 3.587139
vt -1.464363 3.705055
vt -1.464378 3.602569
vt -2.084860 3.302381
vt -2.084860 3.181389
vt -2.079228 3.301499
vt -2.052626 3.267563
vt -2.802703 3.895153
vt -2.802683 3.808598
vt -2.802683 3.981582
vt 0.417387 -0.724229
vt 0.339448 -0.712227
vt 2.839833 3.554416
vt 2.861665 3.338476
vt 2.908154 3.412199
vt 2.785118 3.497820
vt 2.530796 3.501502
vt 2.530805 3.697848
vt 2.471791 3.518947
vt 2.457854 3.546973
vt 2.479640 3.503449
vt 2.457822 3.665974
vt 2.424199 3.623273
vt 2.452936 3.664143
vt 2.908154 3.592294
vt 0.082798 3.584288
vt 0.165322 3.725154
vt 0.082798 3.728052
vt 0.165324 3.587758
vt -0.975384 3.561270
vt -0.975384 3.740400
vt -1.035672 3.578948
vt -1.035669 3.712217
vt -1.042007 3.581209
vt -1.068491 3.622787
vt 3.602260 0.908023
vt 3.609101 0.751514
vt 3.684220 0.904576
vt 3.684220 0.750404
vt -2.788921 3.901115
vt -2.788925 3.993717
vt -2.788925 3.808598
vt -2.807087 3.895351
vt -2.807136 3.851927
vt -2.807087 3.808598
vt 0.124058 3.585999
vt 3.643307 0.906327
vt 0.536379 -0.717782
vt 0.602501 -0.583515
vt 0.527211 -0.560768
vt 0.611262 -0.733568
vt 2.620753 1.238351
vt 2.620753 1.359778
vt 2.538141 1.247571
vt 2.538152 1.339297
vt 2.531158 1.247209
vt 2.503834 1.267868
vt 0.454369 -0.715738
vt 0.454369 -0.560950
vt -2.865117 3.885935
vt -2.865054 3.808598
vt -2.865054 3.963168
vt 0.573823 -0.725688
vt -2.793284 3.885574
vt -2.793284 3.808598
vt -2.793261 3.847151
vt 2.992913 1.359572
vt 2.916351 1.156378
vt 2.990745 1.203463
vt 2.918831 1.332819
vt 2.990135 1.161951
vt 3.066374 1.363148
vt 3.072433 1.209503
vt 3.483761 3.698420
vt 3.483761 3.516092
vt 3.549236 3.681072
vt 3.540158 3.696733
vt 3.562211 3.658790
vt 3.562205 3.545705
vt 3.597531 3.583728
vt 3.568320 3.547463
vt 3.069397 1.156376
vt 3.069471 1.286362
vt 0.763862 3.366328
vt 0.610517 3.337697
vt 0.772273 3.284674
vt 0.623561 3.415438
vt 0.619586 3.268425
vt 0.770029 3.442786
vt 0.659280 3.482156
vt 0.772273 3.503253
vt 3.751188 -1.298499
vt 3.751188 -1.172395
vt 3.744904 -1.298151
vt 3.722833 -1.267214
vt -2.857337 3.900589
vt -2.857386 3.992491
vt -2.857386 3.808598
vt -2.818652 3.846945
vt -2.818722 3.885289
vt -2.818722 3.808598
vt 3.718121 3.578846
vt 3.718121 3.734682
vt 3.636525 3.571701
vt 3.710389 3.733637
vt 3.636525 3.729050
vt 3.677323 3.575246
vt 3.507433 2.145248
vt 3.507433 1.990732
vt 3.588993 2.152687
vt 3.507946 1.990850
vt 3.519581 1.992531
vt 3.588993 1.997093
vt -2.916997 3.808598
vt -2.916924 3.900865
vt -2.916997 3.992900
vt -3.024330 3.910973
vt -3.024330 3.808598
vt -3.024087 3.910837
vt -2.806661 3.808598
vt -2.806661 3.978138
vt -2.806684 3.893344
vt 3.548233 2.149035
vt 3.706779 0.067836
vt 3.650627 0.098960
vt 3.650709 -0.122955
vt -2.979676 3.808598
vt -2.979676 3.872482
vt -2.979971 3.808630
vt 3.678726 0.083545
vt 3.678787 -0.027634
vt 1.687419 3.314240
vt 1.593639 3.324599
vt 1.666112 3.161696
vt 1.572722 3.174829
vt 1.615081 3.462115
vt 1.564222 3.472033
vt 1.542541 3.332972
vt 1.542541 3.481517
vt 1.619439 3.168207
vt -2.800244 3.821138
vt -2.800122 3.808598
vt -2.800122 3.833633
vt -2.801053 3.834225
vt -2.801115 3.859834
vt -2.801115 3.808598
vt 1.651287 3.388237
vt -2.861995 3.963402
vt -2.861995 3.808598
vt -2.861933 3.886034
vt 0.755393 -0.733568
vt 0.747213 -0.643527
vt 0.616923 -0.721034
vt 0.611263 -0.631213
vt 0.748897 -0.592315
vt 0.611408 -0.579855
vt 0.755141 -0.568103
vt 0.614254 -0.555341
vt -2.426351 3.621238
vt -2.426351 3.778746
vt -2.436652 3.780437
vt -2.436663 3.619683
vt -2.483827 3.788064
vt -2.483827 3.612274
vt 1.668980 3.484566
vt 1.668976 3.642452
vt 1.603976 3.645963
vt 1.603981 3.482603
vt 1.542541 3.650702
vt 1.542541 3.481517
vt 3.321227 3.472328
vt 3.321219 3.660708
vt 3.270066 3.668935
vt 3.270046 3.464339
vt 3.211327 3.678338
vt 3.211327 3.455095
vt 2.153832 -2.065862
vt 2.146699 -2.160208
vt 2.289418 -2.065857
vt 2.151580 -2.014102
vt 2.288729 -2.014102
vt 2.349334 -2.159447
vt 2.413050 -2.160207
vt 2.377171 -1.999600
vt 2.289419 -2.160207
vt 2.318253 -1.994636
vt 0.614012 -0.676147
vt 0.611263 -0.605553
vt 0.612692 -0.567605
vt -2.787647 3.808598
vt -2.787647 3.819757
vt -2.787674 3.814208
vt -2.460219 3.615905
vt 1.636501 3.483516
vt 1.573281 3.481987
vt 3.295659 3.468264
vt 3.240758 3.459599
vt 3.240663 3.673793
vt 3.295606 3.664973
vt 2.347719 -1.997024
vt -2.431496 3.779692
vt 0.752172 -0.580211
vt -2.808811 3.834110
vt -2.808898 3.859616
vt -2.808898 3.808598
vt -2.888475 3.885658
vt -2.888550 3.962710
vt -2.888550 3.808598
vt -3.019005 3.927968
vt -3.019005 3.808598
vt -3.018803 3.808796
vt -2.829152 3.259950
vt -2.734607 3.261395
vt -2.829152 3.414717
vt -2.734608 3.413430
vt -2.682850 3.260559
vt -2.682908 3.414277
vt -2.660279 3.258588
vt -2.660279 3.416080
vt 0.426569 3.760348
vt 0.426563 3.602855
vt 0.436862 3.601295
vt 0.436906 3.761978
vt 0.484457 3.593772
vt 0.484457 3.769550
vt -0.767503 3.456814
vt -0.767503 3.281038
vt -0.704876 3.277929
vt -0.704876 3.459883
vt -0.646276 3.274574
vt -0.646277 3.463034
vt -0.972698 3.612102
vt -0.972662 3.423640
vt -0.921309 3.415628
vt -0.921323 3.620271
vt -0.862317 3.406371
vt -0.862317 3.629612
vt -2.735935 3.117059
vt -2.684250 3.114461
vt -0.706464 3.105196
vt -0.647922 3.095681
vt -2.781908 3.414141
vt -2.708779 3.413917
vt -2.671595 3.415305
vt 0.431688 3.761289
vt 0.460620 3.765885
vt -0.736205 3.458475
vt -0.947041 3.616246
vt -0.891851 3.625001
vt -0.891813 3.410850
vt -0.946979 3.419488
vt -0.677181 3.100347
vt 0.460673 3.597389
vt 0.431695 3.601991
vt -2.797314 3.834526
vt -2.797265 3.808598
vt -2.797265 3.860461
vt -2.782570 3.188432
vt -2.829206 3.337465
vt 3.380418 2.005798
vt 3.286427 2.016267
vt 3.380525 1.902602
vt 3.286534 1.914958
vt 3.234600 2.015350
vt 3.234707 1.912866
vt 3.211528 2.008947
vt 3.211635 1.903911
vt -2.077025 3.771227
vt -2.077117 3.613710
vt -2.066731 3.612098
vt -2.066663 3.772878
vt -2.019321 3.604771
vt -2.019321 3.780574
vt -1.566791 3.311781
vt -1.566797 3.428934
vt -1.630098 3.419973
vt -1.630102 3.298666
vt -1.689445 3.409866
vt -1.689445 3.284247
vt -1.824114 3.630281
vt -1.824167 3.441880
vt -1.772922 3.433886
vt -1.772747 3.638508
vt -1.713956 3.424674
vt -1.713956 3.647961
vt 3.289599 2.147618
vt 3.237808 2.148217
vt -1.626148 3.577091
vt -1.685349 3.572648
vt 3.333551 1.908679
vt 3.260640 1.913853
vt -2.794931 3.832694
vt -2.794931 3.808598
vt -2.794843 3.820679
vt -2.071832 3.772125
vt -2.042980 3.776799
vt -1.598434 3.305166
vt -2.818584 3.868871
vt -2.818584 3.808598
vt -2.818495 3.838770
vt -1.798487 3.634478
vt -1.743336 3.643321
vt -1.743390 3.429149
vt -1.798495 3.437766
vt -1.655757 3.574974
vt -2.043041 3.608341
vt -2.071935 3.612824
vt 3.223069 2.012254
vt 3.263697 2.147974
vt -2.888582 3.885230
vt -2.888658 3.961812
vt -2.888658 3.808598
vt 3.359957 0.006318
vt 3.454241 -0.003775
vt 3.360061 0.097899
vt 3.454349 0.086210
vt 3.506013 -0.001862
vt 3.506124 0.089211
vt 3.528868 0.005769
vt 3.528978 0.098960
vt 2.009521 3.760883
vt 2.009528 3.603393
vt 2.019859 3.601750
vt 2.019879 3.762555
vt 2.067384 3.594127
vt 2.067384 3.769901
vt -2.077115 3.573594
vt -2.077119 3.469583
vt -2.014159 3.480925
vt -2.014158 3.588506
vt -1.955200 3.493351
vt -1.955200 3.604771
vt -2.541373 3.594926
vt -2.541294 3.406588
vt -2.489938 3.398393
vt -2.489970 3.603036
vt -2.431008 3.388913
vt -2.431008 3.612273
vt 3.451853 -0.127040
vt 3.503597 -0.126566
vt -2.016845 3.333304
vt -1.957985 3.340411
vt -2.822919 3.808598
vt -2.822919 3.903425
vt -2.822981 3.855992
vt -2.797731 3.808598
vt -2.797731 3.860454
vt -2.797783 3.834504
vt -2.790873 3.808598
vt -2.790873 3.833185
vt -2.790929 3.820867
vt -2.787982 3.808598
vt -2.787982 3.819773
vt -2.788027 3.814136
vt 2.043601 3.766317
vt -2.806210 3.808598
vt -2.806210 3.873076
vt -2.806273 3.840810
vt -2.806921 3.808598
vt -2.806921 3.869462
vt -2.806989 3.839000
vt -2.515711 3.599076
vt -2.460509 3.393523
vt -2.515683 3.402299
vt -1.987405 3.336737
vt 2.043584 3.597806
vt 2.014645 3.602447
vt 3.477728 -0.126927
vt 2.593104 3.366580
vt 2.498704 3.363213
vt 2.593106 3.213716
vt 2.498707 3.213127
vt 2.446968 3.364617
vt 2.446962 3.212810
vt 2.424199 3.368225
vt 2.424199 3.212687
vt 2.908775 3.768961
vt 2.908744 3.611444
vt 2.918957 3.609762
vt 2.919017 3.770542
vt 2.966370 3.602041
vt 2.966370 3.777822
vt 3.661261 -1.991484
vt 3.661264 -1.817908
vt 3.598433 -1.812250
vt 3.598429 -1.991846
vt 3.539614 -1.806148
vt 3.539614 -1.992180
vt 3.708023 0.081835
vt 3.708087 -0.106544
vt 3.759286 -0.114830
vt 3.759369 0.089812
vt 3.818161 -0.124306
vt 3.818161 0.098960
vt 2.500591 3.498523
vt 2.448867 3.501502
vt 3.600695 -1.650311
vt 3.541957 -1.638411
vt -2.846507 3.900335
vt -2.846507 3.808598
vt -2.846418 3.854471
vt 2.472855 3.212888
vt 2.435580 3.212667
vt 2.913815 3.769821
vt 2.942683 3.774262
vt 3.629862 -1.991759
vt 3.569036 -1.992107
vt 3.733683 0.085917
vt 3.788748 0.094492
vt 3.788671 -0.119679
vt 3.571315 -1.644287
vt 2.942609 3.605804
vt 2.913798 3.610520
vt 2.474722 3.500073
vt -2.718826 3.416080
vt -2.718826 3.639280
vt -2.777804 3.630102
vt -2.777823 3.425449
vt -2.829181 3.622039
vt -2.829206 3.433612
vt -2.803529 3.429396
vt -2.827671 3.808598
vt -2.827671 3.961562
vt -2.827712 3.885077
vt -2.803535 3.626147
vt -2.748347 3.634830
vt -2.748353 3.420633
vt 1.325346 3.658030
vt 1.325354 3.434728
vt 1.384274 3.444232
vt 1.384098 3.648866
vt 1.435475 3.452504
vt 1.435421 3.640918
vt 1.409814 3.644989
vt -2.880153 3.997014
vt -2.880153 3.808599
vt -2.880096 3.902750
vt 1.409822 3.448264
vt 1.354893 3.439397
vt -1.824161 3.424673
vt -1.824167 3.647966
vt -1.883085 3.638762
vt -1.883069 3.434115
vt -1.934329 3.630803
vt -1.934399 3.442346
vt -1.908701 3.438164
vt -2.835180 3.976352
vt -2.835180 3.808598
vt -2.835139 3.892436
vt -2.862051 3.808598
vt -2.862051 3.868447
vt -2.862211 3.868294
vt -1.908754 3.634872
vt -1.853734 3.643423
vt -2.425773 3.671743
vt -2.425773 3.448451
vt -2.367000 3.457640
vt -2.366989 3.662276
vt -2.315805 3.465606
vt -2.315874 3.654064
vt -2.341385 3.658260
vt -2.832328 3.976661
vt -2.832328 3.808598
vt -2.832288 3.892602
vt -2.341425 3.461574
vt -2.396294 3.452930
vt -2.396387 3.667142
vt -0.526115 3.398196
vt -0.526122 3.621541
vt -0.585089 3.612132
vt -0.585085 3.407451
vt -0.636407 3.603898
vt -0.636476 3.415519
vt -0.610843 3.411423
vt -2.839760 3.808599
vt -2.839760 3.987500
vt -2.839802 3.898118
vt -2.940330 3.867177
vt -2.940330 3.808598
vt -2.940073 3.808737
vt -0.610821 3.608135
vt 3.594356 -0.101382
vt 3.531991 -0.315736
vt 3.590998 -0.323122
vt 3.648190 -0.126635
vt 3.642337 -0.329583
vt 3.597277 -0.527705
vt 3.648190 -0.517869
vt 3.538840 -0.538968
vt -2.840508 3.996035
vt -2.840508 3.808599
vt -2.840469 3.902237
vt 3.622807 -0.522856
vt 3.568138 -0.533409
vt -2.653203 3.656701
vt -2.718826 3.674572
vt -2.687438 3.493690
vt -2.678546 3.416080
vt -2.718826 3.565882
vt -2.685884 3.665751
vt -0.640451 0.412794
vt -0.640244 0.657750
vt -0.640451 0.658208
vt 0.102869 2.485876
vt 0.022420 2.412935
vt 0.117613 2.336359
vt 0.169728 2.383657
vt 0.181627 2.284907
vt 0.214702 2.314928
vt 0.199362 2.270608
vt 0.227208 2.295760
vt 0.159469 2.246100
vt 0.180753 2.237985
vt 0.082620 2.275302
vt 0.150307 2.202438
vt 0.173075 2.201252
vt 0.068207 2.206467
vt 0.155170 2.157980
vt 0.177113 2.163980
vt 0.075833 2.136473
vt 0.173440 2.117307
vt 0.192483 2.129779
vt 0.104688 2.072301
vt 0.203479 2.084178
vt 0.217751 2.101897
vt 0.152027 2.020072
vt 0.242205 2.062047
vt 0.250295 2.083284
vt 0.213075 1.985219
vt 0.285957 2.052866
vt 0.287032 2.075624
vt 0.281978 1.970751
vt 0.330389 2.057647
vt 0.324301 2.079741
vt 0.351927 1.978391
vt 0.371061 2.076062
vt 0.358565 2.095088
vt 0.416137 2.007223
vt 0.404199 2.105965
vt 0.386329 2.120341
vt 0.233892 2.412440
vt 0.255437 2.333223
vt 0.261388 2.311209
vt 0.303872 2.420132
vt 0.299902 2.338032
vt 0.298742 2.315220
vt 0.372730 2.405815
vt 0.343561 2.328940
vt 0.335468 2.307554
vt 0.276075 1.848739
vt 0.384037 1.860498
vt -0.053758 2.212420
vt -0.041976 2.104405
vt 0.075514 1.924918
vt 0.309852 2.542179
vt 0.416137 2.520010
vt 0.201777 2.398207
vt 0.363063 2.531137
vt 0.394516 2.462885
vt 0.113666 1.972592
vt -0.047943 2.158443
vt 0.062586 2.449531
vt 2.620754 1.238460
vt 2.729419 1.238357
vt 2.710445 1.358974
vt 2.639960 1.359063
vt 2.675140 1.359063
vt 2.675009 1.238352
vt 0.916503 3.573010
vt 0.987816 3.674029
vt 0.916420 3.743733
vt -2.720334 3.653332
vt -2.720346 3.763417
vt -2.776127 3.737784
vt -2.776126 3.639280
vt -0.637972 1.059877
vt -0.637972 1.214693
vt -0.638189 1.060212
vt -1.936416 1.212584
vt -1.936416 1.054721
vt -1.936203 1.055074
vt 0.952146 3.708970
vt -1.935991 1.136885
vt -1.935991 1.291649
vt -1.936193 1.291542
vt -2.748209 3.646252
vt -2.815804 3.808598
vt -2.815758 3.863860
vt -2.815804 3.919230
vt 3.879003 -0.965396
vt 3.879022 -1.170715
vt 3.933284 -1.161953
vt 3.469159 -3.002361
vt 3.467546 -2.824955
vt 3.439847 -2.831397
vt 3.441506 -2.624999
vt 3.469159 -2.624382
vt 3.906168 -1.166427
vt -2.825035 3.840519
vt -2.824846 3.808598
vt -2.824846 3.840616
vt -2.990757 4.019796
vt -2.990852 3.914306
vt -2.990757 3.808598
vt 3.455334 -2.624586
vt 3.768068 -2.589568
vt 3.826948 -2.392932
vt 3.772480 -2.385519
vt 3.948647 0.360328
vt 3.950223 0.505287
vt 3.922597 0.519935
vt 3.920977 0.370753
vt 3.768068 -2.197499
vt 3.950223 0.177590
vt 3.822031 -2.187804
vt 3.795066 -2.192536
vt -2.817636 3.808620
vt -2.817824 3.836943
vt -2.817824 3.808599
vt -2.865547 3.808598
vt -2.865500 3.913260
vt -2.865547 4.017784
vt -2.826573 3.808598
vt -2.826573 3.841288
vt -2.826763 3.808618
vt -2.806292 3.808598
vt -2.806273 3.914122
vt -2.806292 4.019797
vt -2.792459 3.818172
vt -2.792542 3.827748
vt -2.792542 3.808598
vt 3.942417 3.111894
vt 3.887969 2.914074
vt 3.942417 2.907861
vt 1.320480 2.385316
vt 1.319148 2.568379
vt 1.291605 2.562878
vt 1.292979 2.771535
vt 1.320480 2.771149
vt 3.915249 2.910826
vt -2.822115 3.808623
vt -2.822296 3.840438
vt -2.822296 3.808598
vt -2.825755 3.808598
vt -2.825755 3.840780
vt -2.825946 3.808640
vt -2.900261 4.019787
vt -2.900320 3.914257
vt -2.900261 3.808599
vt 1.306733 2.771436
vt 3.883797 1.506141
vt 3.883852 1.300906
vt 3.937928 1.309627
vt 3.937860 1.497699
vt 3.938043 1.403663
vt 3.910993 1.305213
vt 3.883797 1.403577
vt 3.910847 1.502028
vt 3.886281 0.080942
vt 3.886163 -0.124306
vt 3.940253 -0.115918
vt 3.940361 0.072178
vt 3.940368 -0.021914
vt 3.913260 -0.120202
vt 3.886163 -0.021625
vt 3.913401 0.076643
vt 2.785118 3.761381
vt 2.785118 3.592295
vt 2.846556 3.597075
vt 2.846556 3.760287
vt 2.846594 3.678553
vt -2.954189 3.873607
vt -2.954189 3.808598
vt -2.953938 3.808742
vt 2.815857 3.594568
vt -2.922294 3.860182
vt -2.922294 3.808598
vt -2.922026 3.860132
vt -2.826819 3.997024
vt -2.826853 3.902816
vt -2.826819 3.808598
vt 3.860413 2.458737
vt 3.860413 2.283699
vt 3.924572 2.287904
vt 3.924570 2.458314
vt 3.958980 -0.317434
vt 3.959109 -0.140287
vt 3.934540 -0.136266
vt 3.934540 -0.321205
vt 1.836632 3.559975
vt 1.836630 3.742691
vt 1.811532 3.742859
vt 1.811532 3.558014
vt -2.867677 3.808598
vt -2.867677 3.873601
vt -2.867828 3.841066
vt 3.946812 -0.319409
vt -2.795681 3.808598
vt -2.795681 3.834310
vt -2.795769 3.821441
vt 1.824077 3.742869
vt -2.796700 3.825473
vt -2.796772 3.842246
vt -2.796772 3.808597
vt -2.819561 3.840833
vt -2.819646 3.873030
vt -2.819646 3.808598
vt 3.875247 -0.321204
vt 3.934540 -0.163776
vt 3.875247 -0.139549
vt 3.447529 3.780492
vt 3.447520 3.603358
vt 3.472141 3.599578
vt 3.472141 3.784510
vt 3.938042 1.479543
vt 3.938042 1.303910
vt 3.963080 1.300906
vt 3.963078 1.478669
vt 3.904906 -0.151587
vt 3.459759 3.782615
vt -2.789006 3.834328
vt -2.789006 3.808598
vt -2.788974 3.821462
vt 3.459816 3.601358
vt 3.842524 2.070780
vt 3.842524 1.913039
vt 3.906736 1.909721
vt 3.906735 2.063252
vt -1.464222 3.768321
vt -1.464363 3.591113
vt -1.439692 3.587139
vt -1.439692 3.772042
vt -2.843692 3.631707
vt -2.843696 3.796366
vt -2.868817 3.799894
vt -2.868817 3.633324
vt 3.874645 1.911280
vt -1.451935 3.770291
vt -2.856249 3.632428
vt -2.791396 3.822469
vt -2.791447 3.836277
vt -2.791447 3.808598
vt 3.874615 2.067083
vt 3.937937 -0.788682
vt 3.879022 -0.939771
vt 3.938006 -0.965455
vt -1.689529 3.613499
vt -1.689501 3.790635
vt -1.713956 3.794467
vt -1.713956 3.609604
vt 3.965528 -0.124307
vt 3.965526 0.044948
vt 3.940369 0.048199
vt 3.940369 -0.123093
vt 3.908492 -0.952717
vt -1.701744 3.611401
vt 3.952955 -0.123832
vt -1.701717 3.792619
vt 3.501496 2.904974
vt 3.501496 2.786862
vt 3.565988 2.796015
vt -1.359519 3.774498
vt -1.359510 3.597344
vt -1.334868 3.593565
vt -1.334868 3.778503
vt 2.406675 3.642726
vt 2.406680 3.766034
vt 2.381418 3.763010
vt 2.381418 3.638319
vt -0.641088 1.049698
vt -0.641088 1.197693
vt -0.641317 1.197423
vt -2.822698 3.873350
vt -2.822698 3.808598
vt -2.822608 3.841002
vt -1.347183 3.776574
vt 2.394053 3.640465
vt 2.394048 3.764638
vt -2.798076 3.822845
vt -2.797979 3.808598
vt -2.797979 3.836963
vt -2.921419 3.896109
vt -2.921340 3.808598
vt -2.921340 3.983694
vt -1.359519 3.593564
vt -1.359519 3.762376
vt -1.423545 3.756221
vt -2.315803 3.248081
vt -2.315805 3.070835
vt -2.291110 3.066957
vt -2.291110 3.251971
vt 3.938006 -0.789255
vt 3.938006 -0.965466
vt 3.963041 -0.964564
vt 3.963042 -0.786396
vt -2.303480 3.068822
vt -0.368338 3.663946
vt -0.368339 3.488910
vt -0.303041 3.491033
vt -0.396367 3.664996
vt -0.396369 3.482277
vt -0.422116 3.666016
vt -0.422116 3.481145
vt -0.641395 1.049698
vt -0.641395 1.187990
vt -0.641641 1.187674
vt -0.335667 3.489847
vt -0.382331 3.485471
vt -0.409227 3.481587
vt -0.409244 3.665649
vt -0.382346 3.664546
vt 2.659311 3.763461
vt 2.659311 3.590353
vt 2.723560 3.595054
vt 3.958666 1.109000
vt 3.958583 1.286134
vt 3.934105 1.289928
vt 3.934105 1.104952
vt 3.743261 3.573885
vt 3.743268 3.754676
vt 3.718121 3.754473
vt 3.718121 3.571699
vt 2.691448 3.592600
vt 3.946424 1.106905
vt 3.730700 3.572719
vt 3.946373 1.288122
vt 3.806210 -2.021166
vt 3.806221 -2.180259
vt 3.871458 -2.176826
vt 3.871458 -2.021992
vt 3.777707 -2.009894
vt 3.777723 -2.175989
vt 3.751960 -2.009031
vt 3.751972 -2.177019
vt -2.902110 3.981018
vt -2.902110 3.808598
vt -2.902038 3.894832
vt 3.838858 -2.178613
vt 3.791992 -2.178194
vt 3.764871 -2.176643
vt 3.764831 -2.009372
vt -2.793715 3.822380
vt -2.793783 3.836247
vt -2.793783 3.808598
vt 3.838809 -2.021430
vt 3.932906 -2.226926
vt 3.872969 -2.207259
vt 3.872969 -2.371825
vt -2.651768 3.788056
vt -2.651768 3.612244
vt -2.604543 3.619553
vt -2.604489 3.780343
vt -2.594223 3.621125
vt -2.594293 3.778712
vt 0.475514 3.495778
vt 0.475514 3.355258
vt 0.498319 3.361880
vt 0.498326 3.499029
vt -2.788251 3.812630
vt -2.788318 3.816723
vt -2.788318 3.808599
vt 0.486921 3.497478
vt 0.498348 3.430420
vt 0.486915 3.358522
vt -2.599344 3.620267
vt -2.795937 3.808598
vt -2.795937 3.857028
vt -2.795985 3.832838
vt -2.817607 3.988374
vt -2.817636 3.898411
vt -2.817607 3.808599
vt -2.899210 3.808598
vt -2.899210 3.870188
vt -2.899408 3.808629
vt 3.902957 -2.217013
vt -2.628150 3.784301
vt 2.648418 3.759001
vt 2.593161 3.790746
vt 2.593213 3.612552
vt -1.961545 3.604770
vt -1.961545 3.780581
vt -2.009019 3.773252
vt -2.008965 3.612463
vt -2.019251 3.771692
vt -2.019321 3.614105
vt 3.684220 0.893954
vt 3.684220 0.753692
vt 3.707034 0.750404
vt 3.707026 0.887301
vt -2.014176 3.613200
vt 3.695622 0.890688
vt 3.695629 0.751974
vt -2.788749 3.808598
vt -2.788749 3.821015
vt -2.788806 3.814743
vt -2.804504 3.808598
vt -2.804504 3.869094
vt -2.804567 3.838778
vt 2.620800 3.774934
vt -1.985228 3.608563
vt -0.573413 3.773522
vt -0.636476 3.768156
vt -0.573413 3.621541
vt 0.266801 3.782901
vt 0.266801 3.607098
vt 0.314146 3.614836
vt 0.314076 3.775630
vt 0.324519 3.616526
vt 0.324425 3.774056
vt 1.106277 3.775829
vt 1.106277 3.639693
vt 1.129188 3.646651
vt 1.129190 3.779557
vt 0.319239 3.774916
vt 1.117737 3.777793
vt -2.885775 3.962360
vt -2.885775 3.808598
vt -2.885702 3.885456
vt -2.794514 3.833463
vt -2.794514 3.808598
vt -2.794432 3.821068
vt 0.319341 3.615614
vt -2.819291 3.866195
vt -2.819291 3.808598
vt -2.819196 3.837513
vt -2.903681 3.988279
vt -2.903751 3.898394
vt -2.903681 3.808598
vt -2.905267 3.868057
vt -2.905267 3.808598
vt -2.905054 3.867976
vt -0.604958 3.770902
vt 0.290426 3.779345
vt 3.877910 1.133882
vt 3.934104 1.104951
vt 3.934104 1.291086
vt -0.063244 3.594795
vt -0.063244 3.770576
vt -0.110835 3.763024
vt -0.110769 3.602165
vt -0.121112 3.761325
vt -0.121131 3.603807
vt -0.286079 3.087457
vt -0.286079 3.237051
vt -0.308726 3.238820
vt -0.308724 3.092710
vt -0.115956 3.602887
vt -2.789707 3.821246
vt -2.789663 3.808598
vt -2.789663 3.833853
vt -0.308751 3.165777
vt -0.297404 3.238012
vt -0.116002 3.762241
vt 3.905989 1.119326
vt -0.087060 3.598429
vt 3.851088 0.744216
vt 3.913829 0.751724
vt 3.851088 0.886880
vt 2.009522 3.594128
vt 2.009522 3.769878
vt 1.961967 3.762443
vt 1.961971 3.601691
vt 1.951635 3.760813
vt 1.951639 3.603334
vt 2.752148 1.243322
vt 2.752148 1.371152
vt 2.729445 1.363081
vt 2.729445 1.238352
vt 1.956770 3.602381
vt 2.740796 1.240717
vt 2.729418 1.300773
vt 2.740796 1.367220
vt -2.787597 3.808598
vt -2.787597 3.820856
vt -2.787620 3.814694
vt 3.882472 0.819358
vt 3.882471 0.747847
vt 1.985725 3.597776
vt 3.787540 3.241400
vt 3.754580 3.068742
vt 3.802423 3.067455
vt 3.832499 3.225303
vt 3.812759 3.067111
vt 3.822485 2.907862
vt 3.832499 2.910836
vt -2.798811 3.966112
vt -2.798811 3.808599
vt -2.798793 3.887280
vt 3.827510 2.909251
vt 3.788517 2.988228
vt -2.828609 3.969522
vt -2.828649 3.889122
vt -2.828609 3.808598
vt 3.810082 3.233476
vt 3.916588 -3.026986
vt 3.916588 -3.200677
vt 3.964967 -3.187674
vt 3.964967 -3.028805
vt -2.793000 3.969351
vt -2.793000 3.808599
vt -2.792990 3.888910
vt -2.829205 3.856331
vt -2.829205 3.808598
vt -2.829070 3.832490
vt 3.916546 -3.113768
vt -2.952575 3.873643
vt -2.952575 3.808598
vt -2.952326 3.873577
vt 3.940773 -3.027759
vt 3.909088 1.889918
vt 3.962925 1.894501
vt 3.909088 2.062195
vt 3.962927 2.057909
vt 3.977480 0.897198
vt 3.977514 1.069473
vt 3.952227 1.073603
vt 3.952206 0.893314
vt 3.930714 1.077147
vt 3.930714 0.890048
vt 3.941495 0.891587
vt 3.964890 1.071604
vt 3.935987 2.060120
vt -0.641641 1.314427
vt -0.641641 1.187991
vt -0.641402 1.314304
vt 3.962993 1.976130
vt -2.795559 3.839289
vt -2.795596 3.869892
vt -2.795596 3.808598
vt 3.964910 0.895224
vt 0.825770 3.798254
vt 0.772274 3.789289
vt 0.825770 3.628230
vt 0.772273 3.627840
vt 3.973022 -2.582262
vt 3.972988 -2.410075
vt 3.947314 -2.405965
vt 3.947435 -2.586211
vt 3.925643 -2.402496
vt 3.925648 -2.589568
vt 3.936597 -2.587980
vt 3.960166 -2.407927
vt 0.799045 3.627941
vt -2.995544 3.808598
vt -2.995416 3.890289
vt -2.995544 3.972102
vt 0.799004 3.793845
vt 3.960219 -2.584303
vt 1.046643 3.635245
vt 1.100283 3.656070
vt 1.046643 3.774071
vt 1.100282 3.787934
vt 3.979997 -1.163339
vt 3.980019 -0.991188
vt 3.954830 -0.987095
vt 3.954702 -1.167352
vt 3.933284 -0.983677
vt 3.933284 -1.170715
vt 3.944036 -1.169117
vt 3.944142 -0.985259
vt 3.967511 -0.989014
vt 1.073441 3.781090
vt 1.100351 3.721928
vt -2.800264 3.838001
vt -2.800317 3.867308
vt -2.800317 3.808598
vt 3.967391 -1.165430
vt -1.549328 3.163064
vt -1.589331 3.188519
vt -1.589266 3.013788
vt -2.048296 3.313327
vt -2.002469 3.147342
vt -1.955200 3.152992
vt -1.984959 2.970276
vt -1.963572 2.966081
vt -2.024893 3.324120
vt -2.004982 3.333303
vt -2.029244 2.790845
vt -2.048296 2.801580
vt -2.821407 3.808605
vt -2.821628 3.834455
vt -2.821628 3.808598
vt -1.942432 1.242428
vt -1.942432 1.359648
vt -1.942678 1.242507
vt -2.776127 3.779373
vt -2.829140 3.754785
vt -2.776127 3.657733
vt -2.829138 3.639279
vt 3.971805 2.278868
vt 3.971789 2.451046
vt 3.946266 2.455244
vt 3.946359 2.274954
vt 3.924633 2.458739
vt 3.924638 2.271687
vt 3.935570 2.273201
vt 3.959033 2.453245
vt -2.802612 3.648439
vt -2.971615 3.808598
vt -2.971615 3.935893
vt -2.971757 3.808758
vt -2.829206 3.697042
vt -2.794238 3.838355
vt -2.794205 3.808599
vt -2.794205 3.868189
vt 3.959154 2.276792
vt 0.992928 3.648819
vt 1.046576 3.635246
vt 0.992928 3.788610
vt 1.046576 3.767950
vt -0.526442 3.628705
vt -0.526447 3.800902
vt -0.551819 3.805074
vt -0.551821 3.624834
vt -0.573413 3.808598
vt -0.573413 3.621541
vt -0.562576 3.623057
vt -0.539104 3.803063
vt -2.797920 3.808598
vt -2.797920 3.868925
vt -2.797966 3.838762
vt 1.046643 3.701533
vt 1.019771 3.641903
vt -0.539084 3.626641
vt -2.127392 3.785323
vt -2.180459 3.796843
vt -2.127392 3.636523
vt -2.180459 3.655531
vt 3.931612 -1.617015
vt 3.931529 -1.789202
vt 3.956796 -1.793166
vt 3.956931 -1.612928
vt 3.978359 -1.796550
vt 3.978355 -1.609444
vt 3.967656 -1.611107
vt 3.944215 -1.791275
vt -2.153905 3.645964
vt -2.180527 3.726215
vt -2.153946 3.791146
vt 3.944285 -1.614899
vt 0.772011 3.675223
vt 0.725745 3.664927
vt 0.772011 3.505041
vt 0.725753 3.503253
vt 3.927154 -2.835480
vt 3.927178 -3.007632
vt 3.952693 -3.011554
vt 3.952662 -2.831384
vt 3.974390 -3.014912
vt 3.974391 -2.827807
vt 3.963498 -3.013362
vt 3.939864 -3.009782
vt 0.748911 3.504012
vt 0.748864 3.670151
vt 2.130865 3.794911
vt 2.077602 3.787605
vt 2.130885 3.623521
vt 3.825273 0.660608
vt 3.798382 0.490459
vt 3.822760 0.482714
vt 3.851013 0.660679
vt 3.798382 0.830646
vt 3.897712 3.111893
vt 3.943532 3.262702
vt 3.887969 3.262702
vt 3.602261 0.608571
vt 3.640275 0.575677
vt 3.640208 0.750404
vt 3.621178 0.679515
vt 3.640275 0.663093
vt 3.824714 0.745675
vt 3.810511 0.486543
vt -2.868817 3.785305
vt -2.922186 3.794895
vt -2.868817 3.631708
vt -2.922180 3.649036
vt 3.922488 2.255172
vt 3.922580 2.083009
vt 3.948196 2.079039
vt 3.948091 2.259235
vt 3.969889 2.075612
vt 3.969884 2.262710
vt 3.958883 2.261026
vt 3.935356 2.080940
vt -2.807749 3.858894
vt -2.807749 3.808598
vt -2.807664 3.833727
vt -2.922250 3.722001
vt -2.809215 3.835582
vt -2.809131 3.808599
vt -2.809131 3.862501
vt 3.935248 2.257281
vt -1.423544 3.474815
vt -1.469404 3.476550
vt -1.423545 3.352604
vt -1.469407 3.367268
vt -1.521322 3.478565
vt -1.521328 3.371569
vt -1.546024 3.479562
vt -1.461027 3.585598
vt -1.513125 3.585367
vt -1.537754 3.587139
vt -1.446453 3.359805
vt -1.495350 3.369289
vt -2.790124 3.821059
vt -2.790172 3.833515
vt -2.790172 3.808598
vt -2.793316 3.836370
vt -2.793348 3.864109
vt -2.793348 3.808598
vt -0.053760 3.438660
vt 0.002737 3.445297
vt -0.053758 3.562290
vt 0.002737 3.555926
vt 0.057920 3.446569
vt 0.057910 3.554807
vt 0.082744 3.446045
vt 0.082743 3.555300
vt 0.001771 3.340214
vt 0.056963 3.343674
vt 0.081789 3.342385
vt -0.025531 3.559181
vt 0.030309 3.555428
vt 0.082798 3.500610
vt 0.069383 3.342946
vt 0.029380 3.341862
vt -2.839623 3.808599
vt -2.839623 3.932231
vt -2.839683 3.870446
vt 1.230299 2.381142
vt 1.183495 2.354867
vt 1.230299 2.290921
vt 1.281065 2.296506
vt 1.281065 2.362637
vt 1.230305 2.354593
vt 1.230299 2.290921
vt 1.255646 2.358757
vt -2.795525 3.862200
vt -2.795546 3.915835
vt -2.795546 3.808598
vt 2.131969 2.952852
vt 2.087477 3.022431
vt 2.087477 2.908303
vt 0.416137 2.509751
vt 0.416137 2.446025
vt 0.466902 2.454057
vt 0.466907 2.515232
vt 0.441572 2.449944
vt -2.847972 3.863771
vt -2.847897 3.808598
vt -2.847897 3.919030
vt 3.437431 2.843159
vt 3.422934 2.786862
vt 3.501496 2.854741
vt 3.484477 2.903244
vt 3.422934 2.892125
vt 3.493066 2.879064
vt -2.804996 3.868484
vt -2.805028 3.928377
vt -2.805028 3.808598
vt 2.177148 2.941869
vt 2.132128 3.017240
vt 2.131969 2.908304
vt 0.466908 2.508739
vt 0.466912 2.446026
vt 0.517658 2.454085
vt 0.517651 2.514215
vt 2.131969 2.962764
vt 2.978261 0.389995
vt 2.940018 0.389985
vt 2.959034 0.268928
vt 2.903617 0.378169
vt 2.872665 0.355688
vt 2.850111 0.324771
vt 2.838348 0.288340
vt 2.838353 0.250085
vt 2.850188 0.213691
vt 3.014579 0.378215
vt 3.045572 0.355696
vt 3.068043 0.324750
vt 3.079877 0.288356
vt 3.079883 0.250100
vt 3.068006 0.213742
vt 3.045566 0.182752
vt 2.872658 0.182744
vt 3.014613 0.160271
vt 2.978212 0.148455
vt 2.903541 0.160297
vt 2.939969 0.148446
vt 2.880817 0.115647
vt 2.837136 0.147382
vt 2.932165 0.098960
vt 2.805427 0.191046
vt 2.788803 0.242365
vt 2.788803 0.296351
vt 2.805455 0.347717
vt 2.837218 0.391368
vt 2.880895 0.423099
vt 2.932185 0.439812
vt 2.986148 0.439822
vt 3.037495 0.423134
vt 3.081176 0.391400
vt 3.112885 0.347736
vt 3.129628 0.296357
vt 3.129628 0.242371
vt 3.112980 0.191017
vt 3.081212 0.147354
vt 3.037535 0.115623
vt 2.986128 0.098970
vt -2.079171 3.636514
vt -2.084389 3.718234
vt -2.127392 3.718168
vt -2.120440 3.799862
vt -2.079176 3.799908
vt -2.123992 3.759034
vt -2.315805 3.777501
vt -2.315773 3.621866
vt -2.291234 3.624667
vt -2.291263 3.776530
vt -2.291220 3.700535
vt -2.303495 3.623142
vt -2.315805 3.699748
vt -2.303533 3.777153
vt 0.130807 3.537795
vt 0.189467 3.516807
vt 0.129942 3.580060
vt 0.188844 3.547234
vt 0.189796 3.480974
vt 0.131263 3.488066
vt 0.189796 3.443483
vt 0.131262 3.436047
vt 0.189467 3.407847
vt 0.130807 3.386508
vt 0.188843 3.377645
vt 0.129942 3.344438
vt -0.649223 -0.063235
vt -0.694826 -0.055981
vt -0.649330 -0.100766
vt -0.694826 -0.108080
vt 0.369223 3.425576
vt 0.427022 3.395507
vt 0.368668 3.458042
vt 0.426246 3.440498
vt 0.368665 3.494673
vt 0.426247 3.491464
vt 0.369221 3.532009
vt 0.427020 3.543347
vt 0.370276 3.566322
vt 0.428485 3.590969
vt 3.851088 0.350960
vt 3.889144 0.323986
vt 3.868156 0.384494
vt 3.912842 0.370513
vt 3.874015 0.421527
vt 3.920977 0.421958
vt 3.868134 0.458553
vt 3.912829 0.473454
vt 3.851088 0.491985
vt 3.889177 0.519935
vt -1.422194 3.382778
vt -1.363711 3.355799
vt -1.423081 3.416241
vt -1.364935 3.402281
vt -1.423543 3.453323
vt -1.365583 3.453775
vt -1.423546 3.490374
vt -1.365580 3.505244
vt -1.423077 3.523797
vt -1.364937 3.551639
vt 2.087477 2.996302
vt 2.042896 3.011309
vt 2.081619 2.959245
vt 2.034781 2.959793
vt 0.082798 3.584288
vt 0.083694 3.540468
vt 0.084166 3.489047
vt 0.084166 3.435084
vt 0.083695 3.383751
vt 0.428488 3.360743
vt 0.475513 3.355258
vt 0.082798 3.340214
vt 0.473990 3.391196
vt 0.473191 3.437871
vt 0.473190 3.490632
vt 0.473993 3.544388
vt 2.725531 3.640292
vt 2.731270 3.593785
vt 2.775970 3.590352
vt 0.475513 3.593772
vt 2.723560 3.691732
vt 2.770035 3.638438
vt 2.725530 3.743236
vt 2.767988 3.691757
vt 2.731255 3.789739
vt 2.770033 3.745062
vt -1.316632 3.352604
vt 2.775970 3.793128
vt -1.317904 3.400743
vt -1.318574 3.454083
vt -1.318572 3.507383
vt -1.363707 3.588439
vt -1.317902 3.555447
vt -1.316632 3.593565
vt 2.087474 2.922216
vt 1.875774 -0.587148
vt 1.876828 -0.539678
vt 1.845165 -0.591090
vt 2.042961 2.908303
vt 1.845165 -0.543756
vt 0.159385 3.563708
vn 0.0766 -0.9955 0.0557
vn 0.0653 -0.9978 -0.0072
vn 0.0902 -0.9955 0.0293
vn 0.2725 -0.9581 0.0886
vn 0.2319 -0.9580 0.1685
vn 0.5913 -0.7832 0.1921
vn 0.5030 -0.7831 0.3656
vn 0.8734 -0.3957 0.2838
vn 0.7430 -0.3957 0.5398
vn 0.9464 -0.0993 0.3075
vn 0.8051 -0.0993 0.5848
vn 0.9510 -0.0076 0.3090
vn 0.8090 -0.0077 0.5878
vn 0.9506 0.0310 0.3089
vn 0.8086 0.0310 0.5875
vn 0.9477 0.0843 0.3079
vn 0.8062 0.0843 0.5857
vn 0.9002 0.3227 0.2924
vn 0.7657 0.3228 0.5563
vn 0.7300 0.6410 0.2372
vn 0.6209 0.6411 0.4511
vn 0.5862 0.7875 0.1904
vn 0.4985 0.7875 0.3623
vn 0.5229 0.8353 0.1699
vn 0.4448 0.8353 0.3231
vn 0.9365 -0.1740 0.3044
vn 0.7968 -0.1740 0.5787
vn 0.4094 -0.9026 0.1331
vn 0.3483 -0.9026 0.2530
vn 0.7182 -0.6555 0.2334
vn 0.6109 -0.6556 0.4438
vn 0.0556 -0.9955 0.0765
vn 0.9003 -0.3223 0.2924
vn 0.7659 -0.3221 0.5565
vn 0.0293 -0.9955 0.0902
vn -0.0000 -0.9955 0.0949
vn 0.0885 -0.9581 0.2725
vn -0.0001 -0.9580 0.2867
vn 0.1921 -0.7832 0.5913
vn -0.0001 -0.7831 0.6219
vn 0.2838 -0.3957 0.8734
vn -0.0001 -0.3957 0.9184
vn 0.3075 -0.0993 0.9464
vn -0.0001 -0.0993 0.9951
vn 0.3089 -0.0076 0.9511
vn -0.0002 -0.0076 1.0000
vn 0.3087 0.0310 0.9506
vn 0.0000 0.0310 0.9995
vn 0.3077 0.0843 0.9477
vn -0.0000 0.0843 0.9964
vn 0.2924 0.3227 0.9002
vn -0.0000 0.3228 0.9465
vn 0.2371 0.6411 0.7299
vn -0.0000 0.6410 0.7675
vn 0.1904 0.7875 0.5861
vn 0.0000 0.7875 0.6163
vn 0.1699 0.8354 0.5228
vn -0.0001 0.8354 0.5497
vn 0.3044 -0.1740 0.9365
vn -0.0001 -0.1739 0.9848
vn 0.1331 -0.9026 0.4093
vn -0.0000 -0.9026 0.4305
vn 0.2334 -0.6557 0.7181
vn 0.0001 -0.6556 0.7551
vn -0.0293 -0.9955 0.0900
vn 0.2925 -0.3217 0.9005
vn -0.0000 -0.3222 0.9467
vn -0.0557 -0.9955 0.0767
vn -0.0765 -0.9955 0.0556
vn -0.1684 -0.9581 0.2318
vn -0.2313 -0.9582 0.1683
vn -0.3656 -0.7831 0.5030
vn -0.5025 -0.7831 0.3665
vn -0.5399 -0.3957 0.7429
vn -0.7430 -0.3957 0.5398
vn -0.5850 -0.0993 0.8049
vn -0.8050 -0.0993 0.5849
vn -0.5879 -0.0076 0.8089
vn -0.8090 -0.0077 0.5877
vn -0.5875 0.0310 0.8086
vn -0.8086 0.0310 0.5875
vn -0.5857 0.0843 0.8061
vn -0.8062 0.0843 0.5857
vn -0.5564 0.3227 0.7657
vn -0.7657 0.3228 0.5563
vn -0.4512 0.6410 0.6209
vn -0.6210 0.6410 0.4511
vn -0.3622 0.7875 0.4986
vn -0.4986 0.7875 0.3622
vn -0.3230 0.8354 0.4447
vn -0.4447 0.8354 0.3231
vn -0.5787 -0.1740 0.7968
vn -0.7967 -0.1739 0.5788
vn -0.2529 -0.9026 0.3483
vn -0.3484 -0.9026 0.2530
vn -0.4438 -0.6556 0.6109
vn -0.6110 -0.6555 0.4438
vn -0.0900 -0.9955 0.0292
vn -0.5564 -0.3223 0.7659
vn -0.7659 -0.3221 0.5564
vn -0.0948 -0.9955 0.0000
vn -0.0901 -0.9955 -0.0293
vn -0.2865 -0.9581 0.0000
vn -0.2725 -0.9581 -0.0885
vn -0.6218 -0.7832 -0.0000
vn -0.5914 -0.7832 -0.1921
vn -0.9184 -0.3957 -0.0000
vn -0.8735 -0.3957 -0.2837
vn -0.9951 -0.0993 -0.0000
vn -0.9463 -0.0993 -0.3076
vn -1.0000 -0.0076 0.0000
vn -0.9510 -0.0076 -0.3091
vn -0.9995 0.0310 0.0000
vn -0.9506 0.0310 -0.3089
vn -0.9964 0.0843 -0.0000
vn -0.9477 0.0843 -0.3079
vn -0.9465 0.3228 -0.0000
vn -0.9001 0.3228 -0.2925
vn -0.7675 0.6411 -0.0000
vn -0.7300 0.6410 -0.2372
vn -0.6163 0.7875 -0.0000
vn -0.5861 0.7875 -0.1905
vn -0.5497 0.8354 0.0000
vn -0.5228 0.8354 -0.1699
vn -0.9848 -0.1739 -0.0000
vn -0.9365 -0.1740 -0.3043
vn -0.4305 -0.9026 -0.0000
vn -0.4094 -0.9026 -0.1330
vn -0.7551 -0.6556 0.0000
vn -0.7182 -0.6556 -0.2334
vn -0.0765 -0.9955 -0.0556
vn -0.9467 -0.3222 -0.0000
vn -0.9004 -0.3222 -0.2925
vn -0.0558 -0.9955 -0.0768
vn -0.0290 -0.9955 -0.0900
vn -0.1684 -0.9581 -0.2318
vn -0.0886 -0.9581 -0.2725
vn -0.3654 -0.7832 -0.5030
vn -0.1922 -0.7832 -0.5913
vn -0.5398 -0.3957 -0.7430
vn -0.2838 -0.3957 -0.8734
vn -0.5849 -0.0993 -0.8050
vn -0.3077 -0.0993 -0.9463
vn -0.5878 -0.0076 -0.8090
vn -0.3091 -0.0076 -0.9510
vn -0.5875 0.0310 -0.8086
vn -0.3089 0.0310 -0.9506
vn -0.5856 0.0843 -0.8062
vn -0.3081 0.0843 -0.9476
vn -0.5562 0.3228 -0.7658
vn -0.2925 0.3228 -0.9001
vn -0.4511 0.6411 -0.6209
vn -0.2372 0.6410 -0.7299
vn -0.3623 0.7875 -0.4986
vn -0.1905 0.7875 -0.5861
vn -0.3232 0.8354 -0.4447
vn -0.1699 0.8354 -0.5228
vn -0.5789 -0.1740 -0.7966
vn -0.3043 -0.1740 -0.9366
vn -0.2531 -0.9026 -0.3483
vn -0.1330 -0.9026 -0.4094
vn -0.4438 -0.6557 -0.6108
vn -0.2333 -0.6556 -0.7182
vn -0.0000 -0.9955 -0.0947
vn -0.5565 -0.3218 -0.7660
vn -0.2926 -0.3222 -0.9003
vn 0.0293 -0.9955 -0.0901
vn 0.0553 -0.9955 -0.0770
vn 0.0886 -0.9581 -0.2725
vn 0.1684 -0.9581 -0.2318
vn 0.1921 -0.7832 -0.5913
vn 0.3654 -0.7832 -0.5030
vn 0.2837 -0.3957 -0.8734
vn 0.5397 -0.3957 -0.7430
vn 0.3076 -0.0993 -0.9463
vn 0.5849 -0.0993 -0.8050
vn 0.3090 -0.0076 -0.9510
vn 0.5878 -0.0077 -0.8089
vn 0.3088 0.0310 -0.9506
vn 0.5875 0.0310 -0.8086
vn 0.3080 0.0843 -0.9476
vn 0.5857 0.0843 -0.8062
vn 0.2925 0.3227 -0.9002
vn 0.5562 0.3228 -0.7658
vn 0.2372 0.6411 -0.7299
vn 0.4511 0.6411 -0.6210
vn 0.1905 0.7875 -0.5861
vn 0.3622 0.7875 -0.4986
vn 0.1699 0.8354 -0.5228
vn 0.3231 0.8354 -0.4447
vn 0.3043 -0.1740 -0.9365
vn 0.5789 -0.1740 -0.7966
vn 0.1330 -0.9026 -0.4094
vn 0.2530 -0.9026 -0.3483
vn 0.2333 -0.6557 -0.7180
vn 0.4439 -0.6556 -0.6109
vn 0.0765 -0.9955 -0.0556
vn 0.2925 -0.3223 -0.9003
vn 0.5564 -0.3222 -0.7659
vn 0.0902 -0.9955 -0.0294
vn 0.2725 -0.9581 -0.0885
vn 0.2865 -0.9581 -0.0000
vn 0.5914 -0.7832 -0.1921
vn 0.6218 -0.7832 0.0000
vn 0.8734 -0.3957 -0.2838
vn 0.9184 -0.3957 0.0000
vn 0.9463 -0.0993 -0.3075
vn 0.9951 -0.0993 0.0000
vn 0.9510 -0.0076 -0.3090
vn 1.0000 -0.0077 -0.0000
vn 0.9506 0.0310 -0.3089
vn 0.9995 0.0310 -0.0000
vn 0.9477 0.0843 -0.3079
vn 0.9964 0.0843 -0.0000
vn 0.9002 0.3227 -0.2925
vn 0.9465 0.3228 0.0000
vn 0.7300 0.6410 -0.2371
vn 0.7675 0.6411 -0.0000
vn 0.5861 0.7875 -0.1904
vn 0.6163 0.7875 -0.0000
vn 0.5228 0.8354 -0.1699
vn 0.5497 0.8353 -0.0000
vn 0.9366 -0.1740 -0.3043
vn 0.9848 -0.1739 -0.0000
vn 0.4092 -0.9027 -0.1332
vn 0.4305 -0.9026 -0.0000
vn 0.7181 -0.6556 -0.2335
vn 0.7551 -0.6556 0.0000
vn 0.9003 -0.3222 -0.2926
vn 0.9467 -0.3222 -0.0000
vn 0.9428 0.1313 -0.3064
vn 0.9914 0.1312 0.0000
vn 0.3063 0.1312 -0.9428
vn 0.5827 0.1312 -0.8020
vn -0.9913 0.1312 0.0000
vn -0.9428 0.1312 -0.3064
vn -0.5828 0.1312 -0.8020
vn -0.3064 0.1312 -0.9428
vn -0.5826 0.1312 0.8021
vn -0.8020 0.1312 0.5827
vn 0.3063 0.1314 0.9428
vn -0.0000 0.1312 0.9914
vn 0.9428 0.1313 0.3065
vn 0.8020 0.1312 0.5827
vn 0.7933 0.5517 -0.2576
vn 0.8338 0.5521 0.0003
vn 0.2580 0.5518 -0.7931
vn 0.4903 0.5521 -0.6744
vn -0.4902 0.5516 -0.6749
vn -0.2574 0.5521 -0.7931
vn -0.4904 0.5516 0.6748
vn -0.6747 0.5521 0.4898
vn -0.8341 0.5516 -0.0002
vn -0.7929 0.5521 -0.2580
vn 0.2577 0.5518 0.7932
vn -0.0007 0.5519 0.8339
vn 0.7932 0.5517 0.2578
vn 0.6744 0.5521 0.4903
vn 0.7286 0.6849 0.0001
vn 0.4283 0.6849 -0.5895
vn -0.6929 0.6849 -0.2252
vn -0.5895 0.6849 0.4282
vn 0.2502 0.5873 0.7697
vn -0.0004 0.6852 0.7284
vn 0.5894 0.6849 0.4283
vn -0.2250 0.6849 -0.6930
vn 0.7698 0.5872 -0.2501
vn 0.8095 0.5871 0.0000
vn 0.2502 0.5873 -0.7698
vn 0.4758 0.5871 -0.6549
vn -0.4757 0.5872 -0.6549
vn -0.2501 0.5871 -0.7699
vn -0.4758 0.5872 0.6548
vn -0.6552 0.5872 0.4753
vn 0.0003 0.5870 0.8096
vn -0.8094 0.5873 -0.0001
vn -0.7699 0.5871 -0.2501
vn 0.7698 0.5873 0.2502
vn 0.6549 0.5871 0.4758
vn 0.9058 0.3049 -0.2943
vn 0.9524 0.3049 -0.0000
vn 0.9467 0.0986 -0.3068
vn 0.9951 0.0984 -0.0008
vn 0.9354 0.1810 -0.3036
vn 0.9835 0.1810 -0.0000
vn 0.8179 0.5102 -0.2659
vn 0.8600 0.5102 0.0001
vn 0.7333 0.6371 -0.2375
vn 0.7711 0.6367 -0.0007
vn 0.8680 0.4088 -0.2820
vn 0.9124 0.4093 -0.0014
vn 0.9058 0.3049 0.2943
vn 0.7715 0.3037 0.5590
vn 0.9462 0.0986 0.3082
vn 0.8050 0.0987 0.5850
vn 0.9354 0.1809 0.3039
vn 0.7960 0.1807 0.5777
vn 0.8181 0.5100 0.2658
vn 0.6959 0.5101 0.5056
vn 0.7329 0.6370 0.2390
vn 0.6235 0.6373 0.4529
vn 0.8680 0.4088 0.2820
vn 0.7385 0.4087 0.5364
vn -0.5598 0.3050 0.7704
vn -0.7709 0.3062 0.5585
vn -0.5855 0.0986 0.8047
vn -0.8050 0.0986 0.5850
vn -0.5783 0.1811 0.7954
vn -0.7953 0.1806 0.5787
vn -0.5056 0.5099 0.6960
vn -0.6942 0.5100 0.5080
vn -0.4530 0.6372 0.6235
vn -0.6235 0.6371 0.4531
vn -0.5366 0.4088 0.7383
vn -0.7383 0.4088 0.5364
vn 0.2945 0.3050 -0.9057
vn 0.5598 0.3049 -0.7705
vn 0.3083 0.0987 -0.9461
vn 0.5848 0.0984 -0.8052
vn 0.3042 0.1811 -0.9352
vn 0.5776 0.1807 -0.7960
vn 0.2658 0.5100 -0.8181
vn 0.5057 0.5100 -0.6959
vn 0.2382 0.6374 -0.7328
vn 0.4527 0.6367 -0.6243
vn 0.2818 0.4088 -0.8680
vn 0.5364 0.4088 -0.7384
vn -0.9524 0.3049 -0.0000
vn -0.9065 0.3037 -0.2933
vn -0.9951 0.0986 -0.0007
vn -0.9464 0.0986 -0.3076
vn -0.9835 0.1811 -0.0003
vn -0.9356 0.1807 -0.3033
vn -0.8600 0.5102 0.0001
vn -0.8181 0.5100 -0.2658
vn -0.7707 0.6372 -0.0000
vn -0.7337 0.6366 -0.2377
vn -0.9126 0.4088 -0.0000
vn -0.8682 0.4093 -0.2806
vn 0.2942 0.3050 0.9058
vn 0.0012 0.3037 0.9528
vn 0.3068 0.0985 0.9467
vn 0.0001 0.0982 0.9952
vn 0.3036 0.1810 0.9354
vn 0.0006 0.1807 0.9835
vn 0.2658 0.5102 0.8180
vn -0.0000 0.5099 0.8603
vn 0.2383 0.6371 0.7330
vn 0.0008 0.6377 0.7703
vn 0.2822 0.4086 0.8680
vn 0.0010 0.4080 0.9130
vn -0.5599 0.3047 -0.7705
vn -0.2943 0.3049 -0.9058
vn -0.5843 0.0986 -0.8055
vn -0.3075 0.0985 -0.9464
vn -0.5779 0.1811 -0.7958
vn -0.3043 0.1808 -0.9352
vn -0.5057 0.5102 -0.6957
vn -0.2657 0.5100 -0.8181
vn -0.4525 0.6369 -0.6242
vn -0.2389 0.6374 -0.7326
vn -0.5364 0.4088 -0.7383
vn -0.2831 0.4078 -0.8681
vn 0.9280 0.2187 -0.3015
vn 0.9758 0.2187 -0.0000
vn 0.7895 0.2187 -0.5735
vn 0.7384 0.4088 -0.5364
vn 0.5734 0.2189 -0.7895
vn 0.9281 0.2187 0.3015
vn 0.7894 0.2186 0.5736
vn 0.5364 0.4085 0.7385
vn 0.5736 0.2187 0.7894
vn 0.3019 0.2187 0.9279
vn 0.0001 0.2188 0.9758
vn -0.2819 0.4088 0.8680
vn -0.3017 0.2187 0.9280
vn -0.5735 0.2188 -0.7894
vn -0.3016 0.2186 -0.9280
vn -0.7895 0.2187 -0.5735
vn -0.7384 0.4086 -0.5365
vn 0.0001 0.4085 -0.9128
vn 0.0002 0.2186 -0.9758
vn -0.9282 0.2187 -0.3009
vn -0.9758 0.2188 -0.0003
vn -0.9280 0.2187 0.3015
vn -0.8686 0.4078 0.2814
vn -0.7893 0.2188 0.5737
vn -0.5735 0.2187 0.7895
vn 0.3015 0.2187 -0.9280
vn 0.6548 0.5873 -0.4758
vn 0.7709 0.3061 -0.5586
vn 0.8051 0.0985 -0.5849
vn 0.6748 0.5518 -0.4901
vn 0.8020 0.1312 -0.5828
vn 0.7663 -0.3211 -0.5565
vn -0.2501 0.5872 0.7698
vn -0.2953 0.3061 0.9050
vn -0.3075 0.0987 0.9464
vn -0.2578 0.5516 0.7933
vn -0.3063 0.1315 0.9428
vn -0.2927 -0.3210 0.9007
vn -0.7697 0.5873 0.2501
vn -0.9058 0.3061 0.2930
vn -0.9464 0.0985 0.3075
vn -0.7933 0.5517 0.2576
vn -0.9428 0.1313 0.3064
vn -0.9008 -0.3210 0.2925
vn -0.0000 0.5872 -0.8094
vn 0.0013 0.3060 -0.9520
vn -0.0001 0.0987 -0.9951
vn 0.0000 0.5514 -0.8342
vn -0.0001 0.1313 -0.9913
vn 0.0001 -0.3210 -0.9471
vn -0.6548 0.5873 -0.4758
vn -0.7694 0.3061 -0.5606
vn -0.8051 0.0986 -0.5849
vn -0.6746 0.5517 -0.4904
vn -0.8020 0.1313 -0.5827
vn -0.7661 -0.3209 -0.5568
vn 0.5586 0.3061 0.7709
vn 0.4755 0.5873 0.6549
vn 0.5849 0.0983 0.8051
vn 0.4903 0.5515 0.6749
vn 0.5827 0.1313 0.8020
vn 0.5566 -0.3210 0.7662
vn 0.9384 0.1625 -0.3049
vn 0.7983 0.1625 -0.5800
vn 0.5802 0.1625 -0.7981
vn 0.9867 0.1625 -0.0000
vn 0.3048 0.1624 -0.9385
vn -0.9384 0.1625 0.3049
vn -0.7982 0.1625 0.5800
vn -0.9867 0.1624 -0.0003
vn -0.5798 0.1625 0.7984
vn 0.7982 0.1625 0.5800
vn 0.9384 0.1625 0.3049
vn 0.5799 0.1626 0.7983
vn -0.5801 0.1624 -0.7982
vn -0.7983 0.1625 -0.5800
vn -0.9384 0.1625 -0.3048
vn -0.3051 0.1624 -0.9384
vn 0.0001 0.1626 -0.9867
vn 0.0000 0.1626 0.9867
vn 0.3047 0.1627 0.9384
vn -0.3050 0.1625 0.9384
vn -0.7331 0.6370 0.2384
vn -0.6235 0.6371 -0.4532
vn 0.6236 0.6370 -0.4531
vn -0.9421 0.1365 0.3062
vn -0.8011 0.1365 0.5828
vn -0.5822 0.1365 0.8015
vn -0.9906 0.1365 -0.0002
vn -0.3055 0.1365 0.9424
vn 0.9422 0.1365 -0.3061
vn 0.8013 0.1364 -0.5825
vn 0.5824 0.1365 -0.8014
vn 0.3062 0.1365 -0.9421
vn 0.9906 0.1365 0.0000
vn 0.0005 0.1364 -0.9906
vn 0.0001 0.1363 0.9907
vn 0.3062 0.1363 0.9422
vn 0.5823 0.1365 0.8014
vn 0.8018 0.1365 0.5818
vn 0.9421 0.1366 0.3062
vn -0.3063 0.1365 -0.9421
vn -0.5828 0.1364 -0.8011
vn -0.8012 0.1365 -0.5827
vn -0.9421 0.1365 -0.3063
vn -0.9460 0.1032 0.3074
vn -0.8048 0.1031 0.5846
vn -0.9947 0.1032 -0.0000
vn 0.9458 0.1031 -0.3079
vn 0.8049 0.1031 -0.5843
vn 0.9947 0.1031 -0.0000
vn -0.3074 0.1031 0.9460
vn -0.5847 0.1032 0.8047
vn -0.0003 0.1033 0.9947
vn 0.5847 0.1032 0.8047
vn 0.3074 0.1031 0.9460
vn 0.8046 0.1032 0.5847
vn -0.0006 0.1032 -0.9947
vn 0.3079 0.1032 -0.9458
vn 0.5847 0.1032 -0.8047
vn -0.3077 0.1032 -0.9459
vn 0.9460 0.1032 0.3074
vn -0.5845 0.1031 -0.8048
vn -0.9456 0.1036 -0.3085
vn -0.0009 0.0754 -0.9972
vn 0.9485 0.0754 -0.3077
vn 0.9972 0.0754 -0.0001
vn 0.9493 0.0608 -0.3085
vn 0.9982 0.0608 -0.0005
vn 0.8073 0.0609 -0.5870
vn 0.9485 0.0753 0.3077
vn 0.9494 0.0607 0.3082
vn 0.8067 0.0753 0.5861
vn 0.8084 0.0613 0.5854
vn 0.5864 0.0747 0.8066
vn 0.5895 0.0673 0.8049
vn 0.3079 0.0751 0.9485
vn 0.3061 0.0624 0.9500
vn 0.0000 0.0755 0.9971
vn 0.0000 0.0610 0.9981
vn -0.3082 0.0756 0.9483
vn -0.3083 0.0609 0.9493
vn -0.5862 0.0754 0.8067
vn -0.5865 0.0610 0.8076
vn -0.8067 0.0753 0.5862
vn -0.8072 0.0606 0.5871
vn -0.9484 0.0754 0.3080
vn -0.9493 0.0607 0.3086
vn -0.9972 0.0754 -0.0000
vn -0.9981 0.0609 -0.0008
vn -0.9484 0.0754 -0.3080
vn -0.9493 0.0608 -0.3084
vn -0.8068 0.0754 -0.5860
vn -0.8075 0.0609 -0.5867
vn -0.5861 0.0755 -0.8067
vn -0.5868 0.0608 -0.8075
vn -0.3078 0.0755 -0.9485
vn -0.3088 0.0613 -0.9492
vn 0.9474 0.0845 -0.3088
vn 0.8067 0.0839 -0.5849
vn 0.8090 -0.0100 -0.5877
vn 0.9511 -0.0100 -0.3088
vn 0.7484 -0.3783 -0.5448
vn 0.8803 -0.3785 -0.2862
vn 0.4562 -0.8252 -0.3329
vn 0.5374 -0.8251 -0.1746
vn -0.5849 0.0844 0.8067
vn -0.3085 0.0849 0.9474
vn 0.0004 0.0848 0.9964
vn 0.3090 0.0844 0.9473
vn 0.8061 0.0845 0.5857
vn -0.3094 -0.0090 0.9509
vn -0.5876 -0.0096 0.8091
vn 0.3094 -0.0093 0.9509
vn 0.8090 -0.0096 0.5877
vn -0.2849 -0.3784 0.8807
vn -0.5438 -0.3785 0.7490
vn -0.1739 -0.8248 0.5381
vn -0.3321 -0.8251 0.4571
vn -0.5865 0.0847 -0.8055
vn -0.8061 0.0843 -0.5857
vn -0.9476 0.0846 -0.3079
vn -0.9964 0.0851 -0.0004
vn -0.8104 -0.0099 -0.5857
vn -0.5877 -0.0094 -0.8090
vn -1.0000 -0.0085 -0.0009
vn -0.7500 -0.3785 -0.5424
vn -0.5440 -0.3780 -0.7492
vn -0.4577 -0.8250 -0.3316
vn -0.3321 -0.8250 -0.4573
vn -0.2124 -0.9649 -0.1544
vn -0.1544 -0.9649 -0.2123
vn 0.2124 -0.9649 -0.1543
vn 0.2497 -0.9649 -0.0812
vn -0.0812 -0.9649 0.2497
vn -0.1542 -0.9649 0.2124
vn 0.5856 0.0843 -0.8062
vn 0.5866 0.0608 -0.8076
vn 0.3078 0.0847 -0.9477
vn 0.3091 -0.0094 -0.9510
vn 0.3085 0.0609 -0.9493
vn 0.0001 0.0842 -0.9964
vn 0.0003 -0.0092 -1.0000
vn -0.0000 0.0608 -0.9981
vn -0.0022 -0.3785 -0.9256
vn 0.2875 -0.3786 -0.8798
vn -0.0006 -0.8248 -0.5654
vn 0.1746 -0.8251 -0.5374
vn -0.0000 -0.9649 -0.2625
vn 0.0812 -0.9649 -0.2498
vn -0.3080 0.0846 -0.9476
vn -0.3091 -0.0094 -0.9510
vn -0.0002 -0.8678 -0.4970
vn 0.1528 -0.8682 -0.4722
vn -0.0000 -0.3371 -0.9415
vn 0.2887 -0.3371 -0.8961
vn 0.0000 0.0924 -0.9957
vn 0.3078 0.0924 -0.9470
vn -0.1532 -0.8679 -0.4724
vn -0.0812 -0.9649 -0.2498
vn -0.2912 -0.8680 -0.4021
vn -0.5534 -0.3370 -0.7617
vn -0.2909 -0.3372 -0.8954
vn -0.5852 0.0924 -0.8056
vn -0.3076 0.0924 -0.9470
vn -0.4016 -0.8680 -0.2920
vn -0.4726 -0.8676 -0.1547
vn -0.8948 -0.3371 -0.2926
vn -0.7617 -0.3372 -0.5532
vn -0.9469 0.0922 -0.3080
vn -0.8056 0.0919 -0.5852
vn -0.1536 -0.8686 0.4710
vn -0.2911 -0.8681 0.4021
vn -0.2931 -0.3369 0.8948
vn -0.5536 -0.3368 0.7616
vn -0.3077 0.0924 0.9470
vn -0.5853 0.0924 0.8055
vn -0.0002 -0.8678 0.4969
vn -0.0000 -0.9649 0.2627
vn 0.1534 -0.8681 0.4721
vn 0.0811 -0.9649 0.2498
vn 0.2909 -0.3370 0.8954
vn -0.0000 -0.3369 0.9415
vn 0.3076 0.0924 0.9470
vn -0.0001 0.0924 0.9957
vn -0.1726 -0.8263 -0.5362
vn -0.2859 -0.3787 -0.8803
vn -0.2390 0.6371 0.7328
vn -0.2658 0.5101 0.8180
vn -0.3039 0.1809 0.9354
vn 0.0008 0.6371 -0.7708
vn 0.0000 0.5100 -0.8602
vn 0.0000 0.1809 -0.9835
vn 0.4525 0.6370 0.6241
vn 0.5057 0.5100 0.6958
vn 0.5781 0.1812 0.7956
vn -0.8047 0.1032 -0.5847
vn -0.8191 0.5082 0.2661
vn -0.9353 0.1813 0.3039
vn -0.6967 0.5083 -0.5062
vn -0.7956 0.1814 -0.5780
vn 0.6967 0.5083 -0.5062
vn 0.7956 0.1813 -0.5781
vn -0.0010 0.4078 -0.9131
vn 0.0004 0.2186 -0.9758
vn -0.2811 0.4078 0.8687
vn -0.3017 0.2186 0.9280
vn 0.5375 0.4079 0.7380
vn 0.5741 0.2186 0.7891
vn 0.5796 0.1624 0.7985
vn -0.9279 0.2190 -0.3018
vn -0.9384 0.1624 -0.3050
vn -0.9422 0.1364 -0.3061
vn -0.5842 0.1031 -0.8050
vn -0.3074 0.1031 -0.9460
vn -0.9461 0.1032 -0.3070
vn -0.9947 0.1031 0.0000
vn -0.9460 0.1031 0.3074
vn -0.8050 0.1032 0.5842
vn -0.5847 0.1031 0.8046
vn -0.3074 0.1032 0.9460
vn -0.0000 0.1032 0.9947
vn 0.3074 0.1032 0.9460
vn 0.5847 0.1031 0.8047
vn 0.8045 0.1030 0.5850
vn 0.8015 0.1365 0.5822
vn -0.2918 -0.8681 -0.4016
vn -0.1543 -0.9650 -0.2122
vn -0.9461 0.1031 -0.3071
vn 0.8048 0.1031 0.5845
vn -0.0001 0.1033 0.9947
vn -0.3060 0.1364 0.9422
vn -0.3079 0.1033 -0.9458
vn -0.0000 0.1365 -0.9906
vn 0.7384 0.4087 -0.5364
vn 0.5733 0.2190 -0.7895
vn -0.8680 0.4089 0.2818
vn -0.7892 0.2190 0.5738
vn -0.3048 0.1625 0.9384
vn -0.5736 0.2187 0.7894
vn -0.0002 0.1624 -0.9867
vn 0.3014 0.2188 -0.9280
vn -0.3018 0.2188 0.9279
vn -0.3084 0.0609 -0.9493
vn 0.0002 0.2190 -0.9757
vn -0.8681 0.4087 -0.2818
vn 0.0002 0.1031 -0.9947
vn 0.0006 0.0755 -0.9971
vn 0.0001 0.0612 -0.9981
vn 0.9947 0.1031 -0.0002
vn 0.9867 0.1625 0.0001
vn 0.9758 0.2187 -0.0004
vn 0.9124 0.4092 -0.0014
vn 0.3079 0.0755 -0.9484
vn 0.3081 0.0607 -0.9494
vn 0.5860 0.0755 -0.8068
vn 0.5866 0.0609 -0.8075
vn 0.8066 0.0754 -0.5862
vn 0.8071 0.0608 -0.5873
vn 0.9482 0.0753 -0.3086
vn 0.8094 0.5873 0.0002
vn 0.9524 0.3049 -0.0008
vn 0.9951 0.0985 0.0002
vn 0.7287 0.6848 -0.0003
vn 0.8335 0.5526 0.0010
vn 0.6549 0.5874 0.4754
vn 0.7703 0.3051 0.5599
vn 0.5900 0.6846 0.4280
vn 0.6744 0.5521 0.4902
vn 0.8020 0.1313 0.5827
vn 0.7659 -0.3222 0.5564
vn -0.6549 0.5873 0.4756
vn -0.7705 0.3049 0.5598
vn -0.5894 0.6847 0.4286
vn -0.6747 0.5521 0.4899
vn -0.8020 0.1313 0.5827
vn -0.7660 -0.3218 0.5565
vn -0.0002 0.5872 0.8094
vn 0.0001 0.3050 0.9523
vn 0.0003 0.6848 0.7287
vn -0.0002 0.5521 0.8338
vn 0.0000 0.1313 0.9913
vn 0.0000 -0.3223 0.9466
vn -0.7699 0.5873 -0.2497
vn -0.9057 0.3050 -0.2944
vn -0.6932 0.6847 -0.2249
vn -0.7926 0.5521 -0.2586
vn -0.9429 0.1311 -0.3062
vn -0.9003 -0.3221 -0.2926
vn -0.2500 0.5872 -0.7698
vn -0.2943 0.3048 -0.9058
vn -0.2255 0.6847 -0.6930
vn -0.2575 0.5521 -0.7930
vn -0.3063 0.1312 -0.9429
vn -0.2925 -0.3221 -0.9004
vn 0.4759 0.5872 -0.6547
vn 0.4281 0.6848 -0.5897
vn 0.4902 0.5521 -0.6745
vn 0.5827 0.1313 -0.8020
vn 0.5565 -0.3222 -0.7659
vn 0.7332 0.6369 0.2383
vn -0.7708 0.6370 -0.0006
vn -0.8600 0.5102 0.0009
vn 0.7333 0.6370 -0.2376
vn 0.8180 0.5100 -0.2659
vn 0.7388 0.4082 0.5363
vn -0.0001 0.4089 0.9126
vn -0.2820 0.4088 -0.8680
vn 0.7705 0.3049 -0.5598
vn 0.8052 0.0984 -0.5848
vn -0.0000 0.3049 -0.9524
vn 0.0002 0.0986 -0.9951
vn 0.5597 0.3048 0.7706
vn 0.5847 0.0985 0.8052
vn -0.2943 0.3049 0.9058
vn -0.3077 0.0984 0.9464
vn -0.7705 0.3048 -0.5599
vn -0.8050 0.0985 -0.5850
vn -0.9058 0.3049 0.2943
vn -0.9465 0.0985 0.3074
vn 0.9464 0.0985 0.3075
vn -0.5822 0.1365 -0.8015
vn -0.8011 0.1365 -0.5827
vn -0.8014 0.1365 0.5824
vn -0.5823 0.1365 0.8014
vn 0.9972 0.0754 0.0009
vn 0.9460 0.1030 -0.3073
vn 0.8050 0.1032 -0.5842
vn 0.5853 0.1032 -0.8042
vn 0.8014 0.1365 -0.5824
vn 0.5823 0.1365 -0.8014
vn 0.5068 0.5091 0.6957
vn 0.5780 0.1809 0.7957
vn -0.2651 0.5092 0.8188
vn -0.0010 0.5090 -0.8608
vn -0.0001 0.1809 -0.9835
vn -0.9354 0.1809 -0.3039
vn -0.7330 0.6372 -0.2382
vn -0.6959 0.5100 0.5056
vn -0.7957 0.1809 0.5781
vn -0.6237 0.6370 0.4530
vn 0.5056 0.5100 -0.6959
vn 0.5782 0.1809 -0.7956
vn 0.4530 0.6372 -0.6235
vn 0.0101 0.9999 -0.0120
vn 0.0076 1.0000 -0.0012
vn -0.0010 1.0000 0.0000
vn -0.0002 1.0000 0.0001
vn -0.0003 1.0000 0.0000
vn 0.0011 1.0000 0.0002
vn -0.0007 1.0000 0.0001
vn 0.0131 0.9999 0.0006
vn -0.0149 0.9999 -0.0001
vn -0.0049 1.0000 0.0008
vn 0.0134 0.9999 0.0019
vn -0.0012 1.0000 0.0012
vn 0.0039 1.0000 -0.0004
vn -0.0017 1.0000 -0.0002
vn 0.0038 1.0000 0.0002
vn 0.0064 1.0000 0.0001
vn 0.0092 1.0000 -0.0008
vn 0.0111 0.9999 -0.0009
vn 0.0001 1.0000 -0.0005
vn -0.0001 1.0000 -0.0006
vn 0.5896 0.6852 0.4276
vn 0.0168 0.9997 -0.0184
vn -0.0035 1.0000 -0.0007
vn -0.0051 0.9999 0.0091
vn 0.5949 0.1794 0.7836
vn 0.0075 1.0000 -0.0063
vn -0.0042 1.0000 -0.0067
vn -0.0122 0.9999 -0.0005
vn -0.0854 0.9956 0.0387
vn 0.1206 0.9636 0.2387
vn 0.1001 0.9633 0.2489
vn 0.5917 -0.0417 0.8051
vn -0.0004 1.0000 -0.0005
vn 0.5794 0.1627 0.7986
vn -0.0001 1.0000 0.0001
vn -0.0004 1.0000 -0.0006
vn 0.0001 1.0000 0.0002
vn 0.5792 0.1622 0.7989
vn -0.0008 1.0000 -0.0005
vn 0.0003 1.0000 0.0003
vn 0.8045 0.1023 0.5851
vn 0.0010 1.0000 0.0011
vn 0.0011 1.0000 0.0007
vn 0.0004 1.0000 0.0002
vn 0.8051 0.1024 0.5842
vn 0.0015 1.0000 0.0001
vn 0.9973 0.0739 -0.0001
vn 0.0013 1.0000 -0.0003
vn 0.0021 1.0000 -0.0003
vn 0.0000 1.0000 -0.0001
vn 0.9972 0.0751 0.0004
vn 0.0006 1.0000 0.0001
vn 0.9957 0.0930 0.0002
vn 0.0106 0.9999 -0.0016
vn 0.0102 0.9999 -0.0015
vn 0.9927 0.1207 -0.0000
vn 0.0163 0.9999 -0.0026
vn 0.0154 0.9999 -0.0024
vn 0.9892 0.1468 -0.0003
vn 0.0159 0.9999 -0.0025
vn 0.9815 0.1916 -0.0007
vn 0.0277 0.9996 -0.0045
vn 0.0269 0.9996 -0.0042
vn 0.9209 0.3898 -0.0013
vn 0.0203 0.9998 -0.0032
vn 0.0203 0.9998 -0.0025
vn -0.0034 1.0000 0.0087
vn -0.0106 0.9999 -0.0001
vn 0.0014 1.0000 -0.0000
vn -0.0017 0.9997 0.0241
vn 0.8095 0.5871 0.0001
vn -0.0000 1.0000 0.0000
vn -0.0000 1.0000 0.0001
vn -0.0097 1.0000 0.0007
vn 0.7280 0.6856 0.0006
vn -0.0007 1.0000 0.0005
vn -0.0010 1.0000 0.0005
vn -0.0227 0.9997 0.0005
vn 0.8333 0.5528 -0.0002
vn -0.0011 1.0000 -0.0002
vn 0.8302 0.5575 -0.0028
vn -0.0017 1.0000 -0.0013
vn -0.0087 1.0000 0.0001
vn -0.0027 1.0000 0.0074
vn 0.0069 1.0000 0.0000
vn -0.0080 1.0000 0.0007
vn 0.0061 1.0000 -0.0009
vn 0.0041 1.0000 -0.0008
vn 0.0308 0.9995 -0.0021
vn 0.0234 0.9997 0.0009
vn 0.0020 1.0000 -0.0008
vn 0.0038 1.0000 0.0058
vn 0.0001 1.0000 0.0013
vn -0.0013 1.0000 0.0088
vn 0.0001 1.0000 -0.0000
vn -0.0004 1.0000 -0.0000
vn -0.0030 1.0000 -0.0002
vn 0.0052 1.0000 0.0021
vn 0.0032 1.0000 0.0001
vn 0.0035 1.0000 -0.0009
vn -0.0150 0.9999 -0.0007
vn -0.0001 1.0000 -0.0001
vn -0.0003 1.0000 0.0001
vn -0.0002 1.0000 0.0000
vn 0.0010 1.0000 0.0000
vn -0.0005 1.0000 0.0005
vn -0.0066 1.0000 0.0020
vn 0.0105 0.9999 -0.0006
vn 0.0025 1.0000 0.0001
vn -0.0027 1.0000 0.0000
vn 0.0005 1.0000 -0.0001
vn 0.0040 1.0000 -0.0004
vn 0.0002 1.0000 -0.0000
vn -0.0013 1.0000 -0.0001
vn -0.0003 1.0000 -0.0003
vn -0.0097 1.0000 -0.0014
vn 0.0015 1.0000 -0.0001
vn 0.0012 1.0000 -0.0000
vn 0.7294 0.6841 -0.0003
vn -0.0067 1.0000 -0.0003
vn -0.0011 1.0000 -0.0003
vn -0.0010 1.0000 -0.0002
vn 0.8089 0.5879 -0.0002
vn 0.0023 1.0000 -0.0011
vn -0.0011 1.0000 -0.0000
vn 0.0008 1.0000 0.0002
vn -0.0075 1.0000 -0.0005
vn 0.8151 0.5147 0.2660
vn -0.0044 1.0000 -0.0000
vn -0.0083 1.0000 -0.0048
vn -0.0099 1.0000 -0.0000
vn -0.0003 1.0000 -0.0001
vn 0.9757 0.2191 -0.0002
vn -0.0071 1.0000 0.0001
vn 0.0007 1.0000 0.0001
vn 0.9868 0.1617 0.0001
vn -0.0023 1.0000 -0.0001
vn -0.0010 1.0000 -0.0001
vn -0.0008 1.0000 -0.0002
vn 0.9905 0.1376 -0.0002
vn -0.0021 1.0000 0.0000
vn -0.0012 1.0000 -0.0001
vn -0.0007 1.0000 -0.0001
vn 0.9946 0.1042 -0.0000
vn 0.0329 0.9994 0.0054
vn -0.0006 1.0000 -0.0005
vn 0.0002 1.0000 0.0007
vn 0.0000 1.0000 -0.0002
vn 0.0000 1.0000 0.0002
vn -0.0001 1.0000 -0.0002
vn -0.5825 0.1363 0.8013
vn -0.0002 1.0000 0.0002
vn -0.0001 1.0000 0.0002
vn 0.0004 1.0000 -0.0004
vn 0.0006 1.0000 -0.0003
vn 0.0002 1.0000 -0.0002
vn -0.8016 0.1370 0.5820
vn -0.0121 0.9999 0.0059
vn 0.0007 1.0000 -0.0002
vn -0.0288 0.9996 -0.0045
vn 0.0006 1.0000 0.0006
vn -0.0002 1.0000 -0.0004
vn -0.0001 1.0000 0.0000
vn -0.5825 0.1363 -0.8013
vn -0.0193 0.9991 -0.0380
vn -0.0001 1.0000 0.0003
vn 0.0001 1.0000 -0.0001
vn -0.0000 0.1031 -0.9947
vn 0.0141 0.9959 -0.0889
vn -0.0040 1.0000 -0.0019
vn 0.5826 0.1366 -0.8012
vn 0.0003 1.0000 -0.0001
vn 0.0000 1.0000 0.0003
vn -0.0005 1.0000 0.0004
vn 0.8017 0.1365 -0.5820
vn 0.0136 0.9999 -0.0067
vn 0.0037 0.9997 0.0254
vn 0.0005 1.0000 -0.0000
vn 0.0004 1.0000 -0.0000
vn 0.9461 0.1026 -0.3072
vn -0.2964 0.9540 0.0450
vn 0.8847 0.3587 -0.2978
vn -0.3019 0.9533 0.0104
vn 0.2175 0.9755 -0.0328
vn 0.2248 0.9742 0.0194
vn 0.9421 -0.1355 -0.3068
vn -0.0000 1.0000 -0.0018
vn 0.1074 0.7203 -0.6853
vn 0.0454 0.9988 -0.0203
vn 0.0438 0.9990 -0.0021
vn 0.0027 1.0000 -0.0002
vn -0.0074 1.0000 0.0012
vn 0.0011 1.0000 0.0001
vn -0.0388 0.9992 -0.0044
vn -0.4791 -0.8649 -0.1498
vn 0.0033 1.0000 -0.0047
vn 0.0094 1.0000 -0.0031
vn 0.0576 0.9936 -0.0975
vn 0.0025 0.9999 -0.0157
vn 0.0011 1.0000 0.0024
vn 0.0008 1.0000 0.0028
vn -0.0068 1.0000 -0.0001
vn -0.0245 0.9997 -0.0001
vn -0.0007 1.0000 -0.0022
vn 0.1982 0.9615 0.1905
vn -0.0024 1.0000 -0.0002
vn -0.0015 1.0000 -0.0001
vn -0.0030 1.0000 -0.0003
vn 0.0027 1.0000 0.0010
vn -0.0038 1.0000 -0.0000
vn 0.0420 0.9989 0.0191
vn -0.0089 1.0000 -0.0000
vn 0.0017 1.0000 0.0006
vn -0.0091 1.0000 0.0002
vn 0.0063 1.0000 0.0010
vn -0.0021 1.0000 0.0024
vn -0.0006 1.0000 -0.0001
vn 0.0077 1.0000 -0.0019
vn 0.2073 -0.9660 -0.1545
vn 0.0045 1.0000 0.0006
vn -0.0032 1.0000 0.0014
vn 0.0503 0.9975 0.0487
vn 0.0516 0.9987 -0.0044
vn -0.0095 1.0000 0.0007
vn 0.1598 0.9859 0.0503
vn -0.0596 0.9913 0.1175
vn -0.0571 0.9913 0.1188
vn 0.2059 -0.7956 -0.5697
vn 0.0034 1.0000 0.0001
vn 0.0033 1.0000 -0.0000
vn 0.0166 0.9999 -0.0005
vn 0.0035 1.0000 0.0003
vn 0.0019 1.0000 -0.0000
vn 0.0232 0.9997 -0.0111
vn -0.0066 1.0000 0.0003
vn -0.0017 1.0000 -0.0001
vn 0.0000 1.0000 -0.0003
vn -0.0005 1.0000 0.0009
vn 0.0453 0.9980 -0.0447
vn 0.8045 0.1020 -0.5852
vn 0.0004 1.0000 -0.0005
vn 0.0012 1.0000 -0.0012
vn 0.0845 0.9929 -0.0839
vn -0.0128 0.9996 0.0250
vn 0.5844 0.1036 -0.8048
vn -0.0004 1.0000 0.0004
vn 0.0007 1.0000 -0.0010
vn 0.0002 1.0000 -0.0003
vn 0.5842 0.1025 -0.8051
vn 0.0003 0.0754 -0.9972
vn -0.0001 1.0000 -0.0004
vn 0.0000 0.0754 -0.9972
vn 0.0170 0.9941 0.1069
vn -0.3076 0.1027 -0.9460
vn -0.0003 1.0000 -0.0005
vn -0.0017 -0.1191 -0.9929
vn -0.0451 0.9598 -0.2772
vn -0.0359 0.9597 -0.2786
vn 0.0740 0.9971 0.0170
vn 0.0000 0.2190 -0.9757
vn 0.0001 1.0000 0.0003
vn 0.0001 1.0000 0.0004
vn 0.0034 1.0000 -0.0074
vn 0.0132 0.9999 -0.0024
vn 0.4529 0.6364 -0.6243
vn -0.0000 1.0000 -0.0010
vn 0.0001 1.0000 -0.0013
vn -0.0146 0.9999 0.0009
vn 0.0080 1.0000 0.0008
vn -0.0020 1.0000 0.0004
vn -0.0009 1.0000 0.0002
vn 0.8034 0.0989 -0.5872
vn 0.0044 0.9999 0.0106
vn 0.0106 0.9999 0.0066
vn -0.0008 1.0000 0.0003
vn 0.5570 0.3051 -0.7724
vn 0.0085 0.9999 0.0090
vn 0.4756 0.5869 -0.6552
vn -0.0001 1.0000 -0.0003
vn 0.0046 1.0000 0.0006
vn 0.4282 0.6850 -0.5894
vn -0.0155 0.9999 0.0011
vn 0.4901 0.5519 -0.6747
vn -0.0058 1.0000 0.0003
vn 0.0019 1.0000 -0.0001
vn 0.5557 -0.3221 -0.7665
vn 0.0003 1.0000 0.0002
vn 0.0001 1.0000 0.0008
vn 0.0228 0.9988 0.0440
vn 0.0012 1.0000 -0.0007
vn 0.0070 1.0000 -0.0008
vn -0.0132 0.9999 -0.0015
vn 0.0054 1.0000 0.0012
vn 0.0026 1.0000 -0.0003
vn 0.0030 1.0000 0.0023
vn -0.0043 1.0000 -0.0040
vn 0.0047 0.9999 0.0106
vn 0.0002 1.0000 0.0001
vn -0.0008 1.0000 0.0000
vn 0.0022 1.0000 -0.0006
vn -0.0081 1.0000 0.0012
vn 0.0055 1.0000 0.0052
vn 0.0016 1.0000 -0.0010
vn 0.0089 1.0000 0.0002
vn 0.0050 1.0000 -0.0002
vn -0.0010 1.0000 0.0002
vn -0.0039 1.0000 -0.0003
vn -0.0111 0.9999 0.0002
vn -0.0101 0.9999 0.0001
vn 0.0142 0.9999 -0.0005
vn 0.0065 1.0000 0.0001
vn -0.0013 1.0000 0.0008
vn 0.0062 1.0000 0.0007
vn 0.0004 1.0000 0.0010
vn -0.0039 1.0000 0.0000
vn 0.0010 1.0000 -0.0004
vn 0.0095 1.0000 -0.0006
vn -0.0076 1.0000 -0.0020
vn -0.0000 1.0000 0.0010
vn 0.0003 1.0000 0.0008
vn 0.4287 0.6854 -0.5886
vn 0.0070 1.0000 -0.0001
vn 0.0001 1.0000 -0.0003
vn 0.4759 0.5868 -0.6551
vn 0.0020 1.0000 -0.0039
vn -0.0003 1.0000 0.0004
vn 0.0075 1.0000 -0.0003
vn 0.0247 0.9997 -0.0010
vn -0.0182 0.9998 -0.0000
vn 0.0171 0.9998 -0.0082
vn 0.7463 0.3882 -0.5407
vn 0.0111 0.9997 -0.0218
vn -0.0005 1.0000 0.0006
vn -0.0010 1.0000 0.0011
vn 0.5738 0.2197 -0.7890
vn -0.0009 1.0000 0.0010
vn -0.0006 1.0000 -0.0040
vn 0.0121 0.9999 0.0009
vn 0.0138 0.9999 0.0008
vn 0.0047 0.1813 -0.9834
vn -0.0053 1.0000 0.0002
vn 0.0003 1.0000 -0.0019
vn 0.0004 1.0000 0.0003
vn 0.0050 0.0986 -0.9951
vn -0.0004 1.0000 -0.0014
vn 0.0069 1.0000 0.0001
vn -0.2939 0.3048 -0.9059
vn -0.0120 0.9999 0.0054
vn -0.0081 1.0000 -0.0005
vn -0.2503 0.5874 -0.7696
vn -0.0000 1.0000 0.0006
vn -0.0000 1.0000 0.0005
vn 0.0058 1.0000 -0.0001
vn -0.2249 0.6850 -0.6930
vn -0.0139 0.9999 -0.0000
vn -0.0025 1.0000 -0.0027
vn -0.0012 1.0000 -0.0000
vn -0.2858 -0.3235 -0.9020
vn -0.0033 1.0000 0.0010
vn -0.0050 1.0000 -0.0041
vn 0.0045 1.0000 0.0001
vn -0.0015 1.0000 0.0005
vn 0.0007 1.0000 -0.0004
vn 0.0110 0.9999 -0.0009
vn 0.0025 1.0000 -0.0008
vn -0.0006 1.0000 -0.0002
vn 0.0032 1.0000 -0.0004
vn 0.0113 0.9999 0.0037
vn 0.0117 0.9999 0.0044
vn 0.0049 1.0000 0.0021
vn 0.0110 0.9999 -0.0003
vn -0.0136 0.9999 0.0010
vn -0.0092 1.0000 -0.0026
vn 0.0131 0.9999 0.0010
vn -0.0048 1.0000 0.0002
vn 0.0031 1.0000 -0.0001
vn 0.0013 1.0000 -0.0007
vn 0.0005 1.0000 0.0003
vn -0.0015 1.0000 -0.0003
vn -0.0035 1.0000 -0.0003
vn 0.0058 1.0000 0.0002
vn -0.0066 1.0000 0.0005
vn -0.0068 1.0000 -0.0007
vn -0.0019 1.0000 -0.0005
vn -0.0013 1.0000 -0.0007
vn -0.0027 1.0000 -0.0006
vn 0.0035 1.0000 -0.0002
vn 0.0036 1.0000 -0.0004
vn 0.0016 1.0000 -0.0002
vn 0.0124 0.9999 -0.0004
vn -0.0000 1.0000 0.0017
vn -0.2579 0.5534 -0.7920
vn 0.0109 0.9999 0.0009
vn -0.0001 1.0000 0.0005
vn -0.2253 0.6854 -0.6924
vn 0.0047 1.0000 0.0000
vn 0.0001 1.0000 0.0005
vn -0.2501 0.5875 -0.7696
vn 0.0037 1.0000 0.0002
vn 0.0506 0.9987 -0.0070
vn -0.0044 1.0000 -0.0004
vn 0.0979 0.9951 -0.0167
vn 0.0453 0.9990 0.0063
vn 0.0418 0.9653 -0.2580
vn 0.0691 0.9648 -0.2537
vn 0.0031 -0.0364 -0.9993
vn 0.0234 0.9997 0.0016
vn 0.0000 0.1626 -0.9867
vn -0.0164 0.9949 0.0998
vn 0.0015 0.2318 -0.9728
vn -0.0315 0.9948 0.0972
vn 0.0193 0.9929 -0.1171
vn 0.0460 0.9926 -0.1127
vn 0.0009 0.0236 -0.9997
vn -0.3072 0.1031 -0.9460
vn -0.5845 0.1032 -0.8048
vn 0.0001 1.0000 0.0001
vn -0.0563 0.9969 -0.0558
vn -0.9460 0.1029 -0.3073
vn -0.0002 1.0000 -0.0001
vn 0.0007 1.0000 -0.0000
vn 0.0008 1.0000 0.0004
vn -0.9458 0.1038 -0.3076
vn 0.0007 1.0000 0.0003
vn -0.9422 0.1360 -0.3062
vn -0.0005 1.0000 -0.0002
vn -0.9293 0.2091 -0.3044
vn 0.0522 0.9986 0.0079
vn 0.0557 0.9984 -0.0135
vn -0.9279 0.2192 -0.3015
vn -0.8417 0.4642 -0.2758
vn 0.0606 0.9981 0.0093
vn 0.0600 0.9981 0.0137
vn -0.0213 0.9998 0.0069
vn 0.0256 0.9997 0.0000
vn -0.0036 1.0000 0.0002
vn -0.0019 1.0000 -0.0015
vn 0.0097 0.9999 -0.0104
vn 0.0059 1.0000 0.0004
vn -0.9039 0.3076 -0.2973
vn 0.0017 1.0000 -0.0002
vn -0.0180 0.9918 0.1269
vn -0.6926 0.6854 -0.2248
vn 0.0006 1.0000 0.0003
vn 0.0005 1.0000 0.0002
vn -0.5964 0.7704 -0.2255
vn 0.2923 0.9552 0.0457
vn 0.2934 0.9552 0.0389
vn -0.0147 0.9974 0.0699
vn 0.0016 1.0000 -0.0001
vn -0.9020 -0.3189 -0.2910
vn 0.0006 1.0000 -0.0009
vn 0.0057 1.0000 -0.0000
vn 0.0039 1.0000 0.0004
vn -0.0049 1.0000 0.0015
vn -0.0101 0.9999 0.0003
vn -0.0012 1.0000 0.0007
vn 0.0068 1.0000 -0.0000
vn -0.0038 1.0000 0.0070
vn -0.0016 1.0000 0.0019
vn 0.0069 1.0000 -0.0067
vn 0.0100 0.9999 -0.0090
vn -0.0052 1.0000 -0.0001
vn -0.0055 1.0000 -0.0009
vn 0.0090 0.9999 -0.0072
vn 0.0114 0.9999 0.0002
vn 0.0070 1.0000 -0.0007
vn 0.0005 1.0000 0.0001
vn -0.0006 1.0000 0.0000
vn 0.0003 1.0000 0.0000
vn 0.0018 1.0000 0.0001
vn -0.0016 1.0000 -0.0001
vn 0.0190 0.9998 -0.0008
vn -0.0058 1.0000 -0.0015
vn -0.0008 1.0000 0.0010
vn -0.0090 1.0000 0.0019
vn 0.0067 1.0000 0.0000
vn -0.0016 1.0000 -0.0000
vn -0.0013 1.0000 0.0001
vn -0.0008 1.0000 0.0007
vn 0.0146 0.9999 0.0022
vn -0.0008 1.0000 0.0001
vn -0.6934 0.6846 -0.2249
vn -0.0016 0.9999 0.0126
vn 0.0010 1.0000 0.0005
vn 0.0009 1.0000 0.0005
vn -0.7693 0.5880 -0.2499
vn -0.0034 1.0000 -0.0002
vn 0.0095 0.9999 -0.0063
vn -0.0230 0.9997 0.0054
vn -0.0090 0.9936 0.1129
vn -0.0014 0.9944 0.1058
vn 0.1757 0.9803 0.0904
vn 0.1915 0.9797 0.0590
vn -0.8913 0.3561 -0.2808
vn 0.0640 0.9974 0.0334
vn 0.0652 0.9974 0.0320
vn -0.9312 0.2073 -0.2997
vn -0.9460 0.1035 -0.3073
vn -0.0006 1.0000 0.0001
vn -0.0003 1.0000 0.0002
vn -0.8043 0.1030 0.5852
vn 0.0003 1.0000 -0.0005
vn 0.0231 0.9995 -0.0229
vn -0.5849 0.1030 0.8046
vn -0.0005 1.0000 0.0003
vn -0.5844 0.1030 0.8049
vn -0.0001 0.1030 0.9947
vn 0.0005 1.0000 0.0030
vn -0.3057 0.1269 0.9436
vn -0.0049 0.9995 0.0316
vn -0.0243 0.9993 0.0288
vn -0.3014 0.2186 0.9281
vn -0.0003 1.0000 0.0012
vn -0.0085 0.9999 0.0095
vn 0.0190 0.9998 -0.0000
vn -0.0011 0.9999 0.0149
vn -0.0036 1.0000 -0.0006
vn 0.0026 1.0000 0.0000
vn -0.7931 0.1812 0.5815
vn -0.0011 1.0000 -0.0020
vn 0.0024 1.0000 -0.0011
vn 0.0003 1.0000 -0.0002
vn -0.0052 1.0000 -0.0083
vn -0.0031 1.0000 0.0011
vn -0.7773 0.3038 0.5509
vn -0.0040 1.0000 0.0020
vn 0.0018 1.0000 0.0004
vn -0.6548 0.5873 0.4757
vn -0.0120 0.9999 -0.0009
vn -0.0026 1.0000 -0.0005
vn -0.6752 0.5522 0.4891
vn -0.0006 1.0000 -0.0004
vn -0.0002 1.0000 -0.0008
vn -0.0052 1.0000 -0.0000
vn -0.0034 1.0000 0.0000
vn -0.7711 -0.3177 0.5519
vn 0.0023 1.0000 0.0024
vn 0.0039 1.0000 0.0008
vn 0.0028 1.0000 0.0012
vn -0.0025 1.0000 -0.0005
vn -0.0045 1.0000 0.0014
vn 0.0065 1.0000 0.0005
vn -0.0002 1.0000 -0.0034
vn -0.0007 1.0000 -0.0089
vn -0.0016 0.9999 -0.0138
vn 0.0089 1.0000 -0.0003
vn 0.0006 1.0000 -0.0031
vn -0.0034 1.0000 -0.0010
vn 0.0009 1.0000 0.0000
vn -0.0017 1.0000 -0.0000
vn -0.0002 1.0000 -0.0003
vn -0.0217 0.9998 -0.0001
vn -0.0079 1.0000 0.0005
vn 0.0097 0.9999 -0.0024
vn 0.0045 1.0000 0.0002
vn 0.0099 0.9999 0.0015
vn 0.0070 1.0000 0.0000
vn 0.0040 1.0000 0.0000
vn 0.0090 1.0000 0.0001
vn -0.0027 1.0000 -0.0001
vn -0.0073 1.0000 0.0016
vn -0.0003 1.0000 -0.0006
vn -0.0005 1.0000 -0.0004
vn -0.5900 0.6849 0.4277
vn 0.0008 1.0000 -0.0005
vn -0.6546 0.5878 0.4754
vn -0.0447 0.9987 0.0240
vn -0.0005 1.0000 -0.0000
vn -0.8592 0.5117 0.0006
vn 0.0028 1.0000 -0.0001
vn -0.0730 0.9973 0.0113
vn -0.8952 0.3388 0.2896
vn -0.0722 0.9972 0.0185
vn 0.0156 0.9997 -0.0166
vn 0.0301 0.9994 -0.0153
vn -0.7826 0.2509 0.5697
vn 0.0302 0.9994 -0.0147
vn 0.0002 1.0000 -0.0008
vn 0.0058 0.9993 -0.0368
vn -0.0003 0.4082 0.9129
vn 0.0000 1.0000 0.0009
vn -0.0000 1.0000 0.0008
vn -0.0492 0.9987 -0.0132
vn -0.2931 0.1808 0.9388
vn 0.0007 1.0000 0.0002
vn 0.0005 1.0000 -0.0046
vn -0.3052 0.0986 0.9472
vn -0.0023 1.0000 -0.0010
vn -0.0004 1.0000 -0.0002
vn -0.0041 0.3051 0.9523
vn -0.0007 1.0000 0.0011
vn -0.0051 1.0000 -0.0003
vn 0.0009 1.0000 -0.0006
vn 0.0002 0.6861 0.7275
vn 0.0000 1.0000 -0.0017
vn 0.0077 1.0000 -0.0006
vn -0.0000 0.5520 0.8339
vn -0.0029 1.0000 0.0001
vn -0.0071 1.0000 0.0005
vn 0.0026 -0.3223 0.9466
vn -0.0015 1.0000 -0.0010
vn -0.0076 1.0000 -0.0041
vn -0.0048 1.0000 0.0006
vn 0.0070 1.0000 0.0001
vn 0.0189 0.9998 0.0005
vn -0.0030 1.0000 0.0001
vn -0.0102 0.9999 0.0002
vn -0.0097 0.9999 -0.0074
vn 0.0018 1.0000 0.0002
vn 0.0188 0.9998 0.0004
vn 0.0045 1.0000 -0.0028
vn -0.0012 1.0000 -0.0011
vn 0.0327 0.9995 -0.0002
vn 0.0038 1.0000 -0.0003
vn 0.0014 1.0000 -0.0004
vn 0.0007 1.0000 -0.0003
vn 0.0012 1.0000 0.0003
vn -0.0047 1.0000 0.0004
vn 0.0095 1.0000 0.0004
vn -0.0026 1.0000 -0.0006
vn -0.0086 1.0000 0.0003
vn -0.0019 1.0000 0.0004
vn -0.0060 1.0000 -0.0001
vn -0.0069 1.0000 0.0004
vn 0.0011 1.0000 -0.0001
vn 0.0071 1.0000 0.0000
vn -0.0010 1.0000 0.0004
vn 0.0037 1.0000 0.0003
vn 0.0418 0.9991 -0.0014
vn -0.0040 1.0000 -0.0002
vn -0.0171 0.9999 -0.0008
vn 0.0047 1.0000 0.0003
vn 0.0115 0.9999 -0.0010
vn -0.0673 0.9974 -0.0246
vn -0.0001 1.0000 0.0008
vn -0.3044 0.1620 0.9387
vn -0.0185 0.9939 -0.1086
vn 0.0645 0.9901 -0.1248
vn -0.2826 0.2660 0.9216
vn 0.0797 0.9899 -0.1172
vn -0.0689 0.9886 0.1336
vn -0.0830 0.9885 0.1262
vn -0.3059 -0.0090 0.9520
vn 0.0000 1.0000 -0.0004
vn 0.0001 0.1031 0.9947
vn 0.0003 1.0000 0.0005
vn 0.8046 0.1030 0.5849
vn -0.0025 1.0000 -0.0001
vn 0.8019 0.1353 0.5820
vn 0.0007 1.0000 0.0004
vn 0.0016 1.0000 0.0007
vn 0.5725 -0.0634 0.8174
vn 0.1953 0.9614 0.1937
vn 0.1758 0.9611 0.2130
vn -0.0216 0.9995 -0.0225
vn 0.0348 0.9993 -0.0159
vn 0.0231 0.9997 0.0027
vn -0.0064 1.0000 0.0028
vn 0.4261 0.8291 0.3621
vn -0.3136 0.9363 -0.1582
vn -0.3193 0.9361 -0.1475
vn 0.1212 0.9712 -0.2053
vn 0.5898 0.6852 0.4274
vn -0.0005 1.0000 -0.0008
vn -0.0000 1.0000 -0.0005
vn -0.0057 1.0000 -0.0001
vn 0.6738 0.5530 0.4901
vn -0.0014 1.0000 -0.0004
vn -0.0029 1.0000 0.0002
vn -0.0023 1.0000 0.0000
vn 0.7633 -0.3249 0.5583
vn 0.0012 1.0000 -0.0011
vn 0.0058 1.0000 0.0012
vn -0.0196 0.9998 0.0043
vn -0.0041 1.0000 0.0005
vn 0.0039 1.0000 -0.0001
vn -0.0020 1.0000 -0.0004
vn -0.0150 0.9999 -0.0005
vn 0.0025 1.0000 -0.0022
vn -0.0033 1.0000 0.0000
vn -0.0059 1.0000 0.0020
vn -0.0085 1.0000 0.0034
vn -0.0019 1.0000 -0.0000
vn 0.0054 1.0000 0.0008
vn -0.0041 1.0000 -0.0000
vn 0.9435 0.1296 0.3050
vn 0.9914 0.1309 -0.0002
vn 0.8342 0.5514 -0.0006
vn 0.9004 -0.3222 0.2925
vn 0.7182 -0.6556 0.2333
vn 0.4095 -0.9026 0.1330
vn 0.4304 -0.9026 0.0000
vn 0.9366 -0.1739 0.3043
vn 0.9847 -0.1740 0.0001
vn 0.5227 0.8354 0.1699
vn 0.5496 0.8354 0.0000
vn 0.5861 0.7875 0.1904
vn 0.9002 0.3227 0.2925
vn 0.9183 -0.3958 0.0000
vn 0.5913 -0.7832 0.1922
vn 0.6217 -0.7832 -0.0000
vn 0.2725 -0.9581 0.0885
vn 0.0901 -0.9955 0.0293
vn 0.0947 -0.9955 0.0000
vn 0.4116 0.9091 0.0645
vn -0.5342 0.8410 0.0855
vn -0.5316 0.8411 0.0998
vn -0.0796 0.9502 -0.3014
vn 0.7437 0.4973 -0.4468
vn -0.0718 0.9489 -0.3072
vn -0.0440 0.9828 -0.1792
vn -0.5274 0.8454 -0.0846
vn 0.4187 0.9059 -0.0636
vn -0.5253 0.8455 -0.0964
vn 0.0122 0.9999 0.0006
vn 0.0136 0.9999 0.0006
vn 0.0081 1.0000 -0.0004
vn -0.0115 0.9999 0.0011
vn -0.0015 1.0000 -0.0020
vn -0.0065 1.0000 -0.0013
vn -0.0089 1.0000 -0.0007
vn -0.0007 1.0000 -0.0024
vn 0.0009 1.0000 0.0056
vn 0.0025 0.9999 0.0121
vn 0.0201 0.9998 0.0000
vn 0.0034 1.0000 -0.0010
vn 0.0075 1.0000 -0.0017
vn 0.0948 -0.9955 0.0012
vn -0.0000 1.0000 -0.0012
vn -0.0062 1.0000 0.0011
vn 0.0901 -0.9955 0.0292
vn 0.0042 1.0000 0.0002
vn -0.0025 1.0000 0.0005
vn -0.0009 1.0000 -0.0001
vn 0.0099 1.0000 0.0001
vn -0.0252 0.9997 -0.0004
vn -0.0023 1.0000 0.0015
vn -0.0135 0.9999 0.0007
vn 0.0105 0.9999 -0.0005
vn -0.0042 1.0000 -0.0000
vn -0.6824 -0.5370 -0.4959
vn -0.6081 -0.6595 -0.4418
vn -0.8023 -0.5370 -0.2609
vn -0.7149 -0.6595 -0.2323
vn -0.6539 -0.5888 -0.4751
vn -0.7687 -0.5889 -0.2498
vn -0.7012 -0.4989 -0.5094
vn -0.8242 -0.4990 -0.2677
vn -0.7369 -0.4127 -0.5354
vn -0.8662 -0.4127 -0.2816
vn -0.9464 0.0991 -0.3075
vn -0.8871 -0.0844 -0.4538
vn -0.7592 -0.4011 -0.5126
vn -0.7254 0.5801 -0.3704
vn -0.4729 0.8676 -0.1536
vn -0.4606 0.8560 -0.2346
vn 0.2458 0.9660 0.0800
vn 0.2682 0.9537 0.1363
vn 0.5054 0.8238 0.2570
vn -0.4803 0.8738 -0.0761
vn 0.3203 0.9459 0.0519
vn 0.5585 0.8246 0.0903
vn -0.6794 0.6557 0.3293
vn -0.6732 0.6632 0.3271
vn -0.9351 0.2495 0.2518
vn -0.9049 -0.4007 -0.1434
vn 0.5913 0.8032 0.0724
vn 0.5081 0.8215 0.2589
vn 0.4420 0.8854 0.1436
vn 0.5643 0.8207 0.0892
vn 0.3769 0.8848 0.2741
vn 0.4786 0.8235 0.3047
vn 0.3208 0.9414 0.1042
vn 0.2728 0.9414 0.1982
vn -0.6478 -0.4008 -0.6479
vn -0.7753 -0.2855 -0.5634
vn -0.9115 -0.2855 -0.2962
vn -0.9050 -0.4005 -0.1434
vn 0.4039 0.8208 0.4040
vn -0.7942 -0.1902 -0.5771
vn -0.9337 -0.1902 -0.3033
vn -0.8084 0.0392 -0.5874
vn -0.9503 0.0394 -0.3089
vn -0.6900 0.5200 -0.5035
vn -0.8120 0.5217 -0.2617
vn -0.6972 0.5103 -0.5035
vn -0.8173 0.5105 -0.2674
vn -0.7817 0.2652 -0.5645
vn -0.9168 0.2659 -0.2980
vn -0.5769 -0.1902 -0.7944
vn -0.5865 0.0383 -0.8091
vn -0.5633 -0.2857 -0.7753
vn -0.5358 -0.4130 -0.7364
vn -0.3034 -0.1902 -0.9337
vn -0.3088 0.0394 -0.9503
vn -0.2962 -0.2856 -0.9114
vn -0.2814 -0.4128 -0.8663
vn -0.2625 0.5199 -0.8129
vn -0.5022 0.5196 -0.6912
vn -0.2657 0.5107 -0.8177
vn -0.5054 0.5107 -0.6955
vn -0.2979 0.2658 -0.9168
vn -0.5667 0.2659 -0.7798
vn -0.5096 -0.4989 -0.7010
vn -0.2678 -0.4989 -0.8243
vn -0.4751 -0.5888 -0.6539
vn -0.2498 -0.5888 -0.7687
vn -0.4418 -0.6595 -0.6081
vn -0.2323 -0.6595 -0.7149
vn -0.9584 -0.2855 -0.0000
vn -0.9109 -0.4126 0.0007
vn -0.9818 -0.1902 -0.0000
vn -0.9992 0.0405 -0.0008
vn -0.9115 -0.2855 0.2961
vn -0.8663 -0.4127 0.2814
vn -0.9337 -0.1902 0.3034
vn -0.9504 0.0397 0.3085
vn -0.8543 0.5198 -0.0038
vn -0.8109 0.5215 0.2654
vn -0.8598 0.5105 0.0038
vn -0.8184 0.5105 0.2640
vn -0.9641 0.2655 0.0008
vn -0.9168 0.2659 0.2978
vn -0.8242 -0.4990 0.2677
vn -0.8667 -0.4989 -0.0000
vn -0.7687 -0.5888 0.2498
vn -0.8081 -0.5891 -0.0001
vn -0.7148 -0.6596 0.2325
vn -0.7514 -0.6599 -0.0001
vn -0.8022 -0.5370 0.2609
vn -0.0000 -0.1903 -0.9817
vn 0.0010 0.0383 -0.9993
vn 0.0001 -0.2855 -0.9584
vn -0.0000 -0.4128 -0.9108
vn -0.7753 -0.2854 0.5634
vn -0.7366 -0.4125 0.5360
vn -0.7942 -0.1901 0.5771
vn -0.8089 0.0404 0.5866
vn -0.5632 -0.2856 0.7754
vn -0.5361 -0.4124 0.7365
vn -0.5771 -0.1901 0.7943
vn -0.5874 0.0396 0.8084
vn -0.6921 0.5199 0.5007
vn -0.5022 0.5197 0.6912
vn -0.6954 0.5109 0.5054
vn -0.5053 0.5108 0.6955
vn -0.7807 0.2667 0.5651
vn -0.5666 0.2659 0.7799
vn -0.5094 -0.4989 0.7012
vn -0.7012 -0.4989 0.5094
vn -0.4751 -0.5889 0.6539
vn -0.6539 -0.5888 0.4751
vn -0.4418 -0.6595 0.6081
vn -0.6081 -0.6595 0.4418
vn -0.4956 -0.5372 0.6825
vn -0.6824 -0.5371 0.4958
vn -0.6481 -0.4009 0.6475
vn -0.6478 -0.4004 0.6480
vn -0.6479 -0.4006 0.6479
vn -0.6477 -0.4007 0.6480
vn -0.7836 -0.4037 0.4722
vn -0.4861 -0.4018 0.7760
vn 0.3034 -0.1902 -0.9337
vn 0.3090 0.0393 -0.9502
vn 0.2961 -0.2856 -0.9115
vn 0.2814 -0.4129 -0.8662
vn 0.2659 0.5198 -0.8118
vn -0.0000 0.5197 -0.8544
vn 0.2657 0.5107 -0.8177
vn -0.0000 0.5107 -0.8597
vn 0.2978 0.2659 -0.9168
vn -0.0001 0.2659 -0.9640
vn -0.0000 -0.4989 -0.8667
vn 0.2678 -0.4989 -0.8243
vn -0.0000 -0.5889 -0.8082
vn 0.2497 -0.5888 -0.7687
vn 0.0000 -0.6595 -0.7517
vn 0.2323 -0.6595 -0.7149
vn 0.0033 -0.5350 -0.8449
vn 0.2607 -0.5371 -0.8022
vn 0.1693 -0.3945 -0.9032
vn 0.1426 -0.4031 -0.9040
vn 0.1433 -0.4011 -0.9048
vn -0.2667 0.2608 -0.9278
vn 0.3076 0.0991 -0.9463
vn -0.3291 0.6630 -0.6724
vn -0.3305 0.6558 -0.6787
vn -0.2962 -0.2857 0.9114
vn -0.3037 -0.1899 0.9336
vn -0.2809 -0.4125 0.8665
vn -0.3088 0.0394 0.9503
vn -0.0001 -0.2855 0.9584
vn 0.0001 -0.1902 0.9817
vn -0.0007 -0.4126 0.9109
vn -0.0000 0.0392 0.9992
vn -0.2640 0.5197 0.8126
vn 0.0015 0.5215 0.8533
vn -0.2650 0.5108 0.8179
vn -0.0025 0.5106 0.8598
vn -0.2985 0.2667 0.9164
vn 0.0000 0.2659 0.9640
vn 0.0000 -0.4989 0.8667
vn -0.2678 -0.4989 0.8243
vn 0.0000 -0.5888 0.8083
vn -0.2498 -0.5888 0.7687
vn 0.0000 -0.6595 0.7517
vn -0.2323 -0.6595 0.7149
vn -0.0013 -0.5367 0.8438
vn -0.2607 -0.5371 0.8022
vn -0.1376 -0.4663 0.8739
vn -0.1431 -0.4011 0.9048
vn -0.1437 -0.4006 0.9049
vn 0.2517 0.2491 0.9352
vn -0.3076 0.0992 0.9463
vn 0.3292 0.6624 0.6729
vn 0.3305 0.6561 0.6785
vn 0.2963 -0.2856 0.9114
vn 0.3035 -0.1900 0.9337
vn 0.2821 -0.4126 0.8661
vn 0.3088 0.0394 0.9503
vn 0.5632 -0.2855 0.7755
vn 0.5772 -0.1902 0.7942
vn 0.5347 -0.4123 0.7376
vn 0.5872 0.0397 0.8085
vn 0.2640 0.5196 0.8126
vn 0.5031 0.5214 0.6892
vn 0.2676 0.5105 0.8172
vn 0.5039 0.5105 0.6968
vn 0.2999 0.2662 0.9161
vn 0.5666 0.2658 0.7799
vn 0.5094 -0.4989 0.7012
vn 0.2677 -0.4991 0.8242
vn 0.4751 -0.5889 0.6539
vn 0.2497 -0.5888 0.7687
vn 0.4418 -0.6595 0.6081
vn 0.2323 -0.6595 0.7149
vn 0.4948 -0.5359 0.6841
vn 0.2610 -0.5371 0.8022
vn 0.4867 -0.4056 0.7737
vn 0.4538 -0.0863 0.8869
vn 0.3067 0.0959 0.9470
vn 0.3698 0.5801 0.7257
vn 0.2349 0.8558 0.4609
vn 0.1554 0.8662 0.4749
vn -0.1359 0.9540 -0.2674
vn -0.0961 0.9487 -0.3013
vn -0.2568 0.8240 -0.5050
vn -0.3266 0.6562 0.6803
vn -0.3226 0.6640 0.6746
vn -0.2588 0.2636 0.9293
vn 0.6490 -0.4032 0.6451
vn -0.2617 0.8199 -0.5092
vn -0.3054 0.8233 -0.4784
vn -0.2739 0.8850 -0.3766
vn -0.1433 0.8855 -0.4421
vn -0.1980 0.9415 -0.2729
vn -0.1042 0.9414 -0.3208
vn -0.4040 0.8207 -0.4040
vn 0.5769 -0.1903 -0.7944
vn 0.5882 0.0383 -0.8078
vn 0.5634 -0.2855 -0.7753
vn 0.5354 -0.4128 -0.7369
vn 0.7753 -0.2855 0.5634
vn 0.7942 -0.1901 0.5771
vn 0.7374 -0.4124 0.5350
vn 0.8078 0.0404 0.5880
vn 0.9115 -0.2856 0.2960
vn 0.9337 -0.1902 0.3034
vn 0.8662 -0.4124 0.2823
vn 0.9504 0.0395 0.3086
vn 0.6900 0.5200 0.5035
vn 0.8120 0.5217 0.2617
vn 0.6955 0.5107 0.5054
vn 0.8172 0.5105 0.2674
vn 0.7799 0.2659 0.5667
vn 0.9168 0.2658 0.2979
vn 0.8243 -0.4989 0.2678
vn 0.7012 -0.4989 0.5094
vn 0.7688 -0.5889 0.2495
vn 0.6538 -0.5889 0.4751
vn 0.7149 -0.6595 0.2323
vn 0.6081 -0.6596 0.4419
vn 0.8040 -0.5353 0.2591
vn 0.6841 -0.5362 0.4944
vn 0.9464 0.0991 0.3074
vn 0.8857 -0.0838 0.4567
vn 0.8027 -0.3946 0.4471
vn 0.7256 0.5802 0.3701
vn 0.4730 0.8676 0.1536
vn 0.4602 0.8563 0.2345
vn -0.2457 0.9660 -0.0800
vn -0.2677 0.9538 -0.1361
vn -0.5048 0.8242 -0.2567
vn 0.4807 0.8736 0.0761
vn -0.3201 0.9460 -0.0520
vn -0.5584 0.8246 -0.0906
vn 0.6793 0.6558 -0.3294
vn 0.6732 0.6630 -0.3273
vn 0.9351 0.2492 -0.2520
vn 0.9050 -0.4006 0.1434
vn -0.6090 0.7908 -0.0611
vn -0.5079 0.8217 -0.2585
vn -0.4417 0.8856 -0.1435
vn -0.5639 0.8210 -0.0891
vn -0.3767 0.8850 -0.2737
vn -0.4785 0.8237 -0.3042
vn -0.3207 0.9414 -0.1043
vn -0.2729 0.9414 -0.1983
vn -0.4036 0.8211 -0.4036
vn 0.7942 -0.1901 -0.5771
vn 0.8085 0.0394 -0.5872
vn 0.7750 -0.2853 -0.5639
vn 0.7369 -0.4128 -0.5354
vn 0.6921 0.5200 -0.5006
vn 0.5022 0.5196 -0.6912
vn 0.6956 0.5107 -0.5054
vn 0.5053 0.5107 -0.6956
vn 0.7800 0.2658 -0.5666
vn 0.5665 0.2659 -0.7800
vn 0.5094 -0.4989 -0.7012
vn 0.7011 -0.4989 -0.5094
vn 0.4751 -0.5888 -0.6539
vn 0.6539 -0.5889 -0.4751
vn 0.4418 -0.6595 -0.6081
vn 0.6081 -0.6596 -0.4418
vn 0.4951 -0.5376 -0.6825
vn 0.6822 -0.5369 -0.4964
vn 0.6480 -0.4021 -0.6469
vn 0.6497 -0.3962 -0.6488
vn 0.6479 -0.3998 -0.6483
vn 0.5120 -0.4007 -0.7598
vn 0.6477 -0.4000 -0.6484
vn 0.7841 -0.4030 -0.4720
vn 0.9584 -0.2855 -0.0001
vn 0.9817 -0.1902 -0.0001
vn 0.9109 -0.4125 -0.0006
vn 0.9992 0.0394 0.0000
vn 0.9115 -0.2856 -0.2961
vn 0.9337 -0.1901 -0.3033
vn 0.8662 -0.4129 -0.2815
vn 0.9507 0.0408 -0.3075
vn 0.8544 0.5197 0.0000
vn 0.8126 0.5195 -0.2641
vn 0.8597 0.5108 0.0000
vn 0.8176 0.5110 -0.2655
vn 0.9640 0.2659 -0.0000
vn 0.9167 0.2663 -0.2979
vn 0.8243 -0.4989 -0.2678
vn 0.8667 -0.4989 -0.0000
vn 0.7687 -0.5888 -0.2497
vn 0.8082 -0.5889 -0.0000
vn 0.7149 -0.6595 -0.2323
vn 0.7517 -0.6596 -0.0000
vn 0.8023 -0.5370 -0.2607
vn -0.0758 0.8738 0.4804
vn -0.1537 0.8676 0.4729
vn 0.0509 0.9455 -0.3217
vn 0.0798 0.9668 -0.2428
vn 0.0886 0.8238 -0.5598
vn -0.0898 0.8241 -0.5592
vn -0.0527 0.9453 -0.3218
vn -0.0889 0.8215 -0.5633
vn 0.0761 0.8737 -0.4804
vn 0.1551 0.8664 -0.4747
vn -0.0509 0.9460 0.3202
vn -0.0790 0.9669 0.2425
vn -0.0883 0.8246 0.5588
vn -0.0894 0.8208 -0.5641
vn -0.9142 -0.4051 -0.0144
vn 0.8885 -0.4379 0.1368
vn 0.8944 -0.4467 -0.0221
vn 0.4731 -0.0791 -0.8775
vn -0.4646 -0.0814 0.8817
vn -0.1118 0.9862 0.1224
vn 0.1121 0.9861 -0.1223
vn 0.0647 0.9972 -0.0377
vn -0.1191 0.9866 0.1115
vn 0.2734 0.8852 0.3764
vn 0.4040 0.8208 0.4038
vn 0.4043 0.8205 0.4042
vn 0.1984 0.9413 0.2730
vn 0.3053 0.8233 0.4785
vn 0.1432 0.8855 0.4420
vn 0.0964 0.9488 0.3010
vn 0.2614 0.8200 0.5092
vn 0.1042 0.9414 0.3208
vn 0.2569 0.8239 0.5052
vn 0.1357 0.9541 0.2671
vn -0.1558 0.8660 -0.4752
vn -0.2348 0.8559 -0.4608
vn -0.3071 0.0975 -0.9467
vn -0.3686 0.5808 -0.7258
vn -0.4554 -0.0903 -0.8857
vn -0.2611 -0.5370 -0.8022
vn -0.4956 -0.4073 -0.7672
vn -0.4940 -0.5355 -0.6850
vn 0.3322 0.6577 -0.6760
vn 0.2646 0.2605 -0.9285
vn -0.6483 -0.4028 -0.6461
vn 0.0902 0.8247 0.5583
vn 0.0524 0.9459 0.3202
vn 0.0890 0.8217 0.5630
vn 0.0893 0.8208 0.5641
vn -0.1430 -0.4004 -0.9051
vn 0.5855 0.6799 -0.4415
vn 0.5682 0.6899 -0.4486
vn 0.0894 0.8208 0.5642
vn -0.6486 -0.3969 -0.6494
vn 0.0893 0.8217 -0.5629
vn 0.1744 0.8262 -0.5358
vn 0.3059 0.7987 -0.5182
vn 0.2875 0.8031 -0.5219
vn -0.0078 0.8432 -0.5376
vn -0.0020 0.8391 -0.5439
vn -0.2938 0.8017 -0.5205
vn -0.3123 0.7967 -0.5175
vn -0.5730 0.6874 -0.4462
vn -0.3083 0.7978 -0.5181
vn -0.5759 0.6856 -0.4453
vn 0.2570 0.8242 -0.5046
vn 0.1360 0.9540 -0.2670
vn 0.2585 0.8217 -0.5080
vn 0.1437 0.8847 -0.4434
vn 0.2739 0.8849 -0.3769
vn 0.3047 0.8235 -0.4785
vn 0.1042 0.9414 -0.3207
vn 0.1982 0.9414 -0.2728
vn 0.4039 0.8208 -0.4040
vn 0.0001 0.9415 -0.3371
vn 0.3765 0.8851 -0.2737
vn 0.4040 0.8207 -0.4040
vn 0.4039 0.8208 -0.4039
vn 0.2730 0.9414 -0.1984
vn 0.4783 0.8236 -0.3049
vn 0.4420 0.8855 -0.1432
vn 0.3010 0.9487 -0.0963
vn 0.5091 0.8202 -0.2611
vn 0.3208 0.9414 -0.1043
vn 0.5052 0.8239 -0.2569
vn 0.2674 0.9540 -0.1358
vn -0.4748 0.8662 0.1555
vn -0.4609 0.8559 0.2348
vn -0.9464 0.0992 0.3074
vn -0.7257 0.5803 0.3696
vn -0.8878 -0.0840 0.4525
vn -0.6768 0.6568 -0.3326
vn -0.9288 0.2612 -0.2628
vn 0.5586 0.8246 -0.0899
vn 0.3211 0.9456 -0.0526
vn 0.5632 0.8215 -0.0889
vn 0.5641 0.8209 -0.0893
vn -0.9048 -0.4009 0.1435
vn -0.4415 0.6800 -0.5854
vn -0.4482 0.6901 -0.5683
vn -0.1122 0.9865 -0.1190
vn -0.8435 -0.5372 0.0003
vn -0.9049 -0.4008 0.1431
vn -0.5220 0.8039 -0.2850
vn -0.5173 0.7998 -0.3045
vn -0.5426 0.8396 -0.0253
vn -0.5420 0.8404 -0.0006
vn -0.5195 0.7955 0.3119
vn 0.2344 0.8561 -0.4605
vn -0.1364 0.9538 0.2678
vn -0.2568 0.8242 0.5048
vn -0.1744 0.8261 0.5359
vn -0.2583 0.8217 0.5081
vn -0.1439 0.8849 0.4430
vn -0.2736 0.8850 0.3768
vn -0.3045 0.8236 0.4785
vn -0.1042 0.9414 0.3208
vn -0.1983 0.9413 0.2730
vn -0.4038 0.8208 0.4039
vn -0.3766 0.8849 0.2742
vn -0.4039 0.8208 0.4039
vn -0.4040 0.8207 0.4040
vn -0.2729 0.9414 0.1982
vn -0.4786 0.8232 0.3055
vn -0.4422 0.8854 0.1433
vn -0.3011 0.9487 0.0963
vn -0.5093 0.8199 0.2614
vn -0.3208 0.9414 0.1042
vn -0.5053 0.8238 0.2569
vn -0.2676 0.9539 0.1359
vn 0.4749 0.8662 -0.1554
vn 0.4607 0.8559 -0.2348
vn 0.9464 0.0991 -0.3076
vn 0.7257 0.5802 -0.3698
vn 0.8879 -0.0837 -0.4524
vn 0.6770 0.6566 0.3326
vn 0.9279 0.2620 0.2653
vn -0.5586 0.8246 0.0900
vn -0.3208 0.9457 0.0523
vn -0.5633 0.8215 0.0889
vn -0.5641 0.8209 0.0893
vn 0.9052 -0.4001 -0.1431
vn 0.4416 0.6800 0.5854
vn 0.4482 0.6902 0.5681
vn 0.1110 0.9867 0.1191
vn 0.5186 0.7982 0.3065
vn 0.5215 0.8029 0.2887
vn 0.5418 0.8405 0.0070
vn 0.5430 0.8397 -0.0039
vn 0.5195 0.8026 -0.2931
vn 0.5174 0.7968 -0.3122
vn 0.4465 0.6875 -0.5727
vn 0.5182 0.7979 -0.3081
vn 0.4452 0.6854 -0.5762
vn 0.8435 -0.5371 0.0000
vn 0.9051 -0.4003 -0.1433
vn -0.8023 -0.5370 0.2606
vn 0.8023 -0.5369 -0.2607
vn 0.9143 -0.4048 -0.0140
vn -0.7838 -0.4035 0.4721
vn -0.6825 -0.5371 0.4957
vn 0.7839 -0.4035 -0.4719
vn 0.6828 -0.5371 -0.4953
vn 0.7599 0.4946 -0.4217
vn 0.6781 0.6561 -0.3312
vn 0.3314 0.5101 -0.7937
vn 0.2460 0.3782 -0.8924
vn 0.2460 0.3787 -0.8922
vn -0.3324 0.6639 -0.6699
vn -0.2714 0.2640 -0.9256
vn -0.7939 0.5099 -0.3314
vn -0.3338 0.6552 -0.6777
vn -0.8925 0.3782 -0.2460
vn -0.8922 0.3788 -0.2459
vn -0.7517 -0.6596 -0.0000
vn 0.6081 -0.6595 -0.4418
vn 0.7687 -0.5888 -0.2498
vn 0.6539 -0.5888 -0.4751
vn 0.8244 -0.4987 -0.2678
vn 0.7012 -0.4988 -0.5095
vn 0.8664 -0.4127 -0.2813
vn 0.7367 -0.4128 -0.5355
vn -0.7150 -0.6594 0.2322
vn -0.6079 -0.6596 0.4420
vn -0.2323 -0.6596 -0.7149
vn 0.9115 -0.2857 -0.2960
vn 0.7753 -0.2855 -0.5633
vn 0.9337 -0.1902 -0.3034
vn 0.9503 0.0394 -0.3088
vn 0.9114 -0.2856 -0.2962
vn -0.2728 0.9414 -0.1985
vn 0.8084 0.0396 -0.5873
vn 0.6912 0.5196 -0.5022
vn 0.6955 0.5108 -0.5054
vn 0.7798 0.2659 -0.5668
vn -0.6485 -0.3966 -0.6498
vn 0.0004 1.0000 -0.0048
vn -0.4253 -0.6660 -0.6129
vn -0.0089 0.9999 0.0047
vn -0.0199 0.9998 -0.0058
vn 0.0001 1.0000 -0.0076
vn -0.0124 0.9999 -0.0016
vn -0.0061 1.0000 0.0021
vn -0.0075 1.0000 0.0002
vn 0.0016 1.0000 -0.0008
vn -0.0019 1.0000 0.0067
vn 0.0034 1.0000 0.0012
vn -0.0037 1.0000 -0.0013
vn 0.0014 1.0000 -0.0096
vn -0.0040 1.0000 0.0011
vn -0.0150 0.9999 0.0006
vn -0.0112 0.9999 -0.0013
vn -0.0429 0.9831 0.1781
vn 0.0012 1.0000 0.0018
vn 0.0072 1.0000 0.0002
vn -0.0125 0.9999 0.0021
vn 0.0134 0.9999 0.0007
vn 0.0010 1.0000 -0.0013
vn 0.0061 1.0000 -0.0008
vn -0.0211 0.9998 0.0012
vn -0.0014 1.0000 0.0018
vn 0.0031 1.0000 -0.0012
vn 0.0085 1.0000 0.0004
vn 0.0034 1.0000 0.0008
vn 0.0175 0.9998 -0.0002
vn 0.0063 1.0000 -0.0010
vn 0.0042 1.0000 -0.0002
vn -0.0051 1.0000 -0.0007
vn 0.0001 1.0000 0.0009
vn -0.6214 -0.6518 0.4349
vn 0.0063 1.0000 0.0060
vn 0.0107 0.9999 0.0016
vn 0.0502 0.9853 0.1635
vn -0.0151 0.9999 -0.0012
vn -0.7508 -0.6606 0.0039
vn -0.0003 1.0000 -0.0025
vn -0.0009 1.0000 0.0001
vn 0.0020 1.0000 -0.0005
vn -0.0027 1.0000 0.0014
vn -0.0138 0.9999 -0.0015
vn 0.0582 0.9977 -0.0345
vn 0.3203 0.7161 0.6202
vn -0.0413 0.9976 -0.0550
vn -0.0536 0.9969 -0.0568
vn 0.0102 0.9999 0.0012
vn 0.0001 -0.6613 0.7501
vn -0.0001 1.0000 0.0020
vn 0.0001 1.0000 0.0028
vn 0.0125 0.9999 -0.0007
vn 0.0141 0.9999 0.0005
vn -0.0079 1.0000 0.0006
vn 0.0031 1.0000 -0.0004
vn 0.0220 0.9998 0.0019
vn 0.0044 1.0000 0.0025
vn 0.0000 1.0000 -0.0011
vn -0.0000 1.0000 -0.0008
vn 0.2322 -0.6588 0.7156
vn -0.0052 1.0000 0.0006
vn -0.0032 1.0000 -0.0013
vn -0.5107 0.8463 0.1516
vn -0.2257 0.9158 0.3322
vn -0.2219 0.9168 0.3321
vn -0.0068 1.0000 -0.0018
vn -0.0109 0.9999 0.0003
vn 0.0056 1.0000 -0.0000
vn -0.0190 0.9996 0.0189
vn 0.0048 1.0000 0.0026
vn 0.0087 1.0000 -0.0013
vn -0.0064 1.0000 0.0011
vn 0.0138 0.9999 0.0052
vn -0.0358 0.9942 0.1012
vn 0.0018 1.0000 0.0006
vn -0.0038 1.0000 0.0006
vn -0.0026 1.0000 0.0013
vn 0.0226 0.9997 0.0015
vn -0.0296 0.9996 0.0011
vn -0.0062 1.0000 -0.0022
vn -0.0054 1.0000 -0.0017
vn -0.0170 0.9999 -0.0007
vn 0.0105 0.9999 0.0016
vn 0.0009 0.9997 -0.0256
vn 0.9347 -0.1869 -0.3023
vn -0.0021 1.0000 0.0005
vn -0.0040 1.0000 0.0016
vn -0.0035 1.0000 -0.0065
vn -0.0047 0.9999 -0.0098
vn 0.0149 0.9999 -0.0080
vn -0.0195 0.9998 0.0012
vn -0.0062 1.0000 -0.0009
vn 0.0019 1.0000 0.0001
vn 0.0032 1.0000 0.0002
vn -0.0026 1.0000 0.0002
vn 0.0086 1.0000 -0.0004
vn 0.0010 1.0000 0.0006
vn -0.0077 1.0000 0.0016
vn 0.0065 1.0000 0.0003
vn -0.0049 1.0000 -0.0007
vn -0.0084 1.0000 0.0021
vn 0.0045 1.0000 -0.0006
vn 0.0132 0.9999 -0.0021
vn 0.0013 1.0000 0.0014
vn 0.0049 1.0000 -0.0003
vn -0.0274 0.9996 0.0014
vn 0.0014 1.0000 -0.0014
vn -0.0093 1.0000 -0.0000
vn -0.0034 1.0000 -0.0004
vn -0.0126 0.9999 -0.0002
vn -0.0053 1.0000 -0.0003
vn -0.0031 1.0000 -0.0006
vn -0.0040 1.0000 -0.0005
vn -0.0031 1.0000 -0.0003
vn 0.0012 1.0000 0.0010
vn -0.0109 0.9999 0.0011
vn 0.0103 0.9999 0.0003
vn -0.0187 0.9998 -0.0008
vn -0.0181 0.9998 0.0002
vn 0.9111 -0.2863 -0.2964
vn 0.0276 0.9996 -0.0004
vn 0.0255 0.9997 0.0005
vn -0.0216 0.9998 -0.0030
vn -0.0587 0.9936 -0.0962
vn -0.0058 1.0000 0.0008
vn -0.0056 1.0000 -0.0018
vn 0.0128 0.9999 0.0000
vn 0.4753 -0.5883 -0.6543
vn -0.0003 1.0000 0.0007
vn -0.0004 1.0000 0.0008
vn 0.0073 1.0000 -0.0010
vn -0.0047 1.0000 0.0011
vn 0.0084 1.0000 -0.0001
vn 0.0019 1.0000 -0.0006
vn -0.0084 1.0000 0.0002
vn 0.0016 1.0000 0.0000
vn 0.0123 0.9999 -0.0006
vn 0.0133 0.9999 0.0010
vn 0.0001 1.0000 -0.0009
vn -0.0119 0.9999 0.0020
vn -0.0117 0.9999 -0.0002
vn 0.7747 -0.2856 -0.5641
vn -0.0066 0.9958 -0.0913
vn 0.0050 1.0000 -0.0004
vn 0.0194 0.9998 0.0039
vn 0.7430 -0.6692 -0.0056
vn 0.0020 1.0000 0.0035
vn 0.0141 0.9999 0.0017
vn 0.0149 0.9999 0.0013
vn 0.0047 1.0000 -0.0002
vn 0.0016 1.0000 -0.0003
vn -0.0021 1.0000 -0.0002
vn -0.0184 0.9998 0.0000
vn 0.0018 1.0000 0.0007
vn 0.0033 1.0000 0.0036
vn 0.0042 1.0000 -0.0005
vn -0.0413 0.9990 0.0180
vn -0.3451 0.6595 -0.6678
vn -0.0057 1.0000 0.0036
vn -0.0150 0.9999 -0.0001
vn -0.0159 0.9999 0.0004
vn 0.0154 0.9999 0.0004
vn -0.0065 1.0000 0.0000
vn 0.0035 1.0000 -0.0006
vn 0.0115 0.9999 -0.0021
vn -0.0069 1.0000 -0.0010
vn -0.2237 -0.6608 -0.7164
vn -0.0073 1.0000 -0.0017
vn 0.0091 1.0000 0.0020
vn -0.4505 -0.6567 -0.6048
vn 0.0084 1.0000 0.0010
vn 0.0130 0.9999 -0.0003
vn 0.0108 0.9999 0.0004
vn 0.0056 1.0000 -0.0003
vn -0.0134 0.9999 -0.0000
vn -0.0141 0.9999 -0.0011
vn 0.0125 0.9999 0.0017
vn 0.8039 -0.5354 0.2589
vn 0.8435 -0.5372 0.0007
vn 0.9143 -0.4047 -0.0135
vn 0.7517 -0.6595 0.0000
vn 0.7687 -0.5888 0.2498
vn 0.8662 -0.4128 0.2815
vn 0.9108 -0.4128 -0.0000
vn 0.0053 0.9999 -0.0130
vn 0.0112 0.9999 -0.0015
vn 0.0177 0.9998 -0.0013
vn 0.0097 1.0000 0.0007
vn 0.0012 1.0000 -0.0002
vn -0.0133 0.9999 0.0004
vn 0.0033 1.0000 -0.0003
vn -0.0362 0.9993 0.0073
vn 0.0014 1.0000 0.0022
vn -0.0005 -0.5371 -0.8435
vn -0.2607 -0.5371 -0.8023
vn 0.0001 -0.4987 -0.8668
vn -0.2679 -0.4988 -0.8243
vn 0.0003 -0.4124 -0.9110
vn -0.3075 0.0989 -0.9464
vn -0.1432 -0.4004 -0.9051
vn -0.1429 -0.4058 -0.9027
vn -0.1444 -0.4005 -0.9049
vn 0.0026 1.0000 0.0005
vn 0.0138 0.9999 0.0007
vn 0.0018 1.0000 -0.0000
vn -0.2509 -0.5014 -0.8280
vn -0.0078 1.0000 0.0022
vn -0.0118 0.9999 -0.0071
vn -0.2020 -0.3968 -0.8954
vn 0.0692 0.9976 -0.0070
vn 0.1011 0.9949 -0.0011
vn -0.0894 0.9960 -0.0065
vn -0.0053 1.0000 0.0004
vn -0.0116 0.9999 0.0005
vn -0.0341 0.9994 -0.0008
vn 0.0142 -0.5359 -0.8442
vn -0.0056 1.0000 0.0010
vn -0.0059 1.0000 0.0069
vn 0.0006 -0.5371 0.8435
vn 0.0001 -0.6596 0.7517
vn 0.2606 -0.5371 0.8023
vn 0.2498 -0.5889 0.7687
vn 0.2678 -0.4989 0.8243
vn -0.0000 -0.4127 0.9109
vn 0.2814 -0.4128 0.8663
vn 0.3075 0.0993 0.9464
vn 0.1433 -0.4005 0.9050
vn 0.1427 -0.4005 0.9051
vn -0.2643 0.2618 0.9282
vn 0.1410 -0.4006 0.9053
vn 0.0315 0.9767 0.2123
vn 0.0056 1.0000 -0.0005
vn 0.0058 1.0000 -0.0010
vn -0.0217 0.9998 -0.0006
vn -0.0008 1.0000 0.0016
vn 0.0054 1.0000 -0.0005
vn 0.2963 -0.4107 0.8623
vn -0.0046 1.0000 0.0013
vn -0.0107 0.9999 -0.0039
vn 0.0025 1.0000 -0.0009
vn -0.0036 1.0000 -0.0010
vn -0.0362 0.9993 0.0005
vn -0.0083 1.0000 -0.0005
vn 0.0000 1.0000 0.0016
vn -0.0002 -0.5388 0.8425
vn 0.0100 -0.5375 0.8432
vn -0.0034 1.0000 0.0001
vn -0.0054 1.0000 0.0038
vn 0.4954 -0.5372 -0.6827
vn 0.2498 -0.5888 -0.7687
vn 0.3072 0.0992 -0.9465
vn 0.4526 -0.0844 -0.8877
vn 0.3696 0.5796 -0.7263
vn 0.1537 0.8676 -0.4729
vn 0.2345 0.8562 -0.4604
vn 0.0007 0.9999 0.0113
vn 0.0113 0.9999 0.0017
vn 0.0047 1.0000 0.0012
vn 0.0101 0.9999 -0.0014
vn 0.0007 1.0000 -0.0009
vn -0.0009 1.0000 -0.0002
vn 0.2777 -0.4976 -0.8217
vn -0.0047 1.0000 -0.0014
vn -0.0041 1.0000 -0.0036
vn 0.0271 0.9996 -0.0014
vn -0.0041 1.0000 0.0002
vn -0.0227 0.9997 0.0015
vn 0.0036 1.0000 -0.0000
vn -0.4951 -0.5371 0.6830
vn -0.4751 -0.5888 0.6539
vn -0.2678 -0.4989 0.8242
vn -0.5354 -0.4128 0.7369
vn -0.2815 -0.4128 0.8662
vn -0.3095 0.0991 0.9457
vn -0.4524 -0.0833 0.8879
vn -0.3709 0.5800 0.7253
vn -0.1553 0.8677 0.4721
vn -0.2347 0.8562 0.4603
vn 0.0796 0.9663 -0.2448
vn 0.1365 0.9537 -0.2681
vn 0.0076 1.0000 -0.0014
vn 0.0021 1.0000 0.0010
vn -0.0177 0.9998 0.0015
vn 0.0050 1.0000 0.0001
vn -0.2794 -0.4130 0.8668
vn -0.0001 1.0000 -0.0013
vn 0.0121 0.9999 -0.0016
vn 0.0013 1.0000 -0.0002
vn -0.0018 1.0000 0.0000
vn 0.0009 1.0000 -0.0041
vn 0.4962 -0.5373 0.6820
vn 0.6820 -0.5370 0.4965
vn 0.6480 -0.4005 0.6479
vn 0.6479 -0.4007 0.6478
vn 0.6478 -0.4007 0.6479
vn 0.6081 -0.6595 0.4418
vn 0.4751 -0.5888 0.6539
vn 0.6539 -0.5888 0.4751
vn 0.7011 -0.4989 0.5094
vn 0.5354 -0.4128 0.7369
vn 0.7369 -0.4128 0.5354
vn 0.6474 -0.4005 0.6484
vn 0.0002 1.0000 -0.0013
vn -0.0100 0.9999 0.0007
vn 0.0142 0.9999 -0.0016
vn 0.0117 0.9999 0.0009
vn -0.0027 1.0000 -0.0026
vn -0.0188 0.9998 -0.0001
vn -0.0042 1.0000 0.0016
vn 0.4948 -0.5369 0.6833
vn -0.8021 -0.5374 -0.2604
vn -0.8435 -0.5371 -0.0006
vn -0.9144 -0.4045 -0.0160
vn -0.9055 -0.4004 0.1405
vn -0.7517 -0.6595 0.0000
vn -0.7687 -0.5888 -0.2497
vn -0.8082 -0.5889 0.0000
vn -0.8243 -0.4989 -0.2678
vn -0.8662 -0.4128 -0.2815
vn -0.9108 -0.4128 -0.0000
vn -0.0151 0.9999 0.0013
vn -0.0112 0.9999 -0.0008
vn -0.0043 1.0000 0.0005
vn -0.0097 1.0000 -0.0006
vn -0.0006 1.0000 -0.0003
vn -0.9114 -0.4116 -0.0007
vn 0.0002 1.0000 0.0003
vn 0.0014 1.0000 0.0002
vn -0.0226 0.9997 0.0003
vn 0.0272 0.9996 -0.0000
vn -0.0035 1.0000 -0.0027
vn 0.0024 1.0000 -0.0069
vn -0.4960 -0.5374 -0.6821
vn -0.6815 -0.5377 -0.4964
vn -0.6477 -0.4006 -0.6480
vn -0.6540 -0.5887 -0.4751
vn -0.5094 -0.4989 -0.7012
vn -0.7014 -0.4987 -0.5093
vn -0.5353 -0.4130 -0.7368
vn 0.0206 0.9998 0.0023
vn 0.0236 0.9997 -0.0062
vn 0.0191 0.9983 -0.0560
vn -0.7621 -0.4857 -0.4281
vn 0.0279 0.9988 -0.0401
vn 0.0471 0.9982 -0.0358
vn -0.5325 -0.4136 -0.7385
vn -0.0010 1.0000 0.0006
vn 0.0046 1.0000 -0.0017
vn -0.0133 0.9999 0.0003
vn -0.0045 1.0000 -0.0000
vn 0.0096 1.0000 -0.0006
vn -0.4973 -0.5368 -0.6816
vn 0.0003 1.0000 -0.0008
vn 0.8048 0.1032 0.5845
vn 0.9459 0.1031 0.3078
vn 0.9484 0.0754 0.3081
vn 0.9972 0.0753 -0.0000
vn -0.0004 1.0000 -0.0003
vn 0.9483 0.0760 0.3081
vn -0.0008 1.0000 -0.0004
vn -0.0376 0.9991 -0.0198
vn 0.0017 1.0000 0.0000
vn 0.5847 0.1032 -0.8046
vn 0.3074 0.1031 -0.9460
vn 0.3081 0.0754 -0.9484
vn 0.0003 1.0000 -0.0006
vn 0.3080 0.0749 -0.9484
vn 0.0003 1.0000 -0.0007
vn 0.0007 1.0000 -0.0001
vn -0.0007 1.0000 -0.0007
vn -0.7148 -0.6595 0.2324
vn -0.7688 -0.5888 0.2496
vn -0.8242 -0.4989 0.2678
vn -0.8663 -0.4128 0.2815
vn -0.7369 -0.4128 0.5354
vn 0.0093 1.0000 -0.0025
vn -0.6139 -0.6558 0.4393
vn 0.0042 1.0000 0.0015
vn -0.0100 0.9999 0.0016
vn 0.0068 1.0000 -0.0002
vn 0.0064 1.0000 -0.0003
vn -0.7292 -0.4163 0.5431
vn -0.0024 1.0000 -0.0026
vn -0.0030 1.0000 -0.0021
vn -0.0022 1.0000 -0.0005
vn -0.0451 0.9988 0.0198
vn 0.0101 0.9999 0.0136
vn -0.7243 -0.6568 0.2100
vn 0.0075 0.9999 0.0148
vn -0.4964 -0.8681 -0.0000
vn -0.2626 -0.9649 0.0000
vn -0.4724 -0.8679 0.1537
vn -0.2497 -0.9649 0.0812
vn -0.8948 -0.3385 0.2911
vn -0.9415 -0.3370 -0.0001
vn -0.9470 0.0922 0.3077
vn -0.9957 0.0924 -0.0000
vn -0.5660 -0.8244 -0.0003
vn -0.5378 -0.8246 0.1753
vn -0.9257 -0.3783 -0.0030
vn -0.8794 -0.3785 0.2889
vn -0.2497 -0.9649 -0.0812
vn -0.5388 -0.8241 -0.1751
vn -0.4001 -0.8690 0.2910
vn -0.2120 -0.9650 0.1543
vn -0.8056 0.0926 0.5852
vn -0.7622 -0.3355 0.5537
vn -0.4717 -0.8685 -0.1526
vn -0.8962 -0.3370 -0.2885
vn -0.9470 0.0924 -0.3077
vn -1.0000 -0.0095 -0.0015
vn -0.9510 -0.0097 0.3092
vn -0.9964 0.0845 0.0006
vn -0.9478 0.0843 0.3076
vn -0.9981 0.0608 0.0005
vn -0.9493 0.0609 0.3084
vn -0.2123 -0.9650 -0.1542
vn -0.4564 -0.8251 -0.3331
vn -0.7495 -0.3781 -0.5434
vn -0.8061 0.0844 0.5858
vn -0.8090 -0.0098 0.5877
vn -0.8075 0.0608 0.5867
vn -0.5857 0.0845 0.8061
vn -0.5878 -0.0096 0.8090
vn -0.5440 -0.3783 0.7489
vn -0.2930 -0.8676 0.4017
vn -0.5535 -0.3366 0.7618
vn -0.5852 0.0924 0.8056
vn -0.5533 -0.3370 0.7618
vn 0.0009 1.0000 -0.0030
vn -0.5570 -0.3344 0.7602
vn 0.0027 1.0000 0.0017
vn 0.0029 1.0000 0.0016
vn -0.0009 1.0000 0.0045
vn 0.0039 1.0000 -0.0012
vn -0.5364 -0.3322 0.7758
vn 0.0039 0.9999 -0.0115
vn -0.0095 1.0000 -0.0018
vn -0.2885 -0.8690 0.4020
vn -0.0026 1.0000 -0.0013
vn -0.0028 1.0000 -0.0011
vn -0.3439 -0.9384 -0.0342
vn 0.1243 0.9755 0.1817
vn 0.1162 0.9795 0.1644
vn 0.0031 1.0000 0.0003
vn -0.0255 0.9997 0.0013
vn 0.0002 1.0000 -0.0001
vn 0.0342 0.9994 -0.0053
vn 0.0393 0.9992 0.0064
vn 0.0389 0.9992 0.0066
vn -0.9950 0.0996 0.0001
vn 0.1902 0.9367 -0.2939
vn 0.0119 0.9987 0.0499
vn 0.4023 -0.8676 -0.2924
vn 0.2125 -0.9649 -0.1543
vn 0.2919 -0.8678 -0.4021
vn 0.1544 -0.9649 -0.2125
vn 0.5529 -0.3383 -0.7615
vn 0.7617 -0.3371 -0.5533
vn 0.5853 0.0925 -0.8055
vn 0.8055 0.0923 -0.5853
vn 0.4735 -0.8672 -0.1538
vn 0.8954 -0.3371 -0.2909
vn 0.9470 0.0924 -0.3076
vn 0.4964 -0.8681 -0.0000
vn 0.9415 -0.3370 -0.0001
vn 0.9957 0.0924 -0.0000
vn 0.2626 -0.9649 0.0000
vn 0.2497 -0.9649 0.0811
vn 0.4722 -0.8680 0.1535
vn 0.8954 -0.3370 0.2910
vn 0.9470 0.0924 0.3076
vn 0.5379 -0.8246 0.1752
vn 0.5650 -0.8251 -0.0026
vn 0.8801 -0.3782 0.2869
vn 0.9256 -0.3785 -0.0033
vn 0.9511 -0.0100 0.3089
vn 1.0000 -0.0097 -0.0017
vn 0.9482 0.0841 0.3064
vn 0.9964 0.0848 0.0004
vn 0.2124 -0.9649 0.1544
vn 0.4583 -0.8241 0.3328
vn 0.4015 -0.8681 0.2917
vn 0.7617 -0.3368 0.5536
vn 0.8055 0.0929 0.5853
vn 0.1544 -0.9649 0.2124
vn 0.3320 -0.8252 0.4570
vn 0.2913 -0.8685 0.4011
vn 0.5534 -0.3374 0.7615
vn 0.5853 0.0923 0.8056
vn 0.5442 -0.3786 0.7487
vn 0.1741 -0.8259 0.5363
vn 0.2859 -0.3785 0.8803
vn 0.0000 -0.3785 0.9256
vn 0.0002 -0.8255 0.5644
vn -0.0001 -0.0098 1.0000
vn 0.3085 -0.0092 0.9512
vn 0.0001 0.0845 0.9964
vn 0.5879 -0.0093 0.8089
vn 0.3092 0.0844 0.9472
vn 0.5856 0.0847 0.8062
vn 0.4575 -0.8251 -0.3315
vn 0.3323 -0.8246 -0.4578
vn 0.7489 -0.3783 -0.5441
vn 0.5438 -0.3787 -0.7489
vn 0.8096 -0.0094 -0.5870
vn 0.5877 -0.0095 -0.8090
vn 0.8065 0.0850 -0.5851
vn 0.5857 0.0842 -0.8061
vn 0.1534 -0.8681 -0.4720
vn 0.3078 0.0924 0.9470
vn -0.2860 -0.3784 0.8804
vn -0.3096 -0.0092 0.9508
vn -0.3080 0.0859 0.9475
vn -0.1756 -0.8263 0.5352
vn -0.0002 -0.9648 0.2630
vn 0.2870 -0.3776 -0.8804
vn 0.3091 -0.0085 -0.9510
vn 0.3076 0.0924 -0.9470
vn 0.2908 -0.3370 -0.8955
vn -0.1748 0.9842 -0.0278
vn -0.0112 0.9999 0.0002
vn 0.0053 1.0000 -0.0001
vn -0.0325 0.9795 0.1987
vn -0.0127 0.9999 -0.0000
vn 0.0083 1.0000 0.0008
vn 0.0248 0.9991 -0.0341
vn 0.0165 0.9999 -0.0017
vn 0.0019 1.0000 0.0003
vn -0.0037 1.0000 0.0003
vn 0.2919 -0.3369 -0.8952
vn 0.0064 1.0000 0.0020
vn -0.0006 1.0000 -0.0008
vn -0.0070 1.0000 0.0007
vn 0.1627 -0.8675 -0.4701
vn -0.0066 1.0000 -0.0043
vn 0.0185 0.9998 -0.0005
vn 0.0812 -0.9663 -0.2443
vn 0.0001 1.0000 -0.0063
vn 0.0002 1.0000 -0.0068
vn -0.0068 1.0000 0.0060
vn -0.0017 1.0000 0.0004
vn 0.0106 0.9999 0.0009
vn 0.0812 -0.9649 0.2498
vn 0.2918 -0.8681 0.4016
vn 0.1543 -0.9649 0.2123
vn 0.1744 -0.8257 0.5365
vn -0.0001 -0.8250 0.5651
vn -0.0001 -0.9649 0.2625
vn -0.0139 0.9997 0.0192
vn 0.1299 0.9915 0.0020
vn 0.0004 1.0000 -0.0056
vn -0.0009 1.0000 -0.0007
vn 0.1542 -0.8678 0.4724
vn -0.0007 1.0000 -0.0004
vn 0.4722 -0.8680 -0.1535
vn 0.2498 -0.9649 -0.0810
vn 0.4016 -0.8681 -0.2917
vn 0.2625 -0.9649 -0.0001
vn 0.5650 -0.8251 0.0000
vn 0.5368 -0.8251 -0.1761
vn 0.9256 -0.3784 -0.0001
vn 0.8801 -0.3784 -0.2868
vn 1.0000 -0.0094 -0.0001
vn 0.9510 -0.0094 -0.3090
vn 0.9964 0.0845 -0.0005
vn 0.9476 0.0846 -0.3080
vn 0.9981 0.0608 -0.0000
vn 0.9492 0.0610 0.3087
vn 0.9477 0.0841 0.3079
vn 0.8079 0.0610 0.5862
vn 0.8066 0.0839 0.5851
vn 0.2104 -0.9652 -0.1552
vn 0.0014 1.0000 0.0012
vn 0.0017 1.0000 0.0010
vn -0.0046 1.0000 -0.0074
vn 0.0003 1.0000 0.0010
vn 0.0272 0.9996 0.0002
vn -0.0027 1.0000 -0.0005
vn -0.0932 0.9945 -0.0474
vn -0.0767 0.9940 -0.0776
vn -0.0880 0.9941 -0.0636
vn 0.7974 0.1687 0.5794
vn 0.0055 1.0000 -0.0001
vn 0.0217 0.9998 -0.0005
vn 0.0115 0.9999 0.0000
vn 0.1804 0.9782 0.1026
vn -0.0270 0.9968 -0.0755
vn 0.5069 -0.8608 -0.0454
vn -0.0238 0.9967 -0.0774
vn -0.2738 0.8844 -0.3780
vn -0.3775 0.8846 -0.2738
vn -0.4038 0.8209 -0.4038
vn -0.4041 0.8205 -0.4042
vn 0.0136 0.9998 -0.0115
vn -0.0034 1.0000 -0.0006
vn -0.2773 0.8841 -0.3762
vn -0.0029 1.0000 0.0010
vn -0.1037 0.9412 -0.3215
vn 0.0537 0.9983 0.0224
vn -0.1430 0.8852 -0.4428
vn -0.0319 0.9735 0.2263
vn -0.0012 0.9413 -0.3377
vn 0.1445 0.8856 -0.4415
vn 0.0027 0.8389 0.5443
vn 0.3116 0.7970 0.5174
vn 0.2939 0.8017 0.5204
vn 0.0541 0.8395 0.5406
vn -0.3063 0.7984 0.5183
vn -0.2883 0.8032 0.5213
vn 0.5729 0.6874 0.4464
vn -0.5683 0.6898 0.4486
vn -0.5853 0.6798 0.4418
vn -0.2685 0.2670 0.9256
vn -0.3291 0.6648 0.6706
vn -0.3297 0.6556 0.6793
vn -0.1504 0.8845 -0.4416
vn -0.0064 1.0000 0.0004
vn -0.0069 1.0000 -0.0002
vn 0.0364 0.9945 -0.0986
vn -0.2569 0.9482 -0.1867
vn 0.0061 1.0000 -0.0015
vn -0.3214 0.9413 0.1036
vn -0.0731 0.9969 0.0289
vn -0.4429 0.8851 0.1431
vn -0.3381 0.9411 0.0006
vn 0.1513 0.9825 0.1087
vn -0.4430 0.8849 -0.1439
vn -0.3208 0.9414 -0.1042
vn 0.5447 0.8386 -0.0026
vn -0.4520 0.8801 0.1452
vn -0.0138 0.9999 0.0040
vn -0.0086 1.0000 0.0016
vn 0.0015 1.0000 0.0019
vn 0.1332 0.9904 -0.0360
vn 0.1440 0.8848 0.4432
vn 0.1211 0.9851 -0.1217
vn 0.0001 0.9414 0.3373
vn -0.0511 0.9987 -0.0001
vn -0.1440 0.8849 0.4430
vn -0.1220 0.9873 -0.1016
vn -0.0895 0.8205 0.5646
vn -0.1744 0.8261 0.5358
vn -0.0893 0.8215 0.5632
vn -0.0790 0.9667 0.2434
vn -0.0885 0.8237 0.5601
vn -0.0140 0.8383 -0.5451
vn 0.1412 0.8855 0.4427
vn -0.0024 1.0000 -0.0012
vn -0.0025 1.0000 -0.0009
vn 0.0127 0.9999 -0.0011
vn -0.0795 0.9663 0.2449
vn 0.0005 1.0000 0.0006
vn -0.0040 1.0000 0.0009
vn 0.0027 1.0000 0.0014
vn 0.3206 0.9415 -0.1043
vn -0.0780 0.9969 -0.0050
vn 0.4429 0.8849 -0.1440
vn 0.3372 0.9414 0.0001
vn -0.0925 0.9887 -0.1180
vn -0.1196 0.9861 0.1156
vn 0.4429 0.8849 0.1439
vn -0.5441 0.8390 0.0026
vn 0.4442 0.8764 -0.1859
vn 0.0112 0.9991 -0.0399
vn 0.0026 0.9993 -0.0360
vn 0.0487 0.9986 0.0221
vn -0.0143 0.9999 -0.0048
vn -0.0063 0.9998 -0.0191
vn -0.2924 -0.3231 0.9001
vn -0.2332 -0.6561 0.7178
vn -0.0001 -0.6556 0.7551
vn -0.1330 -0.9027 0.4092
vn -0.0001 -0.9026 0.4305
vn -0.3043 -0.1739 0.9366
vn -0.0000 -0.1739 0.9848
vn -0.1699 0.8354 0.5228
vn 0.0000 0.8354 0.5497
vn -0.1904 0.7875 0.5861
vn -0.2371 0.6411 0.7299
vn -0.0001 0.6411 0.7675
vn -0.2921 0.3223 0.9004
vn -0.0002 0.3228 0.9465
vn -0.3071 0.0801 0.9483
vn -0.0004 0.0841 0.9965
vn -0.3089 0.0126 0.9510
vn 0.0003 0.0315 0.9995
vn 0.0005 -0.0079 1.0000
vn -0.3075 -0.0943 0.9469
vn 0.0000 -0.0993 0.9951
vn -0.2838 -0.3957 0.8734
vn 0.0000 -0.3957 0.9184
vn -0.1923 -0.7830 0.5916
vn 0.0000 -0.7832 0.6218
vn -0.0888 -0.9579 0.2731
vn -0.0296 -0.9954 0.0908
vn -0.4433 -0.6561 0.6107
vn -0.2529 -0.9027 0.3482
vn -0.0557 -0.9955 0.0766
vn -0.3650 -0.7836 0.5028
vn -0.5882 0.0314 0.8081
vn -0.5879 -0.0082 0.8089
vn -0.5840 -0.0988 0.8057
vn -0.0001 -0.3222 0.9467
vn 0.0071 1.0000 0.0007
vn 0.0075 1.0000 -0.0001
vn 0.0043 1.0000 -0.0000
vn -0.0020 1.0000 0.0003
vn -0.0048 1.0000 -0.0004
vn -0.0104 0.9999 -0.0001
vn -0.0070 1.0000 0.0022
vn -0.0119 0.9999 -0.0000
vn -0.0098 1.0000 0.0002
vn -0.0043 1.0000 0.0006
vn 0.0028 1.0000 0.0002
vn -0.0017 -0.9581 0.2865
vn 0.0574 -0.9913 0.1185
vn -0.0872 0.9958 -0.0285
vn -0.0870 0.9958 -0.0284
vn -0.0126 0.9996 0.0249
vn 0.0014 1.0000 0.0009
vn -0.0104 0.9999 0.0010
vn 0.0104 0.9999 0.0023
vn 0.0113 0.9999 0.0035
vn 0.0074 1.0000 0.0004
vn 0.0040 1.0000 -0.0005
vn 0.0030 1.0000 -0.0006
vn -0.0045 1.0000 -0.0015
vn 0.0016 1.0000 0.0014
vn 0.0433 0.9609 -0.2736
vn -0.0137 0.9999 -0.0056
vn -0.2031 -0.3205 0.9252
vn -0.0148 0.9999 -0.0000
vn -0.0002 -0.3236 -0.9462
vn -0.0001 -0.6558 -0.7550
vn -0.2919 -0.3215 -0.9008
vn -0.2330 -0.6553 -0.7185
vn 0.0001 -0.9028 -0.4300
vn 0.0003 -0.1741 -0.9847
vn -0.3043 -0.1740 -0.9365
vn -0.0000 0.8354 -0.5497
vn 0.0000 0.7875 -0.6163
vn -0.1904 0.7875 -0.5861
vn 0.0001 0.6411 -0.7675
vn 0.0006 0.3235 -0.9462
vn -0.2924 0.3228 -0.9001
vn -0.0006 0.0800 -0.9968
vn -0.3077 0.0840 -0.9478
vn 0.0001 0.0156 -0.9999
vn -0.3093 0.0315 -0.9504
vn -0.3096 -0.0079 -0.9508
vn -0.0001 -0.0943 -0.9955
vn -0.3075 -0.0993 -0.9464
vn 0.0003 -0.3960 -0.9182
vn 0.0000 -0.7831 -0.6219
vn -0.1921 -0.7832 -0.5913
vn 0.0000 -0.9581 -0.2863
vn -0.0884 -0.9580 -0.2727
vn 0.0000 -0.9955 -0.0949
vn 0.2329 -0.6561 -0.7179
vn 0.1331 -0.9025 -0.4095
vn 0.0885 -0.9581 -0.2725
vn 0.1918 -0.7836 -0.5910
vn 0.3097 0.0317 -0.9503
vn 0.3091 -0.0082 -0.9510
vn 0.3065 -0.0988 -0.9467
vn -0.0173 0.9998 0.0051
vn -0.1769 -0.3171 -0.9317
vn -0.0162 0.9998 0.0089
vn -0.0793 0.9967 0.0194
vn 0.0034 1.0000 0.0006
vn -0.0032 1.0000 0.0000
vn -0.0064 1.0000 -0.0001
vn 0.0116 0.9999 0.0002
vn 0.0030 1.0000 0.0003
vn -0.0023 1.0000 0.0009
vn 0.0032 1.0000 -0.0002
vn 0.0081 1.0000 -0.0031
vn 0.0086 1.0000 -0.0031
vn -0.0004 1.0000 -0.0001
vn -0.0033 1.0000 -0.0002
vn 0.0046 1.0000 -0.0000
vn -0.0123 0.9999 -0.0023
vn -0.0992 -0.9578 -0.2696
vn 0.0106 0.9999 -0.0033
vn 0.0109 0.9999 -0.0019
vn 0.0049 1.0000 -0.0000
vn 0.0293 -0.9955 -0.0902
vn 0.0192 0.9998 -0.0004
vn -0.0305 0.9995 -0.0035
vn 0.0004 1.0000 -0.0001
vn 0.0002 1.0000 0.0002
vn 0.0141 0.9999 0.0027
vn 0.0051 1.0000 0.0009
vn 0.0080 1.0000 0.0001
vn 0.0020 1.0000 -0.0000
vn -0.0191 0.9998 -0.0004
vn -0.0099 1.0000 0.0005
vn -0.0128 0.9999 -0.0008
vn 0.0843 -0.3213 -0.9432
vn -0.0130 0.9999 0.0000
vn -0.9000 -0.3233 0.2924
vn -0.7181 -0.6557 0.2333
vn -0.7658 -0.3225 0.5564
vn -0.6109 -0.6556 0.4439
vn -0.4091 -0.9028 0.1328
vn -0.3483 -0.9026 0.2530
vn -0.9365 -0.1740 0.3043
vn -0.7968 -0.1740 0.5787
vn -0.5228 0.8354 0.1699
vn -0.4448 0.8353 0.3231
vn -0.5862 0.7875 0.1904
vn -0.4985 0.7876 0.3623
vn -0.7299 0.6410 0.2372
vn -0.6209 0.6411 0.4511
vn -0.9001 0.3229 0.2924
vn -0.7658 0.3227 0.5563
vn -0.9478 0.0801 0.3087
vn -0.8064 0.0841 0.5854
vn -0.9509 0.0143 0.3090
vn -0.8085 0.0315 0.5877
vn -0.8088 -0.0080 0.5881
vn -0.9467 -0.0944 0.3078
vn -0.8734 -0.3957 0.2838
vn -0.5914 -0.7832 0.1921
vn -0.5030 -0.7832 0.3655
vn -0.2726 -0.9580 0.0886
vn -0.2320 -0.9580 0.1684
vn -0.0902 -0.9955 0.0293
vn -0.7547 -0.6561 0.0003
vn -0.4306 -0.9026 0.0000
vn -0.0947 -0.9955 0.0000
vn -0.6214 -0.7835 0.0001
vn -0.9995 0.0313 -0.0008
vn -1.0000 -0.0082 -0.0001
vn -0.9951 -0.0986 0.0008
vn 0.0012 1.0000 -0.0005
vn -0.7684 -0.3217 0.5532
vn -0.0004 1.0000 0.0013
vn -0.0014 1.0000 0.0002
vn 0.0007 1.0000 0.0009
vn -0.0145 0.9999 0.0011
vn -0.0030 1.0000 0.0005
vn 0.0191 0.9998 -0.0004
vn -0.0080 1.0000 -0.0001
vn -0.0067 0.9999 -0.0102
vn -0.0060 1.0000 0.0010
vn -0.0075 1.0000 -0.0004
vn -0.2310 -0.9583 0.1683
vn -0.0868 -0.9954 0.0403
vn -0.0033 0.9999 -0.0114
vn -0.0033 0.9999 -0.0111
vn -0.0034 1.0000 0.0006
vn -0.0106 0.9999 0.0018
vn -0.0947 -0.9955 0.0001
vn 0.0048 1.0000 -0.0031
vn 0.0031 1.0000 0.0019
vn -0.0007 1.0000 0.0000
vn -0.0064 1.0000 -0.0025
vn 0.0028 1.0000 0.0004
vn -0.0150 0.9999 0.0005
vn -0.0257 0.9997 0.0006
vn -0.0093 0.9999 0.0038
vn -0.0136 0.9999 -0.0006
vn 0.1551 0.9848 -0.0788
vn -0.0057 0.9999 -0.0083
vn -0.8787 -0.3193 0.3548
vn -0.0024 0.9999 -0.0104
vn 0.5563 -0.3234 0.7655
vn 0.4438 -0.6558 0.6107
vn 0.7659 -0.3220 0.5564
vn 0.6109 -0.6555 0.4439
vn 0.2530 -0.9026 0.3484
vn 0.3483 -0.9026 0.2531
vn 0.5789 -0.1739 0.7966
vn 0.7967 -0.1739 0.5789
vn 0.3231 0.8354 0.4447
vn 0.4447 0.8354 0.3231
vn 0.3623 0.7875 0.4986
vn 0.4986 0.7875 0.3622
vn 0.4512 0.6410 0.6209
vn 0.6209 0.6410 0.4511
vn 0.5564 0.3228 0.7657
vn 0.5865 0.0799 0.8060
vn 0.8060 0.0841 0.5859
vn 0.5876 0.0146 0.8091
vn 0.8088 0.0315 0.5873
vn 0.8092 -0.0080 0.5874
vn 0.5853 -0.0941 0.8054
vn 0.8050 -0.0993 0.5849
vn 0.5396 -0.3958 0.7431
vn 0.7430 -0.3957 0.5397
vn 0.3654 -0.7833 0.5029
vn 0.5030 -0.7832 0.3654
vn 0.1684 -0.9581 0.2318
vn 0.2318 -0.9581 0.1685
vn 0.0560 -0.9954 0.0771
vn 0.2335 -0.6561 0.7176
vn 0.1330 -0.9025 0.4096
vn 0.0293 -0.9955 0.0901
vn 0.1921 -0.7835 0.5909
vn 0.3083 0.0317 0.9508
vn 0.3091 -0.0082 0.9510
vn 0.3086 -0.0988 0.9460
vn 0.0016 1.0000 0.0003
vn 0.7640 -0.3230 0.5585
vn 0.0017 1.0000 0.0004
vn -0.0020 1.0000 -0.0000
vn -0.0064 1.0000 0.0003
vn -0.0011 1.0000 -0.0013
vn -0.0060 1.0000 -0.0014
vn 0.0051 1.0000 -0.0014
vn 0.0161 0.9999 -0.0001
vn -0.0010 1.0000 -0.0005
vn 0.0077 0.9999 -0.0130
vn -0.0004 1.0000 0.0005
vn -0.0034 0.9999 0.0105
vn 0.0003 1.0000 -0.0003
vn -0.0068 1.0000 0.0010
vn 0.0027 1.0000 0.0020
vn 0.2344 -0.9574 0.1688
vn -0.0011 1.0000 0.0004
vn -0.0036 1.0000 -0.0008
vn 0.1124 -0.9930 0.0354
vn -0.0569 0.9975 0.0414
vn -0.0569 0.9975 0.0415
vn 0.0100 0.9998 0.0196
vn 0.0024 1.0000 0.0011
vn 0.0186 0.9997 -0.0146
vn -0.0007 1.0000 0.0003
vn -0.0026 1.0000 0.0007
vn 0.0103 0.9999 0.0000
vn 0.0047 1.0000 -0.0005
vn -0.0003 1.0000 -0.0007
vn -0.0045 1.0000 0.0066
vn 0.0071 1.0000 -0.0015
vn -0.2536 0.9335 -0.2535
vn -0.0154 0.9998 0.0092
vn 0.6424 -0.3178 0.6974
vn -0.0170 0.9998 0.0077
vn -0.7657 -0.3228 -0.5563
vn -0.6110 -0.6554 -0.4439
vn -0.9004 -0.3218 -0.2926
vn -0.7182 -0.6555 -0.2334
vn -0.3480 -0.9028 -0.2529
vn -0.4094 -0.9026 -0.1331
vn -0.7967 -0.1740 -0.5788
vn -0.9365 -0.1740 -0.3044
vn -0.4448 0.8353 -0.3231
vn -0.4986 0.7875 -0.3622
vn -0.5862 0.7875 -0.1905
vn -0.6209 0.6411 -0.4511
vn -0.7299 0.6411 -0.2372
vn -0.7655 0.3231 -0.5564
vn -0.8068 0.0801 -0.5854
vn -0.9476 0.0840 -0.3082
vn -0.8091 0.0130 -0.5875
vn -0.9506 0.0315 -0.3087
vn -0.9511 -0.0079 -0.3086
vn -0.8055 -0.0942 -0.5850
vn -0.9463 -0.0993 -0.3075
vn -0.7431 -0.3956 -0.5398
vn -0.5029 -0.7833 -0.3654
vn -0.2319 -0.9580 -0.1684
vn -0.2727 -0.9580 -0.0887
vn -0.0773 -0.9954 -0.0562
vn -0.4438 -0.6563 -0.6102
vn -0.0557 -0.9955 -0.0767
vn -0.1685 -0.9581 -0.2318
vn -0.3655 -0.7835 -0.5026
vn -0.5869 0.0315 -0.8090
vn -0.5877 -0.0081 -0.8090
vn -0.5858 -0.0988 -0.8044
vn -0.8997 -0.3231 -0.2934
vn -0.0080 1.0000 0.0002
vn 0.0138 0.9999 -0.0017
vn -0.0042 1.0000 0.0007
vn 0.0034 1.0000 0.0009
vn -0.0202 0.9998 0.0010
vn -0.0061 1.0000 0.0003
vn 0.0036 1.0000 0.0003
vn -0.0009 1.0000 0.0065
vn 0.0013 1.0000 -0.0041
vn 0.0012 1.0000 -0.0090
vn 0.0033 0.9999 -0.0112
vn 0.0201 0.9998 0.0004
vn 0.0009 1.0000 -0.0001
vn -0.2745 -0.9575 -0.0882
vn 0.0007 1.0000 -0.0005
vn 0.0028 1.0000 -0.0002
vn -0.1386 -0.9899 0.0309
vn 0.0622 0.9943 -0.0871
vn 0.0625 0.9942 -0.0873
vn -0.0290 0.9992 -0.0293
vn -0.0557 -0.9955 -0.0766
vn 0.0216 0.9998 0.0002
vn 0.0067 1.0000 -0.0038
vn 0.0005 1.0000 -0.0002
vn 0.0063 0.9999 -0.0078
vn 0.0039 1.0000 0.0002
vn 0.0042 1.0000 -0.0012
vn -0.0214 0.9998 -0.0016
vn -0.0098 1.0000 -0.0004
vn -0.0039 1.0000 0.0028
vn 0.0070 1.0000 0.0013
vn -0.2320 0.9655 -0.1182
vn -0.0084 0.9999 0.0114
vn -0.7096 -0.3215 -0.6270
vn -0.0082 0.9999 0.0115
vn 0.7651 -0.3246 -0.5562
vn 0.6107 -0.6558 -0.4438
vn 0.5571 -0.3216 -0.7656
vn 0.4443 -0.6553 -0.6109
vn 0.3481 -0.9027 -0.2528
vn 0.7967 -0.1739 -0.5788
vn 0.5787 -0.1740 -0.7968
vn 0.4447 0.8354 -0.3231
vn 0.3230 0.8354 -0.4447
vn 0.4986 0.7875 -0.3622
vn 0.6209 0.6411 -0.4511
vn 0.4512 0.6410 -0.6209
vn 0.7657 0.3229 -0.5563
vn 0.5564 0.3227 -0.7657
vn 0.8060 0.0801 -0.5865
vn 0.5860 0.0840 -0.8060
vn 0.8089 0.0131 -0.5878
vn 0.5873 0.0315 -0.8087
vn 0.5875 -0.0079 -0.8092
vn 0.8053 -0.0944 -0.5853
vn 0.5850 -0.0993 -0.8049
vn 0.7430 -0.3958 -0.5398
vn 0.5398 -0.3957 -0.7430
vn 0.5029 -0.7833 -0.3654
vn 0.3655 -0.7832 -0.5030
vn 0.2318 -0.9581 -0.1683
vn 0.1685 -0.9580 -0.2319
vn 0.0769 -0.9955 -0.0559
vn 0.7177 -0.6560 -0.2335
vn 0.4095 -0.9026 -0.1330
vn 0.0901 -0.9955 -0.0293
vn 0.5912 -0.7833 -0.1922
vn 0.9508 0.0315 -0.3082
vn 0.9511 -0.0083 -0.3088
vn 0.9461 -0.0990 -0.3083
vn -0.0158 0.9998 -0.0125
vn 0.6592 -0.3204 -0.6803
vn -0.0076 0.9999 -0.0088
vn -0.0723 0.9960 -0.0522
vn 0.0005 1.0000 -0.0014
vn 0.0049 1.0000 -0.0010
vn -0.0079 1.0000 -0.0004
vn -0.0185 0.9998 0.0002
vn 0.0087 1.0000 0.0003
vn 0.0167 0.9999 -0.0003
vn -0.0042 1.0000 -0.0014
vn 0.0097 0.9999 0.0075
vn -0.0037 1.0000 -0.0001
vn 0.0057 1.0000 0.0001
vn -0.0085 1.0000 0.0006
vn 0.1680 -0.9584 -0.2307
vn 0.0004 1.0000 -0.0015
vn 0.0522 -0.9946 -0.0900
vn 0.0247 0.9991 0.0347
vn 0.0246 0.9991 0.0345
vn 0.0115 0.9999 -0.0059
vn 0.0007 1.0000 0.0039
vn -0.0029 1.0000 -0.0004
vn -0.0026 1.0000 -0.0062
vn 0.0012 1.0000 0.0014
vn -0.0028 1.0000 0.0015
vn -0.0072 1.0000 -0.0005
vn -0.0228 0.9997 -0.0027
vn 0.0128 0.9998 0.0144
vn 0.6859 -0.3208 -0.6532
vn 0.0115 0.9998 0.0162
vn 0.4533 0.6371 0.6234
vn 0.6237 0.6372 0.4527
vn 0.7384 0.4084 0.5366
vn 0.5059 0.5100 0.6957
vn -0.0876 0.9881 0.1261
vn 0.4976 0.5124 0.6999
vn -0.0021 1.0000 0.0011
vn -0.0014 1.0000 0.0021
vn 0.0168 0.9999 0.0009
vn 0.0091 0.9999 0.0048
vn -0.2388 0.6370 0.7329
vn 0.0001 0.6370 0.7709
vn 0.0002 0.4086 0.9127
vn -0.2657 0.5100 0.8181
vn -0.0124 0.5577 0.8300
vn -0.0272 0.9854 -0.1678
vn -0.0187 0.9854 -0.1692
vn 0.1375 0.9904 -0.0159
vn 0.0264 0.9864 -0.1623
vn 0.0133 0.5521 0.8337
vn 0.0228 0.9864 -0.1627
vn 0.0053 1.0000 0.0011
vn -0.2609 0.5102 0.8196
vn 0.0015 1.0000 0.0004
vn 0.0029 1.0000 -0.0022
vn 0.0353 0.9994 -0.0014
vn 0.0007 0.6370 -0.7709
vn -0.2380 0.6374 -0.7329
vn -0.2818 0.4090 -0.8679
vn 0.0767 0.9967 -0.0276
vn 0.0039 1.0000 0.0012
vn -0.0185 0.5090 -0.8606
vn -0.0052 1.0000 0.0001
vn -0.0046 1.0000 0.0080
vn 0.0014 1.0000 -0.0008
vn -0.4528 0.6369 -0.6239
vn -0.6231 0.6371 -0.4537
vn -0.7381 0.4097 -0.5360
vn -0.5056 0.5100 -0.6959
vn -0.6958 0.5101 -0.5056
vn -0.8678 0.4088 -0.2824
vn -0.2124 0.9712 -0.1079
vn 0.0359 0.9983 -0.0451
vn -0.5934 0.4006 -0.6981
vn 0.0378 0.9983 -0.0439
vn -0.1370 0.9808 -0.1389
vn -0.7804 0.2209 -0.5849
vn -0.1498 0.9803 -0.1285
vn -0.8678 0.4092 -0.2820
vn 0.0006 1.0000 0.0000
vn -0.0001 0.9997 -0.0250
vn -0.6910 0.5131 -0.5091
vn 0.0013 1.0000 -0.0008
vn 0.0027 1.0000 -0.0004
vn -0.0003 1.0000 0.0015
vn -0.0103 0.9999 0.0000
vn -0.2124 -0.9649 0.1544
vn -0.1543 -0.9649 0.2124
vn -0.2918 -0.8681 0.4016
vn -0.4572 -0.8250 0.3322
vn -0.7487 -0.3785 0.5442
vn -0.5432 -0.3773 0.7501
vn -0.8092 -0.0107 0.5874
vn -0.5360 -0.8264 0.1725
vn -0.8803 -0.3784 0.2860
vn -0.9510 -0.0097 0.3090
vn 0.0195 0.9998 -0.0057
vn -0.3090 -0.8635 0.3986
vn 0.0103 0.9999 0.0051
vn 0.0178 0.9998 -0.0009
vn 0.0019 1.0000 0.0014
vn 0.0134 0.9997 0.0217
vn 0.0024 1.0000 -0.0002
vn -0.0508 0.9987 -0.0021
vn 0.1779 0.9755 -0.1292
vn 0.1294 0.9755 -0.1781
vn 0.0700 0.9929 -0.0964
vn 0.0965 0.9929 -0.0698
vn 0.0368 0.9929 -0.1132
vn 0.0680 0.9755 -0.2094
vn 0.0000 0.9929 -0.1192
vn 0.0000 0.9755 -0.2201
vn -0.0368 0.9929 -0.1133
vn -0.0681 0.9755 -0.2094
vn -0.0700 0.9929 -0.0963
vn -0.1296 0.9754 -0.1781
vn -0.0964 0.9929 -0.0701
vn -0.1781 0.9755 -0.1295
vn -0.1132 0.9929 -0.0368
vn -0.2094 0.9755 -0.0680
vn -0.1191 0.9929 0.0000
vn -0.2201 0.9755 -0.0000
vn -0.1134 0.9929 0.0368
vn -0.2093 0.9755 0.0680
vn -0.0963 0.9929 0.0700
vn -0.1780 0.9755 0.1293
vn -0.0701 0.9929 0.0963
vn -0.1293 0.9755 0.1780
vn -0.0368 0.9929 0.1133
vn -0.0680 0.9755 0.2093
vn 0.0000 0.9929 0.1191
vn 0.0002 0.9754 0.2203
vn 0.0368 0.9929 0.1134
vn 0.0679 0.9755 0.2094
vn 0.0701 0.9929 0.0965
vn 0.1294 0.9755 0.1781
vn 0.0963 0.9929 0.0700
vn 0.1781 0.9755 0.1294
vn 0.1132 0.9929 0.0368
vn 0.2094 0.9755 0.0680
vn 0.1192 0.9929 0.0001
vn 0.2201 0.9755 0.0002
vn -0.2103 0.9338 0.2896
vn -0.1107 0.9338 0.3402
vn -0.0004 0.9338 0.3577
vn 0.1105 0.9338 0.3402
vn 0.2100 0.9340 0.2890
vn 0.2894 0.9339 0.2100
vn 0.3403 0.9338 0.1106
vn 0.3576 0.9339 -0.0001
vn 0.5329 0.7532 0.3855
vn 0.6244 0.7540 0.2039
vn 0.7581 0.3530 0.5484
vn 0.8893 0.3533 0.2905
vn 0.8040 0.1210 0.5822
vn 0.9441 0.1206 0.3068
vn 0.2028 0.7538 0.6250
vn -0.2036 0.7530 0.6257
vn 0.2894 0.9338 -0.2103
vn 0.2102 0.9339 -0.2892
vn 0.1106 0.9339 -0.3400
vn -0.0000 0.9339 -0.3575
vn -0.1103 0.9338 -0.3403
vn -0.2100 0.9338 -0.2897
vn -0.2893 0.9339 -0.2102
vn -0.3403 0.9338 -0.1106
vn -0.3578 0.9338 -0.0000
vn -0.3400 0.9339 0.1104
vn -0.5316 0.7538 -0.3863
vn -0.6256 0.7532 -0.2033
vn -0.6577 0.7533 -0.0000
vn -0.8904 0.3532 -0.2871
vn -0.9355 0.3534 0.0001
vn -0.9446 0.1209 -0.3052
vn -0.9927 0.1207 -0.0000
vn -0.2030 0.7529 -0.6261
vn 0.2045 0.7532 -0.6252
vn 0.5322 0.7540 -0.3851
vn 0.2086 0.9756 -0.0678
vn 0.1134 0.9929 -0.0367
vn 0.0001 0.9989 -0.0478
vn 0.0148 0.9989 -0.0455
vn 0.0455 0.9989 0.0148
vn 0.0387 0.9989 0.0281
vn -0.0282 0.9989 0.0387
vn -0.0387 0.9989 0.0282
vn -0.0387 0.9989 -0.0281
vn -0.0282 0.9989 -0.0387
vn -0.0148 0.9989 -0.0455
vn 0.0000 0.9988 0.0480
vn 0.0147 0.9989 0.0455
vn -0.0148 0.9988 0.0456
vn 0.0388 0.9988 -0.0282
vn 0.0456 0.9988 -0.0151
vn -0.0479 0.9989 -0.0000
vn -0.0455 0.9989 -0.0148
vn 0.0440 0.9902 0.1322
vn 0.0807 0.9905 0.1113
vn 0.1608 0.9620 0.2207
vn 0.0894 0.9611 0.2612
vn 0.1119 0.9904 -0.0816
vn 0.1311 0.9905 -0.0425
vn 0.2191 0.9626 -0.1596
vn 0.2573 0.9627 -0.0838
vn 0.0813 0.9904 -0.1117
vn 0.6253 0.7535 -0.2031
vn 0.3402 0.9338 -0.1106
vn 0.8896 0.3534 -0.2892
vn 0.7577 0.3527 -0.5491
vn 0.9441 0.1207 -0.3069
vn 0.8032 0.1216 -0.5832
vn 0.9362 0.3516 -0.0002
vn 0.9927 0.1207 0.0001
vn -0.8903 0.3516 0.2893
vn -0.9442 0.1205 0.3067
vn -0.7569 0.3530 0.5499
vn -0.8032 0.1204 0.5835
vn -0.5319 0.7535 0.3864
vn -0.3867 0.7534 0.5318
vn -0.5498 0.3533 0.7569
vn -0.5835 0.1206 0.8031
vn -0.2890 0.3533 0.8897
vn -0.3069 0.1208 0.9440
vn 0.0000 0.3531 0.9356
vn -0.0000 0.1205 0.9927
vn 0.0000 0.7532 0.6578
vn 0.2890 0.3534 0.8897
vn 0.3068 0.1206 0.9441
vn 0.5504 0.3516 -0.7573
vn 0.5833 0.1209 -0.8032
vn 0.5499 0.3534 0.7568
vn 0.5835 0.1206 0.8031
vn 0.3865 0.7534 0.5320
vn 0.2891 0.3533 -0.8897
vn 0.3067 0.1206 -0.9441
vn -0.0001 0.3533 -0.9355
vn -0.0001 0.1207 -0.9927
vn 0.0000 0.7532 -0.6578
vn -0.2896 0.3519 -0.8901
vn -0.3065 0.1217 -0.9441
vn -0.5500 0.3534 -0.7567
vn -0.5835 0.1210 -0.8031
vn -0.3874 0.7527 -0.5323
vn -0.7570 0.3530 -0.5499
vn -0.8032 0.1201 -0.5834
vn 0.2032 0.7527 0.6263
vn 0.2038 0.7516 -0.6273
vn -0.5319 0.7536 -0.3863
vn 0.2103 0.9338 0.2894
vn 0.1105 0.9338 0.3403
vn -0.0001 0.9339 0.3575
vn 0.0001 0.9339 -0.3575
vn -0.2894 0.9338 -0.2103
vn -0.2108 0.9338 -0.2892
vn -0.2106 0.9339 0.2890
vn -0.2893 0.9338 0.2104
vn -0.1296 0.9754 0.1782
vn -0.1781 0.9755 0.1294
vn 0.2895 0.9338 0.2103
vn 0.5322 0.7532 0.3866
vn 0.7569 0.3532 0.5499
vn 0.8031 0.1206 0.5835
vn 0.8898 0.3532 0.2890
vn -0.6255 0.7533 -0.2032
vn -0.8898 0.3532 -0.2891
vn -0.9441 0.1206 -0.3068
vn -0.0466 0.9847 -0.1679
vn 0.0491 0.9858 0.1606
vn -0.0000 1.0000 0.0027
vn -0.0000 1.0000 -0.0052
vn 0.0008 1.0000 -0.0088
vn -0.0014 1.0000 0.0047
vn 0.0000 1.0000 -0.0040
vn 0.0006 1.0000 0.0059
vn -0.0018 1.0000 0.0053
vn -0.0017 1.0000 -0.0014
vn 0.0018 1.0000 -0.0013
vn -0.0146 0.9999 -0.0028
vn 0.0022 1.0000 -0.0037
vn 0.0041 1.0000 -0.0014
vn 0.0028 1.0000 0.0005
vn -0.0094 0.9999 -0.0132
vn -0.0565 0.9984 0.0015
vn 0.0001 1.0000 0.0014
vn -0.1200 0.9874 -0.1031
vn -0.0163 0.9999 0.0006
vn 0.0054 0.9997 -0.0223
vn 0.0000 1.0000 0.0011
vn -0.0001 1.0000 -0.0012
vn 0.0102 0.9999 -0.0010
vn 0.0074 1.0000 0.0005
vn -0.0051 1.0000 0.0057
vn -0.0159 0.9993 0.0330
vn 0.0508 0.9987 -0.0084
vn 0.2071 0.7532 -0.6243
vn 0.0024 1.0000 0.0006
vn 0.0034 1.0000 -0.0007
vn 0.0002 0.9330 -0.3599
vn 0.0001 1.0000 -0.0022
vn 0.0120 0.9999 -0.0016
vn 0.0120 0.9999 0.0005
vn -0.0003 1.0000 -0.0037
vn -0.0105 0.9999 0.0060
vn 0.0119 0.9999 -0.0005
vn -0.6177 0.7595 -0.2041
vn 0.0084 1.0000 -0.0010
vn -0.0099 1.0000 -0.0004
vn 0.0004 0.9998 0.0214
vn 0.0070 1.0000 -0.0013
vn 0.3462 0.9315 -0.1118
vn 0.0060 1.0000 -0.0011
vn 0.2201 0.9755 -0.0000
vn 0.2093 0.9755 -0.0680
vn 0.1134 0.9929 -0.0368
vn 0.1192 0.9929 -0.0001
vn 0.3578 0.9338 -0.0000
vn 0.6577 0.7533 -0.0000
vn 0.6251 0.7538 -0.2027
vn 0.9351 0.3543 0.0000
vn 0.0454 0.9989 -0.0146
vn 0.0478 0.9989 0.0002
vn 0.1132 0.9929 0.0366
vn 0.1382 0.9904 -0.0000
vn 0.1313 0.9904 -0.0429
vn 0.1314 0.9904 0.0427
vn 0.2579 0.9625 -0.0839
vn 0.2712 0.9625 -0.0000
vn 0.2581 0.9625 0.0839
vn 0.1120 0.9904 0.0813
vn 0.2192 0.9626 0.1592
vn 0.0282 0.9989 0.0387
vn 0.0809 0.9904 0.1118
vn 0.1582 0.9627 0.2193
vn 0.0149 0.9989 0.0456
vn 0.1780 0.9755 -0.1294
vn 0.2894 0.9338 -0.2102
vn 0.0697 0.9929 0.0960
vn 0.0367 0.9929 0.1130
vn 0.6265 0.7526 0.2028
vn 0.8897 0.3533 0.2892
vn 0.0701 0.9969 -0.0350
vn -0.0701 0.9752 -0.2101
vn 0.1782 0.9758 -0.1269
vn 0.0001 1.0000 0.0025
vn 0.0000 1.0000 0.0026
vn 0.0004 0.9999 -0.0124
vn 0.0024 1.0000 0.0013
vn -0.0219 0.9998 0.0003
vn -0.0065 0.9995 0.0301
vn -0.0047 0.9999 -0.0089
vn -0.3407 0.9336 0.1108
vn -0.2899 0.9337 0.2099
vn -0.1782 0.9755 0.1293
vn -0.6259 0.7529 0.2035
vn -0.5320 0.7537 0.3858
vn -0.8890 0.3553 0.2888
vn -0.6587 0.7524 0.0013
vn -0.9355 0.3534 0.0004
vn -0.8977 0.3524 0.2645
vn 0.0031 1.0000 0.0087
vn -0.0061 0.9999 -0.0133
vn -0.5527 -0.3402 0.7608
vn -0.5800 -0.1553 0.7997
vn -0.2908 -0.3399 0.8944
vn -0.3052 -0.1551 0.9396
vn -0.2262 -0.6778 0.6995
vn -0.4320 -0.6769 0.5960
vn -0.1717 -0.8322 0.5271
vn -0.3257 -0.8324 0.4483
vn -0.1724 -0.8319 0.5274
vn -0.3264 -0.8317 0.4491
vn -0.5871 0.0078 0.8095
vn -0.3092 0.0071 0.9510
vn -0.5601 0.3024 0.7713
vn -0.2937 0.3035 0.9064
vn -0.4299 0.6829 0.5906
vn -0.2261 0.6825 0.6950
vn -0.3475 0.8062 0.4788
vn -0.1836 0.8045 0.5649
vn -0.4895 0.5538 0.6735
vn -0.2573 0.5537 0.7920
vn -0.5570 0.3191 0.7668
vn -0.2928 0.3194 0.9013
vn -0.4299 0.6808 0.5931
vn -0.2254 0.6838 0.6939
vn -0.2509 0.9043 0.3453
vn -0.1319 0.9043 0.4060
vn -0.2421 0.9113 0.3332
vn -0.1273 0.9112 0.3917
vn -0.7992 -0.1550 0.5807
vn -0.7611 -0.3402 0.5522
vn 0.0008 -0.3393 0.9407
vn -0.0001 -0.1551 0.9879
vn 0.2907 -0.3396 0.8945
vn 0.3052 -0.1551 0.9396
vn 0.2286 -0.6779 0.6987
vn 0.0000 -0.6777 0.7353
vn 0.1717 -0.8324 0.5269
vn 0.0001 -0.8324 0.5541
vn 0.1721 -0.8321 0.5273
vn 0.0002 -0.8318 0.5551
vn 0.5536 -0.3393 0.7605
vn 0.5805 -0.1551 0.7993
vn 0.3083 0.0075 0.9512
vn 0.5866 0.0072 0.8098
vn 0.2945 0.3032 0.9063
vn 0.5600 0.3033 0.7709
vn 0.2259 0.6825 0.6951
vn 0.4297 0.6824 0.5913
vn 0.1835 0.8044 0.5650
vn 0.3492 0.8044 0.4806
vn 0.2573 0.5537 0.7919
vn 0.4894 0.5538 0.6737
vn 0.2928 0.3194 0.9013
vn 0.5570 0.3194 0.7667
vn 0.2255 0.6838 0.6939
vn 0.4289 0.6838 0.5903
vn 0.1322 0.9042 0.4061
vn 0.2509 0.9043 0.3454
vn 0.1278 0.9113 0.3915
vn 0.2420 0.9113 0.3332
vn 0.7605 -0.3393 0.5536
vn 0.7991 -0.1551 0.5808
vn 0.5949 -0.6777 0.4322
vn 0.4323 -0.6776 0.5950
vn 0.4485 -0.8323 0.3258
vn 0.3256 -0.8324 0.4483
vn 0.4488 -0.8320 0.3262
vn 0.3263 -0.8318 0.4491
vn 0.8948 -0.3395 0.2899
vn 0.9396 -0.1550 0.3051
vn 0.9404 -0.3400 0.0002
vn 0.9879 -0.1550 -0.0000
vn 0.7353 -0.6778 -0.0026
vn 0.6993 -0.6777 0.2272
vn 0.5541 -0.8325 0.0003
vn 0.5270 -0.8324 0.1712
vn 0.5550 -0.8318 -0.0004
vn 0.5280 -0.8317 0.1716
vn 0.9509 0.0075 0.3094
vn 1.0000 0.0075 0.0001
vn 0.9063 0.3032 0.2945
vn 0.9529 0.3032 -0.0028
vn 0.6950 0.6826 0.2260
vn 0.7307 0.6827 -0.0024
vn 0.5655 0.8044 0.1822
vn 0.5939 0.8045 0.0008
vn 0.7925 0.5537 0.2556
vn 0.8327 0.5537 0.0031
vn 0.9012 0.3195 0.2927
vn 0.9476 0.3194 0.0001
vn 0.6939 0.6839 0.2255
vn 0.7294 0.6840 -0.0049
vn 0.4062 0.9043 0.1317
vn 0.4269 0.9043 0.0002
vn 0.3918 0.9113 0.1269
vn 0.4119 0.9112 0.0006
vn 0.8944 -0.3394 -0.2914
vn 0.9395 -0.1553 -0.3052
vn 0.7609 -0.3399 -0.5527
vn 0.7991 -0.1552 -0.5808
vn 0.5940 -0.6779 -0.4331
vn 0.6994 -0.6777 -0.2272
vn 0.4489 -0.8323 -0.3253
vn 0.5271 -0.8324 -0.1712
vn 0.4500 -0.8317 -0.3253
vn 0.5281 -0.8317 -0.1717
vn 0.5523 -0.3395 -0.7614
vn 0.5808 -0.1551 -0.7991
vn 0.8092 0.0075 -0.5875
vn 0.5881 0.0074 -0.8088
vn 0.7709 0.3032 -0.5602
vn 0.5595 0.3035 -0.7713
vn 0.5915 0.6824 -0.4295
vn 0.4296 0.6825 -0.5913
vn 0.4807 0.8044 -0.3491
vn 0.3491 0.8045 -0.4806
vn 0.6736 0.5538 -0.4895
vn 0.4895 0.5537 -0.6736
vn 0.7667 0.3194 -0.5570
vn 0.5570 0.3194 -0.7666
vn 0.5903 0.6839 -0.4288
vn 0.4289 0.6838 -0.5903
vn 0.3453 0.9043 -0.2509
vn 0.2509 0.9043 -0.3454
vn 0.3332 0.9112 -0.2421
vn 0.2421 0.9113 -0.3332
vn 0.2916 -0.3392 -0.8944
vn 0.3054 -0.1553 -0.9395
vn 0.2272 -0.6777 -0.6994
vn 0.4322 -0.6778 -0.5949
vn 0.1712 -0.8324 -0.5270
vn 0.3257 -0.8324 -0.4483
vn 0.1715 -0.8318 -0.5280
vn 0.3263 -0.8318 -0.4491
vn -0.0008 -0.3394 -0.9406
vn -0.0009 -0.1554 -0.9879
vn -0.2898 -0.3392 -0.8950
vn -0.3053 -0.1551 -0.9395
vn -0.2273 -0.6777 -0.6993
vn 0.0000 -0.6778 -0.7353
vn -0.1708 -0.8322 -0.5276
vn -0.0000 -0.8324 -0.5541
vn -0.1703 -0.8318 -0.5283
vn -0.0001 -0.8318 -0.5551
vn -0.0000 0.0073 -1.0000
vn -0.3076 0.0073 -0.9515
vn -0.0000 0.3032 -0.9529
vn -0.2942 0.3035 -0.9063
vn -0.0002 0.6825 -0.7309
vn -0.2257 0.6825 -0.6951
vn -0.0002 0.8045 -0.5940
vn -0.1835 0.8045 -0.5649
vn -0.0000 0.5537 -0.8327
vn -0.2573 0.5537 -0.7920
vn -0.0001 0.3194 -0.9476
vn -0.2928 0.3194 -0.9013
vn 0.0000 0.6838 -0.7296
vn -0.2254 0.6838 -0.6939
vn 0.0001 0.9043 -0.4269
vn -0.1319 0.9043 -0.4060
vn 0.0000 0.9112 -0.4119
vn -0.1272 0.9113 -0.3917
vn -0.5536 -0.3394 -0.7605
vn -0.5805 -0.1552 -0.7994
vn -0.7608 -0.3399 -0.5528
vn -0.7992 -0.1552 -0.5806
vn -0.5955 -0.6779 -0.4310
vn -0.4322 -0.6777 -0.5949
vn -0.4483 -0.8324 -0.3257
vn -0.3257 -0.8324 -0.4483
vn -0.4491 -0.8317 -0.3264
vn -0.3263 -0.8317 -0.4491
vn -0.8948 -0.3394 -0.2899
vn -0.9395 -0.1552 -0.3054
vn -0.8088 0.0076 -0.5881
vn -0.9510 0.0073 -0.3092
vn -0.7709 0.3033 -0.5601
vn -0.9071 0.3034 -0.2916
vn -0.5912 0.6826 -0.4296
vn -0.6957 0.6824 -0.2243
vn -0.4805 0.8045 -0.3492
vn -0.5649 0.8045 -0.1836
vn -0.6737 0.5537 -0.4894
vn -0.7916 0.5543 -0.2570
vn -0.7667 0.3194 -0.5570
vn -0.9011 0.3196 -0.2929
vn -0.5904 0.6838 -0.4289
vn -0.6952 0.6819 -0.2272
vn -0.3456 0.9043 -0.2507
vn -0.4058 0.9044 -0.1320
vn -0.3337 0.9112 -0.2416
vn -0.3917 0.9113 -0.1273
vn -0.9407 -0.3393 -0.0010
vn -0.9879 -0.1554 -0.0003
vn -0.7353 -0.6777 -0.0000
vn -0.6997 -0.6774 -0.2271
vn -0.5541 -0.8324 -0.0001
vn -0.5273 -0.8324 -0.1705
vn -0.5550 -0.8318 -0.0001
vn -0.5276 -0.8323 -0.1703
vn -0.8946 -0.3396 0.2905
vn -0.9395 -0.1553 0.3054
vn -0.8340 0.5517 0.0003
vn -0.9476 0.3195 -0.0002
vn -0.7664 0.3200 0.5570
vn -0.5897 0.6847 0.4282
vn -0.7928 0.5527 0.2569
vn -0.9012 0.3196 0.2927
vn -0.5654 0.8043 0.1829
vn -0.6748 0.5516 0.4902
vn -0.7713 0.3028 0.5598
vn -0.5917 0.6817 0.4303
vn -0.8093 0.0071 0.5874
vn -0.6951 0.6825 0.2258
vn -0.4062 0.9042 0.1319
vn -0.4270 0.9043 0.0000
vn -0.7268 0.6869 -0.0017
vn -0.4117 0.9113 0.0000
vn -0.3915 0.9114 0.1270
vn -0.6951 0.6825 0.2257
vn -0.5647 0.8046 0.1836
vn -0.7667 0.3193 0.5569
vn -0.6940 0.6839 0.2250
vn -0.7608 -0.3400 0.5528
vn -0.5950 -0.6776 0.4323
vn -0.4897 0.5551 0.6723
vn -0.3492 0.8044 0.4807
vn -0.3917 0.9112 -0.1273
vn -0.4060 0.9043 -0.1319
vn -0.6954 0.6817 -0.2272
vn -0.9475 0.3197 -0.0002
vn -0.5955 0.8034 0.0000
vn -0.7324 0.6809 0.0005
vn -0.8327 0.5538 -0.0003
vn -0.5652 0.8042 -0.1837
vn -0.6951 0.6824 -0.2260
vn 0.0040 1.0000 -0.0060
vn 0.0135 0.9999 -0.0024
vn -0.0163 0.9999 -0.0014
vn -0.0329 0.9995 -0.0005
vn -0.0056 1.0000 -0.0010
vn 0.0352 0.9994 0.0003
vn 0.0124 0.9999 0.0019
vn 0.0036 1.0000 -0.0006
vn 0.0002 1.0000 0.0018
vn 0.0046 1.0000 0.0024
vn -0.0083 1.0000 -0.0007
vn -0.0155 0.9999 0.0040
vn 0.0214 0.9998 0.0017
vn 0.0261 0.9997 -0.0004
vn -0.0017 1.0000 0.0037
vn 0.0126 0.9999 0.0000
vn 0.0083 1.0000 -0.0000
vn 0.0254 0.9997 -0.0010
vn -0.0296 0.9996 -0.0016
vn 0.0220 0.9998 -0.0022
vn 0.0089 1.0000 0.0007
vn 0.0318 0.9995 -0.0009
vn 0.0168 0.9999 0.0001
vn 0.0039 1.0000 -0.0010
vn 0.0048 1.0000 0.0025
vn 0.0086 1.0000 -0.0003
vn 0.0670 0.9921 -0.1056
vn -0.0155 0.9999 0.0019
vn -0.0001 1.0000 0.0011
vn -0.0132 0.9999 0.0048
vn -0.0203 0.9998 0.0042
vn -0.5846 -0.6850 0.4348
vn -0.0077 1.0000 -0.0025
vn -0.0317 0.9995 0.0020
vn 0.0043 1.0000 -0.0007
vn -0.0075 1.0000 0.0056
vn -0.0358 0.9993 -0.0046
vn -0.7019 0.6873 0.1870
vn -0.0060 0.9994 -0.0354
vn -0.0061 0.9990 -0.0448
vn 0.0110 0.9989 -0.0462
vn 0.0183 0.9998 0.0009
vn 0.0034 1.0000 -0.0049
vn 0.0088 1.0000 0.0006
vn -0.0193 0.9998 -0.0003
vn -0.0020 1.0000 0.0015
vn 0.0142 0.9999 0.0000
vn 0.0180 0.9998 -0.0024
vn 0.0311 0.9995 -0.0001
vn 0.0135 0.9999 -0.0007
vn -0.0124 0.9999 0.0001
vn 0.0203 0.9998 0.0002
vn -0.0044 1.0000 0.0015
vn 0.0044 1.0000 0.0012
vn 0.0065 1.0000 -0.0006
vn 0.0507 0.9987 -0.0003
vn -0.0305 0.9995 0.0005
vn -0.0438 0.9990 0.0018
vn -0.0283 0.9996 0.0009
vn -0.0097 1.0000 0.0004
vn 0.0012 1.0000 0.0002
vn 0.0216 0.9998 -0.0006
vn -0.0216 0.9998 0.0019
vn 0.0006 1.0000 0.0002
vn -0.0012 1.0000 -0.0002
vn 0.0097 0.9999 -0.0026
vn -0.0048 1.0000 0.0000
vn -0.0031 1.0000 -0.0010
vn -0.0085 1.0000 0.0052
vn 0.0116 0.9999 -0.0004
vn -0.0303 0.9995 -0.0026
vn 0.0922 0.9957 0.0053
vn -0.0004 1.0000 0.0001
vn -0.0036 1.0000 0.0000
vn -0.0283 0.9996 0.0083
vn -0.0156 0.9999 -0.0001
vn -0.0008 0.9997 -0.0224
vn -0.0002 1.0000 0.0019
vn -0.0083 1.0000 0.0026
vn 0.0043 1.0000 -0.0001
vn 0.0185 0.9998 0.0026
vn -0.0142 0.9999 0.0012
vn 0.0093 1.0000 0.0000
vn 0.0026 1.0000 -0.0005
vn -0.0007 1.0000 -0.0029
vn -0.0110 0.9999 -0.0006
vn 0.0159 0.9999 0.0012
vn -0.0066 1.0000 0.0001
vn -0.0121 0.9999 -0.0001
vn 0.0082 1.0000 -0.0032
vn 0.0006 1.0000 -0.0008
vn 0.0162 0.9999 0.0002
vn 0.0012 1.0000 0.0001
vn -0.0154 0.9999 -0.0004
vn -0.0202 0.9998 -0.0006
vn -0.0093 1.0000 -0.0005
vn 0.0158 0.9999 -0.0002
vn -0.0011 1.0000 -0.0001
vn 0.0053 1.0000 0.0031
vn -0.0092 1.0000 -0.0003
vn 0.0066 1.0000 -0.0009
vn 0.0151 0.9999 -0.0028
vn -0.0097 1.0000 0.0005
vn 0.0198 0.9998 -0.0023
vn 0.0008 0.9998 -0.0222
vn -0.9451 0.3186 -0.0725
vn 0.0007 0.9998 -0.0221
vn -0.0001 0.9997 -0.0229
vn -0.0382 0.9987 -0.0325
vn -0.8340 0.5518 -0.0001
vn -0.0172 0.9999 0.0006
vn 0.3077 0.0985 -0.9464
vn 0.0001 0.0982 -0.9952
vn -0.0001 0.1803 -0.9836
vn 0.3040 0.1808 -0.9354
vn -0.3042 0.1809 -0.9353
vn -0.2661 0.5099 -0.8181
vn 0.0021 1.0000 -0.0007
vn 0.3106 0.1800 -0.9333
vn 0.0024 1.0000 -0.0022
vn -0.0093 1.0000 0.0002
vn 0.0058 1.0000 0.0007
vn -0.0061 0.0984 -0.9951
vn -0.0104 0.9999 0.0006
vn -0.0001 1.0000 0.0022
vn -0.0002 1.0000 -0.0006
vn 0.0021 1.0000 0.0002
vn -0.9951 0.0987 0.0003
vn -0.9464 0.0994 0.3073
vn -0.9354 0.1808 0.3039
vn -0.9835 0.1809 0.0004
vn -0.7957 0.1817 0.5778
vn -0.9841 0.1778 -0.0010
vn -0.0026 1.0000 0.0001
vn 0.0016 1.0000 -0.0011
vn -0.7951 0.1838 0.5780
vn -0.7975 0.1791 0.5761
vn -0.0014 1.0000 -0.0026
vn 0.0120 0.9998 0.0157
vn 0.0226 0.9997 -0.0068
vn 0.0030 1.0000 -0.0003
vn 0.9464 0.0986 -0.3076
vn 0.8052 0.0988 -0.5847
vn 0.7958 0.1804 -0.5781
vn 0.9353 0.1807 -0.3041
vn 0.5783 0.1800 -0.7957
vn 0.9362 0.1794 -0.3022
vn 0.0012 1.0000 -0.0020
vn 0.0308 0.9984 0.0482
vn 0.8939 0.1753 -0.4126
vn 0.0306 0.9984 0.0478
vn 0.8022 0.1007 -0.5885
vn 0.0029 1.0000 0.0046
vn 0.0142 0.9997 0.0208
vn 0.0247 0.9996 -0.0128
vn 0.0035 1.0000 -0.0000
vn -0.5848 0.0985 0.8051
vn -0.3077 0.0983 0.9464
vn -0.3038 0.1800 0.9356
vn -0.5780 0.1806 0.7958
vn -0.0005 0.1811 0.9835
vn 0.0000 0.5100 0.8602
vn -0.5798 0.1804 0.7945
vn -0.0013 1.0000 0.0005
vn 0.0048 1.0000 0.0003
vn -0.0061 0.1811 0.9834
vn 0.0053 1.0000 -0.0002
vn -0.0004 1.0000 0.0027
vn -0.3868 0.1057 0.9161
vn -0.0093 0.9999 -0.0037
vn -0.0314 0.9992 -0.0240
vn 0.0548 0.9930 -0.1050
vn 0.0030 1.0000 -0.0001
vn -0.5850 0.0986 -0.8050
vn -0.8050 0.0989 -0.5850
vn -0.7958 0.1801 -0.5782
vn -0.5783 0.1805 -0.7956
vn -0.9347 0.1834 -0.3044
vn -0.5748 0.1819 -0.7978
vn 0.0005 1.0000 -0.0009
vn 0.0156 0.9997 -0.0192
vn -0.7409 0.1893 -0.6443
vn 0.0134 0.9998 -0.0163
vn -0.0120 0.9999 0.0003
vn -0.0006 1.0000 0.0002
vn 0.3075 0.0985 0.9464
vn 0.5849 0.0979 0.8052
vn 0.5783 0.1801 0.7957
vn 0.3038 0.1811 0.9353
vn 0.7954 0.1809 0.5785
vn 0.6960 0.5098 0.5056
vn 0.2985 0.1811 0.9371
vn -0.0008 1.0000 0.0020
vn 0.0024 1.0000 0.0003
vn 0.6972 0.5086 0.5052
vn 0.0015 1.0000 -0.0002
vn 0.4195 0.0954 0.9027
vn -0.0083 1.0000 0.0045
vn -0.0483 0.9985 0.0269
vn -0.1207 0.9646 -0.2344
vn -0.0007 1.0000 -0.0002
vn -0.2909 -0.3370 0.8954
vn -0.1534 -0.8681 0.4721
vn -0.0000 -0.3370 0.9415
vn -0.0000 -0.8681 0.4964
vn 0.0000 0.0924 0.9957
vn -0.3076 0.0924 0.9470
vn 0.0000 1.0000 -0.0042
vn 0.0187 0.9998 0.0025
vn 0.5532 -0.3375 -0.7616
vn 0.2918 -0.8681 -0.4017
vn 0.2911 -0.3372 -0.8953
vn 0.1536 -0.8680 -0.4723
vn 0.0047 1.0000 0.0020
vn 0.3483 -0.3435 -0.8722
vn 0.0011 1.0000 0.0063
vn -0.0698 0.9974 -0.0197
vn -0.0005 1.0000 0.0025
vn 0.0011 1.0000 -0.0004
vn -0.8953 -0.3370 0.2913
vn -0.4722 -0.8680 0.1538
vn -0.7612 -0.3388 0.5530
vn -0.4034 -0.8670 0.2927
vn -0.5540 -0.3361 0.7617
vn 0.0073 1.0000 0.0009
vn -0.5088 -0.3322 0.7942
vn 0.0069 0.9999 -0.0094
vn -0.5390 -0.3370 0.7720
vn -0.0047 1.0000 -0.0036
vn 0.0073 0.9999 0.0087
vn -0.3463 -0.8608 0.3730
vn -0.0595 0.9949 -0.0814
vn -0.0571 0.9948 -0.0838
vn -0.1141 0.9919 0.0565
vn 0.0085 1.0000 0.0016
vn 0.0001 -0.3370 -0.9415
vn 0.0000 -0.8681 -0.4964
vn -0.2910 -0.3370 -0.8954
vn -0.1534 -0.8681 -0.4721
vn -0.3078 0.0924 -0.9470
vn 0.0001 0.0924 -0.9957
vn -0.0039 1.0000 0.0001
vn -0.0055 1.0000 -0.0005
vn -0.1545 -0.8682 -0.4716
vn 0.0012 1.0000 -0.0003
vn -0.0001 1.0000 0.0013
vn -0.0079 1.0000 0.0003
vn 0.0000 1.0000 0.0021
vn 0.0001 1.0000 0.0019
vn 0.0000 -0.8667 -0.4988
vn 0.0031 1.0000 0.0002
vn -0.9395 -0.1549 0.3054
vn -0.7990 -0.1551 0.5810
vn -0.7607 -0.3401 0.5528
vn -0.9511 0.0073 0.3088
vn -1.0000 0.0074 -0.0001
vn -0.9528 0.3035 0.0001
vn -0.9058 0.3035 0.2955
vn -0.7308 0.6826 0.0004
vn -0.9880 -0.1542 0.0003
vn -0.9508 0.0072 -0.3096
vn -0.9064 0.3031 -0.2944
vn -0.0026 1.0000 0.0003
vn -0.7594 -0.3411 0.5540
vn -0.0006 1.0000 -0.0006
vn -0.0239 0.9997 -0.0095
vn -0.0012 1.0000 -0.0044
vn -0.0055 1.0000 -0.0001
vn -0.0009 0.9998 0.0191
vn -0.9839 -0.1543 -0.0904
vn -0.0010 0.9998 0.0191
vn -0.4512 0.6410 -0.6209
vn -0.3622 0.7876 -0.4986
vn -0.4447 0.8354 -0.3231
vn -0.3231 0.8354 -0.4447
vn -0.7964 -0.1735 -0.5793
vn -0.5787 -0.1740 -0.7968
vn -0.3485 -0.9023 -0.2539
vn -0.2529 -0.9026 -0.3483
vn -0.5564 0.3227 -0.7657
vn -0.7657 0.3228 -0.5563
vn -0.5857 0.0843 -0.8061
vn -0.8062 0.0843 -0.5857
vn -0.5875 0.0310 -0.8087
vn 0.0143 0.9999 0.0004
vn 0.0027 1.0000 -0.0017
vn -0.0056 1.0000 0.0007
vn -0.0153 0.9999 -0.0034
vn -0.2397 -0.9058 -0.3493
vn -0.0124 0.9999 -0.0011
vn -0.0090 0.9997 0.0209
vn -0.3340 -0.9008 -0.2775
vn -0.0112 0.9997 0.0197
vn -0.0125 0.9995 0.0290
vn 0.0007 1.0000 0.0005
vn 0.0025 1.0000 0.0011
vn -0.0075 1.0000 0.0004
vn 0.0035 1.0000 0.0001
vn -0.0056 0.9999 0.0097
vn -0.8085 0.0840 -0.5825
vn 0.0013 1.0000 0.0007
vn 0.0093 1.0000 0.0007
vn -0.5799 0.0310 -0.8141
vn -0.0091 0.9999 0.0091
vn -0.0032 1.0000 -0.0034
vn 0.0008 1.0000 0.0001
vn -0.0022 1.0000 -0.0001
vn -0.0098 1.0000 0.0001
vn 0.0034 1.0000 -0.0001
vn 0.2371 0.6411 -0.7299
vn -0.0000 0.6411 -0.7675
vn 0.1904 0.7875 -0.5861
vn 0.1698 0.8354 -0.5228
vn -0.0016 -0.1749 -0.9846
vn -0.0015 -0.9033 -0.4291
vn 0.2923 0.3228 -0.9002
vn 0.0000 0.3230 -0.9464
vn 0.3078 0.0843 -0.9477
vn -0.0000 0.0846 -0.9964
vn 0.3090 0.0310 -0.9505
vn -0.0179 0.9998 0.0007
vn -0.0001 1.0000 0.0007
vn 0.0051 1.0000 -0.0004
vn -0.0042 1.0000 0.0006
vn 0.1379 -0.9022 -0.4086
vn -0.0036 1.0000 -0.0025
vn 0.0640 0.9979 -0.0007
vn -0.0759 -0.9006 -0.4280
vn 0.0636 0.9980 -0.0032
vn 0.0738 0.9973 -0.0021
vn -0.0077 1.0000 0.0001
vn 0.0071 1.0000 0.0004
vn 0.0061 1.0000 0.0002
vn 0.0001 1.0000 -0.0002
vn 0.0063 1.0000 -0.0005
vn -0.0543 0.0834 -0.9950
vn -0.0158 0.9999 0.0001
vn 0.0313 0.9995 -0.0009
vn 0.3046 0.0309 -0.9520
vn -0.0005 1.0000 0.0022
vn -0.0069 1.0000 -0.0004
vn -0.0055 1.0000 0.0006
vn 0.6209 0.6411 -0.4512
vn 0.5862 0.7875 -0.1904
vn 0.4448 0.8353 -0.3231
vn 0.5228 0.8353 -0.1698
vn 0.7970 -0.1737 -0.5785
vn 0.9366 -0.1740 -0.3042
vn 0.3486 -0.9026 -0.2527
vn 0.4093 -0.9026 -0.1330
vn 0.9001 0.3228 -0.2925
vn 0.7657 0.3228 -0.5563
vn 0.8061 0.0846 -0.5857
vn 0.0090 1.0000 -0.0001
vn 0.0127 0.9999 0.0039
vn 0.0044 1.0000 0.0003
vn 0.0033 1.0000 -0.0001
vn 0.4075 -0.9034 -0.1337
vn 0.0009 1.0000 0.0009
vn -0.0128 0.9998 -0.0117
vn 0.3619 -0.9016 -0.2371
vn -0.0066 0.9999 -0.0079
vn -0.0160 0.9997 -0.0193
vn 0.0062 1.0000 -0.0015
vn 0.0126 0.9999 -0.0011
vn -0.0095 1.0000 0.0002
vn -0.0022 1.0000 -0.0003
vn 0.8042 0.0843 -0.5883
vn -0.0012 1.0000 0.0011
vn 0.0007 1.0000 0.0021
vn 0.9514 0.0311 -0.3063
vn 0.0013 1.0000 -0.0004
vn -0.0025 1.0000 0.0002
vn 0.0132 0.9999 0.0014
vn -0.4511 0.6411 0.6209
vn -0.2372 0.6410 0.7299
vn -0.1905 0.7875 0.5861
vn -0.3623 0.7875 0.4986
vn -0.3232 0.8353 0.4447
vn -0.3042 -0.1740 0.9366
vn -0.5791 -0.1740 0.7965
vn -0.1330 -0.9026 0.4094
vn -0.2532 -0.9026 0.3483
vn -0.5563 0.3228 0.7658
vn -0.2928 0.3225 0.9002
vn -0.5856 0.0843 0.8062
vn -0.3085 0.0839 0.9475
vn -0.5874 0.0312 0.8087
vn -0.0144 0.9999 -0.0003
vn -0.0130 0.9999 -0.0007
vn 0.0060 1.0000 -0.0014
vn 0.0018 1.0000 -0.0006
vn -0.2546 -0.9023 0.3480
vn 0.0010 1.0000 0.0009
vn -0.0044 1.0000 0.0008
vn -0.1279 -0.9030 0.4101
vn -0.0038 1.0000 -0.0023
vn -0.0041 1.0000 -0.0004
vn 0.0036 1.0000 -0.0005
vn -0.0011 1.0000 0.0010
vn -0.0123 0.9999 0.0000
vn -0.0091 1.0000 -0.0009
vn -0.3541 0.0806 0.9317
vn -0.0013 1.0000 -0.0011
vn -0.0267 0.9996 0.0032
vn -0.5835 0.0309 0.8115
vn 0.0094 0.9999 0.0037
vn 0.0008 1.0000 -0.0021
vn 0.0021 1.0000 0.0000
vn 0.0066 1.0000 0.0002
vn -0.0104 0.9999 -0.0006
vn -0.7675 0.6410 -0.0000
vn -0.7299 0.6411 0.2371
vn -0.5861 0.7875 0.1905
vn -0.5227 0.8354 0.1699
vn -0.5496 0.8354 -0.0000
vn -0.9366 -0.1739 0.3043
vn -0.4095 -0.9025 0.1330
vn -0.4304 -0.9026 -0.0000
vn -0.9001 0.3229 0.2925
vn -0.9476 0.0845 0.3080
vn 0.0132 0.9999 0.0009
vn 0.0116 0.9999 -0.0033
vn -0.0080 1.0000 -0.0027
vn 0.0011 1.0000 -0.0005
vn -0.4311 -0.9023 0.0005
vn 0.0006 1.0000 -0.0004
vn 0.0181 0.9998 -0.0045
vn -0.4202 -0.8979 0.1314
vn 0.0058 1.0000 0.0036
vn 0.0137 0.9999 0.0007
vn 0.0126 0.9999 0.0010
vn 0.0180 0.9998 -0.0001
vn -0.0023 1.0000 -0.0007
vn -0.0056 1.0000 0.0008
vn -0.0001 1.0000 0.0023
vn -0.9434 0.0829 0.3212
vn -0.0082 0.9999 -0.0132
vn -0.9995 0.0309 0.0007
vn 0.0020 0.9999 0.0130
vn 0.0034 1.0000 0.0000
vn 0.0005 1.0000 -0.0003
vn -0.0032 1.0000 -0.0041
vn 0.2373 0.6410 0.7299
vn 0.4511 0.6411 0.6209
vn 0.1905 0.7875 0.5861
vn 0.3232 0.8353 0.4447
vn 0.5795 -0.1744 0.7961
vn 0.3041 -0.1740 0.9366
vn 0.2532 -0.9029 0.3473
vn 0.1330 -0.9026 0.4094
vn 0.2926 0.3227 0.9001
vn 0.5563 0.3228 0.7657
vn 0.3081 0.0843 0.9476
vn 0.5857 0.0843 0.8061
vn 0.3090 0.0310 0.9506
vn 0.0028 1.0000 0.0009
vn -0.0023 1.0000 -0.0003
vn 0.0011 1.0000 0.0012
vn 0.1319 -0.9030 0.4089
vn 0.0010 1.0000 0.0007
vn -0.0477 0.9985 0.0260
vn 0.3054 -0.8987 0.3147
vn -0.0427 0.9988 0.0235
vn -0.0289 0.9994 0.0186
vn 0.0130 0.9999 -0.0006
vn 0.0157 0.9999 0.0001
vn 0.0133 0.9999 -0.0003
vn -0.0132 0.9999 -0.0001
vn 0.5859 0.0843 0.8060
vn 0.0037 1.0000 -0.0091
vn 0.3142 0.0310 0.9489
vn 0.0119 0.9999 -0.0047
vn -0.0012 1.0000 -0.0025
vn 0.0010 1.0000 0.0001
vn 0.0034 1.0000 0.0004
vn 0.0220 0.9998 0.0010
vn -0.5849 -0.0993 0.8050
vn -0.5398 -0.3957 0.7430
vn -0.3075 -0.0993 0.9464
vn -0.3654 -0.7833 0.5029
vn -0.3106 -0.0994 0.9453
vn 0.0001 1.0000 0.0015
vn -0.0018 1.0000 -0.0001
vn -0.2916 -0.3933 0.8719
vn 0.0051 1.0000 0.0013
vn 0.0044 1.0000 0.0028
vn 0.0018 1.0000 0.0052
vn -0.3637 -0.7842 0.5028
vn -0.0012 1.0000 -0.0005
vn -0.0016 1.0000 0.0002
vn -0.0040 1.0000 0.0001
vn 0.0003 1.0000 -0.0054
vn -0.5827 -0.0992 0.8066
vn 0.0009 1.0000 -0.0011
vn 0.3074 -0.0993 0.9464
vn 0.5849 -0.0993 0.8050
vn 0.5398 -0.3957 0.7430
vn 0.1923 -0.7832 0.5913
vn 0.5763 -0.0996 0.8112
vn 0.0035 1.0000 0.0037
vn 0.0025 1.0000 0.0002
vn 0.5302 -0.4001 0.7476
vn 0.0059 1.0000 -0.0033
vn 0.0133 0.9999 0.0045
vn 0.0018 1.0000 0.0054
vn 0.1976 -0.7823 0.5908
vn -0.0052 1.0000 0.0013
vn -0.0063 1.0000 -0.0028
vn -0.0110 0.9999 0.0004
vn 0.0017 1.0000 -0.0001
vn 0.0005 1.0000 -0.0006
vn 0.2935 -0.0998 0.9507
vn 0.0025 1.0000 0.0067
vn -0.9951 -0.0992 0.0000
vn -0.9184 -0.3956 -0.0002
vn -0.9464 -0.0993 0.3075
vn -0.8737 -0.3953 0.2835
vn -0.6221 -0.7829 -0.0003
vn -0.9504 -0.0997 0.2947
vn -0.0050 1.0000 0.0033
vn -0.8723 -0.3977 0.2845
vn -0.0023 1.0000 0.0003
vn -0.0205 0.9990 0.0393
vn -0.6233 -0.7805 0.0491
vn -0.0002 0.9988 -0.0489
vn 0.0016 0.9987 -0.0505
vn -0.0045 1.0000 0.0002
vn -0.9951 -0.0993 -0.0004
vn 0.3075 -0.0991 -0.9464
vn 0.2841 -0.3954 -0.8735
vn -0.0003 -0.0995 -0.9950
vn 0.0000 -0.3957 -0.9184
vn 0.1927 -0.7828 -0.5917
vn -0.0455 -0.0986 -0.9941
vn -0.0002 1.0000 -0.0023
vn 0.0174 0.9998 -0.0009
vn -0.0079 -0.3957 -0.9184
vn 0.0048 1.0000 0.0002
vn 0.0060 1.0000 0.0039
vn 0.1282 -0.7814 -0.6108
vn 0.0653 0.9977 0.0196
vn 0.0695 0.9974 0.0202
vn -0.0371 0.9993 -0.0096
vn 0.3002 -0.0990 -0.9487
vn -0.0013 1.0000 0.0036
vn -0.8050 -0.0993 -0.5849
vn -0.7430 -0.3953 -0.5401
vn -0.3655 -0.7832 -0.5030
vn -0.8107 -0.0990 -0.5770
vn 0.0040 1.0000 0.0027
vn -0.0015 1.0000 -0.0011
vn -0.7519 -0.3942 -0.5285
vn 0.0059 1.0000 -0.0080
vn 0.0112 0.9999 -0.0099
vn -0.3643 -0.7839 -0.5028
vn -0.0007 1.0000 0.0002
vn -0.0016 1.0000 -0.0008
vn -0.0009 1.0000 0.0003
vn 0.0032 1.0000 -0.0001
vn -0.0002 1.0000 0.0047
vn -0.5920 -0.0991 -0.7998
vn 0.0033 1.0000 0.0023
vn 0.9464 -0.0993 -0.3075
vn 0.8050 -0.0993 -0.5849
vn 0.7429 -0.3959 -0.5398
vn 0.8034 -0.0992 -0.5871
vn 0.0086 0.9999 0.0105
vn 0.0057 0.9999 0.0089
vn 0.7460 -0.3929 -0.5377
vn -0.0016 1.0000 -0.0015
vn -0.0080 1.0000 -0.0012
vn 0.5851 -0.7875 -0.1937
vn 0.0027 1.0000 0.0030
vn 0.0069 1.0000 0.0006
vn -0.0219 0.9998 -0.0000
vn -0.0029 1.0000 0.0005
vn 0.9455 -0.0992 -0.3101
vn -0.0012 1.0000 0.0006
vn -0.0811 -0.9649 -0.2498
vn -0.1754 -0.8245 -0.5380
vn -0.1543 -0.9649 -0.2127
vn -0.0001 -0.8252 -0.5649
vn 0.0011 -0.3781 -0.9258
vn -0.2862 -0.3789 -0.8800
vn 0.0003 -0.0099 -1.0000
vn -0.3092 -0.0099 -0.9509
vn -0.5443 -0.3778 -0.7490
vn -0.5888 -0.0100 -0.8082
vn -0.3086 0.0849 -0.9474
vn -0.5862 0.0837 -0.8058
vn -0.0222 0.9996 0.0179
vn 0.0041 1.0000 -0.0003
vn -0.3085 0.0608 -0.9493
vn -0.0244 0.9997 -0.0028
vn 0.0023 1.0000 -0.0000
vn -0.0001 1.0000 -0.0051
vn -0.0001 1.0000 -0.0028
vn -0.0812 -0.9655 -0.2474
vn -0.0001 1.0000 -0.0032
vn 0.8180 0.5104 0.2652
vn 0.8601 0.5101 0.0002
vn 0.7705 0.6374 0.0003
vn 0.7329 0.6375 0.2376
vn 0.0009 0.9985 0.0548
vn 0.7061 0.6255 0.3320
vn -0.0083 0.9986 0.0524
vn 0.6951 0.5118 -0.5048
vn 0.6232 0.6375 -0.4529
vn 0.4534 0.6368 -0.6237
vn 0.0740 0.9946 -0.0725
vn 0.0427 0.9977 0.0524
vn 0.6920 0.6294 -0.3536
vn 0.0408 0.9978 0.0531
vn 0.4482 0.6409 -0.6232
vn -0.0029 1.0000 0.0052
vn 0.0046 1.0000 0.0087
vn -0.8606 0.5093 -0.0000
vn -0.8180 0.5102 0.2658
vn -0.7329 0.6372 0.2383
vn -0.6234 0.6373 0.4531
vn 0.0013 1.0000 -0.0001
vn -0.3831 0.8387 0.3871
vn -0.5761 0.8016 0.1601
vn -0.3832 0.8387 0.3870
vn -0.5811 0.7995 0.1519
vn -0.6629 0.7483 0.0243
vn -0.7227 0.6848 -0.0935
vn -0.7200 0.6880 -0.0906
vn -0.7954 0.5109 -0.3262
vn -0.7792 0.5732 -0.2535
vn -0.8042 0.3841 -0.4536
vn -0.8042 0.3849 -0.4529
vn -0.7713 0.5932 -0.2307
vn -0.1496 0.7982 0.5835
vn -0.1556 0.8001 0.5793
vn 0.0965 0.6812 0.7258
vn -0.0199 0.7464 0.6652
vn 0.0979 0.6823 0.7244
vn 0.2560 0.5708 0.7801
vn 0.1980 0.5703 0.7972
vn 0.2290 0.5912 0.7733
vn 0.3297 0.5077 0.7959
vn 0.4571 0.3785 0.8048
vn 0.4571 0.3787 0.8048
vn 0.3871 0.8386 0.3833
vn 0.3870 0.8387 0.3832
vn 0.6019 0.7891 0.1227
vn 0.5791 0.8002 0.1558
vn 0.1597 0.8015 0.5763
vn 0.1508 0.7985 0.5828
vn 0.0242 0.7483 0.6629
vn -0.0934 0.6835 0.7239
vn -0.0935 0.6851 0.7224
vn -0.3256 0.5113 0.7953
vn -0.2517 0.5738 0.7793
vn -0.4531 0.3830 0.8050
vn -0.4532 0.3831 0.8049
vn -0.2250 0.5957 0.7711
vn -0.2069 0.5831 0.7856
vn 0.1540 0.7997 0.5803
vn 0.7253 0.6813 -0.0983
vn 0.6655 0.7461 0.0198
vn 0.7245 0.6823 -0.0980
vn 0.7732 0.5911 -0.2298
vn 0.7804 0.5701 -0.2567
vn 0.7959 0.5078 -0.3296
vn 0.8047 0.3789 -0.4571
vn 0.8047 0.3790 -0.4569
vn 0.7799 0.5855 -0.2211
vn -0.0171 0.9999 -0.0004
vn -0.3869 0.8387 -0.3832
vn -0.1599 0.8017 -0.5760
vn -0.3870 0.8387 -0.3831
vn -0.1526 0.7997 -0.5807
vn -0.0240 0.7484 -0.6628
vn 0.0938 0.6849 -0.7226
vn 0.3256 0.5113 -0.7953
vn 0.2524 0.5729 -0.7798
vn 0.4532 0.3830 -0.8049
vn 0.4535 0.3829 -0.8049
vn 0.2278 0.5944 -0.7712
vn 0.0988 0.6818 -0.7248
vn -0.5835 0.7982 -0.1496
vn -0.5791 0.8002 -0.1558
vn -0.7248 0.6818 0.0987
vn -0.6653 0.7463 -0.0200
vn -0.7244 0.6824 0.0980
vn -0.7804 0.5701 0.2568
vn -0.7693 0.5941 0.2352
vn -0.7741 0.5907 0.2278
vn -0.7957 0.5081 0.3297
vn -0.8044 0.3803 0.4565
vn -0.8050 0.3783 0.4570
vn 0.3832 0.8386 -0.3872
vn 0.5760 0.8016 -0.1602
vn 0.3833 0.8386 -0.3870
vn 0.5805 0.7996 -0.1538
vn 0.6629 0.7483 -0.0243
vn 0.7228 0.6847 0.0936
vn 0.7227 0.6848 0.0937
vn 0.7951 0.5117 0.3256
vn 0.7791 0.5740 0.2522
vn 0.8048 0.3831 0.4534
vn 0.8046 0.3833 0.4536
vn 0.7716 0.5947 0.2257
vn 0.7741 0.5929 0.2219
vn 0.1495 0.7982 -0.5836
vn 0.1559 0.8003 -0.5790
vn -0.0976 0.6817 -0.7251
vn 0.0199 0.7464 -0.6652
vn -0.0980 0.6823 -0.7245
vn -0.2564 0.5702 -0.7804
vn -0.2200 0.5846 -0.7809
vn -0.2294 0.5919 -0.7727
vn -0.3298 0.5083 -0.7955
vn -0.4568 0.3790 -0.8048
vn -0.4571 0.3788 -0.8047
vn -0.3061 0.7985 0.5183
vn -0.3029 0.7992 0.5191
vn 0.0028 0.8388 0.5445
vn -0.5715 0.6882 0.4470
vn -0.1190 0.9865 0.1122
vn -0.5856 0.6799 0.4414
vn -0.7900 0.5142 0.3340
vn -0.3273 0.6569 0.6793
vn -0.8896 0.3830 0.2488
vn -0.8898 0.3827 0.2485
vn -0.0023 1.0000 -0.0005
vn -0.0429 0.9989 -0.0204
vn -0.0062 1.0000 -0.0056
vn 0.3080 0.7979 0.5181
vn 0.5974 0.6722 0.4372
vn 0.3113 0.7969 0.5177
vn 0.5759 0.6857 0.4451
vn 0.3301 0.6600 0.6748
vn 0.3315 0.6568 0.6773
vn 0.2629 0.2522 0.9313
vn 0.7937 0.5102 0.3312
vn 0.8923 0.3785 0.2461
vn 0.8923 0.3786 0.2458
vn 0.1226 0.9820 0.1438
vn -0.5184 0.7984 -0.3063
vn -0.4468 0.6880 -0.5718
vn -0.5191 0.7993 -0.3028
vn -0.4415 0.6799 -0.5855
vn -0.3337 0.5137 -0.7904
vn -0.6790 0.6569 -0.3278
vn -0.2487 0.3827 -0.8898
vn -0.2488 0.3829 -0.8897
vn -0.5446 0.8387 0.0028
vn -0.1123 0.9865 -0.1192
vn -0.0363 0.9988 0.0320
vn 0.0016 1.0000 0.0002
vn -0.0191 0.9998 0.0003
vn 0.0026 1.0000 0.0015
vn 0.5185 0.7983 0.3063
vn 0.4469 0.6883 0.5714
vn 0.5190 0.7993 0.3029
vn 0.4417 0.6798 0.5854
vn 0.3337 0.5137 0.7904
vn 0.6793 0.6569 0.3271
vn 0.2487 0.3829 0.8897
vn 0.2486 0.3828 0.8897
vn 0.5449 0.8385 -0.0028
vn 0.1123 0.9865 0.1190
vn -0.0392 0.9992 0.0060
vn 0.2339 0.9721 0.0154
vn -0.5182 0.7979 0.3080
vn -0.4463 0.6875 0.5728
vn -0.5175 0.7969 0.3116
vn -0.4453 0.6856 0.5759
vn -0.5207 0.8015 0.2941
vn -0.1120 0.9862 0.1223
vn -0.5445 0.8388 0.0028
vn -0.6720 0.6607 0.3345
vn -0.9240 0.2651 0.2755
vn -0.6778 0.6561 0.3319
vn -0.3315 0.5099 0.7938
vn -0.2460 0.3780 0.8925
vn -0.2460 0.3785 0.8923
vn -0.5377 0.8278 0.1601
vn -0.0190 0.9998 -0.0015
vn 0.3066 0.7982 -0.5186
vn 0.3032 0.7992 -0.5189
vn -0.0028 0.8386 -0.5447
vn 0.5717 0.6881 -0.4468
vn 0.1190 0.9825 -0.1430
vn 0.5856 0.6800 -0.4413
vn 0.7901 0.5141 -0.3338
vn 0.3273 0.6569 -0.6792
vn 0.8898 0.3828 -0.2486
vn 0.8898 0.3829 -0.2485
vn 0.4947 0.8589 0.1327
vn 0.0324 0.9968 -0.0731
vn 0.5446 0.8387 -0.0028
vn 0.0695 0.9969 -0.0366
vn 0.5174 0.7968 -0.3121
vn 0.1142 0.9857 -0.1236
vn 0.5181 0.7977 -0.3087
vn -0.0026 0.8388 -0.5445
vn -0.1019 0.9656 -0.2392
vn -0.3114 0.7971 -0.5174
vn -0.2494 0.9493 -0.1914
vn -0.1168 0.9867 -0.1127
vn -0.3081 0.7979 -0.5181
vn -0.4967 0.8635 0.0881
vn 0.3170 0.9380 -0.1402
vn 0.4699 0.8818 -0.0418
vn 0.4333 0.9002 -0.0443
vn 0.0188 0.9998 -0.0011
vn 0.0502 0.9488 0.3120
vn -0.6238 0.6370 -0.4529
vn -0.6960 0.5100 -0.5054
vn -0.7334 0.6367 -0.2382
vn -0.0129 0.9999 0.0009
vn -0.2149 0.9703 -0.1108
vn -0.8095 0.0070 0.5871
vn -0.5807 -0.1551 0.7992
vn -0.5877 0.0074 0.8091
vn -0.9510 0.0074 0.3090
vn -0.9063 0.3032 0.2944
vn -0.7703 0.3042 0.5604
vn -0.6951 0.6826 0.2258
vn -0.0119 0.9999 0.0002
vn 0.0110 0.9999 0.0000
vn 0.0011 1.0000 -0.0007
vn -0.5809 -0.1551 -0.7991
vn -0.5879 0.0073 -0.8089
vn -0.7991 -0.1549 -0.5809
vn -0.8089 0.0077 -0.5879
vn -0.5614 0.3019 -0.7706
vn -0.7709 0.3032 -0.5601
vn -0.4294 0.6827 -0.5912
vn -0.5914 0.6824 -0.4295
vn -0.3495 0.8044 -0.4804
vn -0.4807 0.8044 -0.3491
vn -0.4906 0.5527 -0.6736
vn -0.6736 0.5538 -0.4895
vn -0.5572 0.3193 -0.7665
vn -0.7666 0.3194 -0.5570
vn -0.4314 0.6806 -0.5922
vn -0.5903 0.6838 -0.4289
vn -0.2509 0.9044 -0.3452
vn -0.3453 0.9043 -0.2509
vn -0.2421 0.9113 -0.3332
vn -0.3332 0.9112 -0.2421
vn -0.3092 0.0074 -0.9510
vn -0.2947 0.3032 -0.9062
vn -0.2930 0.3192 -0.9013
vn -0.2255 0.6839 -0.6938
vn -0.0123 0.9998 0.0162
vn -0.0048 0.9999 0.0108
vn -0.0918 0.9957 0.0129
vn 0.0387 0.9992 -0.0030
vn 0.0039 1.0000 0.0045
vn -0.0121 0.9999 0.0013
vn 0.0057 1.0000 0.0014
vn -0.0461 0.9986 0.0241
vn -0.0114 0.9999 0.0002
vn 0.0351 0.9994 0.0016
vn -0.0175 0.9998 0.0113
vn -0.0126 0.9999 0.0004
vn -0.0136 0.9999 -0.0036
vn -0.0025 1.0000 -0.0006
vn -0.5768 -0.1560 -0.8019
vn -0.0026 1.0000 -0.0007
vn 0.7992 -0.1551 0.5807
vn 0.8090 0.0072 0.5877
vn 0.9395 -0.1552 0.3053
vn 0.9510 0.0074 0.3090
vn 0.7707 0.3035 0.5603
vn 0.5900 0.6833 0.4300
vn 0.6952 0.6824 0.2258
vn 0.4804 0.8045 0.3492
vn 0.5650 0.8044 0.1836
vn 0.6735 0.5539 0.4895
vn 0.7920 0.5537 0.2573
vn 0.7666 0.3195 0.5570
vn 0.9013 0.3194 0.2925
vn 0.5931 0.6808 0.4298
vn 0.6948 0.6838 0.2229
vn 0.3453 0.9043 0.2509
vn 0.4060 0.9043 0.1319
vn 0.3332 0.9112 0.2421
vn 0.3917 0.9113 0.1273
vn 0.5877 0.0074 0.8090
vn 0.5601 0.3035 0.7708
vn 0.5569 0.3195 0.7667
vn 0.4290 0.6836 0.5904
vn -0.0033 1.0000 0.0066
vn -0.0031 1.0000 0.0000
vn 0.0055 1.0000 0.0001
vn 0.0120 0.9999 -0.0004
vn 0.0109 0.9999 0.0030
vn -0.0011 1.0000 0.0001
vn 0.0642 0.9967 -0.0489
vn -0.0361 0.9993 0.0019
vn -0.0011 1.0000 0.0003
vn 0.0139 0.9998 -0.0108
vn 0.0025 1.0000 -0.0006
vn -0.0060 1.0000 0.0055
vn -0.0391 0.9992 -0.0003
vn -0.0031 1.0000 0.0002
vn 0.0159 0.9999 -0.0015
vn -0.0025 1.0000 -0.0025
vn -0.0000 -0.1548 0.9879
vn -0.0000 0.0078 1.0000
vn 0.3052 -0.1550 0.9396
vn 0.3089 0.0073 0.9511
vn 0.0015 0.3021 0.9533
vn 0.2944 0.3033 0.9063
vn 0.0006 0.6829 0.7305
vn 0.2257 0.6825 0.6952
vn 0.0002 0.8045 0.5940
vn 0.1835 0.8045 0.5650
vn -0.0001 0.5540 0.8325
vn 0.2573 0.5537 0.7920
vn 0.0000 0.3194 0.9476
vn 0.2929 0.3195 0.9012
vn 0.0009 0.6810 0.7323
vn 0.2256 0.6838 0.6939
vn 0.0000 0.9043 0.4269
vn 0.1319 0.9043 0.4060
vn 0.0000 0.9113 0.4118
vn 0.1272 0.9113 0.3917
vn -0.3089 0.0074 0.9511
vn -0.2944 0.3035 0.9062
vn -0.2929 0.3193 0.9013
vn -0.2255 0.6837 0.6940
vn -0.0021 1.0000 0.0002
vn -0.0079 1.0000 -0.0003
vn -0.0202 0.9998 0.0015
vn -0.0097 1.0000 0.0020
vn 0.0160 0.9999 -0.0009
vn 0.0003 1.0000 0.0001
vn -0.0118 0.9999 -0.0000
vn 0.0041 1.0000 0.0003
vn -0.0009 1.0000 -0.0004
vn -0.0084 1.0000 -0.0004
vn -0.0033 1.0000 0.0017
vn 0.0459 0.9989 -0.0013
vn 0.1155 0.9932 -0.0141
vn -0.0285 0.9854 0.1681
vn 0.9395 -0.1542 -0.3058
vn 0.9510 0.0076 -0.3090
vn 0.7995 -0.1547 -0.5805
vn 0.8091 0.0077 -0.5877
vn 0.9063 0.3035 -0.2941
vn 0.7709 0.3032 -0.5601
vn 0.6958 0.6823 -0.2243
vn 0.5912 0.6826 -0.4296
vn 0.5649 0.8045 -0.1834
vn 0.4804 0.8045 -0.3492
vn 0.7919 0.5539 -0.2572
vn 0.6737 0.5537 -0.4894
vn 0.9012 0.3196 -0.2928
vn 0.7666 0.3194 -0.5570
vn 0.6964 0.6808 -0.2272
vn 0.5907 0.6835 -0.4289
vn 0.4060 0.9043 -0.1321
vn 0.3456 0.9043 -0.2506
vn 0.3914 0.9113 -0.1275
vn 0.3327 0.9117 -0.2413
vn 1.0000 0.0073 0.0007
vn 0.9529 0.3032 0.0000
vn 0.7296 0.6839 -0.0000
vn -0.0058 0.9999 -0.0118
vn 0.0037 1.0000 0.0015
vn -0.0592 0.9982 0.0005
vn 0.0053 1.0000 0.0013
vn 0.0086 1.0000 -0.0005
vn -0.0095 1.0000 0.0003
vn 0.1513 0.9633 0.2219
vn -0.0187 0.9998 0.0011
vn 0.0070 0.9999 -0.0110
vn -0.0018 0.9998 0.0207
vn 0.0063 1.0000 0.0014
vn 0.3051 -0.1543 -0.9397
vn 0.3090 0.0072 -0.9510
vn -0.0001 -0.1554 -0.9879
vn 0.0000 0.0072 -1.0000
vn 0.2951 0.3031 -0.9061
vn 0.0001 0.3032 -0.9529
vn 0.2272 0.6830 -0.6942
vn 0.0001 0.6825 -0.7309
vn 0.1836 0.8045 -0.5648
vn 0.0001 0.8045 -0.5940
vn 0.2574 0.5539 -0.7918
vn -0.0001 0.5537 -0.8327
vn 0.2929 0.3195 -0.9012
vn 0.0001 0.3194 -0.9476
vn 0.2258 0.6849 -0.6928
vn 0.1319 0.9044 -0.4059
vn -0.0001 0.9043 -0.4269
vn 0.1272 0.9113 -0.3917
vn 0.5884 0.0073 -0.8086
vn 0.5601 0.3033 -0.7709
vn 0.5572 0.3196 -0.7664
vn 0.4291 0.6836 -0.5904
vn 0.0163 0.9999 -0.0020
vn 0.0060 1.0000 0.0001
vn 0.0140 0.9999 0.0004
vn 0.0145 0.9999 0.0014
vn 0.0338 0.9994 0.0022
vn 0.0026 1.0000 -0.0001
vn 0.0247 0.9997 -0.0003
vn -0.0366 0.9993 -0.0006
vn -0.0053 1.0000 0.0006
vn -0.0068 1.0000 -0.0004
vn 0.0185 0.9998 0.0001
vn 0.0686 0.9975 0.0191
vn -0.0133 0.9999 0.0002
vn 0.4118 0.9113 -0.0000
vn 0.3917 0.9112 -0.1273
vn 0.4060 0.9043 -0.1319
vn 0.4269 0.9043 0.0000
vn 0.6939 0.6838 -0.2255
vn -0.0080 1.0000 0.0050
vn -0.0117 0.9999 0.0013
vn -0.0115 0.9999 -0.0066
vn 0.0164 0.9999 -0.0006
vn -0.0093 1.0000 0.0011
vn -0.1272 0.9113 0.3915
vn -0.1320 0.9043 0.4060
vn -0.0000 0.6838 0.7297
vn -0.2255 0.6838 0.6939
vn 0.0023 1.0000 -0.0008
vn 0.0000 1.0000 -0.0035
vn 0.0164 0.9999 0.0016
vn 0.0055 1.0000 0.0004
vn 0.2422 0.9113 -0.3329
vn 0.1273 0.9112 -0.3917
vn 0.1319 0.9043 -0.4060
vn 0.2510 0.9043 -0.3452
vn 0.2255 0.6838 -0.6940
vn 0.4289 0.6839 -0.5902
vn -0.0066 1.0000 0.0057
vn 0.4283 0.6836 -0.5909
vn 0.0109 0.9999 -0.0008
vn 0.0044 1.0000 -0.0011
vn -0.1272 0.9112 -0.3917
vn -0.2509 0.9043 -0.3453
vn -0.4288 0.6839 -0.5903
vn -0.2256 0.6837 -0.6941
vn -0.0300 0.9995 -0.0024
vn 0.0001 1.0000 0.0006
vn 0.0451 0.9990 0.0042
vn 0.0067 1.0000 0.0002
vn 0.0032 1.0000 -0.0009
vn 0.2427 0.9113 0.3327
vn 0.3331 0.9113 0.2418
vn 0.3453 0.9044 0.2508
vn 0.2513 0.9042 0.3453
vn 0.5902 0.6839 0.4289
vn 0.0129 0.9999 0.0046
vn 0.0006 1.0000 0.0020
vn 0.0085 1.0000 0.0010
vn 0.5962 0.6808 0.4255
vn 0.0025 1.0000 -0.0011
vn -0.0168 0.9999 -0.0024
vn -0.3916 0.9113 0.1274
vn -0.3332 0.9113 0.2420
vn -0.3454 0.9043 0.2509
vn -0.4059 0.9043 0.1320
vn -0.5897 0.6846 0.4285
vn -0.2509 0.9043 0.3454
vn -0.4290 0.6837 0.5904
vn -0.0023 1.0000 -0.0022
vn 0.0124 0.9999 0.0050
vn -0.0028 1.0000 0.0009
vn 0.1439 0.8849 -0.4430
vn 0.1744 0.8261 -0.5358
vn 0.0894 0.8208 -0.5642
vn 0.0894 0.8207 -0.5643
vn 0.0892 0.8214 -0.5634
vn -0.0103 0.9999 -0.0002
vn -0.0001 1.0000 0.0028
vn 0.1439 0.8861 -0.4405
vn 0.0001 0.9929 -0.1191
vn -0.0368 0.9929 -0.1132
vn 0.0000 0.9989 -0.0479
vn -0.0428 0.9904 -0.1313
vn 0.0001 0.9905 -0.1377
vn -0.0839 0.9626 -0.2577
vn 0.0000 0.9626 -0.2711
vn -0.0812 0.9904 -0.1118
vn -0.1595 0.9625 -0.2193
vn -0.0281 0.9989 -0.0387
vn -0.1116 0.9904 -0.0812
vn -0.2191 0.9626 -0.1593
vn -0.1315 0.9904 -0.0427
vn -0.2580 0.9625 -0.0839
vn -0.1382 0.9904 -0.0000
vn -0.2712 0.9625 -0.0001
vn -0.1314 0.9904 0.0427
vn -0.2580 0.9625 0.0839
vn -0.0455 0.9989 0.0148
vn -0.1120 0.9904 0.0814
vn -0.2194 0.9625 0.1594
vn -0.0387 0.9989 0.0281
vn -0.0812 0.9904 0.1116
vn -0.1593 0.9625 0.2195
vn -0.0282 0.9988 0.0388
vn -0.0427 0.9904 0.1314
vn -0.0838 0.9625 0.2578
vn -0.0149 0.9989 0.0456
vn 0.0002 0.9904 0.1382
vn 0.0004 0.9625 0.2713
vn 0.0000 0.9989 0.0478
vn 0.0436 0.9904 0.1313
vn 0.0846 0.9624 0.2583
vn 0.0427 0.9904 -0.1313
vn 0.0837 0.9625 -0.2580
vn 0.0281 0.9989 -0.0387
vn 0.0812 0.9904 -0.1118
vn 0.1594 0.9626 -0.2192
vn 0.0387 0.9989 -0.0283
vn 0.1114 0.9905 -0.0810
vn 0.2192 0.9626 -0.1590
vn -0.0703 0.9929 0.0962
vn -0.0372 0.9929 0.1130
vn -0.0964 0.9929 -0.0700
vn -0.1133 0.9929 -0.0368
vn -0.1132 0.9929 0.0369
vn 0.0700 0.9929 -0.0963
vn 0.0964 0.9929 -0.0700
vn 0.0014 1.0000 -0.0057
vn -0.0007 1.0000 0.0024
vn 0.0029 1.0000 0.0001
vn -0.0006 1.0000 0.0052
vn -0.0003 1.0000 0.0039
vn 0.0000 1.0000 0.0076
vn -0.1190 0.9929 -0.0002
vn -0.1132 0.9929 0.0367
vn -0.0456 0.9988 0.0150
vn -0.0480 0.9988 0.0003
vn -0.2170 0.9756 0.0324
vn -0.0065 1.0000 -0.0022
vn 0.3323 -0.8271 -0.4533
vn 0.1746 -0.8250 -0.5375
vn 0.0816 -0.9648 -0.2500
vn 0.5441 -0.3785 -0.7488
vn 0.2861 -0.3784 -0.8803
vn 0.0471 -0.9986 -0.0235
vn 0.0339 0.9728 -0.2292
vn 0.0332 0.9726 -0.2302
vn -0.1942 0.9786 -0.0675
vn 0.2794 -0.9432 -0.1796
vn -0.1940 0.9786 -0.0684
vn -0.2138 0.9732 -0.0846
vn 0.1056 0.9711 -0.2139
vn -0.0258 -0.9991 -0.0344
vn 0.1070 0.9699 -0.2189
vn -0.0455 0.9990 0.0000
vn 0.0006 1.0000 0.0053
vn -0.2037 0.7522 0.6267
vn -0.0003 0.7536 0.6573
vn -0.0001 0.9338 0.3579
vn -0.2889 0.3548 0.8892
vn -0.5497 0.3534 0.7569
vn -0.3864 0.7533 0.5322
vn -0.0270 0.9996 -0.0002
vn -0.0169 0.7515 0.6595
vn -0.0094 1.0000 -0.0002
vn -0.0144 0.9999 0.0036
vn 0.0001 1.0000 -0.0066
vn 0.0307 0.9995 -0.0011
vn 0.5323 0.7525 -0.3878
vn 0.3867 0.7530 -0.5324
vn 0.2105 0.9336 -0.2901
vn 0.7568 0.3533 -0.5500
vn 0.5500 0.3529 -0.7569
vn 0.1105 0.9339 -0.3402
vn 0.2032 0.7533 -0.6255
vn -0.0178 0.9998 -0.0003
vn -0.0087 1.0000 0.0047
vn 0.5703 0.3530 -0.7417
vn -0.0088 0.9999 -0.0060
vn 0.0107 0.9999 -0.0105
vn -0.0029 1.0000 -0.0046
vn -0.0290 0.9996 -0.0013
vn -0.2038 0.7522 -0.6266
vn -0.3860 0.7539 -0.5316
vn -0.2100 0.9341 -0.2888
vn -0.2887 0.3544 -0.8894
vn -0.0002 0.7530 -0.6580
vn -0.0302 0.9993 0.0233
vn -0.4585 0.7459 -0.4831
vn -0.0419 0.9987 0.0295
vn -0.0398 0.9988 0.0275
vn -0.2947 0.3527 -0.8881
vn -0.0005 1.0000 0.0001
vn 0.0008 1.0000 0.0020
vn 0.0000 0.9999 -0.0104
vn -0.3866 0.7532 0.5321
vn -0.2032 0.7532 0.6256
vn -0.1105 0.9338 0.3402
vn -0.2103 0.9338 0.2894
vn -0.0000 1.0000 -0.0016
vn 0.0157 0.9999 -0.0020
vn -0.0002 1.0000 -0.0056
vn 0.0064 1.0000 0.0015
vn -0.2033 0.7532 -0.6256
vn -0.1105 0.9338 -0.3402
vn -0.0000 0.9338 -0.3577
vn 0.0001 1.0000 0.0037
vn 0.0071 1.0000 -0.0024
vn -0.0000 1.0000 -0.0034
vn -0.0066 1.0000 -0.0007
vn -0.7298 0.6836 0.0002
vn -0.6940 0.6838 0.2255
vn -0.9013 0.3194 0.2927
vn -0.9477 0.3193 -0.0003
vn 0.0015 1.0000 -0.0003
vn -0.9476 0.3195 -0.0000
vn -0.0008 0.9999 -0.0101
vn -0.6884 0.6878 0.2304
vn 0.0066 1.0000 0.0057
vn 0.0069 1.0000 -0.0019
vn 0.1673 0.9856 -0.0243
vn -0.0000 0.5196 -0.8544
vn -0.2640 0.5197 -0.8126
vn -0.3088 0.0396 -0.9503
vn 0.0000 0.0395 -0.9992
vn -0.2656 0.5107 -0.8177
vn -0.2978 0.2659 -0.9168
vn -0.0029 1.0000 0.0013
vn -0.0062 1.0000 0.0003
vn 0.0050 1.0000 0.0002
vn 0.0025 1.0000 0.0016
vn -0.0025 1.0000 0.0001
vn 0.5018 0.5181 0.6927
vn 0.6910 0.5199 0.5023
vn 0.8082 0.0397 0.5876
vn 0.5074 0.5104 0.6943
vn 0.5690 0.2656 0.7783
vn 0.7798 0.2659 0.5667
vn -0.0312 0.9983 0.0486
vn 0.0054 1.0000 0.0004
vn -0.0040 1.0000 -0.0006
vn -0.0122 0.9999 -0.0009
vn 0.5021 0.5198 -0.6912
vn 0.2641 0.5199 -0.8124
vn 0.3090 0.0401 -0.9502
vn 0.5871 0.0394 -0.8085
vn 0.5039 0.5106 -0.6966
vn 0.2658 0.5107 -0.8176
vn 0.5654 0.2664 -0.7806
vn 0.2980 0.2659 -0.9168
vn 0.0646 0.9975 0.0284
vn 0.0045 1.0000 -0.0003
vn 0.0027 1.0000 0.0007
vn -0.0020 1.0000 -0.0026
vn -0.0088 1.0000 0.0012
vn -0.8138 0.5182 0.2631
vn -0.6912 0.5198 0.5020
vn -0.8085 0.0400 0.5871
vn -0.8172 0.5106 0.2672
vn -0.6956 0.5107 0.5053
vn -0.9164 0.2663 0.2989
vn -0.7799 0.2659 0.5666
vn -0.0141 0.9993 -0.0355
vn -0.0162 0.9999 -0.0003
vn 0.0040 1.0000 0.0001
vn -0.0001 0.5196 0.8544
vn 0.3087 0.0395 0.9503
vn 0.0000 0.5107 0.8598
vn 0.2657 0.5107 0.8176
vn 0.0000 0.2658 0.9640
vn 0.2980 0.2659 0.9168
vn 0.3185 0.0396 0.9471
vn -0.0038 1.0000 -0.0019
vn -0.0105 0.9999 0.0003
vn 0.0198 0.9998 -0.0020
vn 0.0056 1.0000 0.0004
vn 0.0030 1.0000 0.0007
vn -0.0221 0.9998 0.0011
vn -0.0102 0.9999 0.0054
vn 0.8131 0.5181 0.2654
vn 0.8543 0.5197 -0.0043
vn 0.9992 0.0394 0.0002
vn 0.8183 0.5106 0.2639
vn 0.8596 0.5109 0.0038
vn 0.9172 0.2663 0.2962
vn 0.9639 0.2662 0.0010
vn -0.0074 1.0000 -0.0034
vn -0.8130 0.5182 -0.2654
vn -0.8542 0.5199 -0.0002
vn -0.9992 0.0401 -0.0005
vn -0.8177 0.5107 -0.2657
vn -0.8597 0.5108 -0.0000
vn -0.9168 0.2658 -0.2979
vn -0.9640 0.2659 -0.0000
vn -0.0027 0.9997 0.0253
vn -0.9853 0.0412 -0.1659
vn -0.0024 0.9997 0.0253
vn 0.0013 0.9994 -0.0351
vn 0.0133 0.9999 0.0009
vn -0.0010 1.0000 0.0001
vn -0.0076 1.0000 -0.0032
vn -0.5038 0.5181 0.6912
vn -0.2640 0.5196 0.8126
vn -0.3087 0.0391 0.9504
vn -0.5051 0.5109 0.6956
vn -0.2656 0.5107 0.8177
vn -0.5676 0.2667 0.7789
vn -0.2979 0.2659 0.9168
vn 0.0044 1.0000 0.0062
vn 0.0200 0.9998 -0.0006
vn -0.0054 1.0000 0.0007
vn -0.6912 0.5197 -0.5022
vn -0.8084 0.0394 -0.5873
vn -0.5873 0.0394 -0.8084
vn -0.6956 0.5107 -0.5053
vn -0.5666 0.2659 -0.7799
vn -0.7800 0.2658 -0.5665
vn 0.0005 1.0000 -0.0005
vn 0.0257 0.9997 -0.0002
vn -0.0136 0.9999 -0.0001
vn -0.0015 1.0000 0.0012
vn -0.2573 0.5537 -0.7919
vn -0.2929 0.3194 -0.9012
vn -0.4895 0.5536 -0.6737
vn -0.3493 0.8044 -0.4806
vn -0.1836 0.8045 -0.5649
vn -0.4297 0.6824 -0.5913
vn -0.2260 0.6825 -0.6951
vn -0.5600 0.3033 -0.7710
vn -0.2946 0.3030 -0.9063
vn -0.0144 0.9999 0.0021
vn -0.0306 0.9995 0.0016
vn 0.0012 1.0000 0.0022
vn 0.0280 0.9996 0.0016
vn -0.0290 0.9996 -0.0018
vn 0.0008 1.0000 -0.0047
vn 0.0047 1.0000 -0.0004
vn -0.2950 0.3191 -0.9006
vn -0.0059 1.0000 0.0002
vn -0.0093 1.0000 -0.0017
vn 0.4895 0.5537 -0.6737
vn 0.5570 0.3198 -0.7664
vn 0.2580 0.5553 -0.7907
vn 0.1837 0.8044 -0.5650
vn 0.3493 0.8044 -0.4806
vn 0.2260 0.6825 -0.6951
vn 0.4296 0.6824 -0.5914
vn 0.2948 0.3033 -0.9062
vn 0.5599 0.3033 -0.7710
vn 0.0252 0.9997 -0.0021
vn -0.0340 0.9994 0.0005
vn 0.0349 0.9994 0.0039
vn 0.0138 0.9999 0.0002
vn 0.0762 0.9964 0.0360
vn 0.0079 1.0000 -0.0005
vn -0.0226 0.9997 0.0081
vn -0.2573 0.5537 0.7919
vn -0.2929 0.3193 0.9012
vn 0.0000 0.5537 0.8327
vn -0.0002 0.8045 0.5940
vn -0.0003 0.6825 0.7309
vn -0.2259 0.6825 0.6951
vn -0.0001 0.3032 0.9529
vn -0.2945 0.3032 0.9063
vn -0.0139 0.9999 -0.0004
vn -0.0550 0.9985 -0.0014
vn 0.0008 1.0000 -0.0042
vn -0.2966 0.3191 0.9001
vn -0.0023 1.0000 0.0012
vn -0.0136 0.9999 -0.0010
vn 0.0091 1.0000 -0.0000
vn 0.4893 0.5537 0.6737
vn 0.5569 0.3194 0.7667
vn 0.6721 0.5556 0.4895
vn 0.4808 0.8044 0.3490
vn 0.3492 0.8044 0.4805
vn 0.5914 0.6824 0.4296
vn 0.4296 0.6825 0.5913
vn 0.7709 0.3033 0.5602
vn 0.5600 0.3033 0.7710
vn 0.0147 0.9999 -0.0016
vn -0.0341 0.9994 0.0002
vn 0.0020 1.0000 0.0088
vn -0.0221 0.9998 0.0002
vn 0.0528 0.9986 -0.0003
vn -0.0014 1.0000 0.0001
vn 0.0349 0.9994 -0.0020
vn 0.8327 0.5537 -0.0001
vn 0.9476 0.3194 -0.0001
vn 0.7920 0.5538 -0.2571
vn 0.5651 0.8044 -0.1834
vn 0.5938 0.8046 0.0000
vn 0.6951 0.6825 -0.2258
vn 0.7307 0.6827 0.0000
vn 0.9063 0.3033 -0.2945
vn 0.9529 0.3033 0.0000
vn -0.0302 0.9995 0.0006
vn -0.0150 0.9999 0.0012
vn -0.2084 0.9768 0.0487
vn -0.0043 1.0000 -0.0003
vn -0.0186 0.9998 -0.0036
vn -0.7921 0.5536 0.2573
vn -0.6737 0.5537 0.4894
vn -0.4807 0.8044 0.3492
vn -0.5649 0.8045 0.1835
vn -0.5910 0.6829 0.4294
vn -0.3492 0.8045 0.4805
vn -0.4297 0.6824 0.5913
vn 0.0024 1.0000 0.0066
vn 0.0001 1.0000 -0.0015
vn 0.0164 0.9999 0.0025
vn 0.0020 1.0000 -0.0012
vn -0.0194 0.9996 -0.0211
vn -0.7920 0.5536 -0.2573
vn -0.8326 0.5538 0.0000
vn -0.5940 0.8045 -0.0000
vn -0.5650 0.8044 -0.1836
vn -0.0000 1.0000 -0.0007
vn 0.0186 0.9998 -0.0003
vn 0.0014 1.0000 0.0006
vn -0.0056 1.0000 -0.0011
vn 0.5951 -0.6766 0.4336
vn 0.7605 -0.3405 0.5528
vn 0.6993 -0.6778 0.2269
vn 0.8944 -0.3400 0.2906
vn 0.5272 -0.8324 0.1707
vn 0.4487 -0.8317 0.3269
vn 0.5281 -0.8318 0.1708
vn 0.4490 -0.8318 0.3263
vn 0.0247 0.9997 -0.0015
vn 0.0169 0.9999 -0.0022
vn -0.0049 1.0000 -0.0020
vn 0.8909 -0.3479 0.2921
vn 0.0129 0.9999 0.0002
vn 0.2651 0.9468 -0.1825
vn 0.4558 0.7819 -0.4254
vn 0.2273 -0.6777 -0.6993
vn 0.2908 -0.3400 -0.8944
vn -0.0000 -0.6777 -0.7353
vn -0.0000 -0.3400 -0.9404
vn 0.0001 -0.8323 -0.5544
vn 0.1713 -0.8324 -0.5270
vn 0.0002 -0.8320 -0.5548
vn 0.1717 -0.8318 -0.5279
vn -0.0214 0.9998 -0.0017
vn 0.0124 0.9999 0.0014
vn -0.0000 1.0000 0.0012
vn -0.0525 0.9986 -0.0015
vn -0.0113 0.9999 -0.0018
vn 0.2274 -0.6780 0.6990
vn 0.2910 -0.3406 0.8940
vn 0.4321 -0.6778 0.5949
vn 0.5525 -0.3398 0.7611
vn 0.3258 -0.8324 0.4483
vn 0.1712 -0.8324 0.5270
vn 0.3264 -0.8317 0.4492
vn 0.1715 -0.8318 0.5280
vn 0.0135 0.9999 0.0011
vn -0.0126 0.9999 -0.0017
vn -0.0169 0.9999 0.0003
vn 0.0022 1.0000 0.0000
vn -0.2818 0.7832 -0.5543
vn -0.1284 0.9893 0.0685
vn 0.0177 0.9998 0.0016
vn -0.7351 -0.6780 -0.0025
vn -0.9404 -0.3401 0.0001
vn -0.6998 -0.6771 0.2274
vn -0.5268 -0.8326 0.1709
vn -0.4483 -0.8323 0.3259
vn -0.4493 -0.8316 0.3265
vn -0.5540 -0.8325 0.0000
vn -0.5553 -0.8317 -0.0004
vn -0.3276 -0.8318 0.4482
vn -0.3270 -0.8321 0.4480
vn -0.3148 -0.8362 0.4491
vn -0.0072 1.0000 -0.0032
vn -0.0102 0.9999 -0.0006
vn -0.9400 -0.3384 -0.0431
vn 0.0000 1.0000 0.0096
vn 0.0009 0.9998 -0.0174
vn 0.5949 -0.6777 -0.4322
vn 0.7608 -0.3400 -0.5528
vn 0.4323 -0.6777 -0.5949
vn 0.5528 -0.3400 -0.7608
vn 0.3258 -0.8323 -0.4485
vn 0.4484 -0.8324 -0.3257
vn 0.3260 -0.8321 -0.4487
vn 0.4492 -0.8317 -0.3263
vn -0.0049 1.0000 0.0006
vn -0.0239 0.9997 0.0006
vn 0.5602 -0.3387 -0.7560
vn -0.0017 1.0000 -0.0011
vn -0.0004 1.0000 -0.0024
vn 0.0287 0.9996 -0.0037
vn -0.0168 0.9999 -0.0009
vn 0.7354 -0.6777 -0.0000
vn 0.9404 -0.3400 -0.0000
vn 0.8944 -0.3400 -0.2906
vn 0.5273 -0.8323 -0.1708
vn 0.5541 -0.8325 -0.0000
vn 0.5284 -0.8317 -0.1707
vn 0.5550 -0.8318 -0.0000
vn 0.0156 0.9999 0.0013
vn -0.0246 0.9997 -0.0020
vn 0.0085 1.0000 -0.0015
vn 0.0043 1.0000 -0.0004
vn 0.0038 1.0000 -0.0006
vn 0.0001 1.0000 -0.0044
vn -0.2273 -0.6777 0.6994
vn -0.2907 -0.3400 0.8944
vn 0.0000 -0.3400 0.9404
vn -0.0012 -0.8321 0.5546
vn -0.1713 -0.8324 0.5270
vn -0.0023 -0.8316 0.5553
vn -0.1715 -0.8318 0.5279
vn 0.0148 0.9999 -0.0011
vn 0.0035 1.0000 0.0015
vn -0.0024 1.0000 0.0008
vn 0.0226 0.9997 0.0022
vn -0.5949 -0.6773 -0.4328
vn -0.7610 -0.3385 -0.5534
vn -0.6995 -0.6775 -0.2273
vn -0.8945 -0.3401 -0.2901
vn -0.5270 -0.8324 -0.1713
vn -0.4488 -0.8326 -0.3246
vn -0.5282 -0.8316 -0.1715
vn -0.4506 -0.8313 -0.3255
vn 0.0152 0.9999 0.0013
vn 0.0083 1.0000 -0.0015
vn 0.0051 1.0000 0.0003
vn -0.0533 0.9950 0.0848
vn -0.5964 -0.6765 0.4320
vn -0.7606 -0.3401 0.5530
vn -0.4323 -0.6765 0.5962
vn -0.3262 -0.8322 0.4484
vn -0.4484 -0.8323 0.3259
vn -0.6994 -0.6777 0.2272
vn -0.8944 -0.3400 0.2906
vn -0.9404 -0.3401 0.0000
vn -0.0047 1.0000 0.0008
vn -0.0024 1.0000 0.0007
vn 0.0000 1.0000 0.0033
vn 0.0505 0.9976 0.0468
vn -0.2272 -0.6777 -0.6994
vn -0.2905 -0.3400 -0.8944
vn -0.5527 -0.3400 -0.7608
vn -0.3256 -0.8323 -0.4487
vn -0.1712 -0.8324 -0.5270
vn -0.3257 -0.8320 -0.4492
vn -0.1715 -0.8318 -0.5280
vn -0.0225 0.9997 -0.0011
vn -0.0272 0.9996 -0.0029
vn -0.0147 0.9999 0.0008
vn -0.0007 1.0000 -0.0005
vn -0.0228 0.9997 0.0011
vn -0.0087 1.0000 -0.0003
vn -0.5400 -0.8232 -0.1752
vn -0.8803 -0.3785 -0.2860
vn -0.5651 -0.8250 0.0001
vn -0.9256 -0.3785 0.0001
vn -0.9510 -0.0091 -0.3089
vn -1.0000 -0.0092 0.0004
vn -0.9476 0.0852 -0.3080
vn -0.7475 -0.3797 -0.5450
vn -0.8090 -0.0096 -0.5877
vn -0.8062 0.0846 -0.5856
vn -0.0133 0.9989 -0.0444
vn -0.0027 1.0000 -0.0065
vn -0.0063 1.0000 -0.0004
vn -0.0015 1.0000 -0.0002
vn 0.4585 -0.8240 0.3328
vn 0.7488 -0.3785 0.5441
vn 0.5373 -0.8251 0.1747
vn 0.8804 -0.3784 0.2860
vn 0.8083 -0.0091 0.5887
vn 0.9514 -0.0096 0.3079
vn 0.8060 0.0851 0.5857
vn 0.9479 0.0843 0.3072
vn 0.5426 -0.3797 0.7493
vn 0.5877 -0.0095 0.8090
vn 0.5856 0.0846 0.8061
vn 0.0485 0.9988 -0.0005
vn 0.0046 1.0000 0.0084
vn 0.0018 1.0000 0.0010
vn 0.0014 1.0000 0.0003
vn -0.0076 1.0000 0.0002
vn 0.1313 0.9892 0.0649
vn 0.4729 0.8676 -0.1536
vn 0.4801 0.8739 -0.0761
vn 0.6790 0.6569 0.3277
vn -0.2441 0.9665 0.0792
vn -0.3223 0.9452 0.0512
vn -0.0003 1.0000 0.0088
vn -0.0540 0.9984 0.0145
vn -0.0760 0.8739 -0.4801
vn 0.3277 0.6569 -0.6790
vn -0.1537 0.8676 -0.4729
vn 0.0790 0.9665 0.2442
vn 0.0517 0.9453 0.3222
vn 0.0014 1.0000 -0.0021
vn 0.0759 0.8739 0.4802
vn -0.3279 0.6569 0.6789
vn 0.1536 0.8676 0.4729
vn -0.0792 0.9665 -0.2441
vn -0.0511 0.9453 -0.3223
vn -0.0127 0.9999 0.0014
vn -0.4803 0.8738 0.0761
vn -0.6790 0.6570 -0.3277
vn -0.4725 0.8679 0.1533
vn 0.2441 0.9665 -0.0793
vn 0.3223 0.9452 -0.0510
vn 0.0424 0.9989 -0.0222
vn 0.3202 0.9416 -0.1041
vn 0.2723 0.9417 -0.1978
vn 0.1979 0.9416 -0.2724
vn 0.1041 0.9416 -0.3204
vn -0.0001 0.9414 -0.3372
vn -0.1043 0.9416 -0.3203
vn -0.1981 0.9415 -0.2725
vn -0.2724 0.9416 -0.1980
vn 0.3369 0.9416 -0.0001
vn 0.3204 0.9415 0.1042
vn 0.2726 0.9415 0.1980
vn 0.1981 0.9416 0.2725
vn 0.1040 0.9416 0.3204
vn -0.0002 0.9417 0.3364
vn -0.1042 0.9415 0.3205
vn -0.3203 0.9416 -0.1041
vn -0.1982 0.9415 0.2726
vn -0.2727 0.9415 0.1981
vn -0.3369 0.9415 -0.0001
vn -0.3205 0.9415 0.1042
vn -0.5254 0.8509 -0.0000
vn -0.4995 0.8510 -0.1624
vn -0.4998 0.8508 0.1624
vn -0.4251 0.8508 -0.3089
vn -0.3087 0.8509 -0.4250
vn -0.1623 0.8507 -0.4999
vn -0.0001 0.8507 -0.5256
vn 0.1627 0.8508 -0.4997
vn 0.3087 0.8509 -0.4252
vn 0.4247 0.8510 -0.3088
vn 0.4998 0.8508 -0.1624
vn 0.5254 0.8508 -0.0000
vn 0.4998 0.8508 0.1624
vn 0.4254 0.8507 0.3088
vn 0.3090 0.8508 0.4250
vn 0.1625 0.8509 0.4996
vn -0.0001 0.8510 0.5252
vn -0.1623 0.8510 0.4995
vn -0.3090 0.8509 0.4249
vn -0.4253 0.8508 0.3088
vn 0.5833 0.7983 0.1499
vn 0.3871 0.8386 0.3834
vn 0.3872 0.8387 0.3830
vn 0.1502 0.7985 0.5829
vn 0.1542 0.7999 0.5801
vn -0.0016 1.0000 0.0004
vn -0.6951 0.6825 -0.2259
vn -0.7308 0.6826 0.0000
vn -0.9529 0.3033 0.0000
vn -0.9063 0.3032 -0.2945
vn -0.0012 1.0000 0.0017
vn 0.0126 0.9999 0.0001
vn 0.0065 1.0000 0.0051
vn -0.0042 1.0000 -0.0001
vn 0.9272 -0.3745 -0.0002
vn 0.7888 -0.6147 -0.0002
vn 0.8821 -0.3745 -0.2858
vn 0.7502 -0.6147 -0.2438
vn 0.7502 -0.6147 0.2438
vn 0.8818 -0.3742 0.2870
vn 0.6382 -0.6146 0.4636
vn 0.7502 -0.3743 0.5451
vn 0.4637 -0.6147 0.6381
vn 0.5453 -0.3747 0.7498
vn 0.2437 -0.6145 0.7503
vn 0.2862 -0.3746 0.8819
vn -0.0005 -0.6146 0.7888
vn 0.0000 -0.3746 0.9272
vn -0.2436 -0.6147 0.7502
vn -0.2863 -0.3748 0.8818
vn -0.4632 -0.6148 0.6383
vn -0.5454 -0.3745 0.7499
vn -0.6382 -0.6144 0.4640
vn -0.7501 -0.3744 0.5451
vn -0.7502 -0.6146 0.2439
vn -0.8819 -0.3746 0.2863
vn -0.7888 -0.6147 -0.0002
vn -0.9272 -0.3746 0.0002
vn -0.7501 -0.6146 -0.2440
vn -0.8818 -0.3747 -0.2865
vn -0.6380 -0.6148 -0.4637
vn -0.7502 -0.3748 -0.5448
vn -0.4637 -0.6146 -0.6382
vn -0.5449 -0.3744 -0.7502
vn -0.2436 -0.6146 -0.7503
vn -0.2865 -0.3745 -0.8818
vn 0.0001 -0.6146 -0.7888
vn -0.0001 -0.3744 -0.9273
vn 0.2440 -0.6147 -0.7501
vn 0.2865 -0.3744 -0.8819
vn 0.4637 -0.6149 -0.6379
vn 0.5450 -0.3745 -0.7502
vn 0.6381 -0.6147 -0.4636
vn 0.7502 -0.3744 -0.5450
vn 0.9437 -0.1250 -0.3064
vn 0.9922 -0.1249 -0.0001
vn 0.9436 -0.1251 0.3066
vn 0.8028 -0.1251 0.5830
vn 0.5832 -0.1250 0.8026
vn 0.3064 -0.1254 0.9436
vn 0.0000 -0.1251 0.9921
vn -0.3071 -0.1250 0.9434
vn -0.5834 -0.1254 0.8025
vn -0.8025 -0.1254 0.5833
vn -0.9437 -0.1245 0.3065
vn -0.9922 -0.1250 -0.0001
vn -0.9436 -0.1253 -0.3066
vn -0.8026 -0.1247 -0.5833
vn -0.5831 -0.1249 -0.8027
vn -0.3071 -0.1248 -0.9435
vn 0.0000 -0.1249 -0.9922
vn 0.3066 -0.1247 -0.9436
vn 0.5832 -0.1249 -0.8026
vn 0.8027 -0.1251 -0.5831
vn 0.7501 -0.6146 -0.2440
vn 0.8809 -0.3747 -0.2890
vn 0.9437 -0.1252 -0.3063
vn 0.0164 0.9999 0.0013
usemtl woodlight4
s 1
f 1/1/1 2/2/2 3/3/3
f 1/1/1 3/3/3 4/4/4
f 1/1/1 4/4/4 5/5/5
f 5/5/5 4/4/4 6/6/6
f 5/5/5 6/6/6 7/7/7
f 7/8/7 6/9/6 8/10/8
f 7/8/7 8/10/8 9/11/9
f 9/11/9 8/10/8 10/12/10
f 9/11/9 10/12/10 11/13/11
f 11/13/11 10/12/10 12/14/12
f 11/13/11 12/14/12 13/15/13
f 13/15/13 12/14/12 14/16/14
f 13/15/13 14/16/14 15/17/15
f 15/17/15 14/16/14 16/18/16
f 15/17/15 16/18/16 17/19/17
f 17/19/17 16/18/16 18/20/18
f 17/19/17 18/20/18 19/21/19
f 19/21/19 18/20/18 20/22/20
f 19/21/19 20/22/20 21/23/21
f 21/24/21 20/25/20 22/26/22
f 21/24/21 22/26/22 23/27/23
f 23/27/23 22/26/22 24/28/24
f 23/27/23 24/28/24 25/29/25
f 25/29/25 24/28/24 26/30/26
f 25/29/25 26/30/26 27/31/27
f 27/32/27 26/33/26 28/34/28
f 27/32/27 28/34/28 29/35/29
f 29/35/29 28/34/28 30/36/30
f 29/35/29 30/36/30 31/37/31
f 2/2/2 1/1/1 32/38/32
f 1/1/1 5/5/5 32/38/32
f 31/39/31 30/40/30 33/41/33
f 31/39/31 33/41/33 34/42/34
f 2/2/2 32/38/32 35/43/35
f 2/2/2 35/43/35 36/44/36
f 36/44/36 35/43/35 37/45/37
f 36/44/36 37/45/37 38/46/38
f 38/46/38 37/45/37 39/47/39
f 38/46/38 39/47/39 40/48/40
f 40/48/40 39/47/39 41/49/41
f 40/48/40 41/49/41 42/50/42
f 42/51/42 41/52/41 43/53/43
f 42/51/42 43/53/43 44/54/44
f 44/54/44 43/53/43 45/55/45
f 44/54/44 45/55/45 46/56/46
f 46/56/46 45/55/45 47/57/47
f 46/56/46 47/57/47 48/58/48
f 48/58/48 47/57/47 49/59/49
f 48/58/48 49/59/49 50/60/50
f 50/60/50 49/59/49 51/61/51
f 50/60/50 51/61/51 52/62/52
f 52/62/52 51/61/51 53/63/53
f 52/62/52 53/63/53 54/64/54
f 54/65/54 53/66/53 55/67/55
f 54/65/54 55/67/55 56/68/56
f 56/68/56 55/67/55 57/69/57
f 56/68/56 57/69/57 58/70/58
f 58/70/58 57/69/57 59/71/59
f 58/70/58 59/71/59 60/72/60
f 60/73/60 59/74/59 61/75/61
f 60/73/60 61/75/61 62/76/62
f 62/76/62 61/75/61 63/77/63
f 62/76/62 63/77/63 64/78/64
f 2/2/2 36/44/36 65/79/65
f 36/44/36 38/46/38 65/79/65
f 64/80/64 63/81/63 66/82/66
f 64/80/64 66/82/66 67/83/67
f 2/2/2 65/79/65 68/84/68
f 2/2/2 68/84/68 69/85/69
f 69/85/69 68/84/68 70/86/70
f 69/85/69 70/86/70 71/87/71
f 71/87/71 70/86/70 72/88/72
f 71/87/71 72/88/72 73/89/73
f 73/90/73 72/91/72 74/92/74
f 73/90/73 74/92/74 75/93/75
f 75/93/75 74/92/74 76/94/76
f 75/93/75 76/94/76 77/95/77
f 77/95/77 76/94/76 78/96/78
f 77/95/77 78/96/78 79/97/79
f 79/97/79 78/96/78 80/98/80
f 79/97/79 80/98/80 81/99/81
f 81/99/81 80/98/80 82/100/82
f 81/99/81 82/100/82 83/101/83
f 83/101/83 82/100/82 84/102/84
f 83/101/83 84/102/84 85/103/85
f 85/103/85 84/102/84 86/104/86
f 85/103/85 86/104/86 87/105/87
f 87/106/87 86/107/86 88/108/88
f 87/106/87 88/108/88 89/109/89
f 89/109/89 88/108/88 90/110/90
f 89/109/89 90/110/90 91/111/91
f 91/111/91 90/110/90 92/112/92
f 91/111/91 92/112/92 93/113/93
f 93/114/93 92/115/92 94/116/94
f 93/114/93 94/116/94 95/117/95
f 95/117/95 94/116/94 96/118/96
f 95/117/95 96/118/96 97/119/97
f 2/2/2 69/85/69 98/120/98
f 69/85/69 71/87/71 98/120/98
f 97/121/97 96/122/96 99/123/99
f 97/121/97 99/123/99 100/124/100
f 2/2/2 98/120/98 101/125/101
f 2/2/2 101/125/101 102/126/102
f 102/126/102 101/125/101 103/127/103
f 102/126/102 103/127/103 104/128/104
f 104/128/104 103/127/103 105/129/105
f 104/128/104 105/129/105 106/130/106
f 106/131/106 105/132/105 107/133/107
f 106/131/106 107/133/107 108/134/108
f 108/134/108 107/133/107 109/135/109
f 108/134/108 109/135/109 110/136/110
f 110/136/110 109/135/109 111/137/111
f 110/136/110 111/137/111 112/138/112
f 112/138/112 111/137/111 113/139/113
f 112/138/112 113/139/113 114/140/114
f 114/140/114 113/139/113 115/141/115
f 114/140/114 115/141/115 116/142/116
f 116/142/116 115/141/115 117/143/117
f 116/142/116 117/143/117 118/144/118
f 118/144/118 117/143/117 119/145/119
f 118/144/118 119/145/119 120/146/120
f 120/146/120 119/145/119 121/147/121
f 120/146/120 121/147/121 122/148/122
f 122/149/122 121/150/121 123/151/123
f 122/149/122 123/151/123 124/152/124
f 124/152/124 123/151/123 125/153/125
f 124/152/124 125/153/125 126/154/126
f 126/155/126 125/156/125 127/157/127
f 126/155/126 127/157/127 128/158/128
f 128/158/128 127/157/127 129/159/129
f 128/158/128 129/159/129 130/160/130
f 2/2/2 102/126/102 131/161/131
f 102/126/102 104/128/104 131/161/131
f 130/162/130 129/163/129 132/164/132
f 130/162/130 132/164/132 133/165/133
f 2/2/2 131/161/131 134/166/134
f 2/2/2 134/166/134 135/167/135
f 135/167/135 134/166/134 136/168/136
f 135/167/135 136/168/136 137/169/137
f 137/169/137 136/168/136 138/170/138
f 137/169/137 138/170/138 139/171/139
f 139/172/139 138/173/138 140/174/140
f 139/172/139 140/174/140 141/175/141
f 141/175/141 140/174/140 142/176/142
f 141/175/141 142/176/142 143/177/143
f 143/177/143 142/176/142 144/178/144
f 143/177/143 144/178/144 145/179/145
f 145/179/145 144/178/144 146/180/146
f 145/179/145 146/180/146 147/181/147
f 147/181/147 146/180/146 148/182/148
f 147/181/147 148/182/148 149/183/149
f 149/183/149 148/182/148 150/184/150
f 149/183/149 150/184/150 151/185/151
f 151/185/151 150/184/150 152/186/152
f 151/185/151 152/186/152 153/187/153
f 153/188/153 152/189/152 154/190/154
f 153/188/153 154/190/154 155/191/155
f 155/191/155 154/190/154 156/192/156
f 155/191/155 156/192/156 157/193/157
f 157/193/157 156/192/156 158/194/158
f 157/193/157 158/194/158 159/195/159
f 159/196/159 158/197/158 160/198/160
f 159/196/159 160/198/160 161/199/161
f 161/199/161 160/198/160 162/200/162
f 161/199/161 162/200/162 163/201/163
f 2/2/2 135/167/135 164/202/164
f 135/167/135 137/169/137 164/202/164
f 163/203/163 162/204/162 165/205/165
f 163/203/163 165/205/165 166/206/166
f 2/2/2 164/202/164 167/207/167
f 2/2/2 167/207/167 168/208/168
f 168/208/168 167/207/167 169/209/169
f 168/208/168 169/209/169 170/210/170
f 170/210/170 169/209/169 171/211/171
f 170/210/170 171/211/171 172/212/172
f 172/213/172 171/214/171 173/215/173
f 172/213/172 173/215/173 174/216/174
f 174/216/174 173/215/173 175/217/175
f 174/216/174 175/217/175 176/218/176
f 176/218/176 175/217/175 177/219/177
f 176/218/176 177/219/177 178/220/178
f 178/220/178 177/219/177 179/221/179
f 178/220/178 179/221/179 180/222/180
f 180/222/180 179/221/179 181/223/181
f 180/222/180 181/223/181 182/224/182
f 182/224/182 181/223/181 183/225/183
f 182/224/182 183/225/183 184/226/184
f 184/226/184 183/225/183 185/227/185
f 184/226/184 185/227/185 186/228/186
f 186/229/186 185/230/185 187/231/187
f 186/229/186 187/231/187 188/232/188
f 188/232/188 187/231/187 189/233/189
f 188/232/188 189/233/189 190/234/190
f 190/234/190 189/233/189 191/235/191
f 190/234/190 191/235/191 192/236/192
f 192/237/192 191/238/191 193/239/193
f 192/237/192 193/239/193 194/240/194
f 194/240/194 193/239/193 195/241/195
f 194/240/194 195/241/195 196/242/196
f 2/2/2 168/208/168 197/243/197
f 168/208/168 170/210/170 197/243/197
f 196/244/196 195/245/195 198/246/198
f 196/244/196 198/246/198 199/247/199
f 2/2/2 197/243/197 200/248/200
f 2/2/2 200/248/200 201/249/201
f 2/2/2 201/249/201 202/250/202
f 202/250/202 201/249/201 203/251/203
f 202/250/202 203/251/203 204/252/204
f 204/253/204 203/254/203 205/255/205
f 204/253/204 205/255/205 206/256/206
f 206/256/206 205/255/205 207/257/207
f 206/256/206 207/257/207 208/258/208
f 208/258/208 207/257/207 209/259/209
f 208/258/208 209/259/209 210/260/210
f 210/260/210 209/259/209 211/261/211
f 210/260/210 211/261/211 212/262/212
f 212/262/212 211/261/211 213/263/213
f 212/262/212 213/263/213 214/264/214
f 214/264/214 213/263/213 215/265/215
f 214/264/214 215/265/215 216/266/216
f 216/266/216 215/265/215 217/267/217
f 216/266/216 217/267/217 218/268/218
f 218/269/218 217/270/217 219/271/219
f 218/269/218 219/271/219 220/272/220
f 220/272/220 219/271/219 221/273/221
f 220/272/220 221/273/221 222/274/222
f 222/274/222 221/273/221 223/275/223
f 222/274/222 223/275/223 224/276/224
f 224/277/224 223/278/223 225/279/225
f 224/277/224 225/279/225 226/280/226
f 226/280/226 225/279/225 227/281/227
f 226/280/226 227/281/227 228/282/228
f 228/283/228 227/284/227 229/285/229
f 228/283/228 229/285/229 230/286/230
f 230/286/230 229/285/229 231/287/231
f 230/286/230 231/287/231 232/288/232
f 199/247/199 198/246/198 233/289/233
f 199/247/199 233/289/233 234/290/234
f 133/165/133 132/164/132 235/291/235
f 133/165/133 235/291/235 236/292/236
f 166/206/166 165/205/165 237/293/237
f 166/206/166 237/293/237 238/294/238
f 100/124/100 99/123/99 239/295/239
f 100/124/100 239/295/239 240/296/240
f 67/83/67 66/82/66 241/297/241
f 67/83/67 241/297/241 242/298/242
f 34/42/34 33/41/33 243/299/243
f 34/42/34 243/299/243 244/300/244
f 232/288/232 231/287/231 245/301/245
f 232/288/232 245/301/245 246/302/246
f 234/290/234 233/289/233 247/303/247
f 234/290/234 247/303/247 248/304/248
f 238/294/238 237/293/237 249/305/249
f 238/294/238 249/305/249 250/306/250
f 240/296/240 239/295/239 251/307/251
f 240/296/240 251/307/251 252/308/252
f 236/292/236 235/291/235 253/309/253
f 236/292/236 253/309/253 254/310/254
f 242/298/242 241/297/241 255/311/255
f 242/298/242 255/311/255 256/312/256
f 244/300/244 243/299/243 257/313/257
f 244/300/244 257/313/257 258/314/258
f 246/315/246 245/316/245 259/317/259
f 248/318/248 247/319/247 260/320/260
f 254/310/254 253/309/253 261/321/261
f 252/308/252 251/307/251 262/322/262
f 256/323/256 255/324/255 263/325/263
f 256/323/256 263/325/263 264/326/264
f 258/314/258 257/313/257 265/327/265
f 250/306/250 249/305/249 266/328/266
f 259/317/259 245/316/245 267/329/267
f 259/317/259 267/329/267 268/330/268
f 260/320/260 247/319/247 269/331/269
f 260/320/260 269/331/269 270/332/270
f 266/328/266 249/305/249 271/333/271
f 266/328/266 271/333/271 272/334/272
f 262/322/262 251/307/251 273/335/273
f 262/322/262 273/335/273 274/336/274
f 264/326/264 263/325/263 275/337/275
f 261/321/261 253/309/253 276/338/276
f 261/321/261 276/338/276 277/339/277
f 265/327/265 257/313/257 278/340/278
f 265/327/265 278/340/278 279/341/279
f 268/342/268 267/343/267 280/344/280
f 268/342/268 280/344/280 281/345/281
f 281/345/281 280/344/280 282/346/282
f 281/345/281 282/346/282 283/347/283
f 283/347/283 282/346/282 284/348/284
f 283/347/283 284/348/284 285/349/285
f 285/349/285 284/348/284 286/350/286
f 285/349/285 286/350/286 287/351/287
f 287/352/287 286/353/286 288/354/288
f 287/352/287 288/354/288 289/355/289
f 289/356/289 288/357/288 290/358/290
f 289/356/289 290/358/290 291/359/291
f 279/341/279 278/340/278 292/360/292
f 279/341/279 292/360/292 293/361/293
f 293/361/293 292/360/292 294/362/294
f 293/361/293 294/362/294 295/363/295
f 295/363/295 294/362/294 296/364/296
f 295/363/295 296/364/296 297/365/297
f 297/365/297 296/364/296 298/366/298
f 297/365/297 298/366/298 299/367/299
f 299/367/299 298/366/298 300/368/300
f 299/367/299 300/368/300 301/369/301
f 301/369/301 300/368/300 302/370/302
f 301/369/301 302/370/302 303/371/303
f 274/336/274 273/335/273 304/372/304
f 274/336/274 304/372/304 305/373/305
f 305/373/305 304/372/304 306/374/306
f 305/373/305 306/374/306 307/375/307
f 307/375/307 306/374/306 308/376/308
f 307/375/307 308/376/308 309/377/309
f 309/377/309 308/376/308 310/378/310
f 309/377/309 310/378/310 311/379/311
f 311/379/311 310/378/310 312/380/312
f 311/379/311 312/380/312 313/381/313
f 313/381/313 312/380/312 314/382/314
f 313/381/313 314/382/314 315/383/315
f 270/384/270 269/385/269 316/386/316
f 270/384/270 316/386/316 317/387/317
f 317/387/317 316/386/316 318/388/318
f 317/387/317 318/388/318 319/389/319
f 319/389/319 318/388/318 320/390/320
f 319/389/319 320/390/320 321/391/321
f 321/391/321 320/390/320 322/392/322
f 321/391/321 322/392/322 323/393/323
f 323/394/323 322/395/322 324/396/324
f 323/394/323 324/396/324 325/397/325
f 325/398/325 324/399/324 326/400/326
f 325/398/325 326/400/326 327/401/327
f 277/339/277 276/338/276 328/402/328
f 277/339/277 328/402/328 329/403/329
f 329/403/329 328/402/328 330/404/330
f 329/403/329 330/404/330 331/405/331
f 331/405/331 330/404/330 332/406/332
f 331/405/331 332/406/332 333/407/333
f 333/407/333 332/406/332 334/408/334
f 333/407/333 334/408/334 335/409/335
f 335/409/335 334/408/334 336/410/336
f 335/409/335 336/410/336 337/411/337
f 337/411/337 336/410/336 338/412/338
f 337/411/337 338/412/338 339/413/339
f 275/414/275 263/415/263 340/416/340
f 275/414/275 340/416/340 341/417/341
f 341/417/341 340/416/340 342/418/342
f 341/417/341 342/418/342 343/419/343
f 343/419/343 342/418/342 344/420/344
f 343/419/343 344/420/344 345/421/345
f 345/421/345 344/420/344 346/422/346
f 345/421/345 346/422/346 347/423/347
f 347/424/347 346/425/346 348/426/348
f 347/424/347 348/426/348 349/427/349
f 349/428/349 348/429/348 350/430/350
f 349/428/349 350/430/350 351/431/351
f 272/334/272 271/333/271 352/432/352
f 272/334/272 352/432/352 353/433/353
f 353/433/353 352/432/352 354/434/354
f 353/433/353 354/434/354 355/435/355
f 355/435/355 354/434/354 356/436/356
f 355/435/355 356/436/356 357/437/357
f 357/437/357 356/436/356 358/438/358
f 357/437/357 358/438/358 359/439/359
f 359/440/359 358/441/358 360/442/360
f 359/440/359 360/442/360 361/443/361
f 361/444/361 360/445/360 362/446/362
f 361/444/361 362/446/362 363/447/363
f 291/359/291 290/358/290 364/448/364
f 291/359/291 364/448/364 365/449/365
f 364/448/364 290/358/290 366/450/366
f 290/451/290 288/452/288 367/453/367
f 366/450/366 290/358/290 367/454/367
f 366/455/366 367/456/367 368/457/368
f 303/371/303 302/370/302 369/458/369
f 303/371/303 369/458/369 370/459/370
f 303/371/303 370/459/370 371/460/371
f 371/460/371 370/459/370 372/461/372
f 351/431/351 350/430/350 373/462/373
f 351/431/351 373/462/373 374/463/374
f 351/431/351 374/463/374 375/464/375
f 375/464/375 374/463/374 376/465/376
f 363/447/363 362/446/362 377/466/377
f 363/447/363 377/466/377 378/467/378
f 377/468/377 362/469/362 379/470/379
f 362/469/362 360/471/360 380/472/380
f 379/470/379 362/469/362 380/472/380
f 363/447/363 378/467/378 381/473/381
f 381/473/381 378/467/378 382/474/382
f 379/470/379 380/472/380 383/475/383
f 339/413/339 338/412/338 384/476/384
f 384/476/384 338/412/338 385/477/385
f 338/412/338 336/410/336 386/478/386
f 385/477/385 338/412/338 386/478/386
f 385/479/385 386/480/386 387/481/387
f 315/383/315 314/382/314 388/482/388
f 327/401/327 326/400/326 389/483/389
f 267/329/267 245/316/245 390/484/390
f 280/344/280 267/343/267 391/485/391
f 267/343/267 390/486/390 391/485/391
f 282/346/282 280/344/280 392/487/392
f 280/344/280 391/485/391 392/487/392
f 390/484/390 245/316/245 393/488/393
f 245/301/245 231/287/231 393/489/393
f 231/287/231 229/285/229 394/490/394
f 393/489/393 231/287/231 394/490/394
f 229/285/229 227/284/227 395/491/395
f 394/490/394 229/285/229 395/491/395
f 273/335/273 251/307/251 396/492/396
f 304/372/304 273/335/273 397/493/397
f 273/335/273 396/492/396 397/493/397
f 306/374/306 304/372/304 398/494/398
f 304/372/304 397/493/397 398/494/398
f 396/492/396 251/307/251 399/495/399
f 251/307/251 239/295/239 399/495/399
f 239/295/239 99/123/99 400/496/400
f 399/495/399 239/295/239 400/496/400
f 99/123/99 96/122/96 401/497/401
f 400/496/400 99/123/99 401/497/401
f 276/338/276 253/309/253 402/498/402
f 328/402/328 276/338/276 403/499/403
f 276/338/276 402/498/402 403/499/403
f 330/404/330 328/402/328 404/500/404
f 328/402/328 403/499/403 404/500/404
f 402/498/402 253/309/253 405/501/405
f 253/309/253 235/291/235 405/501/405
f 235/291/235 132/164/132 406/502/406
f 405/501/405 235/291/235 406/502/406
f 132/164/132 129/163/129 407/503/407
f 406/502/406 132/164/132 407/503/407
f 269/385/269 247/303/247 408/504/408
f 316/386/316 269/385/269 409/505/409
f 269/385/269 408/504/408 409/505/409
f 318/388/318 316/386/316 410/506/410
f 316/386/316 409/505/409 410/506/410
f 408/504/408 247/303/247 411/507/411
f 247/303/247 233/289/233 411/507/411
f 233/289/233 198/246/198 412/508/412
f 411/507/411 233/289/233 412/508/412
f 198/246/198 195/245/195 413/509/413
f 412/508/412 198/246/198 413/509/413
f 271/510/271 249/511/249 414/512/414
f 352/513/352 271/510/271 415/514/415
f 271/510/271 414/512/414 415/514/415
f 354/515/354 352/513/352 416/516/416
f 352/513/352 415/514/415 416/516/416
f 414/512/414 249/511/249 417/517/417
f 249/511/249 237/518/237 417/517/417
f 237/518/237 165/519/165 418/520/418
f 417/517/417 237/518/237 418/520/418
f 165/519/165 162/521/162 419/522/419
f 418/520/418 165/519/165 419/522/419
f 340/523/340 263/524/263 421/525/420
f 263/524/263 420/526/421 421/525/420
f 342/527/342 340/523/340 422/528/422
f 340/523/340 421/525/420 422/528/422
f 263/325/263 255/324/255 423/529/423
f 420/530/421 263/325/263 423/529/423
f 255/531/255 241/532/241 423/533/423
f 241/532/241 66/534/66 424/535/424
f 423/533/423 241/532/241 424/535/424
f 66/534/66 63/536/63 425/537/425
f 424/535/424 66/534/66 425/537/425
f 365/449/365 364/448/364 426/538/426
f 364/448/364 366/450/366 427/539/427
f 426/538/426 364/448/364 427/539/427
f 366/455/366 368/457/368 428/540/428
f 427/541/427 366/455/366 428/540/428
f 365/449/365 426/538/426 429/542/429
f 428/540/428 368/457/368 430/543/430
f 384/476/384 385/477/385 431/544/431
f 385/479/385 387/481/387 432/545/432
f 431/546/431 385/479/385 432/545/432
f 384/476/384 431/544/431 433/547/433
f 432/545/432 387/481/387 434/548/434
f 372/461/372 370/459/370 435/549/435
f 370/459/370 369/458/369 436/550/436
f 435/549/435 370/459/370 436/550/436
f 372/461/372 435/549/435 437/551/437
f 378/467/378 377/466/377 438/552/438
f 377/468/377 379/470/379 439/553/439
f 438/554/438 377/468/377 439/553/439
f 379/470/379 383/475/383 440/555/440
f 439/553/439 379/470/379 440/555/440
f 382/474/382 378/467/378 441/556/441
f 378/467/378 438/552/438 441/556/441
f 382/474/382 441/556/441 442/557/442
f 376/465/376 374/463/374 443/558/443
f 374/463/374 373/462/373 444/559/444
f 443/558/443 374/463/374 444/559/444
f 376/465/376 443/558/443 445/560/445
f 313/381/313 315/383/315 446/561/446
f 337/411/337 339/413/339 447/562/447
f 325/398/325 327/401/327 448/563/448
f 433/547/433 431/544/431 449/564/449
f 431/546/431 432/545/432 450/565/450
f 449/566/449 431/546/431 450/565/450
f 432/545/432 434/548/434 451/567/451
f 450/565/450 432/545/432 451/567/451
f 433/547/433 449/564/449 452/568/452
f 451/567/451 434/548/434 453/569/453
f 429/542/429 426/538/426 454/570/454
f 426/538/426 427/539/427 455/571/455
f 454/570/454 426/538/426 455/571/455
f 427/541/427 428/540/428 456/572/456
f 455/573/455 427/541/427 456/572/456
f 428/540/428 430/543/430 457/574/457
f 456/572/456 428/540/428 457/574/457
f 429/542/429 454/570/454 458/575/458
f 457/574/457 430/543/430 459/576/459
f 445/560/445 443/558/443 460/577/460
f 443/558/443 444/559/444 461/578/461
f 460/577/460 443/558/443 461/578/461
f 461/579/461 444/580/444 462/581/462
f 437/551/437 435/549/435 463/582/463
f 435/549/435 436/550/436 464/583/464
f 463/582/463 435/549/435 464/583/464
f 442/557/442 441/556/441 465/584/465
f 441/556/441 438/552/438 466/585/466
f 465/584/465 441/556/441 466/585/466
f 438/554/438 439/553/439 467/586/467
f 466/587/466 438/554/438 467/586/467
f 439/553/439 440/555/440 468/588/468
f 467/586/467 439/553/439 468/588/468
f 452/568/452 449/564/449 469/589/469
f 449/566/449 450/565/450 470/590/470
f 469/591/469 449/566/449 470/590/470
f 452/568/452 469/589/469 471/592/471
f 458/575/458 454/570/454 472/593/472
f 454/570/454 455/571/455 473/594/473
f 472/593/472 454/570/454 473/594/473
f 458/575/458 472/593/472 474/595/474
f 451/567/451 453/569/453 475/596/475
f 451/567/451 475/596/475 476/597/476
f 475/596/475 453/569/453 477/598/477
f 461/579/461 462/581/462 478/599/478
f 460/577/460 461/578/461 479/600/479
f 461/579/461 478/599/478 479/601/479
f 478/599/478 462/581/462 480/602/480
f 457/574/457 459/576/459 481/603/481
f 456/572/456 457/574/457 482/604/482
f 457/574/457 481/603/481 482/604/482
f 456/572/456 482/604/482 483/605/483
f 481/603/481 459/576/459 484/606/484
f 463/582/463 464/583/464 485/607/485
f 465/584/465 466/585/466 486/608/486
f 467/586/467 468/588/468 487/609/487
f 482/604/482 481/603/481 488/610/488
f 474/595/474 472/593/472 489/611/489
f 474/595/474 489/611/489 490/612/490
f 490/612/490 489/611/489 491/613/491
f 490/612/490 491/613/491 492/614/492
f 491/613/491 489/611/489 493/615/493
f 490/612/490 492/614/492 494/616/494
f 494/616/494 492/614/492 495/617/495
f 494/616/494 495/617/495 496/618/496
f 496/618/496 495/617/495 497/619/497
f 496/618/496 497/619/497 498/620/498
f 498/620/498 497/619/497 499/621/499
f 498/620/498 499/621/499 500/622/500
f 500/622/500 499/621/499 501/623/501
f 500/624/500 501/625/501 502/626/502
f 502/626/502 501/625/501 503/627/503
f 502/626/502 503/627/503 504/628/504
f 504/628/504 503/627/503 505/629/505
f 504/628/504 505/629/505 506/630/506
f 506/630/506 505/629/505 507/631/507
f 506/630/506 507/631/507 508/632/508
f 508/632/508 507/631/507 509/633/509
f 508/632/508 509/633/509 510/634/510
f 510/634/510 509/633/509 511/635/511
f 510/636/510 511/637/511 512/638/512
f 512/638/512 511/637/511 513/639/513
f 512/638/512 513/639/513 514/640/514
f 514/640/514 513/639/513 515/641/515
f 514/640/514 515/641/515 516/642/516
f 516/642/516 515/641/515 517/643/517
f 516/642/516 517/643/517 518/644/518
f 518/644/518 517/643/517 519/645/519
f 518/646/518 519/647/519 520/648/520
f 520/648/520 519/647/519 521/649/521
f 492/614/492 491/613/491 522/650/522
f 491/613/491 493/615/493 523/651/523
f 522/650/522 491/613/491 523/651/523
f 522/650/522 523/651/523 524/652/524
f 522/650/522 524/652/524 525/653/525
f 525/653/525 524/652/524 526/654/526
f 525/653/525 526/654/526 527/655/527
f 527/656/527 526/657/526 528/658/528
f 527/656/527 528/658/528 529/659/529
f 509/633/509 507/631/507 530/660/530
f 507/631/507 505/629/505 531/661/531
f 530/660/530 507/631/507 531/661/531
f 505/629/505 503/627/503 532/662/532
f 531/661/531 505/629/505 532/662/532
f 503/627/503 501/625/501 533/663/533
f 532/662/532 503/627/503 533/663/533
f 533/664/533 501/623/501 499/621/499
f 499/621/499 497/619/497 534/665/534
f 530/660/530 531/661/531 535/666/535
f 530/660/530 535/666/535 536/667/536
f 532/662/532 533/663/533 537/668/537
f 499/621/499 534/665/534 538/669/538
f 536/667/536 535/666/535 539/670/539
f 536/667/536 539/670/539 540/671/540
f 540/671/540 539/670/539 541/672/541
f 540/671/540 541/672/541 542/673/542
f 521/649/521 519/647/519 543/674/543
f 519/645/519 517/643/517 544/675/544
f 543/676/543 519/645/519 544/675/544
f 517/643/517 515/641/515 545/677/545
f 544/675/544 517/643/517 545/677/545
f 515/641/515 513/639/513 546/678/546
f 545/677/545 515/641/515 546/678/546
f 543/676/543 544/675/544 547/679/547
f 543/676/543 547/679/547 548/680/548
f 545/677/545 546/678/546 549/681/549
f 548/680/548 547/679/547 550/682/550
f 548/680/548 550/682/550 551/683/551
f 551/684/551 550/685/550 552/686/552
f 551/684/551 552/686/552 553/687/553
f 553/687/553 552/686/552 554/688/554
f 553/687/553 554/688/554 555/689/555
f 529/659/529 528/658/528 556/690/556
f 529/659/529 556/690/556 557/691/557
f 542/692/542 541/693/541 558/694/558
f 542/692/542 558/694/558 559/695/559
f 523/696/523 493/697/493 560/698/560
f 560/698/560 493/697/493 561/699/561
f 560/698/560 561/699/561 562/700/562
f 560/698/560 562/700/562 563/701/563
f 562/700/562 561/699/561 564/702/564
f 562/700/562 564/702/564 565/703/565
f 563/701/563 562/700/562 566/704/566
f 562/700/562 565/703/565 566/704/566
f 565/703/565 564/702/564 567/705/567
f 563/701/563 566/704/566 568/706/568
f 563/701/563 568/706/568 569/707/569
f 569/707/569 568/706/568 570/708/570
f 569/707/569 570/708/570 571/709/571
f 571/710/571 570/711/570 572/712/572
f 571/710/571 572/712/572 573/713/573
f 565/703/565 567/705/567 574/714/574
f 566/704/566 565/703/565 575/715/575
f 565/703/565 574/714/574 575/715/575
f 573/713/573 572/712/572 576/716/576
f 573/713/573 576/716/576 577/717/577
f 577/717/577 576/716/576 578/718/578
f 577/717/577 578/718/578 579/719/579
f 579/720/579 578/721/578 580/722/580
f 579/720/579 580/722/580 581/723/581
f 576/716/576 572/712/572 582/724/582
f 572/712/572 570/711/570 583/725/583
f 582/724/582 572/712/572 583/725/583
f 582/724/582 583/725/583 584/726/584
f 582/724/582 584/726/584 585/727/585
f 582/724/582 585/727/585 586/728/586
f 586/729/586 585/730/585 587/731/587
f 586/729/586 587/731/587 588/732/588
f 555/689/555 554/688/554 589/733/589
f 589/733/589 554/688/554 590/734/590
f 589/733/589 590/734/590 591/735/591
f 589/733/589 591/735/591 592/736/592
f 592/737/592 591/738/591 593/739/593
f 592/737/592 593/739/593 594/740/594
f 559/695/559 558/694/558 595/741/595
f 559/695/559 595/741/595 596/742/596
f 596/742/596 595/741/595 597/743/597
f 596/742/596 597/743/597 598/744/598
f 598/745/598 597/746/597 599/747/599
f 598/745/598 599/747/599 600/748/600
f 595/741/595 558/694/558 601/749/601
f 558/694/558 541/693/541 602/750/602
f 601/749/601 558/694/558 602/750/602
f 601/749/601 602/750/602 603/751/603
f 603/751/603 602/750/602 604/752/604
f 601/749/601 603/751/603 605/753/605
f 601/749/601 605/753/605 606/754/606
f 606/755/606 605/756/605 607/757/607
f 606/755/606 607/757/607 608/758/608
f 553/687/553 555/689/555 609/759/609
f 551/760/551 553/761/553 610/762/610
f 553/761/553 609/763/609 610/762/610
f 312/380/312 310/378/310 611/764/611
f 310/378/310 308/376/308 612/765/612
f 611/764/611 310/378/310 612/765/612
f 612/765/612 308/376/308 613/766/613
f 324/399/324 322/392/322 614/767/614
f 322/392/322 320/390/320 615/768/615
f 614/767/614 322/392/322 615/768/615
f 615/768/615 320/390/320 616/769/616
f 348/426/348 346/425/346 617/770/617
f 346/771/346 344/772/344 618/773/618
f 617/770/617 346/425/346 618/774/618
f 618/773/618 344/772/344 619/775/619
f 514/640/514 516/642/516 620/776/620
f 334/408/334 332/406/332 621/777/621
f 621/777/621 332/406/332 622/778/622
f 358/779/358 356/780/356 623/781/623
f 623/781/623 356/780/356 624/782/624
f 286/350/286 284/348/284 625/783/625
f 625/783/625 284/348/284 626/784/626
f 326/400/326 324/399/324 627/785/627
f 324/399/324 614/767/614 627/785/627
f 389/483/389 326/400/326 628/786/628
f 326/400/326 627/785/627 628/786/628
f 314/382/314 312/380/312 629/787/629
f 312/380/312 611/764/611 629/787/629
f 388/482/388 314/382/314 630/788/630
f 314/382/314 629/787/629 630/788/630
f 350/789/350 348/790/348 631/791/631
f 348/790/348 617/792/617 631/791/631
f 373/793/373 350/789/350 632/794/632
f 350/789/350 631/791/631 632/794/632
f 462/581/462 444/580/444 633/795/633
f 444/580/444 373/793/373 633/795/633
f 373/793/373 632/794/632 633/795/633
f 339/413/339 384/476/384 634/796/634
f 384/476/384 433/547/433 634/796/634
f 433/547/433 452/568/452 635/797/635
f 634/796/634 433/547/433 635/797/635
f 452/568/452 471/592/471 636/798/636
f 635/797/635 452/568/452 636/798/636
f 620/776/620 516/642/516 637/799/637
f 516/642/516 518/644/518 637/799/637
f 518/646/518 520/648/520 638/800/638
f 637/801/637 518/646/518 638/800/638
f 512/638/512 514/640/514 639/802/639
f 514/640/514 620/776/620 639/802/639
f 510/636/510 512/638/512 640/803/640
f 512/638/512 639/802/639 640/803/640
f 508/632/508 510/634/510 641/804/641
f 510/636/510 640/803/640 641/805/641
f 506/630/506 508/632/508 642/806/642
f 508/632/508 641/804/641 642/806/642
f 504/628/504 506/630/506 643/807/643
f 506/630/506 642/806/642 643/807/643
f 502/626/502 504/628/504 644/808/644
f 504/628/504 643/807/643 644/808/644
f 500/624/500 502/626/502 645/809/645
f 502/626/502 644/808/644 645/809/645
f 498/620/498 500/622/500 646/810/646
f 500/624/500 645/809/645 646/811/646
f 496/618/496 498/620/498 647/812/647
f 498/620/498 646/810/646 647/812/647
f 494/616/494 496/618/496 648/813/648
f 496/618/496 647/812/647 648/813/648
f 480/602/480 462/581/462 649/814/649
f 462/581/462 633/795/633 649/814/649
f 555/689/555 589/733/589 650/815/650
f 589/733/589 592/736/592 650/815/650
f 592/737/592 594/740/594 651/816/585
f 650/815/650 592/736/592 651/817/585
f 651/816/585 594/740/594 652/818/587
f 584/726/584 583/725/583 653/819/651
f 636/798/636 471/592/471 654/820/652
f 463/582/463 485/607/485 655/821/653
f 460/577/460 479/600/479 656/822/654
f 445/560/445 460/577/460 657/823/655
f 460/577/460 656/822/654 657/823/655
f 465/584/465 486/608/486 658/824/656
f 442/557/442 465/584/465 659/825/657
f 465/584/465 658/824/656 659/825/657
f 448/563/448 327/401/327 660/826/658
f 327/401/327 389/483/389 661/827/659
f 660/826/658 327/401/327 661/827/659
f 446/561/446 315/383/315 662/828/660
f 315/383/315 388/482/388 663/829/661
f 662/828/660 315/383/315 663/829/661
f 453/569/453 434/548/434 664/830/662
f 434/548/434 387/481/387 665/831/663
f 664/830/662 434/548/434 665/831/663
f 459/576/459 430/543/430 666/832/664
f 430/543/430 368/457/368 667/833/665
f 666/832/664 430/543/430 667/833/665
f 664/830/662 665/831/663 668/834/666
f 574/714/574 567/705/567 669/835/667
f 666/832/664 667/833/665 670/836/668
f 383/475/383 380/472/380 671/837/669
f 638/800/638 520/648/520 672/838/670
f 520/648/520 521/649/521 673/839/671
f 672/838/670 520/648/520 673/839/671
f 673/839/671 521/649/521 674/840/672
f 485/607/485 464/583/464 675/841/673
f 464/583/464 436/550/436 676/842/458
f 675/841/673 464/583/464 676/842/458
f 436/550/436 369/458/369 677/843/674
f 676/842/458 436/550/436 677/843/674
f 369/458/369 302/370/302 678/844/675
f 677/843/674 369/458/369 678/844/675
f 302/370/302 300/368/300 679/845/676
f 678/844/675 302/370/302 679/845/676
f 673/839/671 674/840/672 680/846/677
f 680/846/677 674/840/672 681/847/678
f 680/846/677 681/847/678 682/848/679
f 682/848/679 681/847/678 683/849/680
f 682/848/679 683/849/680 684/850/681
f 684/850/681 683/849/680 685/851/682
f 684/852/681 685/853/682 686/854/683
f 278/340/278 257/313/257 687/855/684
f 292/360/292 278/340/278 688/856/685
f 278/340/278 687/855/684 688/856/685
f 294/362/294 292/360/292 689/857/686
f 292/360/292 688/856/685 689/857/686
f 687/855/684 257/313/257 690/858/687
f 257/313/257 243/299/243 691/859/688
f 690/858/687 257/313/257 691/859/688
f 420/526/421 423/533/423 692/860/689
f 421/525/420 420/526/421 693/861/690
f 420/526/421 692/860/689 693/861/690
f 692/860/689 423/533/423 694/862/691
f 423/533/423 424/535/424 695/863/692
f 694/862/691 423/533/423 695/863/692
f 424/535/424 425/537/425 696/864/693
f 695/863/692 424/535/424 696/864/693
f 696/864/693 425/537/425 697/865/694
f 402/866/402 405/867/405 698/868/695
f 403/869/403 402/866/402 699/870/696
f 402/866/402 698/868/695 699/870/696
f 698/868/695 405/867/405 700/871/697
f 405/867/405 406/872/406 701/873/698
f 700/871/697 405/867/405 701/873/698
f 406/872/406 407/874/407 702/875/699
f 701/873/698 406/872/406 702/875/699
f 702/875/699 407/874/407 703/876/700
f 396/877/396 399/878/399 704/879/701
f 397/493/397 396/492/396 705/880/702
f 396/492/396 704/881/701 705/880/702
f 704/879/701 399/878/399 706/882/703
f 399/495/399 400/496/400 707/883/704
f 706/882/703 399/878/399 707/884/704
f 400/496/400 401/497/401 708/885/705
f 707/883/704 400/496/400 708/885/705
f 708/885/705 401/497/401 709/886/706
f 414/512/414 417/517/417 710/887/707
f 415/514/415 414/512/414 711/888/708
f 414/512/414 710/887/707 711/888/708
f 710/887/707 417/517/417 712/889/709
f 417/517/417 418/520/418 713/890/710
f 712/889/709 417/517/417 713/890/710
f 418/520/418 419/522/419 714/891/711
f 713/890/710 418/520/418 714/891/711
f 714/891/711 419/522/419 715/892/712
f 408/504/408 411/507/411 716/893/713
f 409/505/409 408/504/408 717/894/714
f 408/504/408 716/893/713 717/894/714
f 716/893/713 411/507/411 718/895/715
f 411/507/411 412/508/412 719/896/716
f 718/895/715 411/507/411 719/896/716
f 412/508/412 413/509/413 720/897/717
f 719/896/716 412/508/412 720/897/717
f 720/897/717 413/509/413 721/898/718
f 390/484/390 393/488/393 722/899/719
f 391/900/391 390/901/390 723/902/317
f 390/901/390 722/903/719 723/902/317
f 722/899/719 393/488/393 724/904/720
f 393/905/393 394/906/394 725/907/721
f 724/904/720 393/488/393 725/908/721
f 394/906/394 395/909/395 726/910/722
f 725/907/721 394/906/394 726/910/722
f 726/910/722 395/909/395 727/911/723
f 289/356/289 291/359/291 728/912/724
f 446/913/446 662/914/660 729/915/725
f 446/913/446 729/915/725 730/916/726
f 448/917/448 660/918/658 731/919/727
f 448/917/448 731/919/727 732/920/728
f 631/791/631 617/792/617 733/921/729
f 629/787/629 611/764/611 734/922/730
f 627/785/627 614/767/614 735/923/731
f 317/387/317 319/389/319 736/924/732
f 319/389/319 321/391/321 737/925/733
f 736/924/732 319/389/319 737/925/733
f 353/433/353 355/435/355 738/926/734
f 355/435/355 357/437/357 739/927/735
f 738/926/734 355/435/355 739/927/735
f 293/361/293 295/363/295 740/928/736
f 295/363/295 297/365/297 741/929/737
f 740/928/736 295/363/295 741/929/737
f 341/417/341 343/419/343 742/930/738
f 343/419/343 345/421/345 743/931/739
f 742/930/738 343/419/343 743/931/739
f 329/403/329 331/405/331 744/932/740
f 331/405/331 333/407/333 745/933/741
f 744/932/740 331/405/331 745/933/741
f 305/373/305 307/375/307 746/934/742
f 307/375/307 309/377/309 747/935/743
f 746/934/742 307/375/307 747/935/743
f 283/347/283 285/349/285 748/936/744
f 285/349/285 287/351/287 749/937/296
f 748/936/744 285/349/285 749/937/296
f 749/937/296 287/351/287 750/938/298
f 620/776/620 637/799/637 751/939/745
f 639/802/639 620/776/620 752/940/746
f 620/776/620 751/939/745 752/940/746
f 643/807/643 642/806/642 753/941/747
f 643/807/643 753/941/747 754/942/748
f 485/607/485 675/841/673 755/943/749
f 684/852/681 686/854/683 756/944/750
f 682/848/679 684/850/681 757/945/751
f 684/852/681 756/944/750 757/946/751
f 680/846/677 682/848/679 758/947/752
f 682/848/679 757/945/751 758/947/752
f 758/947/752 757/945/751 759/948/753
f 758/947/752 759/948/753 760/949/754
f 299/950/299 301/951/301 761/952/755
f 299/953/299 761/954/755 762/955/756
f 347/424/347 349/427/349 763/956/757
f 347/957/347 763/958/757 764/959/613
f 359/960/359 361/961/361 765/962/758
f 359/960/359 765/962/758 766/963/759
f 623/781/623 624/782/624 767/964/335
f 767/964/335 624/782/624 768/965/760
f 623/781/623 767/964/335 769/966/761
f 621/967/621 622/968/622 770/969/762
f 770/969/762 622/968/622 771/970/763
f 621/971/621 770/972/762 772/973/764
f 625/974/625 626/975/626 773/976/765
f 773/976/765 626/975/626 774/977/766
f 625/978/625 773/979/765 775/980/767
f 776/981/768 5/5/5 7/7/7
f 777/982/769 7/8/7 9/11/9
f 779/983/770 9/11/9 11/13/11
f 781/984/771 11/13/11 13/15/13
f 783/985/772 13/15/13 15/17/15
f 785/986/773 15/17/15 17/19/17
f 787/987/774 17/19/17 19/21/19
f 789/988/775 19/21/19 21/23/21
f 791/989/776 21/24/21 23/27/23
f 793/990/777 23/27/23 25/29/25
f 795/991/778 25/29/25 27/31/27
f 797/992/779 27/32/27 29/35/29
f 799/993/780 29/35/29 31/37/31
f 801/994/781 31/39/31 34/42/34
f 803/995/782 34/42/34 244/300/244
f 805/996/783 244/300/244 258/314/258
f 807/997/784 258/314/258 265/327/265
f 809/998/785 265/327/265 279/341/279
f 810/999/786 811/1000/787 265/1001/788
f 812/1002/789 279/341/279 293/361/293
f 814/1003/790 740/1004/736 741/1005/737
f 819/1006/791 297/365/297 299/367/299
f 762/1007/792 820/1008/793 821/1009/794
f 822/1010/795 762/955/756 761/954/755
f 827/1011/796 371/460/371 372/461/372
f 830/1012/797 831/1013/798 372/1014/799
f 832/1015/800 437/1016/801 833/1017/802
f 834/1018/803 835/1019/804 437/1020/805
f 655/821/653 485/607/485 836/1021/806
f 838/1022/807 655/1023/808 839/1024/809
f 840/1025/810 841/1026/811 655/1027/812
f 842/1028/813 485/607/485 755/943/749
f 755/1029/814 843/1030/815 844/1031/816
f 846/1032/817 755/1033/818 847/1034/819
f 675/1035/820 848/1036/821 849/1037/822
f 676/1038/823 850/1039/824 851/1040/825
f 677/1041/826 852/1042/827 853/1043/827
f 678/1044/828 854/1045/829 855/1046/830
f 679/1047/831 856/1048/832 857/1049/833
f 300/1050/300 298/1051/298 859/1052/834
f 298/366/298 296/364/296 861/1053/835
f 296/364/296 294/362/294 863/1054/836
f 688/856/685 687/855/684 867/1055/837
f 687/1056/838 868/1057/839 869/1058/840
f 687/1059/684 690/1060/687 870/1061/841
f 690/1062/842 871/1063/843 872/1064/844
f 690/1065/687 691/1066/688 873/1067/845
f 691/1068/846 874/1069/847 875/1070/770
f 691/1071/848 876/1072/849 877/1073/850
f 243/299/243 33/41/33 878/1074/851
f 33/41/33 30/40/30 880/1075/852
f 30/36/30 28/34/28 882/1076/853
f 28/34/28 26/33/26 884/1077/854
f 26/30/26 24/28/24 886/1078/855
f 24/28/24 22/26/22 888/1079/856
f 22/26/22 20/25/20 890/1080/857
f 20/22/20 18/20/18 892/1081/858
f 18/20/18 16/18/16 894/1082/859
f 16/18/16 14/16/14 896/1083/860
f 14/16/14 12/14/12 898/1084/861
f 12/14/12 10/12/10 900/1085/862
f 10/12/10 8/10/8 902/1086/863
f 8/10/8 6/9/6 904/1087/864
f 6/6/6 4/4/4 906/1088/865
f 4/4/4 3/3/3 908/1089/866
f 909/1090/867 202/250/202 204/252/204
f 911/1091/868 204/253/204 206/256/206
f 913/1092/869 206/256/206 208/258/208
f 915/1093/870 208/258/208 210/260/210
f 917/1094/871 210/260/210 212/262/212
f 919/1095/871 212/262/212 214/264/214
f 921/1096/872 214/264/214 216/266/216
f 923/1097/873 216/266/216 218/268/218
f 925/1098/874 218/269/218 220/272/220
f 927/1099/875 220/272/220 222/274/222
f 929/1100/876 222/274/222 224/276/224
f 931/1101/877 224/277/224 226/280/226
f 933/1102/878 226/280/226 228/282/228
f 935/1103/879 228/283/228 230/286/230
f 937/1104/880 230/286/230 232/288/232
f 939/1105/881 232/288/232 246/302/246
f 941/1106/882 246/1107/246 259/1108/259
f 943/1109/883 259/1110/259 268/1111/268
f 944/1112/884 945/1113/885 259/1114/886
f 946/1115/887 268/342/268 281/345/281
f 947/1116/888 948/1117/889 268/1118/890
f 949/1119/891 281/345/281 283/347/283
f 951/1120/892 748/936/744 749/937/296
f 954/1121/893 749/937/296 750/938/298
f 956/1122/894 750/1123/895 957/1124/896
f 963/1125/897 291/359/291 365/449/365
f 964/1126/898 365/449/365 429/542/429
f 965/1127/772 966/1128/899 365/1129/900
f 967/1130/901 429/542/429 458/575/458
f 968/1131/902 969/1132/819 429/1133/903
f 970/1134/904 458/575/458 474/595/474
f 971/1135/905 972/1136/906 458/1137/907
f 973/1138/908 474/595/474 490/612/490
f 974/1139/909 975/1140/910 474/1141/911
f 494/616/494 976/1142/912 490/612/490
f 647/812/647 979/1143/913 648/813/648
f 646/810/646 981/1144/914 647/812/647
f 645/809/645 983/1145/915 646/811/646
f 644/808/644 985/1146/916 645/809/645
f 643/807/643 987/1147/917 644/808/644
f 754/1148/918 988/1149/919 989/1150/920
f 753/941/747 992/1151/921 754/942/748
f 994/1152/922 995/1153/923 753/1154/924
f 641/804/641 996/1155/925 642/806/642
f 640/803/640 998/1156/926 641/805/641
f 639/802/639 1000/1157/927 640/803/640
f 751/939/745 1003/1158/928 752/940/746
f 1005/1159/929 1006/1160/930 751/1161/931
f 638/800/638 1007/1162/932 637/801/637
f 672/838/670 1009/1163/933 638/800/638
f 1011/1164/934 1012/1165/817 672/1166/935
f 680/846/677 1013/1167/936 673/839/671
f 758/947/752 760/949/754 1014/1168/937
f 760/1169/938 1015/1170/939 1016/1171/940
f 759/948/753 1019/1172/941 760/949/754
f 1021/1173/870 1022/1174/862 759/1175/942
f 756/944/750 1023/1176/943 757/946/751
f 1024/1177/944 756/944/750 686/854/683
f 1026/1178/945 1027/1179/946 756/1180/947
f 1028/1181/948 686/1182/949 1029/1183/950
f 1030/1184/951 1031/1185/952 686/1186/953
f 685/851/682 683/849/680 1032/1187/954
f 681/1188/678 674/1189/672 1036/1190/955
f 1039/1191/956 543/1192/543 548/1193/548
f 1041/1194/957 610/762/610 609/763/609
f 1046/1195/958 555/689/555 650/815/650
f 1047/1196/959 650/1197/650 651/1198/585
f 1049/1199/960 651/1200/585 652/1201/587
f 591/735/591 590/734/590 1053/1202/961
f 590/1203/962 1055/1204/963 1056/1205/964
f 552/1206/552 550/1207/550 1058/1208/965
f 549/681/549 546/678/546 1064/1209/966
f 546/678/546 513/639/513 1066/1210/967
f 1068/1211/968 530/660/530 536/667/536
f 1069/1212/969 536/667/536 540/671/540
f 1071/1213/970 540/671/540 542/673/542
f 1073/1214/971 542/692/542 559/695/559
f 1076/1215/972 596/742/596 598/744/598
f 1078/1216/973 598/745/598 600/748/600
f 599/747/599 597/746/597 1081/1217/974
f 1083/1218/975 606/1219/606 608/1220/608
f 607/757/607 605/756/605 1086/1221/974
f 605/753/605 603/751/603 1088/1222/976
f 603/751/603 604/752/604 1090/1223/977
f 539/670/539 535/666/535 1095/1224/978
f 538/669/538 534/665/534 1102/1225/979
f 534/665/534 497/619/497 1105/1226/980
f 1107/1227/981 525/653/525 527/655/527
f 1109/1228/982 527/1229/527 529/1230/529
f 1111/1231/983 529/659/529 557/691/557
f 557/691/557 556/690/556 1113/1232/984
f 1118/1233/985 556/1234/986 1119/1235/987
f 556/690/556 528/658/528 1120/1236/988
f 526/1237/526 524/1238/524 1123/1239/989
f 1125/1240/990 569/707/569 571/709/571
f 1127/1241/991 571/710/571 573/713/573
f 1129/1242/992 573/713/573 577/717/577
f 1131/1243/993 1132/1244/994 577/1245/995
f 1133/1246/996 579/720/579 581/723/581
f 580/722/580 578/721/578 1136/1247/997
f 578/718/578 576/716/576 1138/1248/998
f 1139/1249/999 586/729/586 588/732/588
f 587/1250/587 585/1251/585 1142/1252/1000
f 585/727/585 584/726/584 1144/1253/1001
f 575/715/575 574/714/574 1152/1254/1002
f 574/1255/574 669/1256/667 1154/1257/1003
f 567/705/567 1158/1258/817 669/835/667
f 564/702/564 1160/1259/1004 567/705/567
f 561/699/561 1162/1260/1005 564/702/564
f 493/697/493 1164/1261/1006 561/699/561
f 472/593/472 473/594/473 1165/1262/772
f 473/1263/1007 1166/1264/1008 1167/1265/1009
f 455/573/455 456/572/456 1169/1266/1010
f 483/605/483 482/604/482 1170/1267/1011
f 1172/1268/802 483/1269/1012 1173/1270/1013
f 1174/1271/1014 1175/1272/1015 483/1273/1016
f 488/1274/1017 1176/1275/1018 1177/1276/930
f 1179/1277/930 488/1278/1019 1180/1279/862
f 481/603/481 484/606/484 1181/1280/1020
f 484/1281/1021 1182/1282/915 1183/1283/1022
f 666/1284/1023 1186/1285/1024 1187/1286/1025
f 666/832/664 670/836/668 1188/1287/1026
f 670/1288/1027 1189/1289/1028 1190/1290/1029
f 667/833/665 1193/1291/916 670/836/668
f 368/457/368 1195/1292/1030 667/833/665
f 288/354/288 286/353/286 1197/1293/1031
f 775/1294/1032 1198/1295/1033 1199/1296/1034
f 775/1297/767 773/1298/765 1201/1299/1035
f 773/976/765 774/977/766 1204/1300/1036
f 626/1301/626 1208/1302/1037 774/1303/766
f 1211/1304/1038 392/1305/1039 1212/1306/1040
f 392/1307/392 391/1308/391 1213/1309/1041
f 1215/1310/1042 723/1311/1043 1216/1312/1044
f 723/902/317 722/903/719 1217/1313/896
f 722/1314/1045 1218/1315/871 1219/1316/1046
f 722/899/719 724/904/720 1220/1317/1047
f 724/1318/1048 1221/1319/840 1222/1320/839
f 724/1321/720 725/1322/721 1223/1323/1049
f 725/1324/1050 1224/1325/817 1225/1326/915
f 725/907/721 726/910/722 1226/1327/1051
f 726/910/722 727/911/723 1228/1328/1052
f 727/1329/1053 1230/1330/1054 1231/1331/1055
f 227/281/227 225/279/225 1233/1332/1056
f 225/279/225 223/278/223 1235/1333/1057
f 223/275/223 221/273/221 1237/1334/1058
f 221/273/221 219/271/219 1239/1335/1059
f 219/271/219 217/270/217 1241/1336/1060
f 217/267/217 215/265/215 1243/1337/1061
f 215/265/215 213/263/213 1245/1338/1062
f 213/1339/213 211/1340/211 1247/1341/1063
f 211/261/211 209/259/209 1249/1342/1064
f 209/1343/209 207/1344/207 1251/1345/1065
f 207/257/207 205/255/205 1253/1346/1066
f 205/1347/205 203/1348/203 1255/1349/1067
f 203/251/203 201/249/201 1257/1350/1068
f 201/249/201 200/248/200 1259/1351/1069
f 1260/1352/1070 170/210/170 172/212/172
f 1261/1353/1071 172/1354/172 174/1355/174
f 1263/1356/1072 174/216/174 176/218/176
f 1265/1357/1073 176/218/176 178/220/178
f 1267/1358/839 178/220/178 180/222/180
f 1269/1359/946 180/222/180 182/224/182
f 1271/1360/1074 182/224/182 184/226/184
f 1273/1361/1075 184/226/184 186/228/186
f 1275/1362/1076 186/229/186 188/232/188
f 1277/1363/1077 188/232/188 190/234/190
f 1279/1364/1078 190/234/190 192/236/192
f 1281/1365/1079 192/237/192 194/240/194
f 1283/1366/1080 194/240/194 196/242/196
f 1285/1367/1081 196/244/196 199/247/199
f 1287/1368/1082 199/247/199 234/290/234
f 1289/1369/1083 234/290/234 248/304/248
f 1291/1370/1084 248/318/248 260/320/260
f 1293/1371/1085 260/320/260 270/332/270
f 1294/1372/1086 1295/1373/1087 260/1374/1088
f 1296/1375/1089 270/384/270 317/387/317
f 1297/1376/1015 1298/1377/1090 270/1378/1091
f 736/924/732 1299/1379/1092 317/387/317
f 1300/1380/1093 736/924/732 737/925/733
f 1305/1381/1094 321/391/321 323/393/323
f 1306/1382/1095 323/394/323 325/397/325
f 1309/1383/1096 732/920/728 731/919/727
f 1314/1384/1097 660/1385/1098 1315/1386/1099
f 661/827/659 389/483/389 1316/1387/1100
f 1318/1388/1101 661/1389/1102 1319/1390/1103
f 389/483/389 628/786/628 1320/1391/839
f 628/1392/1027 1322/1393/1028 1323/1394/1029
f 627/785/627 735/923/731 1325/1395/1104
f 614/1396/614 615/1397/615 1329/1398/1105
f 615/768/615 616/769/616 1331/1399/1106
f 616/1400/1107 1333/1401/1108 1334/1402/1109
f 1337/1403/1110 410/1404/1111 1338/1405/1112
f 410/506/410 409/505/409 1339/1406/1113
f 1341/1407/915 717/1408/1114 1342/1409/1115
f 717/1410/714 716/1411/713 1343/1412/1116
f 716/1413/1117 1344/1414/1118 1345/1415/1119
f 716/893/713 718/895/715 1346/1416/1120
f 718/1417/1121 1347/1418/1004 1348/1419/934
f 718/895/715 719/896/716 1349/1420/1122
f 719/896/716 720/897/717 1351/1421/1123
f 720/1422/717 721/1423/718 1353/1424/1124
f 721/1425/1125 1355/1426/1126 1356/1427/1127
f 195/241/195 193/239/193 1358/1428/1128
f 193/239/193 191/238/191 1360/1429/1129
f 191/235/191 189/233/189 1362/1430/1130
f 189/233/189 187/231/187 1364/1431/1131
f 187/1432/187 185/1433/185 1366/1434/1132
f 185/227/185 183/225/183 1368/1435/1133
f 183/225/183 181/223/181 1370/1436/1134
f 181/223/181 179/221/179 1372/1437/1135
f 179/221/179 177/219/177 1374/1438/1136
f 177/219/177 175/217/175 1376/1439/806
f 175/217/175 173/215/173 1378/1440/1137
f 173/215/173 171/214/171 1380/1441/1138
f 171/211/171 169/209/169 1382/1442/1139
f 169/209/169 167/207/167 1384/1443/1140
f 1385/1444/1141 137/169/137 139/171/139
f 1386/1445/1142 139/172/139 141/175/141
f 1388/1446/1143 141/175/141 143/177/143
f 1390/1447/1144 143/177/143 145/179/145
f 1392/1448/1145 145/179/145 147/181/147
f 1394/1449/1146 147/181/147 149/183/149
f 1396/1450/1147 149/183/149 151/185/151
f 1398/1451/1148 151/185/151 153/187/153
f 1400/1452/1149 153/188/153 155/191/155
f 1402/1453/1150 155/191/155 157/193/157
f 1404/1454/1151 157/193/157 159/195/159
f 1406/1455/1152 159/196/159 161/199/161
f 1408/1456/1153 161/199/161 163/201/163
f 1410/1457/1154 163/203/163 166/206/166
f 1412/1458/1155 166/206/166 238/294/238
f 1414/1459/1156 238/294/238 250/306/250
f 1416/1460/1157 250/306/250 266/328/266
f 1417/1461/1158 1418/1462/1158 250/1463/1159
f 1419/1464/1160 266/328/266 272/334/272
f 1420/1465/1161 1421/1466/1118 266/1467/1162
f 1422/1468/1163 272/334/272 353/433/353
f 1423/1469/1164 1424/1470/1164 272/1471/1165
f 738/926/734 1425/1472/1034 353/433/353
f 1426/1473/1166 738/926/734 739/927/735
f 1431/1474/1167 357/437/357 359/439/359
f 766/1475/1107 1432/1476/1108 1433/1477/1109
f 1434/1478/1168 766/963/759 765/962/758
f 1439/1479/1169 361/444/361 363/447/363
f 1442/1480/1170 382/474/382 442/557/442
f 1443/1481/1171 1444/1482/1172 382/1483/1173
f 1445/1484/1174 442/557/442 659/825/657
f 1446/1485/916 1447/1486/840 442/1487/1175
f 1448/1488/1176 659/1489/1177 1449/1490/1178
f 1450/1491/1179 1451/1492/1180 659/1493/1181
f 658/824/656 486/608/486 1452/1494/840
f 1454/1495/840 658/1496/1182 1455/1497/817
f 486/1498/1183 1456/1499/840 1457/1500/1184
f 466/587/466 467/586/467 1459/1501/1185
f 487/1502/1186 1460/1503/1187 1461/1504/863
f 487/609/487 468/588/468 1463/1505/1188
f 1464/1506/1189 487/1507/1190 1465/1508/1191
f 468/1509/1192 1466/1510/1193 1467/1511/910
f 440/1512/1194 1468/1513/1195 1469/1514/1196
f 383/1515/1197 1470/1516/945 1471/1517/902
f 671/1518/1198 1472/1519/1199 1473/1520/1200
f 360/1521/360 358/1522/358 1476/1523/1201
f 769/966/761 767/964/335 1479/1524/1202
f 767/964/335 768/965/760 1482/1525/1203
f 624/782/624 1486/1526/1204 768/965/760
f 416/516/416 415/514/415 1490/1527/1205
f 1492/1528/1206 711/1529/1207 1493/1530/1208
f 710/887/707 712/889/709 1495/1531/1209
f 712/1532/1210 1496/1533/1211 1497/1534/1212
f 713/1535/1213 1498/1536/1214 1499/1537/1215
f 713/890/710 714/891/711 1500/1538/1216
f 714/891/711 715/892/712 1502/1539/1217
f 715/1540/1218 1504/1541/1219 1505/1542/1220
f 162/200/162 160/198/160 1507/1543/1104
f 160/198/160 158/197/158 1509/1544/1221
f 158/194/158 156/192/156 1511/1545/1222
f 156/192/156 154/190/154 1513/1546/1223
f 154/190/154 152/189/152 1515/1547/1224
f 152/1548/152 150/1549/150 1517/1550/1225
f 150/1551/150 148/1552/148 1519/1553/1226
f 148/1554/148 146/1555/146 1521/1556/1227
f 146/1557/146 144/1558/144 1523/1559/1228
f 144/1560/144 142/1561/142 1525/1562/1229
f 142/1563/142 140/1564/140 1527/1565/1230
f 140/1566/140 138/1567/138 1529/1568/923
f 138/170/138 136/168/136 1531/1569/1231
f 136/168/136 134/166/134 1533/1570/1232
f 1534/1571/1233 104/128/104 106/130/106
f 1535/1572/1234 106/131/106 108/134/108
f 1537/1573/1235 108/134/108 110/136/110
f 1539/1574/1236 110/136/110 112/138/112
f 1541/1575/1237 112/138/112 114/140/114
f 1543/1576/1238 114/140/114 116/142/116
f 1545/1577/1187 116/142/116 118/144/118
f 1547/1578/1239 118/144/118 120/146/120
f 1549/1579/835 120/146/120 122/148/122
f 1551/1580/1240 122/149/122 124/152/124
f 1553/1581/1241 124/152/124 126/154/126
f 1555/1582/1242 126/155/126 128/158/128
f 1557/1583/1243 128/158/128 130/160/130
f 1559/1584/1244 130/162/130 133/165/133
f 1561/1585/1245 133/165/133 236/292/236
f 1563/1586/1246 236/292/236 254/310/254
f 1565/1587/1247 254/310/254 261/321/261
f 1567/1588/1248 261/321/261 277/339/277
f 1568/1589/1249 1569/1590/1236 261/1591/1250
f 1570/1592/1251 277/339/277 329/403/329
f 1571/1593/1252 1572/1594/1253 277/1595/1254
f 1573/1596/1255 744/932/740 745/933/741
f 1578/1597/1256 333/407/333 335/409/335
f 1579/1598/1257 335/409/335 337/411/337
f 1584/1599/1258 339/413/339 634/796/634
f 1585/1600/1259 634/796/634 635/797/635
f 1587/1601/1260 1588/1602/1261 635/1603/1262
f 1589/1604/1263 1590/1605/1264 636/1606/1265
f 654/820/652 471/592/471 1591/1607/819
f 1593/1608/1189 654/1609/1190 1594/1610/1191
f 1595/1611/1065 1596/1612/1184 654/1613/1266
f 471/592/471 469/589/469 1597/1614/1267
f 469/591/469 470/590/470 1599/1615/1268
f 470/1616/1269 1601/1617/1270 1602/1618/930
f 450/565/450 451/567/451 1604/1619/1271
f 476/597/476 475/596/475 1605/1620/934
f 1607/1621/817 476/1622/1272 1608/1623/771
f 1609/1624/1273 1610/1625/930 476/1626/1274
f 475/596/475 477/598/477 1611/1627/916
f 477/1628/1275 1613/1629/916 1614/1630/840
f 453/569/453 1617/1631/1276 477/598/477
f 664/1632/1277 1618/1633/1278 1619/1634/1279
f 668/1635/1280 1620/1636/817 1621/1637/840
f 665/831/663 1624/1638/1281 668/834/666
f 387/481/387 1626/1639/1282 665/831/663
f 336/410/336 1628/1640/1283 386/478/386
f 336/410/336 334/408/334 1629/1641/1284
f 772/1642/764 770/1643/762 1632/1644/1285
f 770/969/762 771/970/763 1635/1645/1286
f 771/1646/1287 1637/1647/1288 1638/1648/1289
f 622/968/622 1640/1649/1290 771/970/763
f 404/1650/404 403/1651/403 1644/1652/1291
f 1646/1653/1292 699/1654/1293 1647/1655/1294
f 699/870/696 698/868/695 1648/1656/1295
f 698/1657/1296 1649/1658/923 1650/1659/1015
f 698/868/695 700/871/697 1651/1660/1297
f 700/871/697 701/873/698 1653/1661/1298
f 701/1662/1299 1654/1663/1300 1655/1664/1301
f 701/873/698 702/875/699 1656/1665/1302
f 702/875/699 703/876/700 1658/1666/1303
f 703/1667/1304 1660/1668/1305 1661/1669/1306
f 129/159/129 127/157/127 1663/1670/1236
f 127/157/127 125/156/125 1665/1671/1307
f 125/153/125 123/151/123 1667/1672/1308
f 123/151/123 121/150/121 1669/1673/1309
f 121/147/121 119/145/119 1671/1674/1310
f 119/145/119 117/143/117 1673/1675/1145
f 117/143/117 115/141/115 1675/1676/1311
f 115/141/115 113/139/113 1677/1677/1312
f 113/139/113 111/137/111 1679/1678/1313
f 111/137/111 109/135/109 1681/1679/930
f 109/135/109 107/133/107 1683/1680/885
f 107/1681/107 105/1682/105 1685/1683/1314
f 105/129/105 103/127/103 1687/1684/1191
f 103/127/103 101/125/101 1689/1685/1315
f 1690/1686/1316 73/90/73 75/93/75
f 1692/1687/1246 75/93/75 77/95/77
f 1694/1688/880 77/95/77 79/97/79
f 1696/1689/1187 79/97/79 81/99/81
f 1698/1690/1317 81/99/81 83/101/83
f 1700/1691/1318 83/101/83 85/103/85
f 1702/1692/1319 85/103/85 87/105/87
f 1704/1693/1320 87/106/87 89/109/89
f 1706/1694/1321 89/109/89 91/111/91
f 1708/1695/1322 91/111/91 93/113/93
f 1710/1696/1323 93/114/93 95/117/95
f 1712/1697/1324 95/117/95 97/119/97
f 1714/1698/1325 97/121/97 100/124/100
f 1716/1699/1326 100/124/100 240/296/240
f 1718/1700/1327 240/296/240 252/308/252
f 1720/1701/1328 252/308/252 262/322/262
f 1722/1702/1329 262/1703/262 274/1704/274
f 1723/1705/1330 1724/1706/1331 262/1707/1332
f 1725/1708/1333 1726/1709/1130 274/1710/1334
f 746/934/742 1727/1711/1335 305/373/305
f 1728/1712/1336 746/1713/742 747/1714/743
f 730/1715/1337 1736/1716/1054 1737/1717/1338
f 1740/1718/1339 662/1719/1340 1741/1720/1341
f 663/829/661 388/482/388 1742/1721/1342
f 1744/1722/1343 663/1723/1344 1745/1724/1345
f 388/482/388 630/788/630 1746/1725/1346
f 630/1726/1280 1748/1727/817 1749/1728/840
f 629/787/629 734/922/730 1751/1729/1347
f 734/1730/1348 1752/1731/1349 1753/1732/1350
f 611/764/611 612/765/612 1756/1733/1351
f 612/765/612 613/766/613 1758/1734/802
f 613/1735/1352 1760/1736/1353 1761/1737/1354
f 1764/1738/934 398/1739/1355 1765/1740/1346
f 398/1741/398 397/1742/397 1766/1743/1356
f 1768/1744/1357 705/1745/1358 1769/1746/1359
f 705/1747/702 704/1748/701 1770/1749/1360
f 704/879/701 706/882/703 1772/1750/1361
f 706/1751/1362 1773/1752/1363 1774/1753/1363
f 706/882/703 707/884/704 1775/1754/1364
f 707/1755/1365 1776/1756/862 1777/1757/840
f 707/883/704 708/885/705 1778/1758/1366
f 708/885/705 709/886/706 1780/1759/1367
f 709/1760/1368 1782/1761/892 1783/1762/1369
f 96/118/96 94/116/94 1785/1763/1370
f 94/116/94 92/115/92 1787/1764/1371
f 92/112/92 90/110/90 1789/1765/1372
f 90/110/90 88/108/88 1791/1766/1373
f 88/108/88 86/107/86 1793/1767/1374
f 86/104/86 84/102/84 1795/1768/1375
f 84/102/84 82/100/82 1797/1769/871
f 82/100/82 80/98/80 1799/1770/862
f 80/98/80 78/96/78 1801/1771/1376
f 78/96/78 76/94/76 1803/1772/1211
f 76/94/76 74/92/74 1805/1773/1377
f 74/92/74 72/91/72 1807/1774/1378
f 72/88/72 70/86/70 1809/1775/1379
f 70/86/70 68/84/68 1811/1776/1380
f 1812/1777/1381 38/46/38 40/48/40
f 1813/1778/1382 40/48/40 42/50/42
f 1815/1779/1383 42/51/42 44/54/44
f 1817/1780/1384 44/54/44 46/56/46
f 1819/1781/917 46/56/46 48/58/48
f 1821/1782/802 48/58/48 50/60/50
f 1823/1783/1385 50/60/50 52/62/52
f 1825/1784/1386 52/1785/52 54/1786/54
f 1827/1787/1387 54/65/54 56/68/56
f 1829/1788/1388 56/68/56 58/70/58
f 1831/1789/1389 58/70/58 60/72/60
f 1833/1790/1390 60/73/60 62/76/62
f 1835/1791/1391 62/76/62 64/78/64
f 1837/1792/1392 64/80/64 67/83/67
f 1839/1793/1393 67/83/67 242/298/242
f 1841/1794/1394 242/298/242 256/312/256
f 1843/1795/1395 256/323/256 264/326/264
f 1845/1796/1396 264/1797/264 275/1798/275
f 1847/1799/1397 275/1800/275 341/1801/341
f 1849/1802/1398 742/930/738 743/931/739
f 1854/1803/1399 345/421/345 347/423/347
f 764/1804/1352 1855/1805/1353 1856/1806/1354
f 1857/1807/1400 764/959/613 763/958/757
f 1862/1808/1401 349/428/349 351/431/351
f 1863/1809/1402 375/464/375 376/465/376
f 1867/1810/1403 1868/1811/1029 445/1812/1404
f 1869/1813/1405 657/823/655 656/822/654
f 1870/1814/1406 657/1815/1407 1871/1816/1408
f 1872/1817/1409 1873/1818/1410 657/1819/1411
f 656/822/654 479/600/479 1874/1820/1412
f 1876/1821/916 656/1822/1413 1877/1823/771
f 479/601/479 478/599/478 1878/1824/940
f 478/599/478 480/602/480 1880/1825/1414
f 480/1826/1415 1882/1827/807 1883/1828/1184
f 480/602/480 649/814/649 1885/1829/1416
f 649/1830/1417 1886/1831/1418 1887/1832/1419
f 632/1833/1420 1889/1834/1421 1890/1835/1422
f 631/791/631 733/921/729 1891/1836/1423
f 617/770/617 618/774/618 1895/1837/1424
f 618/773/618 619/775/619 1897/1838/1425
f 619/1839/792 1899/1840/793 1900/1841/794
f 422/528/422 421/525/420 1904/1842/1426
f 692/1843/1427 1907/1844/1428 1908/1845/1429
f 692/860/689 694/862/691 1909/1846/1430
f 694/1847/1431 1910/1848/1432 1911/1849/1433
f 694/862/691 695/863/692 1912/1850/1434
f 695/1851/1435 1913/1852/888 1914/1853/1436
f 695/863/692 696/864/693 1915/1854/1437
f 696/864/693 697/865/694 1917/1855/1438
f 697/1856/1439 1919/1857/1440 1920/1858/1441
f 63/77/63 61/75/61 1922/1859/1442
f 61/75/61 59/74/59 1924/1860/1443
f 59/71/59 57/69/57 1926/1861/1444
f 57/69/57 55/67/55 1928/1862/1445
f 55/67/55 53/66/53 1930/1863/1446
f 53/1864/53 51/1865/51 1932/1866/1447
f 51/1867/51 49/1868/49 1934/1869/1448
f 49/1870/49 47/1871/47 1936/1872/1449
f 47/1873/47 45/1874/45 1938/1875/1450
f 45/1876/45 43/1877/43 1940/1878/880
f 43/53/43 41/52/41 1942/1879/1451
f 41/49/41 39/47/39 1944/1880/1452
f 39/47/39 37/45/37 1946/1881/1453
f 37/45/37 35/43/35 1948/1882/1156
f 1949/1883/1454 1950/1884/1455 1951/1885/1456
f 1950/1884/1455 1949/1883/1454 1952/1886/1457
f 1950/1884/1455 1952/1886/1457 1953/1887/230
f 1953/1887/230 1952/1886/1457 1954/1888/1458
f 1953/1887/230 1954/1888/1458 1955/1889/228
f 1955/1890/228 1954/1891/1458 1956/1892/1459
f 1955/1890/228 1956/1892/1459 1957/1893/1460
f 1957/1893/1460 1956/1892/1459 1958/1894/1461
f 1957/1893/1460 1958/1894/1461 1959/1895/1462
f 1959/1896/1462 1958/1897/1461 1960/1898/1463
f 1959/1896/1462 1960/1898/1463 1961/1899/1464
f 1961/1899/1464 1960/1898/1463 1962/1900/1465
f 1961/1899/1464 1962/1900/1465 1963/1901/220
f 1963/1901/220 1962/1900/1465 1964/1902/20
f 1963/1901/220 1964/1902/20 1965/1903/218
f 1965/1904/218 1964/1905/20 1966/1906/1466
f 1965/1904/218 1966/1906/1466 1967/1907/216
f 1967/1907/216 1966/1906/1466 1968/1908/16
f 1967/1907/216 1968/1908/16 1969/1909/214
f 1969/1909/214 1968/1908/16 1970/1910/14
f 1969/1909/214 1970/1910/14 1971/1911/212
f 1971/1911/212 1970/1910/14 1972/1912/12
f 1971/1911/212 1972/1912/12 1973/1913/210
f 1973/1913/210 1972/1912/12 1974/1914/10
f 1973/1913/210 1974/1914/10 1975/1915/208
f 1975/1915/208 1974/1914/10 1976/1916/8
f 1975/1915/208 1976/1916/8 1977/1917/1467
f 1977/1917/1467 1976/1916/8 1978/1918/1468
f 1977/1917/1467 1978/1918/1468 1979/1919/1469
f 1979/1920/1469 1978/1921/1468 1980/1922/1470
f 1979/1920/1469 1980/1922/1470 1981/1923/202
f 1981/1923/202 1980/1922/1470 1982/1924/1471
f 1981/1923/202 1982/1924/1471 1983/1925/1472
f 1951/1926/1473 1984/1927/1474 1985/1928/1475
f 1986/1929/1476 1951/1930/1477 1987/1931/1478
f 1951/1885/1456 1950/1884/1455 1988/1932/1479
f 1989/1933/1480 1951/1934/1481 1990/1935/1482
f 1950/1884/1455 1953/1887/230 1992/1936/997
f 1953/1887/230 1955/1889/228 1994/1937/1483
f 1955/1890/228 1957/1893/1460 1996/1938/1484
f 1957/1893/1460 1959/1895/1462 1998/1939/1485
f 1959/1896/1462 1961/1899/1464 2000/1940/1486
f 1961/1899/1464 1963/1901/220 2002/1941/1487
f 1963/1901/220 1965/1903/218 2004/1942/1488
f 1965/1904/218 1967/1907/216 2006/1943/1489
f 1967/1907/216 1969/1909/214 2008/1944/1448
f 1969/1909/214 1971/1911/212 2010/1945/1490
f 1971/1911/212 1973/1913/210 2012/1946/1491
f 1973/1913/210 1975/1915/208 2014/1947/1492
f 1975/1915/208 1977/1917/1467 2016/1948/1128
f 1977/1917/1467 1979/1919/1469 2018/1949/1493
f 1979/1920/1469 1981/1923/202 2020/1950/1494
f 1981/1923/202 1983/1925/1472 2022/1951/1495
f 1983/1952/1496 2024/1953/1497 2025/1954/1497
f 1982/1924/1471 2026/1955/871 1983/1925/1472
f 2027/1956/1498 1982/1924/1471 1980/1922/1470
f 2028/1957/817 2029/1958/817 1982/1959/1499
f 2030/1960/1500 1980/1922/1470 1978/1921/1468
f 2032/1961/1501 1978/1918/1468 1976/1916/8
f 2034/1962/1502 1976/1916/8 1974/1914/10
f 2036/1963/871 1974/1914/10 1972/1912/12
f 2038/1964/862 1972/1912/12 1970/1910/14
f 2040/1965/772 1970/1910/14 1968/1908/16
f 2042/1966/902 1968/1908/16 1966/1906/1466
f 2044/1967/1000 1966/1906/1466 1964/1905/20
f 2046/1968/1503 1964/1902/20 1962/1900/1465
f 2048/1969/1504 1962/1900/1465 1960/1898/1463
f 2050/1970/1505 1960/1898/1463 1958/1897/1461
f 2052/1971/1506 1958/1894/1461 1956/1892/1459
f 2054/1972/1507 1956/1892/1459 1954/1891/1458
f 2056/1973/803 1954/1888/1458 1952/1886/1457
f 2058/1974/1508 1952/1886/1457 1949/1883/1454
f 2062/1975/1509 2063/1976/1510 2064/1977/1511
f 2064/1977/1511 2063/1976/1510 2065/1978/1512
f 2065/1978/1512 2063/1976/1510 2066/1979/1513
f 2065/1978/1512 2066/1979/1513 2067/1980/1514
f 2067/1981/1514 2066/1982/1513 2068/1983/1515
f 2067/1981/1514 2068/1983/1515 2069/1984/1516
f 2069/1984/1516 2068/1983/1515 2070/1985/1517
f 2069/1984/1516 2070/1985/1517 2071/1986/1518
f 2062/1987/1509 2064/1988/1511 2072/1989/1519
f 2062/1987/1509 2072/1989/1519 2073/1990/1520
f 2062/1987/1509 2073/1990/1520 2074/1991/1521
f 2073/1990/1520 2072/1989/1519 2075/1992/1522
f 2075/1992/1522 2072/1989/1519 2076/1993/1523
f 2075/1992/1522 2076/1993/1523 2077/1994/1524
f 2077/1995/1524 2076/1996/1523 2078/1997/1525
f 2077/1995/1524 2078/1997/1525 2079/1998/1526
f 2079/1998/1526 2078/1997/1525 2080/1999/1527
f 2076/1993/1523 2072/1989/1519 2081/2000/1528
f 2078/1997/1525 2076/1996/1523 2082/2001/1529
f 2076/1996/1523 2081/2002/1528 2082/2001/1529
f 2078/1997/1525 2082/2001/1529 2083/2003/1530
f 2081/2000/1528 2072/1989/1519 2084/2004/1531
f 2084/2004/1531 2072/1989/1519 2085/2005/1532
f 2072/1989/1519 2064/1988/1511 2086/2006/1533
f 2085/2005/1532 2072/1989/1519 2086/2006/1533
f 2086/2006/1533 2064/1988/1511 2087/2007/1534
f 2078/1997/1525 2083/2003/1530 2088/2008/1535
f 2080/1999/1527 2078/1997/1525 2089/2009/1536
f 2089/2009/1536 2078/1997/1525 2090/2010/1537
f 2078/1997/1525 2088/2008/1535 2091/2011/1538
f 2090/2010/1537 2078/1997/1525 2091/2011/1538
f 2089/2009/1536 2090/2010/1537 2092/2012/1539
f 2089/2009/1536 2092/2012/1539 2093/2013/1540
f 2092/2012/1539 2090/2010/1537 2094/2014/1541
f 2092/2012/1539 2094/2014/1541 2095/2015/1542
f 2062/1987/1509 2074/1991/1521 2096/2016/1543
f 2071/1986/1518 2070/1985/1517 2097/2017/1544
f 2071/1986/1518 2097/2017/1544 2098/2018/1545
f 2087/2007/1534 2064/1988/1511 2099/2019/1546
f 2093/2013/1540 2092/2012/1539 2100/2020/1547
f 2098/2018/1545 2097/2017/1544 2101/2021/1548
f 2098/2018/1545 2101/2021/1548 2102/2022/1549
f 2102/2022/1549 2101/2021/1548 2103/2023/1550
f 2102/2022/1549 2103/2023/1550 2104/2024/1551
f 2104/2024/1551 2103/2023/1550 2105/2025/1552
f 2104/2024/1551 2105/2025/1552 2106/2026/1553
f 2106/2026/1553 2105/2025/1552 2107/2027/1554
f 2106/2026/1553 2107/2027/1554 2108/2028/1555
f 2108/2028/1555 2107/2027/1554 2109/2029/1556
f 2108/2028/1555 2109/2029/1556 2110/2030/1557
f 2101/2021/1548 2097/2017/1544 2111/2031/1558
f 2103/2023/1550 2101/2021/1548 2112/2032/1559
f 2101/2021/1548 2111/2031/1558 2112/2032/1559
f 2097/2017/1544 2070/1985/1517 2113/2033/1560
f 2111/2031/1558 2097/2017/1544 2113/2033/1560
f 2070/1985/1517 2068/1983/1515 2114/2034/1561
f 2113/2033/1560 2070/1985/1517 2114/2034/1561
f 2111/2035/1558 2113/2036/1560 2115/2037/1562
f 2112/2038/1559 2111/2035/1558 2116/2039/1563
f 2111/2035/1558 2115/2037/1562 2116/2039/1563
f 2113/2036/1560 2114/2040/1561 2117/2041/1564
f 2115/2037/1562 2113/2036/1560 2117/2041/1564
f 2117/2041/1564 2114/2040/1561 2118/2042/1565
f 2112/2038/1559 2116/2039/1563 2119/2043/1566
f 2112/2038/1559 2119/2043/1566 2120/2044/1567
f 2120/2045/1567 2119/2046/1566 2121/2047/1568
f 2120/2045/1567 2121/2047/1568 2122/2048/1569
f 2122/2049/1569 2121/2050/1568 2123/2051/1570
f 2122/2049/1569 2123/2051/1570 2124/2052/1571
f 2118/2042/1565 2114/2040/1561 2125/2053/1572
f 2118/2042/1565 2125/2053/1572 2126/2054/1573
f 2126/2054/1573 2125/2053/1572 2127/2055/1574
f 2126/2054/1573 2127/2055/1574 2128/2056/1575
f 2128/2056/1575 2127/2055/1574 2129/2057/1576
f 2128/2056/1575 2129/2057/1576 2130/2058/1577
f 2098/2018/1545 2102/2022/1549 2131/2059/1578
f 2071/1986/1518 2098/2018/1545 2132/2060/1579
f 2098/2018/1545 2131/2059/1578 2132/2060/1579
f 2102/2022/1549 2104/2024/1551 2133/2061/1580
f 2131/2059/1578 2102/2022/1549 2133/2061/1580
f 2104/2024/1551 2106/2026/1553 2134/2062/1581
f 2133/2061/1580 2104/2024/1551 2134/2062/1581
f 2131/2059/1578 2133/2061/1580 2135/2063/1582
f 2132/2060/1579 2131/2059/1578 2136/2064/1583
f 2131/2059/1578 2135/2063/1582 2136/2064/1583
f 2133/2061/1580 2134/2062/1581 2137/2065/1584
f 2135/2063/1582 2133/2061/1580 2137/2065/1584
f 2137/2065/1584 2134/2062/1581 2138/2066/1585
f 2138/2066/1585 2134/2062/1581 2139/2067/1586
f 2138/2066/1585 2139/2067/1586 2140/2068/1587
f 2140/2068/1587 2139/2067/1586 2141/2069/1588
f 2140/2068/1587 2141/2069/1588 2142/2070/1589
f 2142/2070/1589 2141/2069/1588 2143/2071/1590
f 2142/2070/1589 2143/2071/1590 2144/2072/1591
f 2132/2060/1579 2136/2064/1583 2145/2073/1592
f 2132/2060/1579 2145/2073/1592 2146/2074/1593
f 2146/2074/1593 2145/2073/1592 2147/2075/1594
f 2146/2074/1593 2147/2075/1594 2148/2076/1595
f 2148/2077/1595 2147/2078/1594 2149/2079/1596
f 2148/2077/1595 2149/2079/1596 2150/2080/1597
f 2150/2080/1597 2149/2079/1596 2151/2081/1598
f 2115/2037/1562 2117/2041/1564 2152/2082/1599
f 2116/2039/1563 2115/2037/1562 2153/2083/1600
f 2115/2037/1562 2152/2082/1599 2153/2083/1600
f 2117/2041/1564 2118/2042/1565 2154/2084/1601
f 2152/2082/1599 2117/2041/1564 2154/2084/1601
f 2118/2042/1565 2126/2054/1573 2155/2085/1602
f 2154/2084/1601 2118/2042/1565 2155/2085/1602
f 2135/2086/1582 2137/2087/1584 2156/2088/1603
f 2136/2089/1583 2135/2086/1582 2157/2090/1604
f 2135/2086/1582 2156/2088/1603 2157/2090/1604
f 2137/2087/1584 2138/2091/1585 2158/2092/1605
f 2156/2088/1603 2137/2087/1584 2158/2092/1605
f 2138/2091/1585 2140/2093/1587 2159/2094/1606
f 2158/2092/1605 2138/2091/1585 2159/2094/1606
f 2156/2088/1603 2158/2092/1605 2160/2095/1607
f 2157/2090/1604 2156/2088/1603 2161/2096/1608
f 2156/2088/1603 2160/2095/1607 2161/2096/1608
f 2158/2092/1605 2159/2094/1606 2162/2097/1609
f 2160/2095/1607 2158/2092/1605 2162/2097/1609
f 2162/2097/1609 2159/2094/1606 2163/2098/1610
f 2163/2098/1610 2159/2094/1606 2164/2099/1611
f 2163/2098/1610 2164/2099/1611 2165/2100/1612
f 2165/2101/1612 2164/2102/1611 2166/2103/1613
f 2165/2101/1612 2166/2103/1613 2167/2104/1614
f 2167/2105/1614 2166/2106/1613 2168/2107/1615
f 2167/2105/1614 2168/2107/1615 2169/2108/1616
f 2157/2090/1604 2161/2096/1608 2170/2109/1617
f 2157/2090/1604 2170/2109/1617 2171/2110/1618
f 2171/2110/1618 2170/2109/1617 2172/2111/1619
f 2171/2110/1618 2172/2111/1619 2173/2112/1620
f 2173/2112/1620 2172/2111/1619 2174/2113/1621
f 2173/2112/1620 2174/2113/1621 2175/2114/1622
f 2175/2114/1622 2174/2113/1621 2176/2115/1623
f 2175/2114/1622 2176/2115/1623 2177/2116/1624
f 2177/2116/1624 2176/2115/1623 2178/2117/1625
f 2177/2116/1624 2178/2117/1625 2179/2118/1626
f 2177/2116/1624 2179/2118/1626 2180/2119/1627
f 2177/2116/1624 2180/2119/1627 2181/2120/1628
f 2177/2116/1624 2181/2120/1628 2182/2121/1629
f 2178/2117/1625 2176/2115/1623 2183/2122/1630
f 2152/2082/1599 2154/2084/1601 2184/2123/1631
f 2153/2083/1600 2152/2082/1599 2185/2124/1632
f 2152/2082/1599 2184/2123/1631 2185/2124/1632
f 2154/2084/1601 2155/2085/1602 2186/2125/1633
f 2184/2123/1631 2154/2084/1601 2186/2125/1633
f 2186/2125/1633 2155/2085/1602 2187/2126/1634
f 2153/2083/1600 2185/2124/1632 2188/2127/1635
f 2153/2083/1600 2188/2127/1635 2189/2128/1636
f 2189/2129/1636 2188/2130/1635 2190/2131/1637
f 2189/2129/1636 2190/2131/1637 2191/2132/1638
f 2191/2133/1638 2190/2134/1637 2192/2135/1639
f 2191/2133/1638 2192/2135/1639 2193/2136/1640
f 2187/2126/1634 2155/2085/1602 2194/2137/1641
f 2187/2126/1634 2194/2137/1641 2195/2138/1642
f 2195/2138/1642 2194/2137/1641 2196/2139/1643
f 2195/2138/1642 2196/2139/1643 2197/2140/1644
f 2197/2140/1644 2196/2139/1643 2198/2141/1645
f 2197/2140/1644 2198/2141/1645 2199/2142/1646
f 2199/2142/1646 2198/2141/1645 2200/2143/1647
f 2199/2142/1646 2200/2143/1647 2201/2144/1648
f 2201/2144/1648 2200/2143/1647 2202/2145/1649
f 2201/2144/1648 2202/2145/1649 2203/2146/1650
f 2201/2144/1648 2203/2146/1650 2204/2147/1651
f 2201/2144/1648 2204/2147/1651 2205/2148/1652
f 2201/2144/1648 2205/2148/1652 2206/2149/1653
f 2206/2149/1653 2205/2148/1652 2207/2150/1654
f 2206/2149/1653 2207/2150/1654 2208/2151/1655
f 2160/2095/1607 2162/2097/1609 2209/2152/1656
f 2162/2097/1609 2163/2098/1610 2210/2153/1657
f 2209/2152/1656 2162/2097/1609 2210/2153/1657
f 2161/2096/1608 2160/2095/1607 2211/2154/1658
f 2160/2095/1607 2209/2152/1656 2211/2154/1658
f 2163/2098/1610 2165/2100/1612 2212/2155/1659
f 2210/2153/1657 2163/2098/1610 2212/2155/1659
f 2209/2152/1656 2210/2153/1657 2213/2156/1660
f 2210/2153/1657 2212/2155/1659 2214/2157/1661
f 2213/2156/1660 2210/2153/1657 2214/2157/1661
f 2211/2154/1658 2209/2152/1656 2215/2158/1662
f 2209/2152/1656 2213/2156/1660 2215/2158/1662
f 2214/2157/1661 2212/2155/1659 2216/2159/1663
f 2216/2159/1663 2212/2155/1659 2217/2160/1664
f 2216/2159/1663 2217/2160/1664 2218/2161/1665
f 2218/2162/1665 2217/2163/1664 2219/2164/1666
f 2218/2162/1665 2219/2164/1666 2220/2165/1667
f 2220/2166/1667 2219/2167/1666 2221/2168/1668
f 2220/2166/1667 2221/2168/1668 2222/2169/1669
f 2211/2154/1658 2215/2158/1662 2223/2170/1670
f 2211/2154/1658 2223/2170/1670 2224/2171/1671
f 2224/2171/1671 2223/2170/1670 2225/2172/1672
f 2224/2171/1671 2225/2172/1672 2226/2173/1673
f 2226/2174/1673 2225/2175/1672 2227/2176/1674
f 2226/2174/1673 2227/2176/1674 2228/2177/1675
f 2228/2177/1675 2227/2176/1674 2229/2178/1676
f 2228/2177/1675 2229/2178/1676 2230/2179/1677
f 2230/2180/1677 2229/2181/1676 2231/2182/1678
f 2230/2180/1677 2231/2182/1678 2232/2183/1679
f 2230/2180/1677 2232/2183/1679 2233/2184/1680
f 2230/2180/1677 2233/2184/1680 2234/2185/1681
f 2230/2180/1677 2234/2185/1681 2235/2186/1682
f 2235/2186/1682 2234/2185/1681 2236/2187/1683
f 2235/2186/1682 2236/2187/1683 2237/2188/1684
f 2213/2156/1660 2214/2157/1661 2238/2189/1685
f 2214/2157/1661 2216/2159/1663 2239/2190/1686
f 2238/2189/1685 2214/2157/1661 2239/2190/1686
f 2215/2158/1662 2213/2156/1660 2240/2191/1687
f 2213/2156/1660 2238/2189/1685 2240/2191/1687
f 2216/2159/1663 2218/2161/1665 2241/2192/1688
f 2239/2190/1686 2216/2159/1663 2241/2192/1688
f 2238/2193/1685 2239/2194/1686 2242/2195/1689
f 2239/2194/1686 2241/2196/1688 2243/2197/1690
f 2242/2195/1689 2239/2194/1686 2243/2197/1690
f 2240/2198/1687 2238/2193/1685 2244/2199/1691
f 2238/2193/1685 2242/2195/1689 2244/2199/1691
f 2243/2197/1690 2241/2196/1688 2245/2200/1692
f 2245/2200/1692 2241/2196/1688 2246/2201/1693
f 2245/2200/1692 2246/2201/1693 2247/2202/1694
f 2247/2203/1694 2246/2204/1693 2248/2205/1695
f 2247/2203/1694 2248/2205/1695 2249/2206/1696
f 2249/2207/1696 2248/2208/1695 2250/2209/1697
f 2249/2207/1696 2250/2209/1697 2251/2210/1698
f 2240/2198/1687 2244/2199/1691 2252/2211/1699
f 2240/2198/1687 2252/2211/1699 2253/2212/1700
f 2253/2212/1700 2252/2211/1699 2254/2213/1701
f 2253/2212/1700 2254/2213/1701 2255/2214/1702
f 2255/2215/1702 2254/2216/1701 2256/2217/1703
f 2255/2215/1702 2256/2217/1703 2257/2218/1704
f 2257/2218/1704 2256/2217/1703 2258/2219/1705
f 2257/2218/1704 2258/2219/1705 2259/2220/1706
f 2259/2221/1706 2258/2222/1705 2260/2223/1707
f 2259/2221/1706 2260/2223/1707 2261/2224/1708
f 2259/2221/1706 2261/2224/1708 2262/2225/1709
f 2262/2225/1709 2261/2224/1708 2263/2226/1710
f 2262/2225/1709 2263/2226/1710 2264/2227/1711
f 2262/2225/1709 2264/2227/1711 2265/2228/1712
f 2265/2229/1712 2264/2230/1711 2266/2231/1713
f 2265/2229/1712 2266/2231/1713 2267/2232/1714
f 2267/2232/1714 2266/2231/1713 2268/2233/1715
f 2262/2234/1709 2265/2235/1712 2269/2236/1716
f 2262/2234/1709 2269/2236/1716 2270/2237/1717
f 2262/2234/1709 2270/2237/1717 2271/2238/1718
f 2260/2223/1707 2258/2222/1705 2272/2239/1719
f 2267/2232/1714 2268/2233/1715 2273/2240/1720
f 2267/2232/1714 2273/2240/1720 2274/2241/1721
f 2267/2232/1714 2274/2241/1721 2275/2242/1722
f 2267/2232/1714 2275/2242/1722 2276/2243/1723
f 2276/2243/1723 2275/2242/1722 2277/2244/1724
f 2276/2243/1723 2277/2244/1724 2278/2245/1725
f 2275/2242/1722 2274/2241/1721 2279/2246/1726
f 2184/2123/1631 2186/2125/1633 2280/2247/1727
f 2185/2124/1632 2184/2123/1631 2281/2248/1728
f 2184/2123/1631 2280/2247/1727 2281/2248/1728
f 2186/2125/1633 2187/2126/1634 2282/2249/1729
f 2280/2247/1727 2186/2125/1633 2282/2249/1729
f 2187/2126/1634 2195/2138/1642 2283/2250/1730
f 2282/2249/1729 2187/2126/1634 2283/2250/1730
f 2242/2195/1689 2243/2197/1690 2284/2251/1731
f 2243/2197/1690 2245/2200/1692 2285/2252/1732
f 2284/2251/1731 2243/2197/1690 2285/2252/1732
f 2244/2199/1691 2242/2195/1689 2286/2253/1733
f 2242/2195/1689 2284/2251/1731 2286/2253/1733
f 2245/2200/1692 2247/2202/1694 2287/2254/1734
f 2285/2252/1732 2245/2200/1692 2287/2254/1734
f 2284/2251/1731 2285/2252/1732 2288/2255/1735
f 2285/2252/1732 2287/2254/1734 2289/2256/1736
f 2288/2255/1735 2285/2252/1732 2289/2256/1736
f 2286/2253/1733 2284/2251/1731 2290/2257/1737
f 2284/2251/1731 2288/2255/1735 2290/2257/1737
f 2289/2256/1736 2287/2254/1734 2291/2258/1738
f 2291/2258/1738 2287/2254/1734 2292/2259/1739
f 2291/2258/1738 2292/2259/1739 2293/2260/1740
f 2293/2261/1740 2292/2262/1739 2294/2263/1741
f 2293/2261/1740 2294/2263/1741 2295/2264/1742
f 2295/2265/1742 2294/2266/1741 2296/2267/1743
f 2295/2265/1742 2296/2267/1743 2297/2268/1744
f 2286/2253/1733 2290/2257/1737 2298/2269/1745
f 2286/2253/1733 2298/2269/1745 2299/2270/1746
f 2299/2270/1746 2298/2269/1745 2300/2271/1747
f 2299/2270/1746 2300/2271/1747 2301/2272/1748
f 2301/2272/1748 2300/2271/1747 2302/2273/1749
f 2301/2272/1748 2302/2273/1749 2303/2274/1750
f 2303/2274/1750 2302/2273/1749 2304/2275/1751
f 2303/2274/1750 2304/2275/1751 2305/2276/1752
f 2305/2276/1752 2304/2275/1751 2306/2277/1753
f 2305/2276/1752 2306/2277/1753 2307/2278/1754
f 2305/2276/1752 2307/2278/1754 2308/2279/1755
f 2307/2278/1754 2306/2277/1753 2309/2280/1756
f 2309/2280/1756 2306/2277/1753 2310/2281/1757
f 2309/2280/1756 2310/2281/1757 2311/2282/1758
f 2311/2283/1758 2310/2284/1757 2312/2285/1759
f 2311/2283/1758 2312/2285/1759 2313/2286/1760
f 2313/2286/1760 2312/2285/1759 2314/2287/1761
f 2310/2281/1757 2306/2277/1753 2315/2288/1762
f 2312/2285/1759 2310/2284/1757 2316/2289/1763
f 2310/2284/1757 2315/2290/1762 2316/2289/1763
f 2312/2285/1759 2316/2289/1763 2317/2291/1764
f 2315/2288/1762 2306/2277/1753 2318/2292/1765
f 2318/2292/1765 2306/2277/1753 2319/2293/1766
f 2306/2277/1753 2304/2275/1751 2320/2294/1767
f 2319/2293/1766 2306/2277/1753 2320/2294/1767
f 2320/2294/1767 2304/2275/1751 2321/2295/1768
f 2312/2285/1759 2317/2291/1764 2322/2296/1769
f 2314/2287/1761 2312/2285/1759 2323/2297/1770
f 2323/2297/1770 2312/2285/1759 2324/2298/1771
f 2312/2285/1759 2322/2296/1769 2325/2299/1772
f 2324/2298/1771 2312/2285/1759 2325/2299/1772
f 2323/2297/1770 2324/2298/1771 2326/2300/1773
f 2323/2297/1770 2326/2300/1773 2327/2301/1774
f 2326/2300/1773 2324/2298/1771 2328/2302/1775
f 2326/2300/1773 2328/2302/1775 2329/2303/1776
f 2321/2295/1768 2304/2275/1751 2330/2304/1768
f 2327/2301/1774 2326/2300/1773 2331/2305/1777
f 2280/2247/1727 2282/2249/1729 2332/2306/1778
f 2281/2248/1728 2280/2247/1727 2333/2307/1779
f 2280/2247/1727 2332/2306/1778 2333/2307/1779
f 2282/2249/1729 2283/2250/1730 2334/2308/1780
f 2332/2306/1778 2282/2249/1729 2334/2308/1780
f 2334/2308/1780 2283/2250/1730 2335/2309/1781
f 2281/2248/1728 2333/2307/1779 2336/2310/1782
f 2281/2248/1728 2336/2310/1782 2337/2311/1783
f 2337/2312/1783 2336/2313/1782 2338/2314/1784
f 2337/2312/1783 2338/2314/1784 2339/2315/1785
f 2339/2316/1785 2338/2317/1784 2340/2318/1786
f 2339/2316/1785 2340/2318/1786 2341/2319/1787
f 2335/2309/1781 2283/2250/1730 2342/2320/1788
f 2335/2309/1781 2342/2320/1788 2343/2321/1789
f 2343/2321/1789 2342/2320/1788 2344/2322/1790
f 2343/2321/1789 2344/2322/1790 2345/2323/1791
f 2345/2324/1791 2344/2325/1790 2346/2326/1792
f 2345/2324/1791 2346/2326/1792 2347/2327/1793
f 2347/2327/1793 2346/2326/1792 2348/2328/1794
f 2347/2327/1793 2348/2328/1794 2349/2329/1795
f 2349/2330/1795 2348/2331/1794 2350/2332/1796
f 2349/2330/1795 2350/2332/1796 2351/2333/1797
f 2349/2330/1795 2351/2333/1797 2352/2334/1798
f 2350/2332/1796 2348/2331/1794 2353/2335/1799
f 2349/2330/1795 2352/2334/1798 2354/2336/1800
f 2349/2330/1795 2354/2336/1800 2355/2337/1801
f 2288/2255/1735 2289/2256/1736 2356/2338/1802
f 2289/2256/1736 2291/2258/1738 2357/2339/1803
f 2356/2338/1802 2289/2256/1736 2357/2339/1803
f 2290/2257/1737 2288/2255/1735 2358/2340/1804
f 2288/2255/1735 2356/2338/1802 2358/2340/1804
f 2291/2258/1738 2293/2260/1740 2359/2341/1805
f 2357/2339/1803 2291/2258/1738 2359/2341/1805
f 2356/2338/1802 2357/2339/1803 2360/2342/1806
f 2357/2339/1803 2359/2341/1805 2361/2343/1807
f 2360/2342/1806 2357/2339/1803 2361/2343/1807
f 2358/2340/1804 2356/2338/1802 2362/2344/1808
f 2356/2338/1802 2360/2342/1806 2362/2344/1808
f 2361/2343/1807 2359/2341/1805 2363/2345/1809
f 2363/2345/1809 2359/2341/1805 2364/2346/1810
f 2363/2345/1809 2364/2346/1810 2365/2347/1811
f 2365/2348/1811 2364/2349/1810 2366/2350/1812
f 2365/2348/1811 2366/2350/1812 2367/2351/1813
f 2367/2352/1813 2366/2353/1812 2368/2354/1814
f 2367/2352/1813 2368/2354/1814 2369/2355/1815
f 2358/2340/1804 2362/2344/1808 2370/2356/1816
f 2358/2340/1804 2370/2356/1816 2371/2357/1817
f 2371/2357/1817 2370/2356/1816 2372/2358/1818
f 2371/2357/1817 2372/2358/1818 2373/2359/1819
f 2373/2360/1819 2372/2361/1818 2374/2362/1820
f 2373/2360/1819 2374/2362/1820 2375/2363/1821
f 2375/2363/1821 2374/2362/1820 2376/2364/1822
f 2235/2186/1682 2237/2188/1684 2377/2365/1823
f 2235/2186/1682 2377/2365/1823 2378/2366/1824
f 2378/2367/1824 2377/2368/1823 2379/2369/1825
f 2378/2367/1824 2379/2369/1825 2380/2370/1826
f 2380/2370/1826 2379/2369/1825 2381/2371/1827
f 2267/2232/1714 2382/2372/1828 2383/2373/1829
f 2267/2232/1714 2276/2243/1723 2384/2374/1830
f 2382/2372/1828 2267/2232/1714 2384/2374/1830
f 2206/2149/1653 2208/2151/1655 2385/2375/1831
f 2206/2149/1653 2385/2375/1831 2386/2376/1832
f 2386/2377/1832 2385/2378/1831 2387/2379/1833
f 2386/2377/1832 2387/2379/1833 2388/2380/1834
f 2388/2380/1834 2387/2379/1833 2389/2381/1835
f 2384/2374/1830 2276/2243/1723 2390/2382/1836
f 2099/2019/1546 2064/1988/1511 2391/2383/1837
f 2330/2304/1768 2304/2275/1751 2392/2384/1838
f 2392/2384/1838 2304/2275/1751 2393/2385/1839
f 2353/2335/1799 2348/2331/1794 2394/2386/1840
f 2183/2122/1630 2176/2115/1623 2395/2387/1841
f 2090/2010/1537 2091/2011/1538 2396/2388/1842
f 2324/2298/1771 2325/2299/1772 2397/2389/1843
f 2324/2298/1771 2397/2389/1843 2398/2390/1844
f 2390/2382/1836 2276/2243/1723 2399/2391/1845
f 2092/2012/1539 2095/2015/1542 2400/2392/1846
f 2100/2020/1547 2092/2012/1539 2401/2393/1847
f 2092/2012/1539 2400/2392/1846 2401/2393/1847
f 2401/2393/1847 2400/2392/1846 2402/2394/1848
f 2400/2392/1846 2095/2015/1542 2403/2395/1849
f 2402/2394/1848 2400/2392/1846 2404/2396/1850
f 2400/2392/1846 2403/2395/1849 2405/2397/1851
f 2404/2396/1850 2400/2392/1846 2406/2398/1852
f 2400/2392/1846 2405/2397/1851 2406/2398/1852
f 2404/2396/1850 2406/2398/1852 2407/2399/1853
f 2405/2397/1851 2403/2395/1849 2408/2400/1854
f 2407/2399/1853 2406/2398/1852 2409/2401/1855
f 2409/2401/1855 2406/2398/1852 2410/2402/1856
f 2410/2402/1856 2406/2398/1852 2411/2403/1857
f 2410/2402/1856 2411/2403/1857 2412/2404/1858
f 2412/2405/1858 2411/2406/1857 2413/2407/1859
f 2412/2405/1858 2413/2407/1859 2414/2408/1860
f 2414/2408/1860 2413/2407/1859 2415/2409/1861
f 2415/2409/1861 2413/2407/1859 2416/2410/1862
f 2415/2409/1861 2416/2410/1862 2417/2411/1863
f 2417/2411/1863 2416/2410/1862 2418/2412/1864
f 2413/2407/1859 2411/2406/1857 2419/2413/1865
f 2413/2407/1859 2419/2413/1865 2420/2414/1866
f 2417/2415/1863 2418/2416/1864 2421/2417/1867
f 2406/2398/1852 2422/2418/1868 2423/2419/1869
f 2406/2398/1852 2405/2397/1851 2424/2420/1870
f 2422/2418/1868 2406/2398/1852 2424/2420/1870
f 2424/2420/1870 2405/2397/1851 2425/2421/1871
f 2413/2407/1859 2420/2414/1866 2426/2422/1872
f 2420/2423/1866 2419/2424/1865 2427/2425/1873
f 2420/2423/1866 2427/2425/1873 2428/2426/1874
f 2425/2421/1871 2405/2397/1851 2429/2427/1875
f 2421/2417/1867 2418/2416/1864 2430/2428/1876
f 2380/2370/1826 2381/2371/1827 2431/2429/1877
f 2380/2370/1826 2431/2429/1877 2432/2430/1878
f 2428/2426/1874 2427/2425/1873 2433/2431/1879
f 2428/2426/1874 2433/2431/1879 2434/2432/1880
f 2434/2432/1880 2433/2431/1879 2435/2433/1881
f 2435/2433/1881 2433/2431/1879 2436/2434/1882
f 2435/2433/1881 2436/2434/1882 2437/2435/1883
f 2437/2435/1883 2436/2434/1882 2438/2436/1884
f 2437/2437/1883 2438/2438/1884 2439/2439/1885
f 2439/2439/1885 2438/2438/1884 2440/2440/1886
f 2439/2439/1885 2440/2440/1886 2441/2441/1887
f 2380/2370/1826 2432/2430/1878 2442/2442/1888
f 2380/2370/1826 2442/2442/1888 2443/2443/1889
f 2442/2442/1888 2432/2430/1878 2444/2444/1890
f 2444/2444/1890 2432/2430/1878 2445/2445/1891
f 2444/2444/1890 2445/2445/1891 2446/2446/1892
f 2444/2444/1890 2446/2446/1892 2447/2447/1893
f 2446/2446/1892 2445/2445/1891 2448/2448/1894
f 2446/2446/1892 2448/2448/1894 2449/2449/1895
f 2447/2447/1893 2446/2446/1892 2450/2450/1896
f 2448/2448/1894 2445/2445/1891 2451/2451/1897
f 2446/2446/1892 2449/2449/1895 2452/2452/1898
f 2450/2450/1896 2446/2446/1892 2453/2453/1899
f 2446/2446/1892 2452/2452/1898 2453/2453/1899
f 2453/2453/1899 2452/2452/1898 2454/2454/1900
f 2452/2452/1898 2449/2449/1895 2455/2455/1901
f 2454/2454/1900 2452/2452/1898 2456/2456/1902
f 2452/2452/1898 2455/2455/1901 2457/2457/1903
f 2456/2456/1902 2452/2452/1898 2458/2458/1904
f 2452/2452/1898 2457/2457/1903 2458/2458/1904
f 2456/2456/1902 2458/2458/1904 2459/2459/1905
f 2457/2457/1903 2455/2455/1901 2460/2460/1906
f 2459/2459/1905 2458/2458/1904 2461/2461/1907
f 2461/2461/1907 2458/2458/1904 2462/2462/1908
f 2462/2462/1908 2458/2458/1904 2463/2463/1909
f 2462/2462/1908 2463/2463/1909 2464/2464/1910
f 2464/2465/1910 2463/2466/1909 2465/2467/1911
f 2464/2465/1910 2465/2467/1911 2466/2468/1912
f 2466/2468/1912 2465/2467/1911 2467/2469/1913
f 2465/2470/1911 2463/2471/1909 2468/2472/1914
f 2465/2470/1911 2468/2472/1914 2469/2473/1915
f 2458/2458/1904 2470/2474/1916 2471/2475/1917
f 2458/2458/1904 2457/2457/1903 2472/2476/1918
f 2470/2474/1916 2458/2458/1904 2472/2476/1918
f 2472/2476/1918 2457/2457/1903 2473/2477/1919
f 2465/2470/1911 2469/2473/1915 2474/2478/1920
f 2469/2479/1915 2468/2480/1914 2475/2481/1921
f 2469/2479/1915 2475/2481/1921 2476/2482/1922
f 2473/2477/1919 2457/2457/1903 2477/2483/1923
f 2465/2470/1911 2474/2478/1920 2478/2484/1920
f 2465/2470/1911 2478/2484/1920 2479/2485/1924
f 2479/2485/1924 2478/2484/1920 2480/2486/1925
f 2476/2487/1922 2475/2488/1921 2481/2489/1926
f 2481/2489/1926 2475/2488/1921 2482/2490/1927
f 2481/2491/1926 2482/2492/1927 2483/2493/1928
f 2483/2493/1928 2482/2492/1927 2484/2494/1929
f 2483/2493/1928 2484/2494/1929 2485/2495/1930
f 2386/2377/1832 2388/2380/1834 2486/2496/1931
f 2486/2496/1931 2388/2380/1834 2487/2497/1932
f 2487/2497/1932 2388/2380/1834 2488/2498/1933
f 2488/2498/1933 2388/2380/1834 2489/2499/1934
f 2488/2498/1933 2489/2499/1934 2490/2500/1935
f 2490/2500/1935 2489/2499/1934 2491/2501/1936
f 2490/2500/1935 2491/2501/1936 2492/2502/1937
f 2490/2500/1935 2492/2502/1937 2493/2503/1938
f 2492/2502/1937 2491/2501/1936 2494/2504/1939
f 2492/2502/1937 2494/2504/1939 2495/2505/1940
f 2493/2503/1938 2492/2502/1937 2496/2506/1941
f 2492/2502/1937 2495/2505/1940 2497/2507/1942
f 2496/2506/1941 2492/2502/1937 2498/2508/1943
f 2492/2502/1937 2497/2507/1942 2498/2508/1943
f 2498/2508/1943 2497/2507/1942 2499/2509/1944
f 2497/2507/1942 2495/2505/1940 2500/2510/1945
f 2499/2509/1944 2497/2507/1942 2501/2511/1946
f 2497/2507/1942 2500/2510/1945 2502/2512/1947
f 2501/2511/1946 2497/2507/1942 2503/2513/1948
f 2497/2507/1942 2502/2512/1947 2503/2513/1948
f 2501/2511/1946 2503/2513/1948 2504/2514/1949
f 2502/2512/1947 2500/2510/1945 2505/2515/1950
f 2504/2514/1949 2503/2513/1948 2506/2516/1951
f 2506/2516/1951 2503/2513/1948 2507/2517/1952
f 2507/2517/1952 2503/2513/1948 2508/2518/1953
f 2507/2517/1952 2508/2518/1953 2509/2519/1954
f 2509/2519/1954 2508/2518/1953 2510/2520/1955
f 2509/2519/1954 2510/2520/1955 2511/2521/1956
f 2511/2521/1956 2510/2520/1955 2512/2522/1957
f 2510/2523/1955 2508/2524/1953 2513/2525/1958
f 2510/2523/1955 2513/2525/1958 2514/2526/1959
f 2503/2513/1948 2515/2527/1960 2516/2528/1961
f 2503/2513/1948 2502/2512/1947 2517/2529/1962
f 2515/2527/1960 2503/2513/1948 2517/2529/1962
f 2517/2529/1962 2502/2512/1947 2518/2530/1963
f 2510/2523/1955 2514/2526/1959 2519/2531/1964
f 2514/2526/1959 2513/2525/1958 2520/2532/1965
f 2514/2526/1959 2520/2532/1965 2521/2533/1966
f 2518/2530/1963 2502/2512/1947 2522/2534/1967
f 2521/2535/1966 2520/2536/1965 2523/2537/1968
f 2521/2535/1966 2523/2537/1968 2524/2538/1969
f 2524/2538/1969 2523/2537/1968 2525/2539/1970
f 2525/2539/1970 2523/2537/1968 2526/2540/1971
f 2525/2539/1970 2526/2540/1971 2527/2541/1972
f 2527/2541/1972 2526/2540/1971 2528/2542/1973
f 2527/2541/1972 2528/2542/1973 2529/2543/1974
f 2529/2543/1974 2528/2542/1973 2530/2544/1975
f 2529/2543/1974 2530/2544/1975 2531/2545/1976
f 2510/2523/1955 2519/2531/1964 2532/2546/1977
f 2532/2546/1977 2519/2531/1964 2533/2547/1978
f 2467/2469/1913 2465/2467/1911 2534/2548/1979
f 2465/2470/1911 2479/2485/1924 2534/2549/1979
f 2512/2550/1957 2510/2523/1955 2535/2551/1980
f 2510/2523/1955 2532/2546/1977 2535/2551/1980
f 2532/2546/1977 2533/2547/1978 2536/2552/1981
f 2467/2469/1913 2534/2548/1979 2537/2553/1982
f 2537/2553/1982 2534/2548/1979 2538/2554/1983
f 2512/2550/1957 2535/2551/1980 2539/2555/1984
f 2539/2555/1984 2535/2551/1980 2540/2556/1985
f 2529/2557/1974 2531/2558/1976 2541/2559/1986
f 2541/2559/1986 2531/2558/1976 2542/2560/1987
f 2542/2560/1987 2531/2558/1976 2543/2561/1988
f 2542/2560/1987 2543/2561/1988 2544/2562/1989
f 2544/2562/1989 2543/2561/1988 2545/2563/1990
f 2439/2439/1885 2441/2441/1887 2546/2564/1991
f 2439/2439/1885 2546/2564/1991 2547/2565/1992
f 2546/2564/1991 2441/2441/1887 2548/2566/1993
f 2546/2564/1991 2548/2566/1993 2549/2567/1994
f 2549/2567/1994 2548/2566/1993 2550/2568/1995
f 2550/2568/1995 2548/2566/1993 2551/2569/1996
f 2534/2570/1979 2479/2571/1924 2552/2572/1997
f 2535/2573/1980 2532/2574/1977 2553/2575/1821
f 2540/2576/1985 2535/2577/1980 2554/2578/1820
f 2540/2576/1985 2554/2578/1820 2555/2579/1998
f 2555/2579/1998 2554/2578/1820 2556/2580/1999
f 2555/2579/1998 2556/2580/1999 2557/2581/2000
f 2557/2581/2000 2556/2580/1999 2558/2582/2001
f 2557/2581/2000 2558/2582/2001 2559/2583/2002
f 2559/2584/2002 2558/2585/2001 2560/2586/2003
f 2559/2584/2002 2560/2586/2003 2561/2587/2004
f 2538/2588/1983 2534/2589/1979 2562/2590/2005
f 2538/2588/1983 2562/2590/2005 2563/2591/2006
f 2418/2592/1864 2416/2593/1862 2564/2594/2007
f 2418/2592/1864 2564/2594/2007 2565/2595/1576
f 2561/2587/2004 2560/2586/2003 2566/2596/2008
f 2561/2587/2004 2566/2596/2008 2567/2597/2009
f 2332/2598/1778 2334/2599/1780 2568/2600/2010
f 2333/2601/1779 2332/2598/1778 2569/2602/2011
f 2332/2598/1778 2568/2600/2010 2569/2602/2011
f 2568/2600/2010 2334/2599/1780 2570/2603/2012
f 2277/2244/1724 2275/2242/1722 2571/2604/2013
f 2363/2345/1809 2365/2347/1811 2572/2605/2014
f 2365/2348/1811 2367/2351/1813 2573/2606/2015
f 2572/2605/2014 2365/2347/1811 2573/2607/2015
f 2367/2352/1813 2369/2355/1815 2574/2608/2016
f 2573/2606/2015 2367/2351/1813 2574/2609/2016
f 2574/2608/2016 2369/2355/1815 2575/2610/2017
f 2430/2428/1876 2418/2416/1864 2576/2611/2018
f 2418/2592/1864 2565/2595/1576 2579/2612/2019
f 2565/2613/2020 2581/2614/2021 2582/2615/2022
f 2564/2594/2007 2584/2616/2023 2565/2595/1576
f 2585/2617/2024 2564/2594/2007 2416/2593/1862
f 2588/2618/2025 2416/2410/1862 2413/2407/1859
f 2436/2434/1882 2594/2619/2026 2438/2436/1884
f 2433/2431/1879 2598/2620/2027 2436/2434/1882
f 2601/2621/2028 2433/2431/1879 2427/2425/1873
f 2419/2424/1865 2603/2622/2029 2427/2425/1873
f 2408/2400/1854 2606/2623/2030 2405/2397/1851
f 2094/2014/1541 2090/2010/1537 2609/2624/2031
f 2065/1978/1512 2067/1980/1514 2620/2625/2032
f 2067/1981/1514 2069/1984/1516 2622/2626/2033
f 2624/2627/2034 2146/2074/1593 2148/2076/1595
f 2626/2628/2035 2148/2077/1595 2150/2080/1597
f 2151/2629/1598 2149/2630/1596 2630/2631/2036
f 2149/2079/1596 2147/2078/1594 2636/2632/1036
f 2147/2633/1594 2145/2634/1592 2638/2635/2037
f 2640/2636/2038 2171/2110/1618 2173/2112/1620
f 2642/2637/2039 2173/2112/1620 2175/2114/1622
f 2644/2638/2040 2175/2639/1622 2177/2640/1624
f 2177/2116/1624 2182/2121/1629 2647/2641/2041
f 2650/2642/2042 2395/2387/1841 2176/2115/1623
f 2176/2115/1623 2174/2113/1621 2652/2643/2043
f 2174/2113/1621 2172/2111/1619 2654/2644/2044
f 2172/2111/1619 2170/2109/1617 2656/2645/2045
f 2170/2109/1617 2161/2096/1608 2658/2646/787
f 2659/2647/2046 2224/2171/1671 2226/2173/1673
f 2661/2648/2047 2226/2649/1673 2228/2650/1675
f 2663/2651/2048 2228/2177/1675 2230/2179/1677
f 2665/2652/2049 2230/2180/1677 2235/2186/1682
f 2235/2186/1682 2378/2366/1824 2667/2653/2050
f 2378/2367/1824 2380/2370/1826 2670/2654/2051
f 2538/2655/1983 2563/2656/2006 2673/2657/1081
f 2563/2658/2052 2679/2659/2053 2680/2660/2054
f 2682/2661/2055 2562/2590/2005 2534/2589/1979
f 2685/2662/2056 2552/2572/1997 2479/2571/1924
f 2552/2663/2057 2688/2664/2058 2689/2665/2058
f 2485/2495/1930 2484/2494/1929 2692/2666/2059
f 2482/2492/1927 2700/2667/2060 2484/2494/1929
f 2703/2668/2061 2482/2490/1927 2475/2488/1921
f 2468/2480/1914 2705/2669/2062 2475/2481/1921
f 2236/2670/1683 2717/2671/2063 2237/2672/1684
f 2236/2673/2064 2719/2674/2065 2720/2675/2066
f 2229/2178/1676 2227/2176/1674 2723/2676/2067
f 2227/2677/2068 2726/2678/2069 2727/2679/2070
f 2227/2176/1674 2225/2175/1672 2728/2680/2071
f 2225/2681/1672 2223/2682/1670 2730/2683/2072
f 2223/2684/1670 2215/2685/1662 2732/2686/2073
f 2733/2687/2074 2253/2688/1700 2255/2689/1702
f 2735/2690/2075 2255/2215/1702 2257/2218/1704
f 2737/2691/2076 2257/2692/1704 2259/2693/1706
f 2738/2694/2077 2739/2695/2078 2257/2696/2079
f 2740/2697/2080 2259/2221/1706 2262/2225/1709
f 2278/2245/1725 2749/2698/2081 2276/2243/1723
f 2571/2699/2082 2751/2700/2083 2752/2701/2084
f 2258/2702/1705 2256/2703/1703 2754/2704/2085
f 2256/2705/1703 2254/2706/1701 2758/2707/2086
f 2254/2213/1701 2252/2211/1699 2760/2708/2087
f 2252/2211/1699 2244/2199/1691 2762/2709/2088
f 2763/2710/2089 2299/2270/1746 2301/2272/1748
f 2765/2711/2090 2301/2272/1748 2303/2274/1750
f 2767/2712/2091 2303/2274/1750 2305/2276/1752
f 2771/2713/2092 2326/2300/1773 2329/2303/1776
f 2398/2390/1844 2397/2389/1843 2777/2714/771
f 2304/2275/1751 2302/2273/1749 2784/2715/2093
f 2300/2271/1747 2298/2269/1745 2787/2716/2094
f 2298/2269/1745 2290/2257/1737 2789/2717/2095
f 2790/2718/2096 2371/2357/1817 2373/2359/1819
f 2792/2719/2097 2373/2720/1819 2375/2721/1821
f 2794/2722/2098 2375/2363/1821 2376/2364/1822
f 2376/2364/1822 2374/2362/1820 2797/2723/2099
f 2374/2362/1820 2372/2361/1818 2803/2724/2100
f 2372/2358/1818 2370/2356/1816 2805/2725/2101
f 2370/2726/1816 2362/2727/1808 2807/2728/2102
f 2360/2342/1806 2361/2343/1807 2810/2729/2103
f 2361/2730/2104 2811/2731/2105 2812/2732/2106
f 2361/2343/1807 2363/2345/1809 2813/2733/2107
f 2572/2734/2014 2573/2735/2015 2816/2736/2108
f 2573/2606/2015 2574/2609/2016 2818/2737/2109
f 2574/2738/2016 2575/2739/2017 2820/2740/2110
f 2822/2741/909 2368/2354/1814 2366/2353/1812
f 2823/2742/2111 2366/2350/1812 2364/2349/1810
f 2825/2743/2112 2364/2346/1810 2359/2341/1805
f 2295/2265/1742 2297/2268/1744 2828/2744/2113
f 2830/2745/2114 2296/2267/1743 2294/2266/1741
f 2831/2746/2115 2294/2263/1741 2292/2262/1739
f 2249/2747/1696 2251/2748/1698 2835/2749/2116
f 2837/2750/2117 2248/2205/1695 2246/2204/1693
f 2839/2751/2118 2246/2201/1693 2241/2196/1688
f 2220/2752/1667 2222/2753/1669 2842/2754/2119
f 2844/2755/2120 2219/2164/1666 2217/2163/1664
f 2846/2756/2121 2217/2160/1664 2212/2155/1659
f 2165/2101/1612 2167/2104/1614 2848/2757/2122
f 2167/2105/1614 2169/2108/1616 2850/2758/1130
f 2852/2759/2123 2166/2760/1613 2164/2761/1611
f 2142/2762/1589 2144/2763/1591 2856/2764/2124
f 2108/2028/1555 2110/2030/1557 2861/2765/909
f 2863/2766/2125 2107/2027/1554 2105/2025/1552
f 2120/2767/1567 2122/2768/1569 2867/2769/2126
f 2122/2770/1569 2124/2771/1571 2869/2772/2127
f 2871/2773/2128 2123/2774/1570 2121/2775/1568
f 2872/2776/2129 2121/2777/1568 2119/2778/1566
f 2189/2129/1636 2191/2132/1638 2876/2779/2130
f 2191/2133/1638 2193/2136/1640 2878/2780/2131
f 2880/2781/2132 2192/2135/1639 2190/2134/1637
f 2881/2782/2133 2190/2131/1637 2188/2130/1635
f 2337/2783/1783 2339/2784/1785 2885/2785/2134
f 2339/2316/1785 2341/2319/1787 2887/2786/2135
f 2889/2787/2136 2340/2788/1786 2338/2789/1784
f 2890/2790/2137 2338/2314/1784 2336/2313/1782
f 2893/2791/1052 2569/2602/2011 2568/2600/2010
f 2896/2792/2138 2568/2600/2010 2570/2603/2012
f 2900/2793/1393 2901/2794/1188 2570/2795/2139
f 2902/2796/2140 2335/2309/1781 2343/2321/1789
f 2904/2797/2141 2343/2321/1789 2345/2323/1791
f 2906/2798/2142 2345/2324/1791 2347/2327/1793
f 2349/2799/1795 2355/2800/1801 2910/2801/2143
f 2913/2802/2144 2394/2386/1840 2348/2331/1794
f 2348/2328/1794 2346/2326/1792 2915/2803/2145
f 2346/2326/1792 2344/2325/1790 2917/2804/2146
f 2344/2805/2147 2918/2806/2148 2919/2807/2149
f 2344/2322/1790 2342/2320/1788 2920/2808/2150
f 2342/2320/1788 2283/2250/1730 2922/2809/2151
f 2923/2810/2046 2195/2138/1642 2197/2140/1644
f 2924/2811/2152 2197/2812/1644 2199/2813/1646
f 2926/2814/2153 2199/2142/1646 2201/2144/1648
f 2928/2815/2154 2201/2144/1648 2206/2149/1653
f 2386/2376/1832 2930/2816/2155 2206/2149/1653
f 2540/2817/1985 2555/2818/1998 2934/2819/2156
f 2555/2820/1998 2557/2821/2000 2940/2822/2157
f 2557/2823/2000 2559/2824/2002 2942/2825/2158
f 2559/2826/2002 2561/2827/2004 2944/2828/2159
f 2561/2829/2004 2567/2830/2009 2946/2831/2160
f 2567/2832/2161 2948/2833/1065 2949/2834/933
f 2566/2835/2008 2951/2836/1268 2567/2837/2009
f 2952/2838/2162 2566/2596/2008 2560/2586/2003
f 2954/2839/1393 2955/2840/1188 2566/2841/2139
f 2957/2842/2163 2558/2843/2001 2556/2844/1999
f 2959/2845/2164 2556/2580/1999 2554/2578/1820
f 2553/2846/2165 2962/2847/2166 2963/2848/2167
f 2964/2849/2168 2553/2850/1821 2532/2851/1977
f 2532/2546/1977 2536/2552/1981 2968/2852/2169
f 2526/2540/1971 2973/2853/2170 2528/2542/1973
f 2523/2537/1968 2976/2854/2171 2526/2540/1971
f 2980/2855/2172 2523/2537/1968 2520/2536/1965
f 2513/2525/1958 2982/2856/2173 2520/2532/1965
f 2505/2515/1950 2987/2857/2174 2502/2512/1947
f 2494/2504/1939 2491/2501/1936 2989/2858/2175
f 2491/2501/1936 2489/2499/1934 2992/2859/1004
f 2995/2860/2176 2208/2861/1655 2207/2862/1654
f 2207/2863/2177 2998/2864/2178 2999/2865/2179
f 3000/2866/2180 2207/2867/1654 2205/2868/1652
f 2200/2143/1647 2198/2141/1645 3003/2869/2181
f 2198/2141/1645 2196/2139/1643 3007/2870/2182
f 2196/2139/1643 2194/2137/1641 3009/2871/975
f 2194/2137/1641 2155/2085/1602 3011/2872/1129
f 3012/2873/2183 2126/2054/1573 2128/2056/1575
f 3013/2874/2184 2128/2056/1575 2130/2058/1577
f 2130/2058/1577 2129/2057/1576 3015/2875/1112
f 3016/2876/2185 2130/2877/2186 3017/2878/2187
f 3021/2879/2188 2129/2880/2189 3022/2881/2190
f 2129/2882/1576 2127/2883/1574 3023/2884/2191
f 2127/2055/1574 2125/2053/1572 3025/2885/2192
f 3027/2886/2193 2068/2887/1515 2066/2888/1513
f 3028/2889/2194 2066/1979/1513 2063/1976/1510
f 3030/2890/2195 2063/1976/1510 2062/1975/1509
f 3033/2891/2196 2062/2892/1509 2096/2893/1543
f 3034/2894/2197 3035/2895/1749 3036/2896/2198
f 3034/2894/2197 3036/2896/2198 3037/2897/2199
f 3036/2896/2198 3035/2895/1749 3038/2898/2200
f 3038/2898/2200 3035/2895/1749 3039/2899/2201
f 3038/2898/2200 3039/2899/2201 3040/2900/1819
f 3040/2900/1819 3039/2899/2201 3041/2901/1745
f 3040/2900/1819 3041/2901/1745 3042/2902/1817
f 3042/2902/1817 3041/2901/1745 3043/2903/2202
f 3042/2902/1817 3043/2903/2202 3044/2904/2203
f 3036/2905/2198 3038/2906/2200 3046/2907/2204
f 3038/2908/2200 3040/2909/1819 3050/2910/2205
f 3040/2900/1819 3042/2902/1817 3052/2911/2206
f 3042/2902/1817 3044/2904/2203 3054/2912/2207
f 3043/2903/2202 3058/2913/2208 3044/2904/2203
f 3059/2914/2209 3043/2903/2202 3041/2901/1745
f 3062/2915/2210 3041/2901/1745 3039/2899/2201
f 3064/2916/2211 3039/2899/2201 3035/2895/1749
f 3066/2917/2212 3035/2895/1749 3034/2894/2197
f 3074/2918/2213 3075/2919/1645 3076/2920/2214
f 3076/2920/2214 3075/2919/1645 3077/2921/1577
f 3077/2921/1577 3075/2919/1645 3078/2922/1643
f 3077/2921/1577 3078/2922/1643 3079/2923/1575
f 3079/2923/1575 3078/2922/1643 3080/2924/2215
f 3079/2923/1575 3080/2924/2215 3081/2925/2216
f 3081/2925/2216 3080/2924/2215 3082/2926/2217
f 3074/2918/2213 3076/2920/2214 3083/2927/2218
f 3074/2918/2213 3083/2927/2218 3084/2928/2219
f 3074/2918/2213 3084/2928/2219 3085/2929/2220
f 3074/2918/2213 3085/2929/2220 3086/2930/2221
f 3091/2931/2222 3083/2927/2218 3076/2920/2214
f 3076/2932/2214 3077/2933/1577 3095/2934/2223
f 3077/2921/1577 3079/2923/1575 3099/2935/810
f 3079/2923/1575 3081/2925/2216 3101/2936/2224
f 3081/2937/2225 3103/2938/2226 3104/2939/2227
f 3082/2940/2228 3105/2941/2229 3106/2942/2230
f 3107/2943/2231 3082/2926/2217 3080/2924/2215
f 3110/2944/2232 3080/2924/2215 3078/2922/1643
f 3112/2945/2233 3078/2922/1643 3075/2919/1645
f 3114/2946/2234 3075/2919/1645 3074/2918/2213
f 3074/2947/2235 3117/2948/2236 3118/2949/2237
f 3119/2950/2238 3120/2951/2239 3121/2952/2240
f 3121/2952/2240 3120/2951/2239 3122/2953/1704
f 3122/2953/1704 3120/2951/2239 3123/2954/1672
f 3122/2953/1704 3123/2954/1672 3124/2955/2241
f 3124/2956/2241 3123/2957/1672 3125/2958/1670
f 3124/2956/2241 3125/2958/1670 3126/2959/2242
f 3126/2959/2242 3125/2958/1670 3127/2960/2243
f 3126/2959/2242 3127/2960/2243 3128/2961/2244
f 3119/2962/2238 3121/2963/2240 3129/2964/2245
f 3119/2962/2238 3129/2964/2245 3130/2965/2246
f 3119/2962/2238 3130/2965/2246 3131/2966/2247
f 3130/2965/2246 3129/2964/2245 3132/2967/2248
f 3119/2962/2238 3131/2966/2247 3133/2968/2249
f 3132/2967/2248 3129/2964/2245 3134/2969/2250
f 3141/2970/2251 3129/2971/2245 3121/2972/2240
f 3121/2973/2240 3122/2974/1704 3144/2975/2252
f 3122/2976/1704 3124/2977/2241 3148/2978/2253
f 3124/2956/2241 3126/2959/2242 3150/2979/2254
f 3126/2959/2242 3128/2961/2244 3152/2980/2255
f 3128/2981/2256 3154/2982/2257 3155/2983/2258
f 3127/2984/2243 3157/2985/1350 3128/2986/2244
f 3158/2987/2259 3127/2960/2243 3125/2958/1670
f 3161/2988/2260 3125/2958/1670 3123/2957/1672
f 3163/2989/2261 3123/2954/1672 3120/2951/2239
f 3165/2990/2262 3120/2951/2239 3119/2950/2238
f 3167/2991/2263 3168/2992/1158 3119/2993/2264
f 3119/2994/2265 3169/2995/2266 3170/2996/2267
f 3171/2997/2268 3172/2998/1792 3173/2999/1648
f 3173/2999/1648 3172/2998/1792 3174/3000/1646
f 3174/3001/1646 3172/3002/1792 3175/3003/1790
f 3174/3001/1646 3175/3003/1790 3176/3004/2269
f 3176/3004/2269 3175/3003/1790 3177/3005/1788
f 3176/3004/2269 3177/3005/1788 3178/3006/1642
f 3178/3006/1642 3177/3005/1788 3179/3007/1730
f 3171/3008/2268 3173/3009/1648 3180/3010/2270
f 3171/3008/2268 3180/3010/2270 3181/3011/2271
f 3181/3011/2271 3180/3010/2270 3182/3012/2272
f 3182/3012/2272 3180/3010/2270 3183/3013/2273
f 3182/3012/2272 3183/3013/2273 3184/3014/2274
f 3183/3015/2273 3185/3016/2275 3184/3017/2274
f 3188/3018/2276 3183/3019/2273 3180/3020/2270
f 3193/3021/2277 3180/3010/2270 3173/3009/1648
f 3173/3022/1648 3174/3023/1646 3194/3024/2278
f 3174/3001/1646 3176/3004/2269 3200/3025/2279
f 3176/3004/2269 3178/3006/1642 3202/3026/2280
f 3178/3027/2281 3204/3028/2282 3205/3029/2283
f 3179/3030/1730 3206/3031/2284 3178/3032/1642
f 3208/3033/2285 3179/3034/1730 3177/3035/1788
f 3211/3036/2286 3177/3005/1788 3175/3003/1790
f 3213/3037/852 3175/3038/1790 3172/3039/1792
f 3215/3040/2287 3172/2998/1792 3171/2997/2268
f 3221/3041/2288 3222/3042/1621 3223/3043/1677
f 3223/3043/1677 3222/3042/1621 3224/3044/1675
f 3224/3044/1675 3222/3042/1621 3225/3045/2289
f 3224/3044/1675 3225/3045/2289 3226/3046/1673
f 3226/3046/1673 3225/3045/2289 3227/3047/1617
f 3226/3046/1673 3227/3047/1617 3228/3048/2290
f 3228/3048/2290 3227/3047/1617 3229/3049/2291
f 3228/3048/2290 3229/3049/2291 3230/3050/2292
f 3221/3041/2288 3223/3043/1677 3231/3051/2293
f 3221/3041/2288 3231/3051/2293 3232/3052/2294
f 3232/3052/2294 3231/3051/2293 3233/3053/2295
f 3233/3053/2295 3231/3051/2293 3234/3054/2296
f 3233/3053/2295 3234/3054/2296 3235/3055/2297
f 3235/3056/2297 3234/3057/2296 3236/3058/2298
f 3235/3056/2297 3236/3058/2298 3237/3059/2299
f 3245/3060/2300 3231/3051/2293 3223/3043/1677
f 3223/3061/1677 3224/3062/1675 3247/3063/2301
f 3224/3064/1675 3226/3065/1673 3253/3066/2302
f 3226/3046/1673 3228/3048/2290 3255/3067/1038
f 3228/3048/2290 3230/3050/2292 3257/3068/2303
f 3230/3069/2304 3259/3070/1193 3260/3071/1133
f 3229/3049/2291 3262/3072/2305 3230/3050/2292
f 3263/3073/2306 3229/3049/2291 3227/3047/1617
f 3266/3074/2307 3227/3047/1617 3225/3045/2289
f 3268/3075/2308 3225/3045/2289 3222/3042/1621
f 3270/3076/2309 3222/3042/1621 3221/3041/2288
f 3276/3077/2310 3277/3078/1703 3278/3079/2311
f 3276/3077/2310 3278/3079/2311 3279/3080/2312
f 3276/3077/2310 3279/3080/2312 3280/3081/2313
f 3276/3077/2310 3280/3081/2313 3281/3082/2314
f 3278/3079/2311 3277/3078/1703 3282/3083/2315
f 3282/3083/2315 3277/3078/1703 3283/3084/2316
f 3282/3083/2315 3283/3084/2316 3284/3085/2317
f 3284/3085/2317 3283/3084/2316 3285/3086/1699
f 3284/3085/2317 3285/3086/1699 3286/3087/2318
f 3286/3087/2318 3285/3086/1699 3287/3088/2319
f 3286/3087/2318 3287/3088/2319 3288/3089/2320
f 3279/3080/2312 3278/3079/2311 3289/3090/2321
f 3278/3079/2311 3282/3083/2315 3291/3091/2322
f 3282/3083/2315 3284/3085/2317 3295/3092/2323
f 3284/3085/2317 3286/3087/2318 3297/3093/2324
f 3286/3087/2318 3288/3089/2320 3299/3094/2325
f 3287/3088/2319 3303/3095/2326 3288/3089/2320
f 3304/3096/1502 3287/3088/2319 3285/3086/1699
f 3307/3097/2327 3285/3086/1699 3283/3084/2316
f 3309/3098/1153 3283/3084/2316 3277/3078/1703
f 3311/3099/2328 3277/3100/1703 3276/3101/2310
f 3276/3102/2329 3315/3103/1008 3316/3104/1346
f 3317/3105/2330 3318/3106/1512 3319/3107/2331
f 3317/3108/2330 3319/3109/2331 3320/3110/2332
f 3320/3110/2332 3319/3109/2331 3321/3111/2333
f 3319/3107/2331 3318/3106/1512 3322/3112/2334
f 3322/3112/2334 3318/3106/1512 3323/3113/2335
f 3322/3112/2334 3323/3113/2335 3324/3114/2336
f 3324/3115/2336 3323/3116/2335 3325/3117/2337
f 3324/3115/2336 3325/3117/2337 3326/3118/1593
f 3326/3118/1593 3325/3117/2337 3327/3119/2338
f 3326/3118/1593 3327/3119/2338 3328/3120/2339
f 3319/3107/2331 3322/3112/2334 3330/3121/2340
f 3322/3112/2334 3324/3114/2336 3333/3122/2341
f 3324/3115/2336 3326/3118/1593 3335/3123/2342
f 3326/3118/1593 3328/3120/2339 3337/3124/2343
f 3327/3119/2338 3339/3125/2344 3328/3120/2339
f 3328/3126/2345 3341/3127/2346 3342/3128/2347
f 3343/3129/2348 3327/3119/2338 3325/3117/2337
f 3346/3130/2349 3325/3117/2337 3323/3116/2335
f 3348/3131/2350 3323/3113/2335 3318/3106/1512
f 3350/3132/2351 3318/3106/1512 3317/3105/2330
f 3357/3133/2352 3358/3134/1576 3359/3135/2353
f 3357/3136/2352 3359/3137/2353 3360/3138/2354
f 3359/3135/2353 3358/3134/1576 3361/3139/1510
f 3361/3139/1510 3358/3134/1576 3362/3140/1574
f 3361/3139/1510 3362/3140/1574 3363/3141/2355
f 3363/3142/2355 3362/3143/1574 3364/3144/2356
f 3363/3142/2355 3364/3144/2356 3365/3145/2357
f 3365/3145/2357 3364/3144/2356 3366/3146/2358
f 3359/3135/2353 3361/3139/1510 3368/3147/2359
f 3361/3139/1510 3363/3141/2355 3373/3148/2360
f 3363/3142/2355 3365/3145/2357 3375/3149/2361
f 3365/3150/2362 3377/3151/2363 3378/3152/2364
f 3366/3153/2365 3379/3154/2366 3380/3155/1153
f 3381/3156/2367 3366/3157/2358 3364/3158/2356
f 3384/3159/2368 3364/3160/2356 3362/3161/1574
f 3386/3162/2369 3362/3163/1574 3358/3164/1576
f 3388/3165/2370 3358/3166/1576 3357/3167/2352
f 3357/3168/2371 3394/3169/1252 3395/3170/2372
f 3396/3171/2373 3397/3172/2374 3398/3173/2375
f 3398/3173/2375 3397/3172/2374 3399/3174/2376
f 3398/3173/2375 3399/3174/2376 3400/3175/984
f 3402/3176/2377 3398/3177/2378 3403/3178/2379
f 3399/3179/814 3404/3180/815 3405/3181/816
f 3396/3171/2373 3410/3182/2380 3397/3172/2374
f 3411/3183/2381 3396/3171/2373 3398/3173/2375
f 3412/3184/807 3396/3185/808 3413/3186/809
f 3415/3187/810 3416/3188/811 3396/3189/812
f 3417/3190/2382 3418/3191/2383 3419/3192/2384
f 3419/3192/2384 3418/3191/2383 3420/3193/1019
f 3419/3192/2384 3420/3193/1019 3421/3194/1497
f 3423/3195/2385 3419/3196/2386 3424/3197/2387
f 3420/3198/1017 3425/3199/1018 3426/3200/930
f 3418/3191/2383 3429/3201/2388 3420/3193/1019
f 3417/3190/2382 3432/3202/880 3418/3191/2383
f 3433/3203/2389 3417/3190/2382 3419/3192/2384
f 3434/3204/802 3417/3205/1012 3435/3206/1013
f 3437/3207/1014 3438/3208/1015 3417/3209/1016
f 3439/3210/2390 3440/3211/2391 3441/3212/1622
f 3441/3212/1622 3440/3211/2391 3442/3213/1620
f 3442/3213/1620 3440/3211/2391 3443/3214/2392
f 3442/3213/1620 3443/3214/2392 3444/3215/1618
f 3444/3215/1618 3443/3214/2392 3445/3216/2393
f 3444/3215/1618 3445/3216/2393 3446/3217/2394
f 3448/3218/2395 3441/3219/2396 3449/3220/2397
f 3441/3212/1622 3442/3213/1620 3450/3221/2398
f 3442/3213/1620 3444/3215/1618 3452/3222/2399
f 3444/3215/1618 3446/3217/2394 3454/3223/2400
f 3446/3224/2401 3456/3225/2402 3457/3226/2403
f 3445/3216/2393 3459/3227/930 3446/3217/2394
f 3460/3228/2404 3445/3229/2393 3443/3230/2392
f 3463/3231/2145 3443/3232/2392 3440/3233/2391
f 3439/3234/2390 3441/3235/1622 3466/3236/2405
f 3467/3237/2406 3439/3238/2407 3468/3239/2408
f 3471/3240/2409 3472/3241/2410 3473/3242/2411
f 3473/3242/2411 3472/3241/2410 3474/3243/2412
f 3471/3240/2409 3473/3242/2411 3475/3244/2413
f 3471/3240/2409 3475/3244/2413 3476/3245/2414
f 3476/3246/2414 3475/3247/2413 3477/3248/2415
f 3476/3246/2414 3477/3248/2415 3478/3249/2416
f 3474/3243/2412 3472/3241/2410 3479/3250/2417
f 3474/3243/2412 3479/3250/2417 3480/3251/2418
f 3480/3251/2418 3479/3250/2417 3481/3252/2419
f 3480/3251/2418 3481/3252/2419 3482/3253/2420
f 3472/3241/2410 3471/3240/2409 3483/3254/2421
f 3479/3250/2417 3472/3241/2410 3484/3255/2422
f 3472/3241/2410 3483/3254/2421 3484/3255/2422
f 3473/3242/2411 3474/3243/2412 3485/3256/2423
f 3474/3243/2412 3480/3251/2418 3486/3257/2424
f 3485/3256/2423 3474/3243/2412 3486/3257/2424
f 3477/3258/2415 3475/3259/2413 3487/3260/2425
f 3487/3260/2425 3475/3259/2413 3488/3261/2426
f 3483/3254/2421 3471/3240/2409 3489/3262/2427
f 3471/3240/2409 3476/3245/2414 3489/3262/2427
f 3476/3246/2414 3478/3249/2416 3490/3263/2428
f 3489/3262/2427 3476/3245/2414 3490/3264/2428
f 3490/3263/2428 3478/3249/2416 3491/3265/2429
f 3482/3266/2420 3481/3267/2419 3492/3268/2430
f 3482/3266/2420 3492/3268/2430 3493/3269/2431
f 3493/3269/2431 3492/3268/2430 3494/3270/2432
f 3493/3269/2431 3494/3270/2432 3495/3271/2433
f 3495/3271/2433 3494/3270/2432 3496/3272/2434
f 3495/3271/2433 3496/3272/2434 3497/3273/2435
f 3483/3254/2421 3489/3262/2427 3498/3274/2436
f 3484/3255/2422 3483/3254/2421 3499/3275/2437
f 3483/3254/2421 3498/3274/2436 3499/3275/2437
f 3484/3276/2422 3499/3277/2437 3500/3278/2438
f 3495/3279/2433 3497/3280/2435 3501/3281/2439
f 3493/3282/2431 3495/3279/2433 3502/3283/2440
f 3495/3279/2433 3501/3281/2439 3502/3283/2440
f 3501/3281/2439 3497/3280/2435 3503/3284/2441
f 3501/3281/2439 3503/3284/2441 3504/3285/2442
f 3502/3283/2440 3501/3281/2439 3505/3286/2443
f 3501/3281/2439 3504/3285/2442 3505/3286/2443
f 3502/3283/2440 3505/3286/2443 3506/3287/2444
f 3485/3256/2423 3486/3257/2424 3507/3288/2445
f 3485/3256/2423 3507/3288/2445 3508/3289/2446
f 3487/3260/2425 3488/3261/2426 3509/3290/2447
f 3509/3290/2447 3488/3261/2426 3510/3291/2448
f 3511/3292/1453 3490/3263/2428 3491/3265/2429
f 3509/3290/2447 3510/3291/2448 3514/3293/2449
f 3510/3294/2450 3516/3295/2451 3517/3296/2452
f 3488/3297/2426 3519/3298/2453 3510/3299/2448
f 3522/3300/2454 3508/3301/2455 3523/3302/2456
f 3508/3289/2446 3507/3288/2445 3524/3303/2457
f 3507/3304/2458 3527/3305/2459 3528/3306/2460
f 3486/3307/2461 3529/3308/2462 3530/3309/2463
f 3506/3287/2444 3505/3286/2443 3534/3310/2464
f 3505/3286/2443 3504/3285/2442 3537/3311/871
f 3503/3284/2441 3540/3312/2465 3504/3285/2442
f 3497/3280/2435 3543/3313/2466 3503/3284/2441
f 3496/3272/2434 3545/3314/2467 3497/3273/2435
f 3547/3315/2468 3548/3316/2469 3496/3317/2470
f 3555/3318/2471 3499/3275/2437 3498/3274/2436
f 3557/3319/2472 3498/3274/2436 3489/3262/2427
f 3560/3320/2473 3561/3321/2474 3562/3322/2475
f 3562/3322/2475 3561/3321/2474 3563/3323/2476
f 3560/3320/2473 3562/3322/2475 3564/3324/2477
f 3560/3320/2473 3564/3324/2477 3565/3325/2478
f 3565/3326/2478 3564/3327/2477 3566/3328/2479
f 3565/3326/2478 3566/3328/2479 3567/3329/2480
f 3560/3320/2473 3565/3325/2478 3568/3330/2481
f 3565/3331/2478 3567/3332/2480 3569/3333/2482
f 3568/3330/2481 3565/3325/2478 3569/3334/2482
f 3569/3333/2482 3567/3332/2480 3570/3335/2483
f 3568/3330/2481 3569/3334/2482 3571/3336/2484
f 3569/3333/2482 3570/3335/2483 3572/3337/2485
f 3571/3336/2484 3569/3334/2482 3572/3338/2485
f 3572/3337/2485 3570/3335/2483 3573/3339/2486
f 3568/3330/2481 3571/3336/2484 3574/3340/2487
f 3574/3340/2487 3571/3336/2484 3575/3341/2488
f 3571/3336/2484 3572/3338/2485 3576/3342/2489
f 3575/3341/2488 3571/3336/2484 3576/3342/2489
f 3572/3337/2485 3573/3339/2486 3577/3343/2490
f 3576/3342/2489 3572/3338/2485 3577/3344/2490
f 3577/3343/2490 3573/3339/2486 3578/3345/2491
f 3574/3340/2487 3575/3341/2488 3579/3346/2492
f 3574/3340/2487 3579/3346/2492 3580/3347/2493
f 3580/3348/2493 3579/3349/2492 3581/3350/2494
f 3580/3348/2493 3581/3350/2494 3582/3351/2495
f 3582/3351/2495 3581/3350/2494 3583/3352/2496
f 3582/3351/2495 3583/3352/2496 3584/3353/2497
f 3584/3353/2497 3583/3352/2496 3585/3354/2498
f 3584/3353/2497 3585/3354/2498 3586/3355/2499
f 3575/3341/2488 3576/3342/2489 3587/3356/2500
f 3579/3346/2492 3575/3341/2488 3588/3357/2501
f 3575/3341/2488 3587/3356/2500 3588/3357/2501
f 3576/3342/2489 3577/3344/2490 3589/3358/2502
f 3587/3356/2500 3576/3342/2489 3589/3358/2502
f 3577/3343/2490 3578/3345/2491 3590/3359/2503
f 3589/3358/2502 3577/3344/2490 3590/3360/2503
f 3590/3359/2503 3578/3345/2491 3591/3361/2504
f 3587/3356/2500 3589/3358/2502 3592/3362/2505
f 3588/3357/2501 3587/3356/2500 3593/3363/2506
f 3587/3356/2500 3592/3362/2505 3593/3363/2506
f 3589/3358/2502 3590/3360/2503 3594/3364/2507
f 3592/3362/2505 3589/3358/2502 3594/3364/2507
f 3590/3359/2503 3591/3361/2504 3595/3365/2508
f 3594/3364/2507 3590/3360/2503 3595/3366/2508
f 3595/3365/2508 3591/3361/2504 3596/3367/2509
f 3588/3368/2501 3593/3369/2506 3597/3370/2510
f 3593/3363/2506 3592/3362/2505 3598/3371/2511
f 3597/3370/2510 3593/3369/2506 3599/3372/2512
f 3593/3369/2506 3598/3373/2511 3599/3372/2512
f 3599/3374/2512 3598/3375/2511 3600/3376/2513
f 3600/3376/2513 3598/3375/2511 3601/3377/2514
f 3599/3378/2512 3600/3379/2513 3602/3380/2515
f 3597/3370/2510 3599/3372/2512 3603/3381/2516
f 3599/3378/2512 3602/3380/2515 3603/3382/2516
f 3603/3382/2516 3602/3380/2515 3604/3383/2517
f 3597/3370/2510 3603/3381/2516 3605/3384/2518
f 3605/3384/2518 3603/3381/2516 3606/3385/2519
f 3605/3384/2518 3606/3385/2519 3607/3386/2520
f 3563/3323/2476 3561/3321/2474 3608/3387/2521
f 3563/3323/2476 3608/3387/2521 3609/3388/2522
f 3609/3388/2522 3608/3387/2521 3610/3389/2523
f 3609/3388/2522 3610/3389/2523 3611/3390/2524
f 3611/3391/2524 3610/3392/2523 3612/3393/2525
f 3611/3391/2524 3612/3393/2525 3613/3394/2526
f 3613/3394/2526 3612/3393/2525 3614/3395/2527
f 3613/3394/2526 3614/3395/2527 3615/3396/2528
f 3562/3322/2475 3563/3323/2476 3616/3397/2529
f 3563/3323/2476 3609/3388/2522 3617/3398/573
f 3616/3397/2529 3563/3323/2476 3617/3398/573
f 3594/3364/2507 3595/3366/2508 3618/3399/603
f 3595/3365/2508 3596/3367/2509 3619/3400/605
f 3618/3399/603 3595/3366/2508 3619/3401/605
f 3619/3400/605 3596/3367/2509 3620/3402/2530
f 3600/3379/2513 3601/3403/2514 3621/3404/2531
f 3602/3380/2515 3600/3379/2513 3622/3405/2532
f 3600/3379/2513 3621/3404/2531 3622/3405/2532
f 3604/3383/2517 3602/3380/2515 3623/3406/2533
f 3602/3380/2515 3622/3405/2532 3623/3406/2533
f 3621/3404/2531 3601/3403/2514 3624/3407/2534
f 3624/3408/2534 3601/3409/2514 3625/3410/2535
f 3611/3391/2524 3613/3394/2526 3626/3411/2536
f 3613/3394/2526 3615/3396/2528 3627/3412/2537
f 3626/3411/2536 3613/3394/2526 3627/3412/2537
f 3566/3328/2479 3564/3327/2477 3628/3413/2538
f 3628/3413/2538 3564/3327/2477 3629/3414/2539
f 3585/3354/2498 3636/3415/2540 3586/3355/2499
f 3639/3416/2541 3583/3352/2496 3581/3350/2494
f 3605/3384/2518 3607/3386/2520 3643/3417/2542
f 3623/3418/2533 3651/3419/2543 3604/3420/2517
f 3654/3421/2544 3622/3405/2532 3621/3404/2531
f 3656/3422/2545 3621/3404/2531 3624/3407/2534
f 3663/3423/2546 3592/3362/2505 3594/3364/2507
f 3664/3424/2547 3618/3399/603 3619/3401/605
f 3667/3425/2548 3619/3426/605 3620/3427/2530
f 3628/3413/2538 3629/3414/2539 3670/3428/2549
f 3629/3429/2550 3672/3430/2551 3673/3431/2552
f 3676/3432/2553 3616/3433/2554 3677/3434/2555
f 3616/3397/2529 3617/3398/573 3678/3435/2556
f 3617/3436/2557 3679/3437/2558 3680/3438/2559
f 3614/3395/2527 3688/3439/2560 3615/3396/2528
f 3691/3440/2561 3612/3393/2525 3610/3392/2523
f 3693/3441/2562 3610/3442/2523 3608/3443/2521
f 3697/3444/603 3698/3445/2563 3699/3446/2564
f 3699/3446/2564 3698/3445/2563 3700/3447/2565
f 3700/3447/2565 3698/3445/2563 3701/3448/2566
f 3701/3448/2566 3698/3445/2563 3702/3449/2567
f 3702/3449/2567 3698/3445/2563 3703/3450/2568
f 3699/3446/2564 3700/3447/2565 3706/3451/2569
f 3711/3452/2570 3702/3449/2567 3703/3450/2568
f 3697/3444/603 3699/3446/2564 3717/3453/2571
f 3718/3454/2572 3697/3455/2573 3719/3456/2574
f 3722/3457/2575 3723/3458/2576 3724/3459/2577
f 3724/3459/2577 3723/3458/2576 3725/3460/2474
f 3723/3458/2576 3722/3457/2575 3726/3461/2578
f 3723/3458/2576 3726/3461/2578 3727/3462/2579
f 3723/3458/2576 3727/3462/2579 3728/3463/2580
f 3728/3464/2580 3727/3465/2579 3729/3466/2581
f 3728/3464/2580 3729/3466/2581 3730/3467/2582
f 3730/3467/2582 3729/3466/2581 3731/3468/2583
f 3730/3467/2582 3731/3468/2583 3732/3469/2584
f 3732/3469/2584 3731/3468/2583 3733/3470/2585
f 3732/3469/2584 3733/3470/2585 3734/3471/2586
f 3734/3471/2586 3733/3470/2585 3735/3472/2587
f 3735/3472/2587 3733/3470/2585 3736/3473/2588
f 3736/3473/2588 3733/3470/2585 3737/3474/2589
f 3736/3473/2588 3737/3474/2589 3738/3475/2590
f 3738/3475/2590 3737/3474/2589 3739/3476/2591
f 3724/3459/2577 3725/3460/2474 3742/3477/2277
f 3725/3478/2592 3744/3479/2593 3745/3480/2594
f 3730/3467/2582 3732/3469/2584 3749/3481/2595
f 3732/3469/2584 3734/3471/2586 3751/3482/2596
f 3735/3483/2587 3754/3484/2597 3734/3485/2586
f 3736/3473/2588 3757/3486/2598 3735/3472/2587
f 3738/3475/2590 3759/3487/2599 3736/3473/2588
f 3761/3488/2600 3762/3489/2601 3738/3490/2602
f 3767/3491/2603 3731/3468/2583 3729/3466/2581
f 3769/3492/2604 3729/3466/2581 3727/3465/2579
f 3771/3493/2605 3727/3462/2579 3726/3461/2578
f 3773/3494/2606 3726/3461/2578 3722/3457/2575
f 3776/3495/2607 3722/3496/2608 3777/3497/2609
f 3779/3498/2610 3780/3499/2611 3781/3500/1776
f 3780/3499/2611 3779/3498/2610 3782/3501/1726
f 3780/3499/2611 3782/3501/1726 3783/3502/2612
f 3782/3501/1726 3779/3498/2610 3784/3503/2613
f 3781/3500/1776 3780/3499/2611 3785/3504/2614
f 3791/3505/2615 3779/3506/2616 3792/3507/2617
f 3793/3508/2618 3794/3509/2619 3795/3510/2620
f 3795/3510/2620 3794/3509/2619 3796/3511/2621
f 3794/3509/2619 3793/3508/2618 3797/3512/2622
f 3794/3509/2619 3797/3512/2622 3798/3513/2623
f 3796/3511/2621 3794/3509/2619 3799/3514/2624
f 3799/3514/2624 3794/3509/2619 3800/3515/2625
f 3799/3514/2624 3800/3515/2625 3801/3516/2626
f 3799/3514/2624 3801/3516/2626 3802/3517/2627
f 3799/3514/2624 3802/3517/2627 3803/3518/2628
f 3803/3518/2628 3802/3517/2627 3804/3519/2629
f 3801/3516/2626 3800/3515/2625 3805/3520/2630
f 3803/3518/2628 3804/3519/2629 3806/3521/2631
f 3803/3518/2628 3806/3521/2631 3807/3522/2632
f 3807/3523/2632 3806/3524/2631 3808/3525/2633
f 3807/3523/2632 3808/3525/2633 3809/3526/2634
f 3807/3523/2632 3809/3526/2634 3810/3527/2635
f 3795/3528/2636 3812/3529/2637 3813/3530/2638
f 3817/3531/2639 3803/3532/2628 3807/3533/2632
f 3820/3534/2640 3810/3527/2635 3809/3526/2634
f 3793/3508/2618 3795/3510/2620 3832/3535/2641
f 3833/3536/2642 3834/3537/2643 3835/3538/2644
f 3834/3537/2643 3833/3536/2642 3836/3539/2645
f 3835/3538/2644 3834/3537/2643 3837/3540/2646
f 3834/3537/2643 3836/3539/2645 3838/3541/2647
f 3838/3541/2647 3836/3539/2645 3839/3542/2648
f 3837/3540/2646 3834/3537/2643 3840/3543/2649
f 3835/3544/2650 3842/3545/2651 3843/3546/2652
f 3852/3547/2653 3838/3541/2647 3839/3542/2648
f 3858/3548/1854 3859/3549/2654 3860/3550/2655
f 3860/3550/2655 3859/3549/2654 3861/3551/2656
f 3859/3549/2654 3858/3548/1854 3862/3552/2657
f 3859/3549/2654 3862/3552/2657 3863/3553/2658
f 3863/3553/2658 3862/3552/2657 3864/3554/2659
f 3863/3553/2658 3864/3554/2659 3865/3555/2660
f 3865/3555/2660 3864/3554/2659 3866/3556/2661
f 3864/3554/2659 3862/3552/2657 3867/3557/1939
f 3866/3556/2661 3864/3554/2659 3868/3558/2662
f 3866/3556/2661 3868/3558/2662 3869/3559/2663
f 3869/3559/2663 3868/3558/2662 3870/3560/2664
f 3869/3559/2663 3870/3560/2664 3871/3561/2665
f 3861/3551/2656 3859/3549/2654 3872/3562/2666
f 3860/3563/2667 3874/3564/2668 3875/3565/2669
f 3870/3560/2664 3868/3558/2662 3886/3566/2670
f 3888/3567/1350 3870/3568/2671 3889/3569/1350
f 3864/3554/2659 3891/3570/2672 3868/3558/2662
f 3893/3571/2673 3864/3554/2659 3867/3557/1939
f 3858/3548/1854 3860/3550/2655 3896/3572/2674
f 3897/3573/2675 3898/3574/2676 3899/3575/2677
f 3898/3574/2676 3897/3573/2675 3900/3576/2678
f 3899/3575/2677 3898/3574/2676 3901/3577/2679
f 3898/3574/2676 3900/3576/2678 3902/3578/2680
f 3902/3578/2680 3900/3576/2678 3903/3579/2681
f 3903/3579/2681 3900/3576/2678 3904/3580/1541
f 3901/3577/2679 3898/3574/2676 3905/3581/2682
f 3898/3574/2676 3902/3578/2680 3905/3581/2682
f 3899/3582/2683 3907/3583/2684 3908/3584/2685
f 3911/3585/2686 3905/3581/2682 3902/3578/2680
f 3917/3586/2687 3903/3579/2681 3904/3580/1541
f 3897/3573/2675 3899/3575/2677 3922/3587/2688
f 3923/3588/2689 3924/3589/2690 3925/3590/67
f 3925/3590/67 3924/3589/2690 3926/3591/2691
f 3926/3592/2691 3924/3593/2690 3927/3594/2692
f 3926/3592/2691 3927/3594/2692 3928/3595/2693
f 3928/3595/2693 3927/3594/2692 3929/3596/2694
f 3928/3595/2693 3929/3596/2694 3930/3597/2695
f 3930/3598/2695 3929/3599/2694 3931/3600/2696
f 3930/3598/2695 3931/3600/2696 3932/3601/2697
f 3932/3601/2697 3931/3600/2696 3933/3602/2698
f 3932/3601/2697 3933/3602/2698 3934/3603/56
f 3934/3603/56 3933/3602/2698 3935/3604/2699
f 3934/3603/56 3935/3604/2699 3936/3605/2700
f 3936/3606/2700 3935/3607/2699 3937/3608/2701
f 3936/3606/2700 3937/3608/2701 3938/3609/2702
f 3938/3609/2702 3937/3608/2701 3939/3610/2703
f 3938/3609/2702 3939/3610/2703 3940/3611/2704
f 3940/3611/2704 3939/3610/2703 3941/3612/2705
f 3940/3611/2704 3941/3612/2705 3942/3613/2706
f 3942/3613/2706 3941/3612/2705 3943/3614/2707
f 3943/3614/2707 3941/3612/2705 3944/3615/2708
f 3943/3614/2707 3944/3615/2708 3945/3616/2709
f 3945/3616/2709 3944/3615/2708 3946/3617/2710
f 3945/3616/2709 3946/3617/2710 3947/3618/2711
f 3947/3618/2711 3946/3617/2710 3948/3619/2712
f 3947/3618/2711 3948/3619/2712 3949/3620/2713
f 3949/3621/2713 3948/3622/2712 3950/3623/2714
f 3949/3621/2713 3950/3623/2714 3951/3624/38
f 3951/3624/38 3950/3623/2714 3952/3625/2715
f 3924/3589/2690 3923/3588/2689 3953/3626/2716
f 3927/3594/2692 3924/3593/2690 3954/3627/2717
f 3924/3593/2690 3953/3628/2716 3954/3627/2717
f 3952/3625/2715 3950/3623/2714 3955/3629/2718
f 3950/3623/2714 3948/3622/2712 3956/3630/70
f 3955/3629/2718 3950/3623/2714 3956/3630/70
f 3948/3619/2712 3946/3617/2710 3957/3631/2719
f 3956/3630/70 3948/3622/2712 3957/3632/2719
f 3941/3612/2705 3939/3610/2703 3958/3633/2720
f 3941/3612/2705 3958/3633/2720 3959/3634/2721
f 3944/3615/2708 3941/3612/2705 3960/3635/2722
f 3941/3612/2705 3959/3634/2721 3960/3635/2722
f 3962/3636/840 3925/3637/2723 3963/3638/840
f 3925/3590/67 3926/3591/2691 3964/3639/2724
f 3926/3592/2691 3928/3595/2693 3966/3640/2725
f 3928/3595/2693 3930/3597/2695 3968/3641/2726
f 3930/3598/2695 3932/3601/2697 3970/3642/2287
f 3932/3601/2697 3934/3603/56 3972/3643/2727
f 3934/3603/56 3936/3605/2700 3974/3644/973
f 3936/3606/2700 3938/3609/2702 3976/3645/2728
f 3938/3646/2702 3940/3647/2704 3978/3648/909
f 3940/3611/2704 3942/3613/2706 3980/3649/2729
f 3942/3650/2706 3943/3651/2707 3982/3652/2730
f 3943/3614/2707 3945/3616/2709 3984/3653/2731
f 3945/3616/2709 3947/3618/2711 3986/3654/2732
f 3947/3655/2711 3949/3656/2713 3988/3657/2733
f 3949/3621/2713 3951/3624/38 3990/3658/2734
f 3951/3659/2735 3992/3660/2381 3993/3661/2094
f 3952/3662/2736 3994/3663/2737 3995/3664/2738
f 3955/3629/2718 3996/3665/2739 3952/3625/2715
f 3997/3666/2740 3955/3629/2718 3956/3630/70
f 3998/3667/817 3999/3668/839 3955/3669/68
f 4000/3670/2741 3956/3630/70 3957/3632/2719
f 4004/3671/2742 3946/3617/2710 3944/3615/2708
f 4005/3672/1073 3960/3635/2722 3959/3634/2721
f 4008/3673/817 3959/3634/2721 3958/3633/2720
f 4012/3674/2743 3939/3610/2703 3937/3608/2701
f 4013/3675/2744 3937/3608/2701 3935/3607/2699
f 4015/3676/2745 3935/3604/2699 3933/3602/2698
f 4017/3677/2746 3933/3602/2698 3931/3600/2696
f 4019/3678/1366 3931/3600/2696 3929/3599/2694
f 4021/3679/2747 3929/3596/2694 3927/3594/2692
f 4023/3680/2748 3954/3627/2717 3953/3628/2716
f 3923/3588/2689 3925/3590/67 4028/3681/2749
f 4029/3682/2750 3923/3683/2751 4030/3684/2752
f 4032/3685/2753 4033/3686/2754 4034/3687/2755
f 4034/3687/2755 4033/3686/2754 4035/3688/2756
f 4035/3689/2756 4033/3690/2754 4036/3691/2757
f 4035/3689/2756 4036/3691/2757 4037/3692/161
f 4037/3692/161 4036/3691/2757 4038/3693/2758
f 4037/3692/161 4038/3693/2758 4039/3694/2759
f 4039/3695/2759 4038/3696/2758 4040/3697/2760
f 4039/3695/2759 4040/3697/2760 4041/3698/157
f 4041/3698/157 4040/3697/2760 4042/3699/2761
f 4041/3698/157 4042/3699/2761 4043/3700/2762
f 4043/3700/2762 4042/3699/2761 4044/3701/2763
f 4043/3700/2762 4044/3701/2763 4045/3702/153
f 4045/3703/153 4044/3704/2763 4046/3705/2764
f 4045/3703/153 4046/3705/2764 4047/3706/2765
f 4047/3706/2765 4046/3705/2764 4048/3707/2766
f 4047/3706/2765 4048/3707/2766 4049/3708/2767
f 4049/3708/2767 4048/3707/2766 4050/3709/2768
f 4049/3708/2767 4050/3709/2768 4051/3710/2769
f 4051/3710/2769 4050/3709/2768 4052/3711/2770
f 4052/3711/2770 4050/3709/2768 4053/3712/2771
f 4052/3711/2770 4053/3712/2771 4054/3713/2772
f 4054/3713/2772 4053/3712/2771 4055/3714/2773
f 4054/3713/2772 4055/3714/2773 4056/3715/141
f 4056/3715/141 4055/3714/2773 4057/3716/2774
f 4056/3715/141 4057/3716/2774 4058/3717/2775
f 4058/3718/2775 4057/3719/2774 4059/3720/2776
f 4058/3718/2775 4059/3720/2776 4060/3721/2777
f 4060/3721/2777 4059/3720/2776 4061/3722/2778
f 4033/3686/2754 4032/3685/2753 4062/3723/2779
f 4036/3691/2757 4033/3690/2754 4063/3724/2780
f 4033/3690/2754 4062/3725/2779 4063/3724/2780
f 4061/3722/2778 4059/3720/2776 4064/3726/167
f 4059/3720/2776 4057/3719/2774 4065/3727/2781
f 4064/3726/167 4059/3720/2776 4065/3727/2781
f 4057/3716/2774 4055/3714/2773 4066/3728/2782
f 4065/3727/2781 4057/3719/2774 4066/3729/2782
f 4050/3709/2768 4048/3707/2766 4067/3730/2783
f 4050/3709/2768 4067/3730/2783 4068/3731/2784
f 4053/3712/2771 4050/3709/2768 4069/3732/2785
f 4050/3709/2768 4068/3731/2784 4069/3732/2785
f 4071/3733/2786 4034/3734/2787 4072/3735/2788
f 4034/3687/2755 4035/3688/2756 4073/3736/2789
f 4035/3689/2756 4037/3692/161 4075/3737/2790
f 4037/3692/161 4039/3694/2759 4077/3738/2791
f 4039/3695/2759 4041/3698/157 4079/3739/2792
f 4041/3698/157 4043/3700/2762 4081/3740/2793
f 4043/3700/2762 4045/3702/153 4083/3741/2794
f 4045/3703/153 4047/3706/2765 4085/3742/2795
f 4047/3706/2765 4049/3708/2767 4087/3743/2796
f 4049/3708/2767 4051/3710/2769 4089/3744/2797
f 4051/3710/2769 4052/3711/2770 4091/3745/2798
f 4052/3746/2770 4054/3747/2772 4093/3748/2799
f 4054/3713/2772 4056/3715/141 4095/3749/2800
f 4056/3715/141 4058/3717/2775 4097/3750/2801
f 4058/3718/2775 4060/3721/2777 4099/3751/2802
f 4060/3752/2803 4101/3753/2804 4102/3754/2805
f 4061/3755/164 3994/3756/930 4103/3757/930
f 4064/3726/167 4104/3758/940 4061/3722/2778
f 4105/3759/2806 4064/3726/167 4065/3727/2781
f 4106/3760/840 4107/3761/840 4064/3762/2807
f 4108/3763/2808 4065/3727/2781 4066/3729/2782
f 4112/3764/2809 4055/3714/2773 4053/3712/2771
f 4113/3765/2810 4069/3732/2785 4068/3731/2784
f 4116/3766/2811 4068/3731/2784 4067/3730/2783
f 4120/3767/2812 4048/3707/2766 4046/3705/2764
f 4121/3768/2813 4046/3705/2764 4044/3704/2763
f 4123/3769/2814 4044/3701/2763 4042/3699/2761
f 4125/3770/1445 4042/3699/2761 4040/3697/2760
f 4127/3771/2815 4040/3697/2760 4038/3696/2758
f 4129/3772/2816 4038/3693/2758 4036/3691/2757
f 4131/3773/2817 4063/3724/2780 4062/3725/2779
f 4136/3774/2818 4032/3775/2819 4137/3776/2820
f 4139/3777/2821 4140/3778/2822 4141/3779/2823
f 4141/3779/2823 4140/3778/2822 4142/3780/2824
f 4142/3781/2824 4140/3782/2822 4143/3783/2825
f 4142/3781/2824 4143/3783/2825 4144/3784/2826
f 4144/3784/2826 4143/3783/2825 4145/3785/2827
f 4144/3784/2826 4145/3785/2827 4146/3786/2828
f 4146/3787/2828 4145/3788/2827 4147/3789/2829
f 4146/3787/2828 4147/3789/2829 4148/3790/2830
f 4148/3790/2830 4147/3789/2829 4149/3791/2831
f 4148/3790/2830 4149/3791/2831 4150/3792/2832
f 4150/3792/2832 4149/3791/2831 4151/3793/2833
f 4150/3792/2832 4151/3793/2833 4152/3794/2834
f 4152/3795/2834 4151/3796/2833 4153/3797/2835
f 4152/3795/2834 4153/3797/2835 4154/3798/2836
f 4154/3798/2836 4153/3797/2835 4155/3799/2837
f 4154/3798/2836 4155/3799/2837 4156/3800/2838
f 4156/3800/2838 4155/3799/2837 4157/3801/2839
f 4156/3800/2838 4157/3801/2839 4158/3802/2840
f 4158/3802/2840 4157/3801/2839 4159/3803/2841
f 4159/3803/2841 4157/3801/2839 4160/3804/2842
f 4159/3803/2841 4160/3804/2842 4161/3805/77
f 4161/3805/77 4160/3804/2842 4162/3806/2843
f 4161/3805/77 4162/3806/2843 4163/3807/75
f 4163/3807/75 4162/3806/2843 4164/3808/2844
f 4163/3807/75 4164/3808/2844 4165/3809/2845
f 4165/3810/2845 4164/3811/2844 4166/3812/2846
f 4165/3810/2845 4166/3812/2846 4167/3813/2847
f 4167/3813/2847 4166/3812/2846 4168/3814/2848
f 4140/3815/2822 4139/3816/2821 4169/3817/2849
f 4143/3783/2825 4140/3782/2822 4170/3818/2850
f 4140/3782/2822 4169/3819/2849 4170/3818/2850
f 4168/3814/2848 4166/3812/2846 4171/3820/2851
f 4166/3812/2846 4164/3811/2844 4172/3821/103
f 4171/3820/2851 4166/3812/2846 4172/3821/103
f 4164/3811/2844 4162/3822/2843 4173/3823/2852
f 4172/3821/103 4164/3811/2844 4173/3823/2852
f 4157/3824/2839 4155/3825/2837 4174/3826/2853
f 4157/3824/2839 4174/3826/2853 4175/3827/2854
f 4160/3828/2842 4157/3824/2839 4176/3829/2855
f 4157/3824/2839 4175/3827/2854 4176/3829/2855
f 4178/3830/2856 4141/3831/2857 4179/3832/2858
f 4141/3779/2823 4142/3780/2824 4180/3833/2859
f 4142/3781/2824 4144/3784/2826 4182/3834/1447
f 4144/3784/2826 4146/3786/2828 4184/3835/2860
f 4146/3787/2828 4148/3790/2830 4186/3836/2861
f 4148/3790/2830 4150/3792/2832 4188/3837/2862
f 4150/3792/2832 4152/3794/2834 4190/3838/2863
f 4152/3795/2834 4154/3798/2836 4192/3839/2864
f 4154/3798/2836 4156/3800/2838 4194/3840/1451
f 4156/3800/2838 4158/3802/2840 4196/3841/1246
f 4158/3802/2840 4159/3803/2841 4198/3842/2865
f 4159/3803/2841 4161/3805/77 4200/3843/862
f 4161/3805/77 4163/3807/75 4202/3844/902
f 4163/3807/75 4165/3809/2845 4204/3845/2866
f 4165/3810/2845 4167/3813/2847 4206/3846/2867
f 4167/3847/2868 4208/3848/1357 4209/3849/1066
f 4168/3850/2869 3994/3851/2870 4210/3852/2871
f 4171/3820/2851 4211/3853/2872 4168/3814/2848
f 4212/3854/2873 4171/3820/2851 4172/3821/103
f 4213/3855/869 4214/3856/839 4171/3857/2874
f 4215/3858/2875 4172/3821/103 4173/3823/2852
f 4219/3859/2876 4162/3860/2843 4160/3861/2842
f 4220/3862/2877 4176/3829/2855 4175/3827/2854
f 4223/3863/880 4175/3827/2854 4174/3826/2853
f 4227/3864/2878 4155/3865/2837 4153/3866/2835
f 4228/3867/2879 4153/3868/2835 4151/3869/2833
f 4230/3870/2880 4151/3793/2833 4149/3791/2831
f 4232/3871/2881 4149/3791/2831 4147/3789/2829
f 4234/3872/891 4147/3789/2829 4145/3788/2827
f 4236/3873/2882 4145/3785/2827 4143/3783/2825
f 4238/3874/2883 4170/3818/2850 4169/3819/2849
f 4139/3777/2821 4141/3779/2823 4243/3875/2884
f 4244/3876/2885 4139/3877/2886 4245/3878/2887
f 4247/3879/2888 4248/3880/2889 4249/3881/2890
f 4249/3881/2890 4248/3880/2889 4250/3882/2891
f 4250/3883/2891 4248/3884/2889 4251/3885/2892
f 4250/3883/2891 4251/3885/2892 4252/3886/2893
f 4252/3886/2893 4251/3885/2892 4253/3887/2894
f 4252/3886/2893 4253/3887/2894 4254/3888/2895
f 4254/3889/2895 4253/3890/2894 4255/3891/2896
f 4254/3889/2895 4255/3891/2896 4256/3892/2897
f 4256/3892/2897 4255/3891/2896 4257/3893/2898
f 4256/3892/2897 4257/3893/2898 4258/3894/2899
f 4258/3894/2899 4257/3893/2898 4259/3895/2900
f 4258/3894/2899 4259/3895/2900 4260/3896/2901
f 4260/3897/2901 4259/3898/2900 4261/3899/2902
f 4260/3897/2901 4261/3899/2902 4262/3900/19
f 4262/3900/19 4261/3899/2902 4263/3901/2903
f 4262/3900/19 4263/3901/2903 4264/3902/2904
f 4264/3902/2904 4263/3901/2903 4265/3903/2905
f 4264/3902/2904 4265/3903/2905 4266/3904/2906
f 4266/3904/2906 4265/3903/2905 4267/3905/2907
f 4267/3905/2907 4265/3903/2905 4268/3906/2908
f 4267/3905/2907 4268/3906/2908 4269/3907/2909
f 4269/3907/2909 4268/3906/2908 4270/3908/2910
f 4269/3907/2909 4270/3908/2910 4271/3909/2911
f 4271/3909/2911 4270/3908/2910 4272/3910/2912
f 4271/3909/2911 4272/3910/2912 4273/3911/2913
f 4273/3912/2913 4272/3913/2912 4274/3914/2914
f 4273/3912/2913 4274/3914/2914 4275/3915/2915
f 4275/3915/2915 4274/3914/2914 4276/3916/2916
f 4248/3880/2889 4247/3879/2888 4277/3917/2917
f 4251/3885/2892 4248/3884/2889 4278/3918/2918
f 4248/3884/2889 4277/3919/2917 4278/3918/2918
f 4276/3916/2916 4274/3914/2914 4279/3920/2919
f 4274/3914/2914 4272/3913/2912 4280/3921/37
f 4279/3920/2919 4274/3914/2914 4280/3921/37
f 4272/3910/2912 4270/3908/2910 4281/3922/2920
f 4280/3921/37 4272/3913/2912 4281/3923/2920
f 4265/3903/2905 4263/3901/2903 4282/3924/2921
f 4265/3903/2905 4282/3924/2921 4283/3925/2922
f 4268/3906/2908 4265/3903/2905 4284/3926/2923
f 4265/3903/2905 4283/3925/2922 4284/3926/2923
f 4286/3927/2924 4249/3928/2925 4287/3929/2926
f 4249/3881/2890 4250/3882/2891 4288/3930/2927
f 4250/3883/2891 4252/3886/2893 4290/3931/2928
f 4252/3886/2893 4254/3888/2895 4292/3932/2929
f 4254/3889/2895 4256/3892/2897 4294/3933/2930
f 4256/3892/2897 4258/3894/2899 4296/3934/2931
f 4258/3894/2899 4260/3896/2901 4298/3935/2932
f 4260/3897/2901 4262/3900/19 4300/3936/2933
f 4262/3900/19 4264/3902/2904 4302/3937/2934
f 4264/3902/2904 4266/3904/2906 4304/3938/2935
f 4266/3904/2906 4267/3905/2907 4306/3939/2936
f 4267/3905/2907 4269/3907/2909 4308/3940/839
f 4269/3907/2909 4271/3909/2911 4310/3941/2937
f 4271/3909/2911 4273/3911/2913 4312/3942/2938
f 4273/3912/2913 4275/3915/2915 4314/3943/2939
f 4275/3944/2940 4316/3945/2941 4317/3946/2942
f 4276/3947/2943 3994/3948/2944 4318/3949/2945
f 4279/3920/2919 4319/3950/2946 4276/3916/2916
f 4320/3951/2947 4279/3920/2919 4280/3921/37
f 4321/3952/817 4322/3953/869 4279/3954/35
f 4323/3955/871 4280/3921/37 4281/3923/2920
f 4327/3956/2948 4270/3908/2910 4268/3906/2908
f 4328/3957/2949 4284/3958/2923 4283/3959/2922
f 4331/3960/1054 4283/3925/2922 4282/3924/2921
f 4335/3961/2950 4263/3901/2903 4261/3899/2902
f 4336/3962/2951 4261/3899/2902 4259/3898/2900
f 4338/3963/2952 4259/3895/2900 4257/3893/2898
f 4340/3964/2953 4257/3893/2898 4255/3891/2896
f 4342/3965/1505 4255/3891/2896 4253/3890/2894
f 4344/3966/2954 4253/3887/2894 4251/3885/2892
f 4346/3967/2955 4278/3918/2918 4277/3919/2917
f 4247/3879/2888 4249/3881/2890 4351/3968/2956
f 4352/3969/2957 4247/3970/2958 4353/3971/2959
f 4355/3972/2960 4356/3973/2961 4357/3974/2962
f 4357/3974/2962 4356/3973/2961 4358/3975/2963
f 4358/3976/2963 4356/3977/2961 4359/3978/2964
f 4358/3976/2963 4359/3978/2964 4360/3979/2965
f 4360/3979/2965 4359/3978/2964 4361/3980/2966
f 4360/3979/2965 4361/3980/2966 4362/3981/2967
f 4362/3982/2967 4361/3983/2966 4363/3984/2968
f 4362/3982/2967 4363/3984/2968 4364/3985/124
f 4364/3985/124 4363/3984/2968 4365/3986/2969
f 4364/3985/124 4365/3986/2969 4366/3987/2970
f 4366/3988/2970 4365/3989/2969 4367/3990/2971
f 4366/3988/2970 4367/3990/2971 4368/3991/2972
f 4368/3991/2972 4367/3990/2971 4369/3992/2973
f 4368/3991/2972 4369/3992/2973 4370/3993/118
f 4370/3993/118 4369/3992/2973 4371/3994/2974
f 4370/3993/118 4371/3994/2974 4372/3995/2975
f 4372/3995/2975 4371/3994/2974 4373/3996/2976
f 4372/3995/2975 4373/3996/2976 4374/3997/2977
f 4374/3997/2977 4373/3996/2976 4375/3998/2978
f 4375/3998/2978 4373/3996/2976 4376/3999/2979
f 4375/3998/2978 4376/3999/2979 4377/4000/2980
f 4377/4000/2980 4376/3999/2979 4378/4001/2981
f 4377/4000/2980 4378/4001/2981 4379/4002/108
f 4379/4002/108 4378/4001/2981 4380/4003/2982
f 4379/4002/108 4380/4003/2982 4381/4004/106
f 4381/4005/106 4380/4006/2982 4382/4007/2983
f 4381/4005/106 4382/4007/2983 4383/4008/2984
f 4383/4008/2984 4382/4007/2983 4384/4009/2985
f 4356/3973/2961 4355/3972/2960 4385/4010/2986
f 4359/3978/2964 4356/3977/2961 4386/4011/160
f 4356/3977/2961 4385/4012/2986 4386/4011/160
f 4384/4009/2985 4382/4007/2983 4387/4013/2987
f 4382/4007/2983 4380/4006/2982 4388/4014/2988
f 4387/4013/2987 4382/4007/2983 4388/4014/2988
f 4380/4006/2982 4378/4015/2981 4389/4016/2989
f 4388/4014/2988 4380/4006/2982 4389/4016/2989
f 4373/3996/2976 4371/3994/2974 4390/4017/2990
f 4373/3996/2976 4390/4017/2990 4391/4018/2991
f 4376/3999/2979 4373/3996/2976 4392/4019/2992
f 4373/3996/2976 4391/4018/2991 4392/4019/2992
f 4394/4020/1003 4357/4021/2993 4395/4022/892
f 4357/3974/2962 4358/3975/2963 4396/4023/2994
f 4358/3976/2963 4360/3979/2965 4398/4024/2995
f 4360/3979/2965 4362/3981/2967 4400/4025/2996
f 4362/3982/2967 4364/3985/124 4402/4026/2997
f 4364/3985/124 4366/3987/2970 4404/4027/2998
f 4366/3988/2970 4368/3991/2972 4406/4028/2999
f 4368/3991/2972 4370/3993/118 4408/4029/3000
f 4370/3993/118 4372/3995/2975 4410/4030/3001
f 4372/3995/2975 4374/3997/2977 4412/4031/3002
f 4374/3997/2977 4375/3998/2978 4414/4032/3003
f 4375/3998/2978 4377/4000/2980 4416/4033/3004
f 4377/4000/2980 4379/4002/108 4418/4034/902
f 4379/4002/108 4381/4004/106 4420/4035/3005
f 4381/4005/106 4383/4008/2984 4422/4036/3006
f 4383/4037/3007 4424/4038/3008 4425/4039/3009
f 4384/4040/3010 3994/4041/3011 4426/4042/3012
f 4387/4013/2987 4427/4043/3013 4384/4009/2985
f 4428/4044/872 4387/4013/2987 4388/4014/2988
f 4429/4045/839 4430/4046/839 4387/4047/3014
f 4431/4048/3015 4388/4014/2988 4389/4016/2989
f 4435/4049/3016 4378/4001/2981 4376/3999/2979
f 4436/4050/3017 4392/4019/2992 4391/4018/2991
f 4439/4051/1187 4391/4018/2991 4390/4017/2990
f 4443/4052/3018 4371/4053/2974 4369/4054/2973
f 4444/4055/3019 4369/3992/2973 4367/3990/2971
f 4446/4056/3020 4367/4057/2971 4365/4058/2969
f 4448/4059/3021 4365/3986/2969 4363/3984/2968
f 4450/4060/3022 4363/3984/2968 4361/3983/2966
f 4452/4061/3023 4361/3980/2966 4359/3978/2964
f 4454/4062/3024 4386/4011/160 4385/4012/2986
f 4355/3972/2960 4357/3974/2962 4459/4063/3025
f 4460/4064/3026 4355/4065/3027 4461/4066/3028
f 4463/4067/3029 4464/4068/3030 4465/4069/3031
f 4465/4069/3031 4464/4068/3030 4466/4070/3032
f 4466/4071/3032 4464/4072/3030 4467/4073/3033
f 4466/4071/3032 4467/4073/3033 4468/4074/194
f 4468/4074/194 4467/4073/3033 4469/4075/3034
f 4468/4074/194 4469/4075/3034 4470/4076/3035
f 4470/4077/3035 4469/4078/3034 4471/4079/3036
f 4470/4077/3035 4471/4079/3036 4472/4080/3037
f 4472/4080/3037 4471/4079/3036 4473/4081/3038
f 4472/4080/3037 4473/4081/3038 4474/4082/188
f 4474/4082/188 4473/4081/3038 4475/4083/3039
f 4474/4082/188 4475/4083/3039 4476/4084/3040
f 4476/4085/3040 4475/4086/3039 4477/4087/3041
f 4476/4085/3040 4477/4087/3041 4478/4088/3042
f 4478/4088/3042 4477/4087/3041 4479/4089/3043
f 4478/4088/3042 4479/4089/3043 4480/4090/3044
f 4480/4090/3044 4479/4089/3043 4481/4091/3045
f 4480/4090/3044 4481/4091/3045 4482/4092/3046
f 4482/4092/3046 4481/4091/3045 4483/4093/3047
f 4483/4093/3047 4481/4091/3045 4484/4094/3048
f 4483/4093/3047 4484/4094/3048 4485/4095/3049
f 4485/4095/3049 4484/4094/3048 4486/4096/3050
f 4485/4095/3049 4486/4096/3050 4487/4097/3051
f 4487/4098/3051 4486/4099/3050 4488/4100/3052
f 4487/4098/3051 4488/4100/3052 4489/4101/3053
f 4489/4101/3053 4488/4100/3052 4490/4102/3054
f 4489/4101/3053 4490/4102/3054 4491/4103/3055
f 4491/4103/3055 4490/4102/3054 4492/4104/3056
f 4464/4105/3030 4463/4106/3029 4493/4107/3057
f 4467/4073/3033 4464/4072/3030 4494/4108/3058
f 4464/4072/3030 4493/4109/3057 4494/4108/3058
f 4492/4104/3056 4490/4102/3054 4495/4110/3059
f 4490/4102/3054 4488/4100/3052 4496/4111/201
f 4495/4110/3059 4490/4102/3054 4496/4111/201
f 4488/4100/3052 4486/4099/3050 4497/4112/3060
f 4496/4111/201 4488/4100/3052 4497/4112/3060
f 4481/4113/3045 4479/4114/3043 4498/4115/3061
f 4481/4113/3045 4498/4115/3061 4499/4116/3062
f 4484/4117/3048 4481/4113/3045 4500/4118/3063
f 4481/4113/3045 4499/4116/3062 4500/4118/3063
f 4502/4119/3064 4465/4120/3065 4503/4121/3066
f 4465/4069/3031 4466/4070/3032 4504/4122/3067
f 4466/4071/3032 4468/4074/194 4506/4123/3068
f 4468/4074/194 4470/4076/3035 4508/4124/3069
f 4470/4077/3035 4472/4080/3037 4510/4125/3070
f 4472/4080/3037 4474/4082/188 4512/4126/3071
f 4474/4082/188 4476/4084/3040 4514/4127/3072
f 4476/4085/3040 4478/4088/3042 4516/4128/3073
f 4478/4088/3042 4480/4090/3044 4518/4129/1184
f 4480/4090/3044 4482/4092/3046 4520/4130/3074
f 4482/4092/3046 4483/4093/3047 4522/4131/3075
f 4483/4093/3047 4485/4095/3049 4524/4132/899
f 4485/4095/3049 4487/4097/3051 4526/4133/3076
f 4487/4134/3051 4489/4135/3053 4528/4136/3077
f 4489/4101/3053 4491/4103/3055 4530/4137/3078
f 4491/4138/3079 4532/4139/1015 4533/4140/3080
f 4492/4141/3081 3994/4142/3082 4534/4143/3083
f 4495/4110/3059 4535/4144/3084 4492/4104/3056
f 4536/4145/3085 4495/4110/3059 4496/4111/201
f 4537/4146/839 4538/4147/839 4495/4148/3059
f 4539/4149/3086 4496/4111/201 4497/4112/3060
f 4543/4150/3087 4486/4151/3050 4484/4152/3048
f 4544/4153/930 4500/4118/3063 4499/4116/3062
f 4547/4154/839 4499/4116/3062 4498/4115/3061
f 4551/4155/3088 4479/4156/3043 4477/4157/3041
f 4552/4158/1392 4477/4159/3041 4475/4160/3039
f 4554/4161/1079 4475/4083/3039 4473/4081/3038
f 4556/4162/941 4473/4081/3038 4471/4079/3036
f 4558/4163/3089 4471/4079/3036 4469/4078/3034
f 4560/4164/3090 4469/4075/3034 4467/4073/3033
f 4562/4165/3091 4494/4108/3058 4493/4109/3057
f 4567/4166/3092 4463/4167/3093 4568/4168/3094
f 4570/4169/3095 4571/4170/3096 4572/4171/3097
f 4571/4172/3096 4570/4173/3095 4573/4174/3098
f 4572/4171/3097 4571/4170/3096 4576/4175/3099
f 4573/4176/3100 4580/4177/3101 4581/4178/3102
f 4582/4179/3103 4573/4174/3098 4570/4173/3095
f 4585/4180/3104 4570/4169/3095 4572/4171/3097
f 4588/4181/3105 4589/4182/3106 4590/4183/3107
f 4589/4184/3106 4588/4185/3105 4591/4186/3108
f 4590/4187/3109 4592/4188/3110 4593/4189/3111
f 4590/4183/3107 4589/4182/3106 4595/4190/3112
f 4596/4191/3113 4590/4192/3114 4597/4193/3115
f 4591/4186/3108 4600/4194/3116 4589/4184/3106
f 4591/4195/3117 4601/4196/3118 4602/4197/3119
f 4603/4198/3120 4591/4199/3108 4588/4200/3105
f 4608/4201/3121 4609/4202/3122 4610/4203/3123
f 4609/4202/3122 4608/4201/3121 4611/4204/615
f 4610/4203/3123 4609/4202/3122 4614/4205/3124
f 4611/4206/615 4618/4207/3125 4609/4208/3122
f 4611/4209/3126 4619/4210/3127 4620/4211/3128
f 4621/4212/3129 4611/4204/615 4608/4201/3121
f 4626/4213/3130 4627/4214/3131 4628/4215/3132
f 4627/4214/3131 4626/4213/3130 4629/4216/3133
f 4627/4214/3131 4629/4216/3133 4630/4217/3134
f 4628/4215/3132 4627/4214/3131 4631/4218/3135
f 4628/4215/3132 4631/4218/3135 4632/4219/3136
f 4633/4220/3137 4628/4221/3138 4634/4222/3139
f 4635/4223/3140 4628/4224/3141 4636/4225/3142
f 4631/4226/3143 4637/4227/3144 4638/4228/902
f 4627/4214/3131 4630/4217/3134 4641/4229/3145
f 4630/4230/3146 4643/4231/3147 4644/4232/3148
f 4629/4216/3133 4646/4233/3149 4630/4217/3134
f 4647/4234/3150 4629/4235/3133 4626/4236/3130
f 4652/4237/3151 4653/4238/3152 4654/4239/3153
f 4653/4238/3152 4652/4237/3151 4655/4240/3154
f 4653/4238/3152 4655/4240/3154 4656/4241/542
f 4656/4242/542 4655/4243/3154 4657/4244/3155
f 4656/4242/542 4657/4244/3155 4658/4245/3156
f 4658/4245/3156 4657/4244/3155 4659/4246/3157
f 4655/4240/3154 4652/4237/3151 4660/4247/3158
f 4657/4244/3155 4655/4243/3154 4661/4248/3159
f 4655/4243/3154 4660/4249/3158 4661/4248/3159
f 4659/4246/3157 4657/4244/3155 4662/4250/3160
f 4657/4244/3155 4661/4248/3159 4662/4250/3160
f 4664/4251/3161 4654/4252/3162 4665/4253/3163
f 4654/4239/3153 4653/4238/3152 4666/4254/3164
f 4653/4238/3152 4656/4241/542 4669/4255/3165
f 4656/4242/542 4658/4245/3156 4671/4256/3166
f 4676/4257/3167 4662/4258/3160 4661/4259/3159
f 4679/4260/3168 4661/4261/3159 4660/4262/3158
f 4684/4263/3169 4685/4264/3170 4686/4265/3171
f 4684/4263/3169 4686/4265/3171 4687/4266/3172
f 4686/4265/3171 4685/4264/3170 4688/4267/3173
f 4688/4267/3173 4685/4264/3170 4689/4268/3174
f 4688/4267/3173 4689/4268/3174 4690/4269/3175
f 4690/4269/3175 4689/4268/3174 4691/4270/3176
f 4690/4269/3175 4691/4270/3176 4692/4271/3177
f 4692/4271/3177 4691/4270/3176 4693/4272/3178
f 4692/4271/3177 4693/4272/3178 4694/4273/3179
f 4694/4273/3179 4693/4272/3178 4695/4274/3180
f 4694/4273/3179 4695/4274/3180 4696/4275/3181
f 4696/4275/3181 4695/4274/3180 4697/4276/3182
f 4696/4275/3181 4697/4276/3182 4698/4277/3183
f 4698/4277/3183 4697/4276/3182 4699/4278/3184
f 4698/4277/3183 4699/4278/3184 4700/4279/3185
f 4700/4279/3185 4699/4278/3184 4701/4280/3186
f 4700/4279/3185 4701/4280/3186 4702/4281/3187
f 4702/4281/3187 4701/4280/3186 4703/4282/3188
f 4702/4281/3187 4703/4282/3188 4704/4283/3189
f 4704/4283/3189 4703/4282/3188 4705/4284/3190
f 4704/4283/3189 4705/4284/3190 4706/4285/3191
f 4706/4285/3191 4705/4284/3190 4707/4286/3192
f 4706/4285/3191 4707/4286/3192 4708/4287/3193
f 4708/4287/3193 4707/4286/3192 4709/4288/3194
f 4708/4287/3193 4709/4288/3194 4710/4289/3195
f 4710/4289/3195 4709/4288/3194 4711/4290/3196
f 4710/4289/3195 4711/4290/3196 4712/4291/3197
f 4712/4291/3197 4711/4290/3196 4713/4292/3198
f 4712/4291/3197 4713/4292/3198 4714/4293/3199
f 4714/4293/3199 4713/4292/3198 4715/4294/3200
f 4714/4293/3199 4715/4294/3200 4716/4295/3201
f 4716/4295/3201 4715/4294/3200 4717/4296/3202
f 4716/4295/3201 4717/4296/3202 4718/4297/3203
f 4718/4297/3203 4717/4296/3202 4719/4298/3204
f 4718/4297/3203 4719/4298/3204 4720/4299/3205
f 4720/4299/3205 4719/4298/3204 4721/4300/3206
f 4709/4288/3194 4707/4286/3192 4722/4301/3207
f 4711/4290/3196 4709/4288/3194 4723/4302/3208
f 4709/4288/3194 4722/4301/3207 4723/4302/3208
f 4713/4292/3198 4711/4290/3196 4724/4303/3209
f 4711/4290/3196 4723/4302/3208 4724/4303/3209
f 4715/4294/3200 4713/4292/3198 4725/4304/3210
f 4713/4292/3198 4724/4303/3209 4725/4304/3210
f 4717/4296/3202 4715/4294/3200 4726/4305/3211
f 4715/4294/3200 4725/4304/3210 4726/4305/3211
f 4719/4298/3204 4717/4296/3202 4727/4306/3212
f 4717/4296/3202 4726/4305/3211 4727/4306/3212
f 4721/4300/3206 4719/4298/3204 4728/4307/3213
f 4719/4298/3204 4727/4306/3212 4728/4307/3213
f 4721/4300/3206 4728/4307/3213 4729/4308/3214
f 4728/4307/3213 4727/4306/3212 4730/4309/3215
f 4729/4308/3214 4728/4307/3213 4731/4310/3216
f 4728/4307/3213 4730/4309/3215 4731/4310/3216
f 4731/4311/3216 4730/4312/3215 4732/4313/3217
f 4731/4311/3216 4732/4313/3217 4733/4314/3218
f 4733/4314/3218 4732/4313/3217 4734/4315/3219
f 4733/4314/3218 4734/4315/3219 4735/4316/3220
f 4726/4305/3211 4725/4304/3210 4736/4317/3221
f 4724/4303/3209 4723/4302/3208 4737/4318/3222
f 4685/4264/3170 4684/4263/3169 4738/4319/3223
f 4689/4268/3174 4685/4264/3170 4739/4320/3224
f 4685/4264/3170 4738/4319/3223 4739/4320/3224
f 4691/4270/3176 4689/4268/3174 4740/4321/3225
f 4689/4268/3174 4739/4320/3224 4740/4321/3225
f 4693/4272/3178 4691/4270/3176 4741/4322/3226
f 4691/4270/3176 4740/4321/3225 4741/4322/3226
f 4695/4274/3180 4693/4272/3178 4742/4323/3227
f 4693/4272/3178 4741/4322/3226 4742/4323/3227
f 4697/4276/3182 4695/4274/3180 4743/4324/3228
f 4695/4274/3180 4742/4323/3227 4743/4324/3228
f 4699/4278/3184 4697/4276/3182 4744/4325/3229
f 4697/4276/3182 4743/4324/3228 4744/4325/3229
f 4701/4280/3186 4699/4278/3184 4745/4326/3230
f 4699/4278/3184 4744/4325/3229 4745/4326/3230
f 4703/4282/3188 4701/4280/3186 4746/4327/3231
f 4701/4280/3186 4745/4326/3230 4746/4327/3231
f 4705/4284/3190 4703/4282/3188 4747/4328/3232
f 4703/4282/3188 4746/4327/3231 4747/4328/3232
f 4745/4326/3230 4744/4325/3229 4748/4329/3233
f 4746/4327/3231 4745/4326/3230 4749/4330/3234
f 4745/4326/3230 4748/4329/3233 4749/4330/3234
f 4747/4328/3232 4746/4327/3231 4750/4331/3235
f 4746/4327/3231 4749/4330/3234 4750/4331/3235
f 4750/4332/3235 4749/4333/3234 4751/4334/3236
f 4750/4332/3235 4751/4334/3236 4752/4335/3237
f 4752/4335/3237 4751/4334/3236 4753/4336/3238
f 4752/4335/3237 4753/4336/3238 4754/4337/3239
f 4743/4324/3228 4742/4323/3227 4755/4338/3240
f 4741/4322/3226 4740/4321/3225 4756/4339/3241
f 4739/4320/3224 4738/4319/3223 4757/4340/3242
f 4684/4263/3169 4687/4266/3172 4758/4341/3243
f 4758/4341/3243 4687/4266/3172 4759/4342/3244
f 4688/4267/3173 4690/4269/3175 4760/4343/3245
f 4686/4265/3171 4688/4267/3173 4761/4344/3246
f 4688/4267/3173 4760/4343/3245 4761/4344/3246
f 4716/4295/3201 4718/4297/3203 4762/4345/3247
f 4714/4293/3199 4716/4295/3201 4763/4346/3248
f 4716/4295/3201 4762/4345/3247 4763/4346/3248
f 4704/4283/3189 4706/4285/3191 4764/4347/3249
f 4702/4281/3187 4704/4283/3189 4765/4348/3250
f 4704/4283/3189 4764/4347/3249 4765/4348/3250
f 4694/4273/3179 4696/4275/3181 4766/4349/3251
f 4692/4271/3177 4694/4273/3179 4767/4350/3252
f 4694/4273/3179 4766/4349/3251 4767/4350/3252
f 4692/4271/3177 4767/4350/3252 4768/4351/3253
f 4708/4287/3193 4710/4289/3195 4769/4352/3254
f 4710/4289/3195 4712/4291/3197 4770/4353/3255
f 4769/4352/3254 4710/4289/3195 4770/4353/3255
f 4708/4287/3193 4769/4352/3254 4771/4354/3256
f 4759/4342/3244 4687/4266/3172 4772/4355/3257
f 4759/4342/3244 4772/4355/3257 4773/4356/3258
f 4698/4277/3183 4700/4279/3185 4774/4357/3259
f 4698/4277/3183 4774/4357/3259 4775/4358/3260
f 4769/4352/3254 4770/4353/3255 4776/4359/3261
f 4776/4359/3261 4770/4353/3255 4777/4360/3262
f 4776/4359/3261 4777/4360/3262 4778/4361/3263
f 4776/4359/3261 4778/4361/3263 4779/4362/3264
f 4773/4356/3258 4772/4355/3257 4780/4363/3265
f 4773/4356/3258 4780/4363/3265 4781/4364/3266
f 4781/4364/3266 4780/4363/3265 4782/4365/3267
f 4781/4364/3266 4782/4365/3267 4783/4366/3268
f 4780/4363/3265 4772/4355/3257 4784/4367/3269
f 4757/4340/3242 4738/4319/3223 4785/4368/3270
f 4785/4368/3270 4738/4319/3223 4786/4369/3271
f 4757/4340/3242 4785/4368/3270 4787/4370/3272
f 4757/4340/3242 4787/4370/3272 4788/4371/3273
f 4788/4372/3273 4787/4373/3272 4789/4374/3274
f 4788/4372/3273 4789/4374/3274 4790/4375/3275
f 4787/4373/3272 4785/4376/3270 4791/4377/3276
f 4789/4374/3274 4787/4373/3272 4792/4378/3277
f 4787/4373/3272 4791/4377/3276 4792/4378/3277
f 4752/4335/3237 4754/4337/3239 4793/4379/3278
f 4793/4379/3278 4754/4337/3239 4794/4380/3279
f 4793/4381/3278 4794/4382/3279 4795/4383/3280
f 4795/4383/3280 4794/4382/3279 4796/4384/3281
f 4793/4381/3278 4795/4383/3280 4797/4385/3282
f 4797/4385/3282 4795/4383/3280 4798/4386/3283
f 4795/4383/3280 4796/4384/3281 4799/4387/3284
f 4798/4386/3283 4795/4383/3280 4799/4387/3284
f 4799/4387/3284 4796/4384/3281 4800/4388/3285
f 4799/4387/3284 4800/4388/3285 4801/4389/3286
f 4801/4389/3286 4800/4388/3285 4802/4390/3287
f 4801/4389/3286 4802/4390/3287 4803/4391/3288
f 4803/4391/3288 4802/4390/3287 4804/4392/3289
f 4801/4389/3286 4803/4391/3288 4805/4393/3290
f 4803/4391/3288 4804/4392/3289 4806/4394/3291
f 4806/4394/3291 4804/4392/3289 4807/4395/3292
f 4788/4396/3273 4790/4397/3275 4808/4398/3293
f 4808/4398/3293 4790/4397/3275 4809/4399/3294
f 4806/4400/3291 4807/4401/3292 4810/4402/3295
f 4810/4402/3295 4807/4401/3292 4811/4403/3296
f 4806/4400/3291 4810/4402/3295 4812/4404/3297
f 4808/4398/3293 4809/4399/3294 4813/4405/3298
f 4813/4405/3298 4809/4399/3294 4814/4406/3299
f 4813/4405/3298 4814/4406/3299 4815/4407/3300
f 4815/4407/3300 4814/4406/3299 4816/4408/3301
f 4813/4405/3298 4815/4407/3300 4817/4409/3302
f 4815/4407/3300 4816/4408/3301 4818/4410/3303
f 4818/4410/3303 4816/4408/3301 4819/4411/3304
f 4818/4410/3303 4819/4411/3304 4820/4412/3305
f 4820/4412/3305 4819/4411/3304 4821/4413/3306
f 4818/4410/3303 4820/4412/3305 4822/4414/3307
f 4820/4415/3305 4821/4416/3306 4823/4417/3308
f 4823/4417/3308 4821/4416/3306 4824/4418/3309
f 4805/4419/3290 4803/4420/3288 4825/4421/3310
f 4803/4420/3288 4806/4422/3291 4825/4421/3310
f 4806/4400/3291 4812/4404/3297 4825/4423/3310
f 4808/4398/3293 4813/4405/3298 4826/4424/3311
f 4813/4405/3298 4817/4409/3302 4826/4424/3311
f 4822/4425/3307 4820/4415/3305 4827/4426/3312
f 4820/4415/3305 4823/4417/3308 4827/4426/3312
f 4825/4427/3310 4812/4428/3297 4828/4429/3313
f 4805/4419/3290 4825/4421/3310 4829/4430/3314
f 4805/4419/3290 4829/4430/3314 4830/4431/3315
f 4826/4432/3311 4817/4433/3302 4831/4434/3316
f 4822/4435/3307 4827/4436/3312 4832/4437/3317
f 4822/4435/3307 4832/4437/3317 4833/4438/3318
f 4797/4439/3282 4798/4440/3283 4834/4441/3319
f 4797/4439/3282 4834/4441/3319 4835/4442/3320
f 4835/4442/3320 4834/4441/3319 4836/4443/3321
f 4835/4442/3320 4836/4443/3321 4837/4444/3322
f 4828/4429/3313 4812/4428/3297 4838/4445/3323
f 4812/4404/3297 4810/4402/3295 4839/4446/3324
f 4838/4445/3323 4812/4428/3297 4839/4447/3324
f 4810/4402/3295 4811/4403/3296 4840/4448/3325
f 4839/4446/3324 4810/4402/3295 4840/4448/3325
f 4840/4448/3325 4811/4403/3296 4841/4449/3326
f 4792/4378/3277 4791/4377/3276 4842/4450/3220
f 4842/4450/3220 4791/4377/3276 4843/4451/3327
f 4827/4426/3312 4823/4417/3308 4844/4452/3328
f 4823/4417/3308 4824/4418/3309 4845/4453/3329
f 4844/4452/3328 4823/4417/3308 4845/4453/3329
f 4845/4453/3329 4824/4418/3309 4846/4454/3330
f 4847/4455/3331 4758/4341/3243 4759/4342/3244
f 4851/4456/3332 4773/4356/3258 4781/4364/3266
f 4768/4351/3253 4767/4350/3252 4862/4457/3333
f 4767/4350/3252 4766/4349/3251 4866/4458/3334
f 4774/4357/3259 4700/4279/3185 4875/4459/3335
f 4706/4285/3191 4708/4287/3193 4880/4460/2388
f 4712/4291/3197 4714/4293/3199 4887/4461/3336
f 4763/4346/3248 4762/4345/3247 4888/4462/3337
f 4762/4345/3247 4718/4297/3203 4893/4463/3338
f 4733/4314/3218 4735/4316/3220 4900/4464/3339
f 4902/4465/3340 4732/4313/3217 4730/4312/3215
f 4906/4466/3341 4736/4317/3221 4725/4304/3210
f 4910/4467/3342 4737/4318/3222 4723/4302/3208
f 4913/4468/3343 4722/4301/3207 4707/4286/3192
f 4705/4284/3190 4916/4469/3344 4707/4286/3192
f 4750/4332/3235 4752/4335/3237 4918/4470/3345
f 4919/4471/3346 4797/4439/3282 4835/4442/3320
f 4920/4472/3347 4835/4442/3320 4837/4444/3322
f 4837/4444/3322 4836/4443/3321 4922/4473/3348
f 4834/4441/3319 4798/4440/3283 4929/4474/3349
f 4798/4386/3283 4799/4387/3284 4931/4475/3350
f 4932/4476/3351 4801/4477/3286 4805/4478/3290
f 4933/4479/3352 4805/4419/3290 4830/4431/3315
f 4828/4429/3313 4838/4445/3323 4939/4480/3353
f 4838/4445/3323 4839/4447/3324 4944/4481/3354
f 4839/4446/3324 4840/4448/3325 4946/4482/3355
f 4840/4448/3325 4841/4449/3326 4948/4483/3356
f 4950/4484/3357 4751/4334/3236 4749/4333/3234
f 4955/4485/3358 4755/4338/3240 4742/4323/3227
f 4756/4486/3359 4958/4487/3360 4959/4488/3361
f 4831/4489/3362 4963/4490/3363 4964/4491/3363
f 4831/4434/3316 4817/4433/3302 4966/4492/3364
f 4817/4409/3302 4815/4407/3300 4969/4493/3365
f 4833/4438/3318 4832/4437/3317 4970/4494/3366
f 4832/4437/3317 4827/4436/3312 4976/4495/3367
f 4978/4496/3368 4844/4497/3369 4979/4498/3370
f 4844/4452/3328 4845/4453/3329 4980/4499/3371
f 4845/4453/3329 4846/4454/3330 4982/4500/2791
f 4984/4501/1317 4842/4450/3220 4843/4451/3327
f 4988/4502/3372 4785/4368/3270 4786/4369/3271
f 4989/4503/3373 4786/4504/3374 4990/4505/3375
f 4993/4506/3376 4994/4507/3377 4995/4508/3378
f 4993/4506/3376 4995/4508/3378 4996/4509/3379
f 4994/4507/3377 4993/4506/3376 4997/4510/3380
f 4994/4507/3377 4997/4510/3380 4998/4511/3271
f 4998/4511/3271 4997/4510/3380 4999/4512/3381
f 4998/4511/3271 4999/4512/3381 5000/4513/3382
f 5000/4514/3382 4999/4515/3381 5001/4516/3383
f 4996/4509/3379 4995/4508/3378 5002/4517/3384
f 4996/4509/3379 5002/4517/3384 5003/4518/3385
f 4996/4509/3379 5003/4518/3385 5004/4519/3386
f 5004/4519/3386 5003/4518/3385 5005/4520/3247
f 5005/4520/3247 5003/4518/3385 5006/4521/3387
f 5003/4518/3385 5002/4517/3384 5007/4522/3388
f 5006/4521/3387 5003/4518/3385 5007/4522/3388
f 5005/4520/3247 5006/4521/3387 5008/4523/3389
f 5006/4521/3387 5007/4522/3388 5009/4524/3390
f 5008/4523/3389 5006/4521/3387 5010/4525/3391
f 5006/4521/3387 5009/4524/3390 5010/4525/3391
f 5008/4523/3389 5010/4525/3391 5011/4526/3392
f 5005/4520/3247 5008/4523/3389 5012/4527/3248
f 5008/4523/3389 5011/4526/3392 5013/4528/3393
f 5012/4527/3248 5008/4523/3389 5013/4528/3393
f 5013/4528/3393 5011/4526/3392 5014/4529/3394
f 5012/4527/3248 5013/4528/3393 5015/4530/3395
f 5013/4528/3393 5014/4529/3394 5016/4531/3396
f 5015/4530/3395 5013/4528/3393 5016/4531/3396
f 5016/4531/3396 5014/4529/3394 5017/4532/3397
f 5015/4530/3395 5016/4531/3396 5018/4533/3398
f 4994/4507/3377 4998/4511/3271 5019/4534/3399
f 5019/4534/3399 4998/4511/3271 5020/4535/3400
f 5012/4527/3248 5015/4530/3395 5021/4536/3401
f 5015/4530/3395 5018/4533/3398 5022/4537/3402
f 5021/4536/3401 5015/4530/3395 5022/4537/3402
f 4999/4512/3381 4997/4510/3380 5023/4538/3403
f 5001/4516/3383 4999/4515/3381 5024/4539/3404
f 4999/4515/3381 5023/4540/3403 5024/4539/3404
f 5029/4541/3405 5022/4537/3402 5018/4533/3398
f 5007/4522/3388 5002/4517/3384 5036/4542/3406
f 5019/4543/3407 5039/4544/3408 5040/4545/3409
f 5019/4534/3399 5020/4535/3400 5042/4546/3410
f 5024/4539/3404 5050/4547/3411 5001/4516/3383
f 5051/4548/3412 5024/4539/3404 5023/4540/3403
f 5056/4549/3413 4997/4510/3380 4993/4506/3376
f 5057/4550/3414 4993/4506/3376 4996/4509/3379
f 5059/4551/3415 5060/4552/3416 5061/4553/3417
f 5060/4552/3416 5059/4551/3415 5062/4554/3418
f 5060/4552/3416 5062/4554/3418 5063/4555/3419
f 5063/4556/3419 5062/4557/3418 5064/4558/3420
f 5062/4554/3418 5059/4551/3415 5065/4559/3421
f 5064/4560/3420 5062/4561/3418 5066/4562/3422
f 5062/4561/3418 5065/4563/3421 5066/4562/3422
f 5064/4564/3423 5073/4565/3424 5074/4566/3425
f 5081/4567/3426 5082/4568/3427 5083/4569/3428
f 5083/4569/3428 5082/4568/3427 5084/4570/3429
f 5081/4567/3426 5083/4569/3428 5085/4571/3430
f 5081/4567/3426 5085/4571/3430 5086/4572/3431
f 5086/4573/3431 5085/4574/3430 5087/4575/3432
f 5086/4573/3431 5087/4575/3432 5088/4576/3433
f 5088/4576/3433 5087/4575/3432 5089/4577/3434
f 5088/4576/3433 5089/4577/3434 5090/4578/3435
f 5084/4570/3429 5082/4568/3427 5091/4579/3436
f 5084/4570/3429 5091/4579/3436 5092/4580/3437
f 5092/4580/3437 5091/4579/3436 5093/4581/3438
f 5092/4580/3437 5093/4581/3438 5094/4582/3439
f 5094/4582/3439 5093/4581/3438 5095/4583/3440
f 5094/4582/3439 5095/4583/3440 5096/4584/3441
f 5096/4585/3441 5095/4586/3440 5097/4587/3442
f 5096/4585/3441 5097/4587/3442 5098/4588/3443
f 5098/4588/3443 5097/4587/3442 5099/4589/3444
f 5098/4588/3443 5099/4589/3444 5100/4590/3445
f 5100/4591/3445 5099/4592/3444 5101/4593/3446
f 5100/4591/3445 5101/4593/3446 5102/4594/3447
f 5102/4594/3447 5101/4593/3446 5103/4595/3448
f 5102/4594/3447 5103/4595/3448 5104/4596/3449
f 5104/4597/3449 5103/4598/3448 5105/4599/3450
f 5104/4597/3449 5105/4599/3450 5106/4600/3451
f 5106/4600/3451 5105/4599/3450 5107/4601/3452
f 5106/4600/3451 5107/4601/3452 5108/4602/3453
f 5082/4568/3427 5081/4567/3426 5109/4603/3454
f 5081/4567/3426 5086/4572/3431 5110/4604/3455
f 5109/4603/3454 5081/4567/3426 5110/4604/3455
f 5083/4569/3428 5084/4570/3429 5111/4605/3456
f 5084/4570/3429 5092/4580/3437 5112/4606/3457
f 5111/4605/3456 5084/4570/3429 5112/4606/3457
f 5111/4605/3456 5112/4606/3457 5113/4607/3458
f 5113/4607/3458 5112/4606/3457 5114/4608/3459
f 5111/4605/3456 5113/4607/3458 5115/4609/3460
f 5111/4605/3456 5115/4609/3460 5116/4610/3461
f 5116/4611/3461 5115/4612/3460 5117/4613/3462
f 5116/4611/3461 5117/4613/3462 5118/4614/3463
f 5118/4614/3463 5117/4613/3462 5119/4615/3464
f 5118/4614/3463 5119/4615/3464 5120/4616/3465
f 5113/4617/3458 5114/4618/3459 5121/4619/3466
f 5121/4619/3466 5114/4618/3459 5122/4620/3467
f 5122/4620/3467 5114/4618/3459 5123/4621/3468
f 5122/4620/3467 5123/4621/3468 5124/4622/3469
f 5124/4622/3469 5123/4621/3468 5125/4623/3470
f 5124/4622/3469 5125/4623/3470 5126/4624/3471
f 5126/4624/3471 5125/4623/3470 5127/4625/3472
f 5126/4624/3471 5127/4625/3472 5128/4626/3473
f 5128/4627/3473 5127/4628/3472 5129/4629/3474
f 5128/4627/3473 5129/4629/3474 5130/4630/3475
f 5130/4630/3475 5129/4629/3474 5131/4631/3476
f 5130/4630/3475 5131/4631/3476 5132/4632/3477
f 5132/4633/3477 5131/4634/3476 5133/4635/3478
f 5132/4633/3477 5133/4635/3478 5134/4636/3479
f 5134/4636/3479 5133/4635/3478 5135/4637/3480
f 5134/4636/3479 5135/4637/3480 5136/4638/3481
f 5136/4639/3481 5135/4640/3480 5137/4641/3482
f 5136/4639/3481 5137/4641/3482 5138/4642/3483
f 5138/4642/3483 5137/4641/3482 5139/4643/3484
f 5138/4642/3483 5139/4643/3484 5140/4644/3485
f 5121/4619/3466 5122/4620/3467 5141/4645/3486
f 5122/4620/3467 5124/4622/3469 5142/4646/3487
f 5141/4645/3486 5122/4620/3467 5142/4646/3487
f 5121/4619/3466 5141/4645/3486 5143/4647/3488
f 5121/4619/3466 5143/4647/3488 5144/4648/3489
f 5144/4649/3489 5143/4650/3488 5145/4651/3490
f 5144/4649/3489 5145/4651/3490 5146/4652/3491
f 5146/4652/3491 5145/4651/3490 5147/4653/3492
f 5146/4652/3491 5147/4653/3492 5148/4654/3493
f 5141/4645/3486 5142/4646/3487 5149/4655/3494
f 5149/4655/3494 5142/4646/3487 5150/4656/3495
f 5149/4655/3494 5150/4656/3495 5151/4657/3496
f 5151/4657/3496 5150/4656/3495 5152/4658/3497
f 5149/4655/3494 5151/4657/3496 5153/4659/3498
f 5149/4655/3494 5153/4659/3498 5154/4660/3499
f 5154/4661/3499 5153/4662/3498 5155/4663/3500
f 5154/4661/3499 5155/4663/3500 5156/4664/3501
f 5156/4664/3501 5155/4663/3500 5157/4665/3502
f 5156/4664/3501 5157/4665/3502 5158/4666/3503
f 5152/4658/3497 5150/4656/3495 5159/4667/3504
f 5152/4658/3497 5159/4667/3504 5160/4668/3505
f 5160/4668/3505 5159/4667/3504 5161/4669/3506
f 5160/4668/3505 5161/4669/3506 5162/4670/3507
f 5162/4670/3507 5161/4669/3506 5163/4671/3508
f 5162/4670/3507 5163/4671/3508 5164/4672/3509
f 5164/4673/3509 5163/4674/3508 5165/4675/3510
f 5164/4673/3509 5165/4675/3510 5166/4676/3511
f 5166/4676/3511 5165/4675/3510 5167/4677/3512
f 5166/4676/3511 5167/4677/3512 5168/4678/3513
f 5168/4679/3513 5167/4680/3512 5169/4681/3514
f 5168/4679/3513 5169/4681/3514 5170/4682/3515
f 5170/4682/3515 5169/4681/3514 5171/4683/3516
f 5170/4682/3515 5171/4683/3516 5172/4684/3517
f 5172/4685/3517 5171/4686/3516 5173/4687/3518
f 5172/4685/3517 5173/4687/3518 5174/4688/3519
f 5174/4688/3519 5173/4687/3518 5175/4689/3520
f 5174/4688/3519 5175/4689/3520 5176/4690/3521
f 5151/4657/3496 5152/4658/3497 5177/4691/3522
f 5152/4658/3497 5160/4668/3505 5178/4692/3523
f 5177/4691/3522 5152/4658/3497 5178/4692/3523
f 5177/4691/3522 5178/4692/3523 5179/4693/3524
f 5179/4693/3524 5178/4692/3523 5180/4694/3525
f 5177/4691/3522 5179/4693/3524 5181/4695/3526
f 5177/4691/3522 5181/4695/3526 5182/4696/3527
f 5182/4697/3527 5181/4698/3526 5183/4699/3528
f 5182/4697/3527 5183/4699/3528 5184/4700/3529
f 5184/4700/3529 5183/4699/3528 5185/4701/3530
f 5184/4700/3529 5185/4701/3530 5186/4702/3531
f 5179/4703/3524 5180/4704/3525 5187/4705/3532
f 5187/4705/3532 5180/4704/3525 5188/4706/3533
f 5188/4706/3533 5180/4704/3525 5189/4707/3534
f 5188/4706/3533 5189/4707/3534 5190/4708/3535
f 5190/4708/3535 5189/4707/3534 5191/4709/3536
f 5190/4708/3535 5191/4709/3536 5192/4710/3537
f 5192/4710/3537 5191/4709/3536 5193/4711/3538
f 5192/4710/3537 5193/4711/3538 5194/4712/3539
f 5194/4713/3539 5193/4714/3538 5195/4715/3540
f 5194/4713/3539 5195/4715/3540 5196/4716/3541
f 5196/4716/3541 5195/4715/3540 5197/4717/3542
f 5196/4716/3541 5197/4717/3542 5198/4718/3543
f 5198/4719/3543 5197/4720/3542 5199/4721/3544
f 5198/4719/3543 5199/4721/3544 5200/4722/3545
f 5200/4722/3545 5199/4721/3544 5201/4723/3546
f 5200/4722/3545 5201/4723/3546 5202/4724/3547
f 5202/4725/3547 5201/4726/3546 5203/4727/3548
f 5202/4725/3547 5203/4727/3548 5204/4728/3549
f 5204/4728/3549 5203/4727/3548 5205/4729/3550
f 5204/4728/3549 5205/4729/3550 5206/4730/3551
f 5187/4705/3532 5188/4706/3533 5207/4731/3552
f 5188/4706/3533 5190/4708/3535 5208/4732/3553
f 5207/4731/3552 5188/4706/3533 5208/4732/3553
f 5187/4705/3532 5207/4731/3552 5209/4733/3554
f 5187/4705/3532 5209/4733/3554 5210/4734/3555
f 5210/4735/3555 5209/4736/3554 5211/4737/3556
f 5210/4735/3555 5211/4737/3556 5212/4738/3557
f 5212/4738/3557 5211/4737/3556 5213/4739/3558
f 5212/4738/3557 5213/4739/3558 5214/4740/3559
f 5207/4731/3552 5208/4732/3553 5215/4741/3560
f 5215/4741/3560 5208/4732/3553 5216/4742/3561
f 5215/4741/3560 5216/4742/3561 5217/4743/3562
f 5217/4743/3562 5216/4742/3561 5218/4744/3563
f 5215/4741/3560 5217/4743/3562 5219/4745/3564
f 5215/4741/3560 5219/4745/3564 5220/4746/3565
f 5220/4747/3565 5219/4748/3564 5221/4749/3566
f 5220/4747/3565 5221/4749/3566 5222/4750/3567
f 5222/4750/3567 5221/4749/3566 5223/4751/3568
f 5222/4750/3567 5223/4751/3568 5224/4752/3569
f 5218/4744/3563 5216/4742/3561 5225/4753/3570
f 5218/4744/3563 5225/4753/3570 5226/4754/3571
f 5226/4754/3571 5225/4753/3570 5227/4755/3572
f 5226/4754/3571 5227/4755/3572 5228/4756/3573
f 5228/4756/3573 5227/4755/3572 5229/4757/3574
f 5228/4756/3573 5229/4757/3574 5230/4758/3575
f 5230/4759/3575 5229/4760/3574 5231/4761/3576
f 5230/4759/3575 5231/4761/3576 5232/4762/3577
f 5232/4762/3577 5231/4761/3576 5233/4763/3578
f 5232/4762/3577 5233/4763/3578 5234/4764/3579
f 5234/4765/3579 5233/4766/3578 5235/4767/3580
f 5234/4765/3579 5235/4767/3580 5236/4768/3581
f 5236/4768/3581 5235/4767/3580 5237/4769/3582
f 5236/4768/3581 5237/4769/3582 5238/4770/3583
f 5238/4771/3583 5237/4772/3582 5239/4773/3584
f 5238/4771/3583 5239/4773/3584 5240/4774/3585
f 5240/4774/3585 5239/4773/3584 5241/4775/3586
f 5240/4774/3585 5241/4775/3586 5242/4776/3587
f 5217/4743/3562 5218/4744/3563 5243/4777/3588
f 5218/4744/3563 5226/4754/3571 5244/4778/3589
f 5243/4777/3588 5218/4744/3563 5244/4778/3589
f 5243/4779/3588 5244/4780/3589 5245/4781/3590
f 5245/4781/3590 5244/4780/3589 5246/4782/3591
f 5243/4779/3588 5245/4781/3590 5247/4783/3592
f 5243/4779/3588 5247/4783/3592 5248/4784/3593
f 5248/4785/3593 5247/4786/3592 5249/4787/3594
f 5248/4785/3593 5249/4787/3594 5250/4788/3595
f 5250/4788/3595 5249/4787/3594 5251/4789/3596
f 5250/4788/3595 5251/4789/3596 5252/4790/3597
f 5245/4781/3590 5246/4782/3591 5253/4791/3598
f 5253/4791/3598 5246/4782/3591 5254/4792/3599
f 5254/4792/3599 5246/4782/3591 5255/4793/3600
f 5254/4792/3599 5255/4793/3600 5256/4794/3601
f 5256/4794/3601 5255/4793/3600 5257/4795/3602
f 5256/4794/3601 5257/4795/3602 5258/4796/3603
f 5258/4796/3603 5257/4795/3602 5259/4797/3604
f 5258/4796/3603 5259/4797/3604 5260/4798/3605
f 5260/4799/3605 5259/4800/3604 5261/4801/3606
f 5260/4799/3605 5261/4801/3606 5262/4802/3607
f 5262/4803/3607 5261/4804/3606 5263/4805/3608
f 5262/4803/3607 5263/4805/3608 5264/4806/3609
f 5264/4806/3609 5263/4805/3608 5265/4807/3610
f 5264/4806/3609 5265/4807/3610 5266/4808/3611
f 5266/4808/3611 5265/4807/3610 5267/4809/3612
f 5266/4808/3611 5267/4809/3612 5268/4810/3613
f 5268/4811/3613 5267/4812/3612 5269/4813/3614
f 5268/4811/3613 5269/4813/3614 5270/4814/3615
f 5270/4814/3615 5269/4813/3614 5271/4815/3616
f 5270/4814/3615 5271/4815/3616 5272/4816/3617
f 5253/4791/3598 5254/4792/3599 5273/4817/3618
f 5254/4792/3599 5256/4794/3601 5274/4818/3619
f 5273/4817/3618 5254/4792/3599 5274/4818/3619
f 5253/4791/3598 5273/4817/3618 5275/4819/3620
f 5253/4791/3598 5275/4819/3620 5276/4820/3621
f 5276/4821/3621 5275/4822/3620 5277/4823/3622
f 5276/4821/3621 5277/4823/3622 5278/4824/3623
f 5278/4824/3623 5277/4823/3622 5279/4825/3624
f 5278/4824/3623 5279/4825/3624 5280/4826/3625
f 5273/4817/3618 5274/4818/3619 5281/4827/3626
f 5281/4827/3626 5274/4818/3619 5282/4828/3627
f 5264/4806/3609 5266/4808/3611 5283/4829/3628
f 5266/4808/3611 5268/4810/3613 5284/4830/3629
f 5283/4829/3628 5266/4808/3611 5284/4830/3629
f 5101/4593/3446 5099/4592/3444 5285/4831/3630
f 5103/4595/3448 5101/4593/3446 5286/4832/3631
f 5101/4593/3446 5285/4831/3630 5286/4832/3631
f 5283/4829/3628 5284/4830/3629 5287/4833/3632
f 5287/4833/3632 5284/4830/3629 5288/4834/3633
f 5283/4835/3628 5287/4836/3632 5289/4837/3634
f 5287/4838/3632 5288/4839/3633 5290/4840/3635
f 5093/4581/3438 5091/4579/3436 5291/4841/3636
f 5095/4583/3440 5093/4581/3438 5292/4842/3637
f 5093/4581/3438 5291/4841/3636 5292/4842/3637
f 5291/4841/3636 5091/4579/3436 5293/4843/3638
f 5286/4832/3631 5285/4831/3630 5294/4844/3639
f 5286/4845/3631 5294/4846/3639 5295/4847/3640
f 5295/4847/3640 5294/4846/3639 5296/4848/3641
f 5296/4848/3641 5294/4846/3639 5297/4849/3642
f 5295/4847/3640 5296/4848/3641 5298/4850/3643
f 5295/4847/3640 5298/4850/3643 5299/4851/3644
f 5292/4842/3637 5291/4841/3636 5300/4852/3645
f 5292/4853/3637 5300/4854/3645 5301/4855/3646
f 5290/4840/3635 5288/4839/3633 5302/4856/3647
f 5302/4856/3647 5288/4839/3633 5303/4857/3648
f 5281/4858/3626 5282/4859/3627 5304/4860/3649
f 5281/4858/3626 5304/4860/3649 5305/4861/3650
f 5290/4840/3635 5302/4856/3647 5306/4862/3651
f 5290/4863/3635 5306/4864/3651 5307/4865/3652
f 5298/4850/3643 5296/4848/3641 5308/4866/3653
f 5296/4848/3641 5297/4849/3642 5309/4867/3654
f 5308/4866/3653 5296/4848/3641 5309/4867/3654
f 5309/4867/3654 5297/4849/3642 5310/4868/3655
f 5310/4869/3655 5297/4870/3642 5311/4871/3656
f 5301/4855/3646 5300/4854/3645 5312/4872/3657
f 5312/4872/3657 5300/4854/3645 5313/4873/3658
f 5301/4855/3646 5312/4872/3657 5314/4874/3659
f 5312/4872/3657 5313/4873/3658 5315/4875/3660
f 5315/4875/3660 5313/4873/3658 5316/4876/3661
f 5317/4877/3662 5086/4573/3431 5088/4576/3433
f 5318/4878/3663 5088/4576/3433 5090/4578/3435
f 5087/4575/3432 5085/4574/3430 5322/4879/2080
f 5324/4880/3664 5116/4611/3461 5118/4614/3463
f 5326/4881/3665 5118/4614/3463 5120/4616/3465
f 5117/4613/3462 5115/4612/3460 5330/4882/3666
f 5332/4883/3667 5144/4649/3489 5146/4652/3491
f 5334/4884/3668 5146/4652/3491 5148/4654/3493
f 5145/4651/3490 5143/4650/3488 5338/4885/3669
f 5143/4647/3488 5141/4645/3486 5340/4886/2129
f 5341/4887/3670 5154/4661/3499 5156/4664/3501
f 5343/4888/3671 5156/4664/3501 5158/4666/3503
f 5348/4889/3672 5182/4697/3527 5184/4700/3529
f 5350/4890/3673 5184/4700/3529 5186/4702/3531
f 5183/4891/3528 5181/4892/3526 5354/4893/3674
f 5356/4894/3675 5210/4735/3555 5212/4738/3557
f 5358/4895/3676 5212/4738/3557 5214/4740/3559
f 5213/4739/3558 5211/4737/3556 5361/4896/3677
f 5211/4737/3556 5209/4736/3554 5363/4897/3678
f 5209/4733/3554 5207/4731/3552 5365/4898/3679
f 5366/4899/3680 5220/4747/3565 5222/4750/3567
f 5368/4900/3681 5222/4750/3567 5224/4752/3569
f 5221/4749/3566 5219/4748/3564 5372/4901/3682
f 5219/4902/3564 5217/4903/3562 5374/4904/3683
f 5375/4905/3684 5248/4906/3593 5250/4907/3595
f 5377/4908/3685 5250/4788/3595 5252/4790/3597
f 5251/4789/3596 5249/4787/3594 5380/4909/3686
f 5249/4787/3594 5247/4786/3592 5382/4910/3687
f 5384/4911/3688 5276/4821/3621 5278/4824/3623
f 5279/4825/3624 5277/4823/3622 5388/4912/3689
f 5277/4823/3622 5275/4822/3620 5390/4913/3690
f 5275/4819/3620 5273/4817/3618 5392/4914/3691
f 5394/4915/3692 5305/4916/3693 5395/4917/3694
f 5305/4861/3650 5304/4860/3649 5396/4918/3695
f 5282/4859/3627 5400/4919/786 5304/4860/3649
f 5260/4799/3605 5262/4802/3607 5405/4920/3696
f 5262/4803/3607 5264/4806/3609 5407/4921/3697
f 5307/4865/3652 5306/4864/3651 5413/4922/3698
f 5303/4923/3699 5418/4924/3700 5419/4925/3701
f 5268/4811/3613 5270/4814/3615 5422/4926/3702
f 5270/4814/3615 5272/4816/3617 5424/4927/3703
f 5426/4928/3704 5269/4813/3614 5267/4812/3612
f 5428/4929/3705 5267/4809/3612 5265/4807/3610
f 5430/4930/3706 5265/4807/3610 5263/4805/3608
f 5432/4931/3707 5263/4932/3608 5261/4933/3606
f 5434/4934/3708 5261/4801/3606 5259/4800/3604
f 5436/4935/1357 5259/4936/3604 5257/4937/3602
f 5438/4938/802 5257/4795/3602 5255/4793/3600
f 5226/4939/3571 5228/4940/3573 5441/4941/3709
f 5228/4756/3573 5230/4758/3575 5443/4942/3710
f 5230/4759/3575 5232/4762/3577 5445/4943/3711
f 5232/4762/3577 5234/4764/3579 5447/4944/3712
f 5234/4945/3579 5236/4946/3581 5449/4947/977
f 5236/4948/3581 5238/4949/3583 5451/4950/3713
f 5238/4771/3583 5240/4774/3585 5453/4951/3714
f 5240/4774/3585 5242/4776/3587 5455/4952/3715
f 5457/4953/3716 5241/4775/3586 5239/4773/3584
f 5458/4954/3717 5239/4773/3584 5237/4772/3582
f 5460/4955/3718 5237/4769/3582 5235/4767/3580
f 5462/4956/850 5235/4767/3580 5233/4766/3578
f 5464/4957/3719 5233/4763/3578 5231/4761/3576
f 5466/4958/3720 5231/4761/3576 5229/4760/3574
f 5468/4959/3721 5229/4757/3574 5227/4755/3572
f 5470/4960/3722 5227/4755/3572 5225/4753/3570
f 5472/4961/892 5225/4753/3570 5216/4742/3561
f 5192/4710/3537 5194/4712/3539 5475/4962/3723
f 5194/4713/3539 5196/4716/3541 5477/4963/3724
f 5196/4716/3541 5198/4718/3543 5479/4964/3725
f 5198/4719/3543 5200/4722/3545 5481/4965/2859
f 5200/4722/3545 5202/4724/3547 5483/4966/3726
f 5202/4725/3547 5204/4728/3549 5485/4967/3727
f 5204/4728/3549 5206/4730/3551 5487/4968/3728
f 5489/4969/3729 5205/4729/3550 5203/4727/3548
f 5490/4970/3730 5203/4727/3548 5201/4726/3546
f 5492/4971/3731 5201/4723/3546 5199/4721/3544
f 5494/4972/787 5199/4973/3544 5197/4974/3542
f 5496/4975/3732 5197/4717/3542 5195/4715/3540
f 5498/4976/3733 5195/4977/3540 5193/4978/3538
f 5500/4979/3734 5193/4980/3538 5191/4981/3536
f 5502/4982/3735 5191/4983/3536 5189/4984/3534
f 5513/4985/3736 5173/4687/3518 5171/4686/3516
f 5515/4986/3737 5171/4683/3516 5169/4681/3514
f 5517/4987/3738 5169/4681/3514 5167/4680/3512
f 5521/4988/3739 5163/4989/3508 5161/4990/3506
f 5523/4991/2927 5161/4669/3506 5159/4667/3504
f 5124/4622/3469 5126/4624/3471 5526/4992/3740
f 5126/4624/3471 5128/4626/3473 5528/4993/3741
f 5128/4627/3473 5130/4630/3475 5530/4994/3742
f 5130/4630/3475 5132/4632/3477 5532/4995/3743
f 5132/4633/3477 5134/4636/3479 5534/4996/3744
f 5134/4636/3479 5136/4638/3481 5536/4997/3745
f 5136/4639/3481 5138/4642/3483 5538/4998/3746
f 5138/4642/3483 5140/4644/3485 5540/4999/3747
f 5542/5000/3748 5137/4641/3482 5135/4640/3480
f 5544/5001/3749 5135/4637/3480 5133/4635/3478
f 5546/5002/3750 5133/5003/3478 5131/5004/3476
f 5548/5005/3751 5131/4631/3476 5129/4629/3474
f 5550/5006/3752 5129/4629/3474 5127/4628/3472
f 5552/5007/3753 5127/4625/3472 5125/4623/3470
f 5554/5008/3754 5125/5009/3470 5123/5010/3468
f 5094/4582/3439 5096/4584/3441 5558/5011/3755
f 5096/4585/3441 5098/4588/3443 5560/5012/3756
f 5098/4588/3443 5100/4590/3445 5562/5013/3757
f 5100/4591/3445 5102/4594/3447 5564/5014/3758
f 5102/4594/3447 5104/4596/3449 5566/5015/3759
f 5104/4597/3449 5106/4600/3451 5568/5016/3760
f 5106/4600/3451 5108/4602/3453 5570/5017/3761
f 5572/5018/3762 5107/4601/3452 5105/4599/3450
f 5573/5019/3763 5105/4599/3450 5103/4598/3448
f 5576/5020/3764 5308/4866/3653 5309/4867/3654
f 5577/5021/3765 5309/4867/3654 5310/4868/3655
f 5583/5022/3766 5311/5023/3767 5584/5024/3768
f 5311/4871/3656 5297/4870/3642 5585/5025/3769
f 5587/5026/3770 5099/4589/3444 5097/4587/3442
f 5314/5027/3771 5592/5028/2799 5593/5029/1437
f 5594/5030/3772 5315/4875/3660 5316/4876/3661
f 5604/5031/1003 5109/4603/3454 5110/4604/3455
f 5609/5032/3773 5610/5033/3774 5611/5034/3775
f 5609/5032/3773 5611/5034/3775 5612/5035/3776
f 5611/5034/3775 5610/5033/3774 5613/5036/3777
f 5611/5034/3775 5613/5036/3777 5614/5037/3778
f 5615/5038/3779 5612/5039/3780 5616/5040/3781
f 5614/5037/3778 5613/5036/3777 5621/5041/3782
f 5610/5042/3774 5625/5043/3783 5613/5044/3777
f 5610/5045/3784 5626/5046/3785 5627/5047/3786
f 5609/5048/3773 5629/5049/3787 5610/5050/3774
f 5630/5051/3788 5609/5032/3773 5612/5035/3776
f 5633/5052/3789 5634/5053/3790 5635/5054/3791
f 5633/5052/3789 5635/5054/3791 5636/5055/3792
f 5635/5056/3791 5634/5057/3790 5637/5058/3793
f 5640/5059/2232 5636/5060/3794 5641/5061/3795
f 5644/5062/3796 5637/5063/3797 5645/5064/2060
f 5637/5065/3798 5646/5066/3799 5647/5067/3800
f 5634/5057/3790 5648/5068/3801 5637/5058/3793
f 5633/5052/3789 5651/5069/3802 5634/5053/3790
f 5652/5070/2224 5633/5052/3789 5636/5055/3792
f 5655/5071/3803 5656/5072/3804 5657/5073/3805
f 5655/5071/3803 5657/5073/3805 5658/5074/3806
f 5657/5075/3805 5656/5076/3804 5659/5077/3807
f 5660/5078/3745 5658/5079/3808 5661/5080/3809
f 5664/5081/3810 5657/5082/3811 5665/5083/3812
f 5656/5084/3813 5669/5085/3814 5670/5086/3815
f 5655/5071/3803 5672/5087/3816 5656/5072/3804
f 5673/5088/3817 5655/5071/3803 5658/5074/3806
f 5676/5089/3818 5677/5090/3819 5678/5091/3820
f 5676/5089/3818 5678/5091/3820 5679/5092/3821
f 5678/5091/3820 5677/5090/3819 5680/5093/3822
f 5678/5091/3820 5680/5093/3822 5681/5094/3823
f 5682/5095/1073 5679/5096/3824 5683/5097/3825
f 5681/5094/3823 5680/5093/3822 5688/5098/3826
f 5680/5099/3827 5691/5100/3828 5692/5101/3829
f 5677/5102/3830 5693/5103/3831 5694/5104/3832
f 5676/5105/3818 5696/5106/3833 5677/5107/3819
f 5697/5108/3834 5676/5089/3818 5679/5092/3821
f 5700/5109/3835 5701/5110/3836 5702/5111/3837
f 5700/5109/3835 5702/5111/3837 5703/5112/3838
f 5702/5111/3837 5701/5110/3836 5704/5113/3839
f 5705/5114/2222 5703/5115/3840 5706/5116/3841
f 5709/5117/3842 5702/5118/3843 5710/5119/3844
f 5701/5120/3836 5714/5121/3845 5704/5122/3839
f 5700/5109/3835 5717/5123/3846 5701/5110/3836
f 5718/5124/1188 5700/5125/3835 5703/5126/3838
f 5721/5127/3847 5722/5128/3848 5723/5129/3849
f 5721/5127/3847 5723/5129/3849 5724/5130/3850
f 5723/5129/3849 5722/5128/3848 5725/5131/3851
f 5723/5129/3849 5725/5131/3851 5726/5132/3852
f 5727/5133/1451 5724/5134/3853 5728/5135/3854
f 5732/5136/3855 5726/5137/3856 5733/5138/3857
f 5726/5132/3852 5725/5131/3851 5734/5139/1225
f 5722/5140/3858 5738/5141/3859 5739/5142/3860
f 5721/5127/3847 5741/5143/3861 5722/5128/3848
f 5742/5144/3862 5721/5145/3847 5724/5146/3850
f 5745/5147/3863 5746/5148/3864 5747/5149/3865
f 5747/5149/3865 5746/5148/3864 5748/5150/3866
f 5745/5151/3863 5747/5152/3865 5749/5153/3867
f 5745/5151/3863 5749/5153/3867 5750/5154/3868
f 5749/5155/3867 5747/5156/3865 5752/5157/870
f 5747/5149/3865 5748/5150/3866 5754/5158/1357
f 5746/5148/3864 5758/5159/3869 5748/5150/3866
f 5759/5160/3870 5746/5148/3864 5745/5147/3863
f 5762/5161/3788 5745/5151/3863 5750/5154/3868
f 5764/5162/3871 5765/5163/3872 5766/5164/3873
f 5766/5164/3873 5765/5163/3872 5767/5165/3874
f 5769/5166/3875 5766/5167/3876 5770/5168/3877
f 5766/5164/3873 5767/5165/3874 5771/5169/3878
f 5765/5163/3872 5775/5170/3879 5767/5165/3874
f 5776/5171/3880 5765/5163/3872 5764/5162/3871
f 5782/5172/3881 5783/5173/3882 5784/5174/3883
f 5784/5174/3883 5783/5173/3882 5785/5175/3884
f 5784/5174/3883 5785/5175/3884 5786/5176/3885
f 5789/5177/3886 5786/5178/3887 5790/5179/3888
f 5786/5180/3889 5791/5181/3890 5792/5182/3891
f 5785/5183/3892 5793/5184/3893 5794/5185/3894
f 5783/5173/3882 5796/5186/3895 5785/5175/3884
f 5797/5187/3896 5783/5173/3882 5782/5172/3881
f 5803/5188/3897 5804/5189/3898 5805/5190/3899
f 5805/5190/3899 5804/5189/3898 5806/5191/3900
f 5803/5192/3897 5805/5193/3899 5807/5194/3901
f 5803/5192/3897 5807/5194/3901 5808/5195/3902
f 5807/5194/3901 5805/5193/3899 5810/5196/3903
f 5805/5190/3899 5806/5191/3900 5812/5197/3904
f 5806/5198/3905 5814/5199/3906 5815/5200/2307
f 5804/5189/3898 5817/5201/3907 5806/5191/3900
f 5818/5202/3908 5804/5189/3898 5803/5188/3897
f 5820/5203/3909 5821/5204/3910 5804/5205/3911
f 5822/5206/3912 5803/5192/3897 5808/5195/3902
f 5824/5207/3913 5825/5208/3914 5826/5209/3915
f 5825/5208/3914 5824/5207/3913 5827/5210/3916
f 5827/5211/3916 5824/5212/3913 5828/5213/3917
f 5827/5211/3916 5828/5213/3917 5829/5214/3918
f 5827/5211/3916 5829/5214/3918 5830/5215/3919
f 5830/5215/3919 5829/5214/3918 5831/5216/3920
f 5830/5215/3919 5831/5216/3920 5832/5217/3639
f 5828/5213/3917 5824/5212/3913 5833/5218/3921
f 5828/5213/3917 5833/5218/3921 5834/5219/3922
f 5829/5214/3918 5828/5213/3917 5835/5220/3923
f 5828/5213/3917 5834/5219/3922 5835/5220/3923
f 5837/5221/3924 5826/5222/3925 5838/5223/3926
f 5826/5209/3915 5825/5208/3914 5839/5224/3927
f 5830/5225/3919 5832/5226/3639 5844/5227/1433
f 5831/5216/3920 5848/5228/3928 5832/5217/3639
f 5851/5229/3929 5835/5220/3923 5834/5219/3922
f 5857/5230/3930 5833/5231/3931 5858/5232/3932
f 5859/5233/3933 5860/5234/2971 5861/5235/2969
f 5859/5233/3933 5861/5235/2969 5862/5236/3934
f 5862/5237/3934 5861/5238/2969 5863/5239/3935
f 5862/5237/3934 5863/5239/3935 5864/5240/3936
f 5864/5240/3936 5863/5239/3935 5865/5241/3937
f 5864/5240/3936 5865/5241/3937 5866/5242/3938
f 5866/5243/3938 5865/5244/3937 5867/5245/3939
f 5866/5243/3938 5867/5245/3939 5868/5246/3940
f 5860/5234/2971 5859/5233/3933 5869/5247/3941
f 5860/5234/2971 5869/5247/3941 5870/5248/3942
f 5870/5248/3942 5869/5247/3941 5871/5249/3943
f 5870/5248/3942 5871/5249/3943 5872/5250/3944
f 5872/5250/3944 5871/5249/3943 5873/5251/3945
f 5874/5252/3946 5862/5237/3934 5864/5240/3936
f 5876/5253/3947 5864/5240/3936 5866/5242/3938
f 5878/5254/3948 5866/5243/3938 5868/5246/3940
f 5880/5255/3949 5868/5256/3950 5881/5257/3951
f 5885/5258/3952 5867/5259/3953 5886/5260/3954
f 5867/5245/3939 5865/5244/3937 5887/5261/3955
f 5865/5241/3937 5863/5239/3935 5889/5262/3956
f 5863/5239/3935 5861/5238/2969 5891/5263/3957
f 5861/5235/2969 5860/5234/2971 5893/5264/3958
f 5860/5234/2971 5870/5248/3942 5895/5265/3959
f 5870/5248/3942 5872/5250/3944 5897/5266/3960
f 5872/5267/3961 5899/5268/930 5900/5269/3962
f 5873/5270/3945 5901/5271/3963 5872/5272/3944
f 5873/5273/3964 5902/5274/3965 5903/5275/3966
f 5904/5276/3967 5873/5277/3945 5871/5278/3943
f 5907/5279/3968 5871/5249/3943 5869/5247/3941
f 5909/5280/3969 5869/5247/3941 5859/5233/3933
f 5911/5281/3970 5859/5282/3933 5862/5283/3934
f 5913/5284/3971 5914/5285/3972 5915/5286/2761
f 5913/5284/3971 5915/5286/2761 5916/5287/3973
f 5916/5287/3973 5915/5286/2761 5917/5288/2760
f 5916/5287/3973 5917/5288/2760 5918/5289/3974
f 5918/5289/3974 5917/5288/2760 5919/5290/3975
f 5918/5289/3974 5919/5290/3975 5920/5291/191
f 5920/5292/191 5919/5293/3975 5921/5294/3976
f 5920/5292/191 5921/5294/3976 5922/5295/193
f 5914/5296/3972 5913/5297/3971 5923/5298/3977
f 5914/5296/3972 5923/5298/3977 5924/5299/3978
f 5924/5299/3978 5923/5298/3977 5925/5300/3979
f 5924/5299/3978 5925/5300/3979 5926/5301/3980
f 5926/5301/3980 5925/5300/3979 5927/5302/3981
f 5928/5303/3982 5916/5287/3973 5918/5289/3974
f 5930/5304/3983 5918/5289/3974 5920/5291/191
f 5932/5305/3984 5920/5292/191 5922/5295/193
f 5934/5306/3985 5922/5307/3986 5935/5308/3987
f 5939/5309/3988 5921/5310/3989 5940/5311/3990
f 5921/5294/3976 5919/5293/3975 5941/5312/3991
f 5919/5290/3975 5917/5288/2760 5943/5313/3992
f 5917/5288/2760 5915/5286/2761 5945/5314/3993
f 5915/5286/2761 5914/5285/3972 5947/5315/3994
f 5914/5296/3972 5924/5299/3978 5949/5316/3995
f 5924/5299/3978 5926/5301/3980 5951/5317/3996
f 5926/5318/3997 5953/5319/3998 5954/5320/3999
f 5927/5321/4000 5955/5322/934 5956/5323/4001
f 5957/5324/3967 5927/5302/3981 5925/5300/3979
f 5960/5325/1082 5925/5300/3979 5923/5298/3977
f 5962/5326/4002 5923/5298/3977 5913/5297/3971
f 5964/5327/4003 5913/5284/3971 5916/5287/3973
f 5966/5328/217 5967/5329/4004 5968/5330/3038
f 5966/5328/217 5968/5330/3038 5969/5331/4005
f 5969/5331/4005 5968/5330/3038 5970/5332/4006
f 5969/5331/4005 5970/5332/4006 5971/5333/4007
f 5971/5333/4007 5970/5332/4006 5972/5334/4008
f 5971/5333/4007 5972/5334/4008 5973/5335/4009
f 5973/5336/4009 5972/5337/4008 5974/5338/4010
f 5973/5336/4009 5974/5338/4010 5975/5339/4011
f 5967/5329/4004 5966/5328/217 5976/5340/4012
f 5967/5329/4004 5976/5340/4012 5977/5341/4013
f 5977/5342/4013 5976/5343/4012 5978/5344/213
f 5977/5342/4013 5978/5344/213 5979/5345/4014
f 5979/5345/4014 5978/5344/213 5980/5346/211
f 5981/5347/4015 5969/5331/4005 5971/5333/4007
f 5983/5348/4016 5971/5333/4007 5973/5335/4009
f 5985/5349/4017 5973/5336/4009 5975/5339/4011
f 5987/5350/4018 5975/5351/4019 5988/5352/4020
f 5992/5353/4021 5974/5354/4022 5993/5355/4023
f 5974/5338/4010 5972/5337/4008 5994/5356/4024
f 5972/5334/4008 5970/5332/4006 5996/5357/4025
f 5970/5332/4006 5968/5330/3038 5998/5358/4026
f 5968/5330/3038 5967/5329/4004 6000/5359/4027
f 5967/5329/4004 5977/5341/4013 6002/5360/4028
f 5977/5361/4013 5979/5362/4014 6004/5363/917
f 5979/5364/4029 6006/5365/839 6007/5366/4030
f 5980/5367/211 6008/5368/4031 5979/5369/4014
f 5980/5370/4032 6009/5371/930 6010/5372/4033
f 6011/5373/870 5980/5346/211 5978/5344/213
f 6014/5374/892 5978/5344/213 5976/5343/4012
f 6016/5375/4034 5976/5376/4012 5966/5377/217
f 6018/5378/4035 5966/5328/217 5969/5331/4005
f 6020/5379/4036 6021/5380/4037 6022/5381/4038
f 6020/5379/4036 6022/5381/4038 6023/5382/4039
f 6023/5382/4039 6022/5381/4038 6024/5383/2696
f 6023/5382/4039 6024/5383/2696 6025/5384/4040
f 6025/5384/4040 6024/5383/2696 6026/5385/4041
f 6025/5384/4040 6026/5385/4041 6027/5386/4042
f 6027/5387/4042 6026/5388/4041 6028/5389/4043
f 6027/5387/4042 6028/5389/4043 6029/5390/4044
f 6021/5391/4037 6020/5392/4036 6030/5393/4045
f 6021/5391/4037 6030/5393/4045 6031/5394/4046
f 6031/5394/4046 6030/5393/4045 6032/5395/4047
f 6031/5394/4046 6032/5395/4047 6033/5396/4048
f 6033/5396/4048 6032/5395/4047 6034/5397/4049
f 6035/5398/4050 6023/5382/4039 6025/5384/4040
f 6037/5399/4051 6025/5384/4040 6027/5386/4042
f 6039/5400/4052 6027/5387/4042 6029/5390/4044
f 6029/5390/4044 6028/5389/4043 6041/5401/1090
f 6042/5402/4053 6029/5403/4054 6043/5404/4055
f 6047/5405/4056 6028/5406/4057 6048/5407/4058
f 6028/5389/4043 6026/5388/4041 6049/5408/4059
f 6026/5385/4041 6024/5383/2696 6051/5409/4060
f 6024/5383/2696 6022/5381/4038 6053/5410/4061
f 6022/5381/4038 6021/5380/4037 6055/5411/4062
f 6021/5391/4037 6031/5394/4046 6057/5412/1398
f 6031/5394/4046 6033/5396/4048 6059/5413/4063
f 6033/5414/4064 6061/5415/4065 6062/5416/4066
f 6034/5417/4067 6063/5418/4068 6064/5419/4069
f 6065/5420/960 6034/5397/4049 6032/5395/4047
f 6068/5421/4070 6032/5395/4047 6030/5393/4045
f 6070/5422/4071 6030/5393/4045 6020/5392/4036
f 6072/5423/4072 6020/5379/4036 6023/5382/4039
f 6074/5424/4073 6075/5425/4074 6076/5426/4075
f 6074/5424/4073 6076/5426/4075 6077/5427/121
f 6077/5428/121 6076/5429/4075 6078/5430/4076
f 6077/5428/121 6078/5430/4076 6079/5431/4077
f 6079/5431/4077 6078/5430/4076 6080/5432/4078
f 6079/5431/4077 6080/5432/4078 6081/5433/125
f 6081/5434/125 6080/5435/4078 6082/5436/4079
f 6081/5434/125 6082/5436/4079 6083/5437/4080
f 6075/5425/4074 6074/5424/4073 6084/5438/117
f 6075/5425/4074 6084/5438/117 6085/5439/4081
f 6085/5439/4081 6084/5438/117 6086/5440/115
f 6085/5439/4081 6086/5440/115 6087/5441/4082
f 6087/5441/4082 6086/5440/115 6088/5442/113
f 6089/5443/4083 6077/5428/121 6079/5431/4077
f 6091/5444/4084 6079/5431/4077 6081/5433/125
f 6093/5445/4085 6081/5434/125 6083/5437/4080
f 6083/5437/4080 6082/5436/4079 6097/5446/2193
f 6098/5447/4086 6083/5448/4087 6099/5449/4088
f 6101/5450/4089 6082/5451/4090 6102/5452/4091
f 6082/5436/4079 6080/5435/4078 6103/5453/4092
f 6080/5432/4078 6078/5430/4076 6105/5454/4093
f 6078/5430/4076 6076/5429/4075 6107/5455/4094
f 6076/5456/4075 6075/5457/4074 6109/5458/4095
f 6075/5459/4074 6085/5460/4081 6111/5461/4096
f 6085/5462/4081 6087/5463/4082 6113/5464/4097
f 6087/5465/4098 6115/5466/1118 6116/5467/4099
f 6117/5468/2815 6088/5442/113 6086/5440/115
f 6088/5469/4100 6120/5470/4101 6121/5471/923
f 6122/5472/4102 6086/5440/115 6084/5438/117
f 6124/5473/4103 6084/5438/117 6074/5424/4073
f 6126/5474/4104 6074/5424/4073 6077/5427/121
f 6128/5475/4105 6129/5476/4106 6130/5477/2898
f 6128/5475/4105 6130/5477/2898 6131/5478/4107
f 6131/5478/4107 6130/5477/2898 6132/5479/4108
f 6131/5478/4107 6132/5479/4108 6133/5480/57
f 6133/5480/57 6132/5479/4108 6134/5481/4109
f 6133/5480/57 6134/5481/4109 6135/5482/4110
f 6135/5483/4110 6134/5484/4109 6136/5485/4111
f 6135/5483/4110 6136/5485/4111 6137/5486/4112
f 6129/5487/4106 6128/5488/4105 6138/5489/4113
f 6129/5487/4106 6138/5489/4113 6139/5490/4114
f 6139/5490/4114 6138/5489/4113 6140/5491/4115
f 6139/5490/4114 6140/5491/4115 6141/5492/4116
f 6141/5492/4116 6140/5491/4115 6142/5493/4117
f 6143/5494/4118 6131/5478/4107 6133/5480/57
f 6145/5495/4119 6133/5480/57 6135/5482/4110
f 6147/5496/2169 6135/5483/4110 6137/5486/4112
f 6149/5497/4120 6137/5498/4121 6150/5499/4122
f 6154/5500/4123 6136/5501/4124 6155/5502/4125
f 6136/5485/4111 6134/5484/4109 6156/5503/4126
f 6134/5481/4109 6132/5479/4108 6158/5504/4127
f 6132/5479/4108 6130/5477/2898 6160/5505/4128
f 6130/5477/2898 6129/5476/4106 6162/5506/4129
f 6129/5487/4106 6139/5490/4114 6164/5507/4130
f 6139/5490/4114 6141/5492/4116 6166/5508/902
f 6141/5509/4131 6168/5510/839 6169/5511/917
f 6142/5512/4117 6170/5513/4132 6141/5514/4116
f 6142/5515/4133 6171/5516/4134 6172/5517/4135
f 6173/5518/4136 6142/5493/4117 6140/5491/4115
f 6176/5519/4137 6140/5520/4115 6138/5521/4113
f 6178/5522/2037 6138/5489/4113 6128/5488/4105
f 6180/5523/4138 6128/5475/4105 6131/5478/4107
f 6182/5524/4139 6183/5525/4140 6184/5526/4141
f 6184/5526/4141 6183/5525/4140 6185/5527/2710
f 6185/5527/2710 6183/5525/4140 6186/5528/4142
f 6188/5529/930 6184/5530/4143 6189/5531/4144
f 6184/5526/4141 6185/5527/2710 6190/5532/4145
f 6185/5533/4146 6192/5534/4147 6193/5535/4148
f 6186/5536/4142 6194/5537/4149 6185/5538/2710
f 6186/5539/4150 6195/5540/4151 6196/5541/4152
f 6197/5542/4153 6186/5528/4142 6183/5525/4140
f 6200/5543/939 6183/5525/4140 6182/5524/4139
f 6182/5544/4139 6184/5545/4141 6202/5546/4154
f 6203/5547/930 6182/5548/4155 6204/5549/4156
f 6207/5550/4157 6208/5551/41 6209/5552/4158
f 6209/5552/4158 6208/5551/41 6210/5553/4159
f 6210/5553/4159 6208/5551/41 6211/5554/4160
f 6213/5555/871 6209/5556/4161 6214/5557/4162
f 6209/5552/4158 6210/5553/4159 6215/5558/4163
f 6210/5559/4164 6217/5560/4165 6218/5561/4166
f 6211/5562/4160 6219/5563/4167 6210/5564/4159
f 6211/5565/4168 6220/5566/4169 6221/5567/4170
f 6222/5568/4171 6211/5554/4160 6208/5551/41
f 6225/5569/4172 6208/5570/41 6207/5571/4157
f 6207/5572/4157 6209/5573/4158 6227/5574/4173
f 6228/5575/917 6207/5576/4174 6229/5577/4175
f 6232/5578/4176 6233/5579/4177 6234/5580/4178
f 6234/5580/4178 6233/5579/4177 6235/5581/4179
f 6235/5582/4179 6233/5583/4177 6236/5584/4180
f 6238/5585/839 6234/5586/4181 6239/5587/4182
f 6234/5588/4178 6235/5589/4179 6240/5590/1187
f 6235/5591/4183 6242/5592/803 6243/5593/4184
f 6244/5594/4185 6236/5595/4180 6233/5596/4177
f 6236/5597/4186 6247/5598/4187 6248/5599/4188
f 6249/5600/4189 6233/5579/4177 6232/5578/4176
f 6232/5578/4176 6234/5580/4178 6253/5601/1119
f 6254/5602/839 6232/5603/4190 6255/5604/930
f 6256/5605/4191 6257/5606/4192 6258/5607/4193
f 6258/5607/4193 6257/5606/4192 6259/5608/4194
f 6259/5608/4194 6257/5606/4192 6260/5609/4195
f 6262/5610/1403 6258/5611/4196 6263/5612/4197
f 6258/5607/4193 6259/5608/4194 6264/5613/4198
f 6259/5614/4199 6266/5615/4200 6267/5616/4201
f 6260/5617/4202 6268/5618/4203 6269/5619/4204
f 6270/5620/4205 6260/5609/4195 6257/5606/4192
f 6273/5621/1119 6257/5606/4192 6256/5605/4191
f 6275/5622/934 6256/5623/4206 6276/5624/4207
f 6279/5625/142 6280/5626/140 6281/5627/4208
f 6281/5627/4208 6280/5626/140 6282/5628/4209
f 6282/5629/4209 6280/5630/140 6283/5631/4210
f 6285/5632/817 6281/5633/4211 6286/5634/4212
f 6281/5627/4208 6282/5628/4209 6287/5635/4213
f 6282/5636/4214 6289/5637/4215 6290/5638/4216
f 6283/5639/4217 6291/5640/4218 6292/5641/4219
f 6293/5642/4220 6283/5643/4210 6280/5644/140
f 6296/5645/4221 6280/5646/140 6279/5647/142
f 6279/5648/142 6281/5649/4208 6298/5650/4222
f 6299/5651/915 6279/5652/4223 6300/5653/4224
f 6303/5654/4225 6304/5655/205 6305/5656/4226
f 6305/5656/4226 6304/5655/205 6306/5657/4227
f 6306/5658/4227 6304/5659/205 6307/5660/203
f 6309/5661/862 6305/5662/4228 6310/5663/4229
f 6305/5664/4226 6306/5665/4227 6311/5666/4230
f 6306/5667/4231 6313/5668/4232 6314/5669/3086
f 6307/5660/203 6315/5670/4233 6306/5658/4227
f 6307/5671/4234 6316/5672/4235 6317/5673/4236
f 6318/5674/4237 6307/5660/203 6304/5659/205
f 6321/5675/1237 6304/5655/205 6303/5654/4225
f 6303/5676/4225 6305/5677/4226 6323/5678/4238
f 6324/5679/1184 6303/5680/4239 6325/5681/4240
f 6328/5682/4241 6329/5683/4242 6330/5684/4243
f 6329/5683/4242 6328/5682/4241 6331/5685/4244
f 6329/5686/4242 6331/5687/4244 6332/5688/4245
f 6329/5686/4242 6332/5688/4245 6333/5689/4246
f 6333/5689/4246 6332/5688/4245 6334/5690/4247
f 6333/5689/4246 6334/5690/4247 6335/5691/4248
f 6333/5689/4246 6335/5691/4248 6336/5692/4249
f 6336/5692/4249 6335/5691/4248 6337/5693/4250
f 6337/5693/4250 6335/5691/4248 6338/5694/4251
f 6337/5693/4250 6338/5694/4251 6339/5695/4252
f 6339/5695/4252 6338/5694/4251 6340/5696/667
f 6337/5697/4250 6339/5698/4252 6347/5699/4253
f 6340/5700/667 6350/5701/4254 6339/5702/4252
f 6352/5703/946 6340/5704/667 6338/5705/4251
f 6354/5706/817 6355/5707/817 6340/5708/4255
f 6357/5709/4256 6334/5690/4247 6332/5688/4245
f 6361/5710/4257 6331/5685/4244 6328/5682/4241
f 6328/5682/4241 6330/5684/4243 6364/5711/4258
f 6366/5712/4259 6328/5713/4260 6367/5714/4261
f 6368/5715/4262 6369/5716/4263 6370/5717/4264
f 6368/5715/4262 6370/5717/4264 6371/5718/4265
f 6372/5719/4266 6371/5720/4267 6373/5721/4268
f 6383/5722/728 6384/5723/4269 6385/5724/4270
f 6385/5724/4270 6384/5723/4269 6386/5725/4271
f 6385/5724/4270 6386/5725/4271 6387/5726/4272
f 6388/5727/4273 6385/5728/4274 6389/5729/4275
f 6386/5730/4276 6391/5731/4277 6392/5732/4278
f 6400/5733/4279 6401/5734/4280 6402/5735/4281
f 6402/5736/4281 6401/5737/4280 6403/5738/4282
f 6400/5733/4279 6411/5739/4283 6401/5734/4280
f 6415/5740/4284 6416/5741/4285 6417/5742/4286
f 6416/5741/4285 6415/5740/4284 6418/5743/4287
f 6416/5744/4285 6418/5745/4287 6419/5746/4288
f 6419/5746/4288 6418/5745/4287 6420/5747/4289
f 6420/5747/4289 6418/5745/4287 6421/5748/4290
f 6420/5747/4289 6421/5748/4290 6422/5749/4291
f 6422/5749/4291 6421/5748/4290 6423/5750/4292
f 6422/5749/4291 6423/5750/4292 6424/5751/4293
f 6424/5751/4293 6423/5750/4292 6425/5752/4294
f 6423/5750/4292 6421/5748/4290 6426/5753/4295
f 6415/5740/4284 6417/5742/4286 6427/5754/4296
f 6427/5754/4296 6417/5742/4286 6428/5755/4297
f 6427/5754/4296 6428/5755/4297 6429/5756/4298
f 6429/5756/4298 6428/5755/4297 6430/5757/4299
f 6429/5756/4298 6430/5757/4299 6431/5758/4300
f 6429/5756/4298 6431/5758/4300 6433/5759/4301
f 6432/5760/4302 6429/5756/4298 6434/5761/4303
f 6429/5756/4298 6433/5759/4301 6434/5761/4303
f 6433/5759/4301 6431/5758/4300 6435/5762/4304
f 6433/5763/4301 6435/5764/4304 6436/5765/4305
f 6436/5765/4305 6435/5764/4304 6437/5766/4306
f 6438/5767/4307 6439/5768/4308 6440/5769/4309
f 6440/5769/4309 6439/5768/4308 6441/5770/4310
f 6439/5768/4308 6438/5767/4307 6442/5771/4311
f 6442/5771/4311 6438/5767/4307 6443/5772/4312
f 6442/5771/4311 6443/5772/4312 6444/5773/4313
f 6444/5773/4313 6443/5772/4312 6445/5774/4314
f 6444/5773/4313 6445/5774/4314 6446/5775/4315
f 6446/5776/4315 6445/5777/4314 6447/5778/4316
f 6447/5778/4316 6445/5777/4314 6448/5779/4317
f 6447/5778/4316 6448/5779/4317 6449/5780/4318
f 6449/5780/4318 6448/5779/4317 6450/5781/4319
f 6448/5779/4317 6445/5777/4314 6451/5782/4320
f 6451/5782/4320 6445/5777/4314 6452/5783/4321
f 6445/5774/4314 6443/5772/4312 6453/5784/4322
f 6440/5769/4309 6441/5770/4310 6454/5785/4323
f 6454/5785/4323 6441/5770/4310 6455/5786/4324
f 6454/5785/4323 6455/5786/4324 6456/5787/4325
f 6454/5788/4323 6456/5789/4325 6457/5790/4326
f 6457/5790/4326 6456/5789/4325 6458/5791/4327
f 6458/5791/4327 6456/5789/4325 6459/5792/4328
f 6458/5791/4327 6459/5792/4328 6460/5793/4329
f 6460/5793/4329 6459/5792/4328 6461/5794/4330
f 6454/5788/4323 6457/5790/4326 6462/5795/4331
f 6443/5772/4312 6463/5796/4332 6453/5784/4322
f 6464/5797/4333 6465/5798/4334 6466/5799/4335
f 6465/5798/4334 6464/5797/4333 6467/5800/4336
f 6465/5798/4334 6467/5800/4336 6468/5801/4337
f 6468/5801/4337 6467/5800/4336 6469/5802/4338
f 6470/5803/4339 6469/5804/4338 6471/5805/4340
f 6470/5803/4339 6471/5805/4340 6472/5806/4341
f 6472/5806/4341 6471/5805/4340 6473/5807/4342
f 6471/5805/4340 6469/5804/4338 6474/5808/4343
f 6474/5808/4343 6469/5804/4338 6475/5809/4344
f 6469/5802/4338 6467/5800/4336 6475/5810/4344
f 6464/5797/4333 6466/5799/4335 6476/5811/4345
f 6476/5811/4345 6466/5799/4335 6477/5812/4346
f 6476/5813/4345 6477/5814/4346 6478/5815/4347
f 6478/5815/4347 6477/5814/4346 6479/5816/4348
f 6478/5815/4347 6479/5816/4348 6480/5817/4349
f 6478/5815/4347 6480/5817/4349 6482/5818/4350
f 6481/5819/4351 6478/5815/4347 6483/5820/4352
f 6478/5815/4347 6482/5818/4350 6483/5820/4352
f 6482/5818/4350 6480/5817/4349 6484/5821/4353
f 6482/5822/4350 6484/5823/4353 6485/5824/4354
f 6485/5824/4354 6484/5823/4353 6486/5825/4355
f 6487/5826/4356 6488/5827/4357 6489/5828/4358
f 6488/5827/4357 6487/5826/4356 6490/5829/4359
f 6488/5827/4357 6490/5829/4359 6491/5830/4360
f 6491/5830/4360 6490/5829/4359 6492/5831/4361
f 6491/5830/4360 6492/5831/4361 6493/5832/4362
f 6493/5833/4362 6492/5834/4361 6494/5835/4363
f 6494/5835/4363 6492/5834/4361 6495/5836/4364
f 6494/5835/4363 6495/5836/4364 6496/5837/4365
f 6496/5837/4365 6495/5836/4364 6497/5838/4366
f 6495/5836/4364 6492/5834/4361 6498/5839/4367
f 6498/5839/4367 6492/5834/4361 6499/5840/4368
f 6487/5826/4356 6489/5828/4358 6500/5841/4369
f 6500/5841/4369 6489/5828/4358 6501/5842/4370
f 6500/5841/4369 6501/5842/4370 6502/5843/4371
f 6502/5843/4371 6501/5842/4370 6504/5844/4372
f 6502/5843/4371 6504/5844/4372 6505/5845/4373
f 6502/5846/4371 6505/5847/4373 6506/5848/4374
f 6503/5849/4375 6502/5846/4371 6507/5850/4376
f 6502/5846/4371 6506/5848/4374 6507/5850/4376
f 6506/5848/4374 6505/5847/4373 6508/5851/4377
f 6506/5848/4374 6508/5851/4377 6509/5852/4378
f 6509/5852/4378 6508/5851/4377 6510/5853/4379
f 6511/5854/4380 6512/5855/4381 6513/5856/4382
f 6512/5855/4381 6511/5854/4380 6514/5857/4383
f 6513/5856/4382 6512/5855/4381 6515/5858/4384
f 6514/5857/4383 6511/5854/4380 6516/5859/4385
f 6514/5860/4383 6516/5861/4385 6517/5862/4386
f 6517/5862/4386 6516/5861/4385 6518/5863/4387
f 6517/5864/4386 6518/5865/4387 6519/5866/4388
f 6519/5866/4388 6518/5865/4387 6520/5867/4389
f 6521/5868/4390 6513/5869/4382 6515/5870/4384
f 6532/5871/4391 6516/5859/4385 6511/5854/4380
f 6511/5854/4380 6513/5856/4382 6535/5872/4392
f 6537/5873/4393 6538/5874/4394 6539/5875/4395
f 6538/5874/4394 6537/5873/4393 6540/5876/4396
f 6538/5877/4394 6540/5878/4396 6541/5879/4397
f 6541/5879/4397 6540/5878/4396 6542/5880/4398
f 6538/5877/4394 6541/5879/4397 6543/5881/4399
f 6542/5880/4398 6540/5878/4396 6544/5882/4400
f 6542/5880/4398 6544/5882/4400 6545/5883/4401
f 6545/5883/4401 6544/5882/4400 6546/5884/4402
f 6537/5873/4393 6539/5875/4395 6547/5885/4403
f 6555/5886/4404 6556/5887/4405 6557/5888/4406
f 6556/5887/4405 6555/5886/4404 6558/5889/4407
f 6556/5890/4405 6558/5891/4407 6559/5892/4408
f 6559/5892/4408 6558/5891/4407 6560/5893/4409
f 6559/5892/4408 6560/5893/4409 6561/5894/4410
f 6561/5894/4410 6560/5893/4409 6562/5895/4411
f 6555/5896/4404 6557/5897/4406 6563/5898/4412
f 6563/5898/4412 6557/5897/4406 6564/5899/4413
f 6568/5900/4414 6563/5901/4412 6564/5902/4413
f 6558/5903/4407 6576/5904/4415 6560/5905/4409
f 6558/5889/4407 6555/5886/4404 6578/5906/4416
f 6581/5907/4417 6555/5896/4404 6563/5898/4412
f 6583/5908/4418 6584/5909/4419 6585/5910/4420
f 6584/5909/4419 6583/5908/4418 6586/5911/4421
f 6584/5912/4419 6586/5913/4421 6587/5914/4422
f 6587/5914/4422 6586/5913/4421 6588/5915/4423
f 6587/5914/4422 6588/5915/4423 6589/5916/4424
f 6589/5916/4424 6588/5915/4423 6590/5917/4425
f 6583/5908/4418 6585/5910/4420 6591/5918/4426
f 6591/5918/4426 6585/5910/4420 6592/5919/4427
f 6593/5920/4428 6591/5921/4426 6592/5922/4427
f 6605/5923/4429 6586/5911/4421 6583/5908/4418
f 6583/5924/4418 6591/5925/4426 6608/5926/1306
f 6610/5927/4430 6611/5928/4431 6612/5929/4432
f 6611/5928/4431 6610/5927/4430 6613/5930/4433
f 6612/5929/4432 6611/5928/4431 6614/5931/4434
f 6610/5927/4430 6612/5929/4432 6615/5932/4435
f 6615/5932/4435 6612/5929/4432 6616/5933/4436
f 6611/5934/4431 6613/5935/4433 6617/5936/4437
f 6611/5934/4431 6617/5936/4437 6618/5937/4438
f 6617/5936/4437 6613/5935/4433 6619/5938/4439
f 6619/5938/4439 6613/5935/4433 6620/5939/4440
f 6619/5938/4439 6620/5939/4440 6621/5940/4441
f 6621/5940/4441 6620/5939/4440 6622/5941/4442
f 6612/5929/4432 6614/5931/4434 6623/5942/4443
f 6615/5932/4435 6616/5933/4436 6627/5943/4444
f 6638/5944/4445 6639/5945/4446 6640/5946/4447
f 6639/5945/4446 6638/5944/4445 6641/5947/4448
f 6640/5946/4447 6639/5945/4446 6642/5948/4449
f 6641/5947/4448 6638/5944/4445 6643/5949/4450
f 6641/5947/4448 6643/5949/4450 6644/5950/4451
f 6644/5950/4451 6643/5949/4450 6645/5951/4452
f 6644/5952/4451 6645/5953/4452 6646/5954/4453
f 6646/5954/4453 6645/5953/4452 6647/5955/4454
f 6648/5956/4455 6640/5957/4447 6642/5958/4449
f 6658/5959/4456 6643/5960/4450 6638/5961/4445
f 6662/5962/4457 6663/5963/4458 6664/5964/4459
f 6664/5964/4459 6663/5963/4458 6665/5965/4460
f 6664/5964/4459 6665/5965/4460 6666/5966/4461
f 6678/5967/940 6662/5962/4457 6664/5964/4459
f 6680/5968/4462 6681/5969/4463 6682/5970/4464
f 6682/5970/4464 6681/5969/4463 6683/5971/4465
f 6682/5970/4464 6683/5971/4465 6684/5972/4466
f 6682/5970/4464 6684/5972/4466 6685/5973/4467
f 6685/5974/4467 6686/5975/4468 6682/5976/4464
f 6683/5977/4469 6691/5978/4470 6692/5979/4471
f 6681/5980/4463 6680/5981/4462 6696/5982/4472
f 6701/5983/4473 6680/5968/4462 6682/5970/4464
f 6703/5984/4474 6704/5985/4475 6705/5986/4476
f 6704/5987/3146 6709/5988/3147 6710/5989/3148
f 6711/5990/4477 6704/5985/4475 6703/5984/4474
f 6703/5984/4474 6705/5986/4476 6714/5991/4478
f 6718/5992/3454 6719/5993/4479 6720/5994/4480
f 6720/5994/4480 6719/5993/4479 6721/5995/4481
f 6719/5993/4479 6718/5992/3454 6722/5996/4482
f 6719/5993/4479 6722/5996/4482 6723/5997/4483
f 6719/5993/4479 6723/5997/4483 6724/5998/4484
f 6724/5998/4484 6723/5997/4483 6725/5999/4485
f 6720/5994/4480 6721/5995/4481 6728/6000/3968
f 6735/6001/4486 6725/6002/4485 6723/6003/4483
f 6738/6004/4487 6723/6005/4483 6722/6006/4482
f 6740/6007/4488 6722/5996/4482 6718/5992/3454
f 6718/6008/3454 6720/6009/4480 6743/6010/923
f 6746/6011/4489 6747/6012/4490 6748/6013/4491
f 6748/6013/4491 6747/6012/4490 6749/6014/4492
f 6749/6014/4492 6747/6012/4490 6750/6015/4493
f 6749/6014/4492 6750/6015/4493 6751/6016/4494
f 6751/6016/4494 6750/6015/4493 6752/6017/4495
f 6751/6016/4494 6752/6017/4495 6753/6018/4496
f 6753/6019/4496 6752/6020/4495 6754/6021/4497
f 6753/6019/4496 6754/6021/4497 6755/6022/4498
f 6755/6022/4498 6754/6021/4497 6756/6023/4499
f 6755/6022/4498 6756/6023/4499 6757/6024/4500
f 6757/6025/4500 6756/6026/4499 6758/6027/4501
f 6757/6025/4500 6758/6027/4501 6759/6028/4502
f 6759/6028/4502 6758/6027/4501 6760/6029/4503
f 6759/6028/4502 6760/6029/4503 6761/6030/4504
f 6761/6031/4504 6760/6032/4503 6762/6033/4505
f 6761/6031/4504 6762/6033/4505 6763/6034/4506
f 6763/6034/4506 6762/6033/4505 6764/6035/4507
f 6763/6034/4506 6764/6035/4507 6765/6036/4508
f 6747/6037/4490 6746/6038/4489 6766/6039/4509
f 6750/6040/4493 6747/6037/4490 6767/6041/4510
f 6747/6037/4490 6766/6039/4509 6767/6041/4510
f 6758/6042/4501 6756/6043/4499 6768/6044/4511
f 6760/6045/4503 6758/6042/4501 6769/6046/4512
f 6758/6042/4501 6768/6044/4511 6769/6046/4512
f 6748/6013/4491 6749/6014/4492 6772/6047/4513
f 6749/6014/4492 6751/6016/4494 6774/6048/4514
f 6751/6016/4494 6753/6018/4496 6776/6049/878
f 6753/6050/4496 6755/6051/4498 6778/6052/4515
f 6755/6022/4498 6757/6024/4500 6780/6053/4516
f 6757/6025/4500 6759/6028/4502 6782/6054/1387
f 6759/6028/4502 6761/6030/4504 6784/6055/4145
f 6761/6031/4504 6763/6034/4506 6786/6056/4517
f 6763/6034/4506 6765/6036/4508 6788/6057/4518
f 6790/6058/4519 6764/6035/4507 6762/6033/4505
f 6791/6059/4520 6762/6033/4505 6760/6032/4503
f 6793/6060/4521 6769/6046/4512 6768/6044/4511
f 6798/6061/4522 6754/6021/4497 6752/6020/4495
f 6800/6062/4523 6752/6017/4495 6750/6015/4493
f 6802/6063/4524 6767/6064/4510 6766/6065/4509
f 6805/6066/4525 6766/6067/4509 6746/6068/4489
f 6808/6069/4526 6746/6070/4527 6809/6071/4528
f 6811/6072/4529 6812/6073/4530 6813/6074/4531
f 6813/6074/4531 6812/6073/4530 6814/6075/4532
f 6814/6075/4532 6812/6073/4530 6815/6076/4533
f 6814/6075/4532 6815/6076/4533 6816/6077/3506
f 6816/6077/3506 6815/6076/4533 6817/6078/4534
f 6816/6077/3506 6817/6078/4534 6818/6079/4535
f 6818/6080/4535 6817/6081/4534 6819/6082/4536
f 6818/6080/4535 6819/6082/4536 6820/6083/4537
f 6820/6083/4537 6819/6082/4536 6821/6084/4538
f 6820/6083/4537 6821/6084/4538 6822/6085/4539
f 6822/6086/4539 6821/6087/4538 6823/6088/4540
f 6822/6086/4539 6823/6088/4540 6824/6089/4541
f 6824/6089/4541 6823/6088/4540 6825/6090/4542
f 6824/6089/4541 6825/6090/4542 6826/6091/4543
f 6826/6092/4543 6825/6093/4542 6827/6094/4544
f 6826/6092/4543 6827/6094/4544 6828/6095/4545
f 6828/6095/4545 6827/6094/4544 6829/6096/4546
f 6828/6095/4545 6829/6096/4546 6830/6097/4547
f 6812/6073/4530 6811/6072/4529 6831/6098/4548
f 6815/6076/4533 6812/6073/4530 6832/6099/4549
f 6812/6073/4530 6831/6098/4548 6832/6099/4549
f 6823/6088/4540 6821/6087/4538 6833/6100/4550
f 6825/6090/4542 6823/6088/4540 6834/6101/4551
f 6823/6088/4540 6833/6100/4550 6834/6101/4551
f 6813/6074/4531 6814/6075/4532 6837/6102/4552
f 6814/6075/4532 6816/6077/3506 6839/6103/4553
f 6816/6077/3506 6818/6079/4535 6841/6104/4554
f 6818/6080/4535 6820/6083/4537 6843/6105/4555
f 6820/6083/4537 6822/6085/4539 6845/6106/4556
f 6822/6086/4539 6824/6089/4541 6847/6107/4557
f 6826/6092/4543 6828/6095/4545 6850/6108/4558
f 6828/6095/4545 6830/6097/4547 6852/6109/4559
f 6854/6110/4560 6829/6096/4546 6827/6094/4544
f 6855/6111/4561 6827/6094/4544 6825/6093/4542
f 6857/6112/4562 6834/6101/4551 6833/6100/4550
f 6862/6113/4563 6821/6084/4538 6819/6082/4536
f 6863/6114/4564 6819/6082/4536 6817/6081/4534
f 6866/6115/4565 6832/6116/4549 6831/6117/4548
f 6869/6118/4566 6831/6098/4548 6811/6072/4529
f 6811/6072/4529 6813/6074/4531 6872/6119/4567
f 6875/6120/4568 6876/6121/4569 6877/6122/4570
f 6877/6122/4570 6876/6121/4569 6878/6123/4571
f 6878/6123/4571 6876/6121/4569 6879/6124/4572
f 6878/6123/4571 6879/6124/4572 6880/6125/4573
f 6880/6125/4573 6879/6124/4572 6881/6126/4574
f 6880/6125/4573 6881/6126/4574 6882/6127/4575
f 6882/6128/4575 6881/6129/4574 6883/6130/4576
f 6882/6128/4575 6883/6130/4576 6884/6131/4577
f 6884/6131/4577 6883/6130/4576 6885/6132/4578
f 6884/6131/4577 6885/6132/4578 6886/6133/4579
f 6886/6134/4579 6885/6135/4578 6887/6136/4580
f 6886/6134/4579 6887/6136/4580 6888/6137/4581
f 6888/6137/4581 6887/6136/4580 6889/6138/4582
f 6888/6137/4581 6889/6138/4582 6890/6139/4583
f 6890/6140/4583 6889/6141/4582 6891/6142/4584
f 6890/6140/4583 6891/6142/4584 6892/6143/4585
f 6892/6143/4585 6891/6142/4584 6893/6144/4586
f 6892/6143/4585 6893/6144/4586 6894/6145/4587
f 6876/6121/4569 6875/6120/4568 6895/6146/4588
f 6879/6124/4572 6876/6121/4569 6896/6147/4589
f 6876/6121/4569 6895/6146/4588 6896/6147/4589
f 6887/6136/4580 6885/6135/4578 6897/6148/4590
f 6889/6138/4582 6887/6136/4580 6898/6149/4591
f 6887/6136/4580 6897/6148/4590 6898/6149/4591
f 6877/6122/4570 6878/6123/4571 6901/6150/4592
f 6878/6123/4571 6880/6125/4573 6903/6151/863
f 6880/6152/4573 6882/6153/4575 6905/6154/4593
f 6882/6128/4575 6884/6131/4577 6907/6155/4594
f 6884/6131/4577 6886/6133/4579 6909/6156/4595
f 6886/6134/4579 6888/6137/4581 6911/6157/4596
f 6888/6158/4581 6890/6159/4583 6913/6160/4597
f 6890/6140/4583 6892/6143/4585 6915/6161/2952
f 6892/6143/4585 6894/6145/4587 6917/6162/4598
f 6919/6163/4599 6893/6144/4586 6891/6142/4584
f 6920/6164/4600 6891/6142/4584 6889/6141/4582
f 6922/6165/4601 6898/6149/4591 6897/6148/4590
f 6927/6166/4602 6885/6132/4578 6883/6130/4576
f 6928/6167/4603 6883/6130/4576 6881/6129/4574
f 6930/6168/4604 6881/6126/4574 6879/6124/4572
f 6932/6169/3722 6896/6147/4589 6895/6146/4588
f 6935/6170/4605 6895/6171/4588 6875/6172/4568
f 6940/6173/4606 6941/6174/4607 6942/6175/4608
f 6942/6175/4608 6941/6174/4607 6943/6176/4609
f 6943/6176/4609 6941/6174/4607 6944/6177/4610
f 6943/6176/4609 6944/6177/4610 6945/6178/4611
f 6945/6178/4611 6944/6177/4610 6946/6179/4612
f 6945/6178/4611 6946/6179/4612 6947/6180/4613
f 6947/6181/4613 6946/6182/4612 6948/6183/4614
f 6947/6181/4613 6948/6183/4614 6949/6184/4615
f 6949/6184/4615 6948/6183/4614 6950/6185/4616
f 6949/6184/4615 6950/6185/4616 6951/6186/4617
f 6951/6187/4617 6950/6188/4616 6952/6189/4618
f 6951/6187/4617 6952/6189/4618 6953/6190/4619
f 6953/6190/4619 6952/6189/4618 6954/6191/4620
f 6953/6190/4619 6954/6191/4620 6955/6192/4621
f 6955/6193/4621 6954/6194/4620 6956/6195/4622
f 6955/6193/4621 6956/6195/4622 6957/6196/4623
f 6957/6196/4623 6956/6195/4622 6958/6197/4624
f 6957/6196/4623 6958/6197/4624 6959/6198/4625
f 6941/6174/4607 6940/6173/4606 6960/6199/4626
f 6944/6177/4610 6941/6174/4607 6961/6200/4627
f 6941/6174/4607 6960/6199/4626 6961/6200/4627
f 6952/6189/4618 6950/6188/4616 6962/6201/3515
f 6954/6191/4620 6952/6189/4618 6963/6202/4628
f 6952/6189/4618 6962/6201/3515 6963/6202/4628
f 6942/6203/4608 6943/6204/4609 6966/6205/4629
f 6943/6206/4609 6945/6207/4611 6968/6208/4630
f 6945/6209/4611 6947/6210/4613 6970/6211/1015
f 6947/6212/4613 6949/6213/4615 6972/6214/4631
f 6949/6184/4615 6951/6186/4617 6974/6215/4632
f 6951/6216/4617 6953/6217/4619 6976/6218/4633
f 6953/6219/4619 6955/6220/4621 6978/6221/4634
f 6955/6193/4621 6957/6196/4623 6980/6222/4635
f 6983/6223/4636 6958/6197/4624 6956/6195/4622
f 6984/6224/4637 6956/6195/4622 6954/6194/4620
f 6986/6225/4283 6963/6202/4628 6962/6201/3515
f 6991/6226/4638 6950/6185/4616 6948/6183/4614
f 6992/6227/4639 6948/6183/4614 6946/6182/4612
f 6995/6228/3817 6961/6200/4627 6960/6199/4626
f 7002/6229/4640 7003/6230/4641 7004/6231/4642
f 7004/6231/4642 7003/6230/4641 7005/6232/4643
f 7005/6232/4643 7003/6230/4641 7006/6233/4644
f 7005/6232/4643 7006/6233/4644 7007/6234/4645
f 7007/6234/4645 7006/6233/4644 7008/6235/4646
f 7007/6234/4645 7008/6235/4646 7009/6236/4647
f 7009/6237/4647 7008/6238/4646 7010/6239/4648
f 7009/6237/4647 7010/6239/4648 7011/6240/4649
f 7011/6240/4649 7010/6239/4648 7012/6241/4650
f 7011/6240/4649 7012/6241/4650 7013/6242/4651
f 7013/6243/4651 7012/6244/4650 7014/6245/4652
f 7013/6243/4651 7014/6245/4652 7015/6246/4653
f 7015/6246/4653 7014/6245/4652 7016/6247/4654
f 7015/6246/4653 7016/6247/4654 7017/6248/3582
f 7017/6249/3582 7016/6250/4654 7018/6251/4655
f 7017/6249/3582 7018/6251/4655 7019/6252/4656
f 7019/6252/4656 7018/6251/4655 7020/6253/4657
f 7019/6252/4656 7020/6253/4657 7021/6254/3586
f 7003/6230/4641 7002/6229/4640 7022/6255/4658
f 7006/6233/4644 7003/6230/4641 7023/6256/4659
f 7003/6230/4641 7022/6255/4658 7023/6256/4659
f 7014/6245/4652 7012/6244/4650 7024/6257/4660
f 7016/6247/4654 7014/6245/4652 7025/6258/4661
f 7014/6245/4652 7024/6257/4660 7025/6258/4661
f 7004/6259/4642 7005/6260/4643 7028/6261/4662
f 7005/6232/4643 7007/6234/4645 7030/6262/4663
f 7007/6234/4645 7009/6236/4647 7032/6263/4664
f 7009/6237/4647 7011/6240/4649 7034/6264/4665
f 7011/6240/4649 7013/6242/4651 7036/6265/4666
f 7013/6243/4651 7015/6246/4653 7038/6266/4667
f 7015/6246/4653 7017/6248/3582 7040/6267/4668
f 7017/6249/3582 7019/6252/4656 7042/6268/4669
f 7019/6252/4656 7021/6254/3586 7044/6269/4670
f 7046/6270/4671 7020/6253/4657 7018/6251/4655
f 7048/6271/4672 7025/6258/4661 7024/6257/4660
f 7053/6272/4673 7012/6241/4650 7010/6239/4648
f 7054/6273/4674 7010/6239/4648 7008/6238/4646
f 7057/6274/1252 7023/6256/4659 7022/6255/4658
f 7064/6275/4675 7065/6276/4676 7066/6277/4677
f 7064/6275/4675 7066/6277/4677 7067/6278/4678
f 7067/6278/4678 7066/6277/4677 7068/6279/4679
f 7067/6278/4678 7068/6279/4679 7069/6280/4628
f 7070/6281/4680 7067/6278/4678 7069/6280/4628
f 7069/6282/4628 7068/6283/4679 7072/6284/4681
f 7068/6279/4679 7066/6277/4677 7078/6285/4682
f 7066/6277/4677 7065/6276/4676 7080/6286/4683
f 7082/6287/4684 7064/6275/4675 7067/6278/4678
f 7083/6288/4685 7084/6289/4586 7085/6290/4584
f 7083/6288/4685 7085/6290/4584 7086/6291/4686
f 7086/6291/4686 7085/6290/4584 7087/6292/4687
f 7086/6291/4686 7087/6292/4687 7088/6293/4688
f 7089/6294/4689 7086/6291/4686 7088/6293/4688
f 7088/6295/4688 7087/6296/4687 7091/6297/4690
f 7087/6292/4687 7085/6290/4584 7097/6298/4691
f 7085/6290/4584 7084/6289/4586 7099/6299/4692
f 7101/6300/4693 7102/6301/4694 7103/6302/4695
f 7101/6300/4693 7103/6302/4695 7104/6303/4696
f 7104/6303/4696 7103/6302/4695 7105/6304/4697
f 7104/6303/4696 7105/6304/4697 7106/6305/4698
f 7107/6306/4699 7104/6303/4696 7106/6305/4698
f 7106/6307/4698 7105/6308/4697 7109/6309/772
f 7110/6310/1412 7106/6311/4700 7111/6312/2799
f 7105/6304/4697 7103/6302/4695 7116/6313/4701
f 7103/6302/4695 7102/6301/4694 7118/6314/4702
f 7120/6315/4703 7121/6316/4507 7122/6317/4704
f 7120/6315/4703 7122/6317/4704 7123/6318/3585
f 7123/6318/3585 7122/6317/4704 7124/6319/4705
f 7123/6318/3585 7124/6319/4705 7125/6320/4706
f 7126/6321/4707 7123/6318/3585 7125/6320/4706
f 7125/6322/4706 7124/6323/4705 7128/6324/4708
f 7124/6319/4705 7122/6317/4704 7134/6325/4709
f 7122/6317/4704 7121/6316/4507 7136/6326/4710
f 7138/6327/4711 7120/6315/4703 7123/6318/3585
f 7139/6328/4712 7140/6329/4713 7141/6330/4714
f 7139/6328/4712 7141/6330/4714 7142/6331/4715
f 7142/6331/4715 7141/6330/4714 7143/6332/4716
f 7142/6331/4715 7143/6332/4716 7144/6333/3481
f 7145/6334/4717 7142/6331/4715 7144/6333/3481
f 7144/6335/3481 7143/6336/4716 7147/6337/4718
f 7152/6338/4719 7143/6339/4720 7153/6340/4721
f 7143/6332/4716 7141/6330/4714 7154/6341/4722
f 7157/6342/4723 7158/6343/4724 7159/6344/4725
f 7157/6342/4723 7159/6344/4725 7160/6345/4726
f 7160/6345/4726 7159/6344/4725 7161/6346/4727
f 7159/6344/4725 7158/6343/4724 7162/6347/4728
f 7161/6346/4727 7159/6344/4725 7163/6348/4729
f 7159/6344/4725 7162/6347/4728 7163/6348/4729
f 7162/6347/4728 7158/6343/4724 7164/6349/3452
f 7161/6350/4727 7163/6351/4729 7167/6352/4730
f 7163/6348/4729 7162/6347/4728 7172/6353/4731
f 7162/6347/4728 7164/6349/3452 7174/6354/4732
f 7176/6355/4733 7177/6356/4734 7178/6357/4735
f 7176/6355/4733 7178/6357/4735 7179/6358/4736
f 7178/6357/4735 7177/6356/4734 7180/6359/4737
f 7176/6355/4733 7182/6360/4738 7177/6356/4734
f 7187/6361/4739 7188/6362/3333 7176/6363/4740
f 7191/6364/4741 7192/6365/4742 7193/6366/3253
f 7191/6364/4741 7193/6366/3253 7194/6367/4743
f 7194/6367/4743 7193/6366/3253 7195/6368/4744
f 7194/6367/4743 7195/6368/4744 7196/6369/4745
f 7196/6369/4745 7195/6368/4744 7197/6370/4746
f 7196/6369/4745 7197/6370/4746 7198/6371/4747
f 7195/6368/4744 7193/6366/3253 7199/6372/4748
f 7197/6370/4746 7195/6368/4744 7200/6373/4749
f 7195/6368/4744 7199/6372/4748 7200/6373/4749
f 7199/6372/4748 7193/6366/3253 7201/6374/4750
f 7199/6372/4748 7201/6374/4750 7202/6375/4751
f 7200/6373/4749 7199/6372/4748 7203/6376/4752
f 7199/6372/4748 7202/6375/4751 7203/6376/4752
f 7202/6375/4751 7201/6374/4750 7204/6377/3251
f 7202/6375/4751 7204/6377/3251 7205/6378/4753
f 7203/6376/4752 7202/6375/4751 7206/6379/4754
f 7202/6375/4751 7205/6378/4753 7206/6379/4754
f 7205/6378/4753 7204/6377/3251 7207/6380/3260
f 7205/6378/4753 7207/6380/3260 7208/6381/4755
f 7206/6379/4754 7205/6378/4753 7209/6382/4756
f 7205/6378/4753 7208/6381/4755 7209/6382/4756
f 7208/6381/4755 7207/6380/3260 7210/6383/3259
f 7208/6381/4755 7210/6383/3259 7211/6384/4757
f 7209/6382/4756 7208/6381/4755 7212/6385/4758
f 7208/6381/4755 7211/6384/4757 7212/6385/4758
f 7211/6384/4757 7210/6383/3259 7213/6386/4759
f 7211/6384/4757 7213/6386/4759 7214/6387/4760
f 7212/6385/4758 7211/6384/4757 7215/6388/4761
f 7211/6384/4757 7214/6387/4760 7215/6388/4761
f 7214/6387/4760 7213/6386/4759 7216/6389/4762
f 7214/6387/4760 7216/6389/4762 7217/6390/4763
f 7215/6388/4761 7214/6387/4760 7218/6391/4764
f 7214/6387/4760 7217/6390/4763 7218/6391/4764
f 7217/6390/4763 7216/6389/4762 7219/6392/4765
f 7217/6390/4763 7219/6392/4765 7220/6393/4766
f 7218/6391/4764 7217/6390/4763 7221/6394/4767
f 7217/6390/4763 7220/6393/4766 7221/6394/4767
f 7220/6393/4766 7219/6392/4765 7222/6395/4768
f 7220/6393/4766 7222/6395/4768 7223/6396/4769
f 7221/6394/4767 7220/6393/4766 7224/6397/4770
f 7220/6393/4766 7223/6396/4769 7224/6397/4770
f 7223/6396/4769 7222/6395/4768 7225/6398/4771
f 7223/6396/4769 7225/6398/4771 7226/6399/4772
f 7224/6397/4770 7223/6396/4769 7227/6400/4773
f 7223/6396/4769 7226/6399/4772 7227/6400/4773
f 7194/6367/4743 7196/6369/4745 7228/6401/3246
f 7196/6369/4745 7198/6371/4747 7229/6402/4774
f 7228/6401/3246 7196/6369/4745 7229/6402/4774
f 7229/6402/4774 7198/6371/4747 7230/6403/4775
f 7228/6401/3246 7229/6402/4774 7231/6404/4776
f 7229/6402/4774 7230/6403/4775 7232/6405/4777
f 7231/6404/4776 7229/6402/4774 7232/6405/4777
f 7232/6405/4777 7230/6403/4775 7233/6406/4778
f 7231/6404/4776 7232/6405/4777 7234/6407/4779
f 7232/6405/4777 7233/6406/4778 7235/6408/4780
f 7235/6408/4780 7233/6406/4778 7236/6409/4781
f 7222/6395/4768 7219/6392/4765 7237/6410/4782
f 7222/6395/4768 7237/6410/4782 7238/6411/4783
f 7207/6380/3260 7204/6377/3251 7239/6412/4784
f 7207/6380/3260 7239/6412/4784 7240/6413/4785
f 7216/6389/4762 7213/6386/4759 7241/6414/4786
f 7228/6401/3246 7231/6404/4776 7242/6415/4787
f 7231/6404/4776 7234/6407/4779 7243/6416/4788
f 7242/6415/4787 7231/6404/4776 7243/6416/4788
f 7228/6401/3246 7244/6417/4789 7194/6367/4743
f 7243/6416/4788 7247/6418/4790 7242/6415/4787
f 7248/6419/4791 7243/6416/4788 7234/6407/4779
f 7266/6420/4792 7241/6414/4786 7213/6386/4759
f 7239/6412/4784 7273/6421/4793 7240/6413/4785
f 7191/6364/4741 7280/6422/4794 7192/6365/4742
f 7283/6423/4795 7284/6424/4796 7285/6425/4797
f 7283/6423/4795 7285/6425/4797 7286/6426/4798
f 7286/6426/4798 7285/6425/4797 7289/6427/4799
f 7283/6423/4795 7296/6428/4800 7284/6424/4796
f 7299/6429/4801 7300/6430/4802 7301/6431/4803
f 7300/6432/4802 7299/6433/4801 7302/6434/4804
f 7300/6432/4802 7302/6434/4804 7303/6435/4805
f 7301/6436/4806 7304/6437/4807 7305/6438/4808
f 7306/6439/4809 7301/6440/4810 7307/6441/4811
f 7301/6431/4803 7300/6430/4802 7308/6442/4812
f 7309/6443/4813 7301/6444/4814 7310/6445/4815
f 7300/6432/4802 7303/6435/4805 7312/6446/4816
f 7302/6447/4804 7316/6448/4817 7303/6449/4805
f 7321/6450/4818 7322/6451/4819 7323/6452/4820
f 7322/6453/4819 7321/6454/4818 7324/6455/4821
f 7324/6455/4821 7321/6454/4818 7325/6456/4822
f 7325/6456/4822 7321/6454/4818 7326/6457/4823
f 7323/6452/4820 7322/6451/4819 7329/6458/4824
f 7322/6459/4825 7332/6460/4826 7333/6461/4827
f 7325/6462/4822 7336/6463/4828 7324/6464/4821
f 7337/6465/4829 7325/6456/4822 7326/6457/4823
f 7343/6466/4830 7344/6467/4831 7345/6468/4832
f 7344/6469/4831 7343/6470/4830 7346/6471/4833
f 7344/6469/4831 7346/6471/4833 7347/6472/4834
f 7345/6468/4832 7344/6467/4831 7348/6473/4835
f 7344/6469/4831 7347/6472/4834 7349/6474/4836
f 7348/6473/4835 7344/6467/4831 7349/6475/4836
f 7348/6473/4835 7349/6475/4836 7354/6476/4837
f 7349/6477/3359 7356/6478/3360 7357/6479/3361
f 7347/6480/4834 7358/6481/4838 7349/6482/4836
f 7347/6483/4839 7359/6484/4840 7360/6485/4841
f 7346/6486/4833 7362/6487/4842 7347/6488/4834
f 7363/6489/4843 7346/6490/4833 7343/6491/4830
f 7368/6492/4844 7369/6493/4845 7370/6494/4846
f 7369/6495/4845 7368/6496/4844 7371/6497/4847
f 7371/6497/4847 7368/6496/4844 7372/6498/3300
f 7372/6498/3300 7368/6496/4844 7373/6499/4848
f 7370/6494/4846 7369/6493/4845 7376/6500/4849
f 7369/6501/4850 7379/6502/4851 7380/6503/4852
f 7371/6504/4853 7381/6505/4854 7382/6506/4855
f 7372/6507/3300 7384/6508/4856 7371/6509/4847
f 7385/6510/1331 7372/6498/3300 7373/6499/4848
f 7391/6511/4857 7392/6512/4858 7393/6513/4859
f 7391/6511/4857 7393/6513/4859 7394/6514/4860
f 7394/6514/4860 7393/6513/4859 7395/6515/4861
f 7393/6513/4859 7392/6512/4858 7401/6516/4862
f 7391/6511/4857 7405/6517/4863 7392/6512/4858
f 7406/6518/4864 7391/6511/4857 7394/6514/4860
f 7409/6519/3302 7410/6520/4865 7411/6521/4866
f 7409/6519/3302 7411/6521/4866 7412/6522/4867
f 7412/6522/4867 7411/6521/4866 7413/6523/4868
f 7411/6521/4866 7410/6520/4865 7419/6524/4869
f 7409/6519/3302 7423/6525/4870 7410/6520/4865
f 7424/6526/4871 7409/6519/3302 7412/6522/4867
f 7427/6527/4872 7428/6528/4873 7429/6529/4874
f 7427/6527/4872 7429/6529/4874 7430/6530/4875
f 7430/6530/4875 7429/6529/4874 7433/6531/4876
f 7434/6532/1237 7430/6533/4877 7435/6534/862
f 7429/6529/4874 7428/6528/4873 7438/6535/4878
f 7428/6536/4879 7440/6537/4880 7441/6538/4881
f 7427/6539/4872 7443/6540/4882 7428/6541/4873
f 7446/6542/4883 7447/6543/4884 7448/6544/4885
f 7446/6542/4883 7448/6544/4885 7449/6545/4886
f 7447/6546/4884 7446/6547/4883 7450/6548/1638
f 7447/6546/4884 7450/6548/1638 7451/6549/4887
f 7451/6550/4887 7450/6551/1638 7452/6552/1640
f 7451/6550/4887 7452/6552/1640 7453/6553/4888
f 7448/6554/4885 7447/6555/4884 7459/6556/4889
f 7447/6546/4884 7451/6549/4887 7461/6557/4890
f 7451/6558/4887 7453/6559/4888 7463/6560/4891
f 7465/6561/2791 7452/6552/1640 7450/6551/1638
f 7466/6562/4892 7450/6563/1638 7446/6564/4883
f 7468/6565/4893 7446/6566/4883 7449/6567/4886
f 7470/6568/4894 7471/6569/4895 7472/6570/4896
f 7471/6571/4895 7470/6572/4894 7473/6573/4897
f 7471/6571/4895 7473/6573/4897 7474/6574/1741
f 7474/6575/1741 7473/6576/4897 7475/6577/4898
f 7474/6575/1741 7475/6577/4898 7476/6578/4899
f 7472/6570/4896 7471/6569/4895 7479/6579/4900
f 7471/6571/4895 7474/6574/1741 7482/6580/4901
f 7474/6581/1741 7476/6582/4899 7484/6583/4902
f 7486/6584/4903 7473/6573/4897 7470/6572/4894
f 7490/6585/4904 7491/6586/4905 7492/6587/4906
f 7490/6585/4904 7492/6587/4906 7493/6588/4907
f 7491/6589/4905 7490/6590/4904 7494/6591/4908
f 7491/6589/4905 7494/6591/4908 7495/6592/4909
f 7495/6593/4909 7494/6594/4908 7496/6595/4910
f 7495/6593/4909 7496/6595/4910 7497/6596/4911
f 7492/6587/4906 7491/6586/4905 7503/6597/4912
f 7491/6589/4905 7495/6592/4909 7505/6598/4913
f 7495/6593/4909 7497/6596/4911 7507/6599/4914
f 7509/6600/4915 7494/6601/4908 7490/6602/4904
f 7511/6603/4916 7490/6585/4904 7493/6588/4907
f 7513/6604/4917 7514/6605/4918 7515/6606/4919
f 7514/6607/4918 7513/6608/4917 7516/6609/4920
f 7514/6607/4918 7516/6609/4920 7517/6610/4921
f 7517/6611/4921 7516/6612/4920 7518/6613/4922
f 7517/6611/4921 7518/6613/4922 7519/6614/4923
f 7515/6606/4919 7514/6605/4918 7522/6615/4924
f 7514/6607/4918 7517/6610/4921 7525/6616/4925
f 7517/6611/4921 7519/6614/4923 7527/6617/4257
f 7529/6618/4926 7516/6609/4920 7513/6608/4917
f 7533/6619/4927 7534/6620/1693 7535/6621/4928
f 7534/6622/1693 7533/6623/4927 7536/6624/4929
f 7534/6622/1693 7536/6624/4929 7537/6625/4930
f 7537/6626/4930 7536/6627/4929 7538/6628/4931
f 7537/6626/4930 7538/6628/4931 7539/6629/4932
f 7541/6630/4119 7535/6631/4933 7542/6632/4934
f 7535/6633/4928 7534/6634/1693 7543/6635/4935
f 7534/6622/1693 7537/6625/4930 7546/6636/4936
f 7537/6626/4930 7539/6629/4932 7548/6637/4937
f 7550/6638/4938 7538/6628/4931 7536/6627/4929
f 7551/6639/4939 7536/6640/4929 7533/6641/4927
f 7553/6642/4940 7533/6643/4927 7535/6644/4928
f 7556/6645/4941 7557/6646/4942 7558/6647/4943
f 7557/6648/4942 7556/6649/4941 7559/6650/4944
f 7557/6648/4942 7559/6650/4944 7560/6651/4945
f 7560/6652/4945 7559/6653/4944 7561/6654/4946
f 7560/6652/4945 7561/6654/4946 7562/6655/4947
f 7569/6656/4948 7559/6650/4944 7556/6649/4941
f 7573/6657/4949 7574/6658/4950 7575/6659/4951
f 7574/6658/4950 7573/6657/4949 7576/6660/4952
f 7574/6658/4950 7576/6660/4952 7577/6661/4953
f 7577/6661/4953 7576/6660/4952 7578/6662/4954
f 7577/6661/4953 7578/6662/4954 7579/6663/4955
f 7582/6664/4956 7575/6665/4957 7583/6666/4958
f 7575/6659/4951 7574/6658/4950 7584/6667/4959
f 7574/6658/4950 7577/6661/4953 7586/6668/4960
f 7577/6661/4953 7579/6663/4955 7588/6669/2208
f 7590/6670/4961 7578/6662/4954 7576/6660/4952
f 7591/6671/4962 7576/6660/4952 7573/6657/4949
f 7595/6672/4963 7596/6673/4964 7597/6674/4965
f 7596/6675/4964 7595/6676/4963 7598/6677/4966
f 7596/6675/4964 7598/6677/4966 7599/6678/4967
f 7599/6679/4967 7598/6680/4966 7600/6681/4968
f 7599/6679/4967 7600/6681/4968 7601/6682/4969
f 7597/6674/4965 7596/6673/4964 7604/6683/4970
f 7596/6675/4964 7599/6678/4967 7607/6684/4971
f 7599/6679/4967 7601/6682/4969 7609/6685/2801
f 7611/6686/4972 7598/6677/4966 7595/6676/4963
f 7615/6687/1567 7616/6688/4973 7617/6689/4974
f 7615/6687/1567 7617/6689/4974 7618/6690/4975
f 7616/6688/4973 7615/6687/1567 7619/6691/1569
f 7616/6688/4973 7619/6691/1569 7620/6692/4976
f 7620/6692/4976 7619/6691/1569 7621/6693/4977
f 7620/6692/4976 7621/6693/4977 7622/6694/4978
f 7618/6695/4975 7617/6696/4974 7623/6697/4979
f 7617/6689/4974 7616/6688/4973 7629/6698/2810
f 7616/6688/4973 7620/6692/4976 7631/6699/4980
f 7620/6692/4976 7622/6694/4978 7633/6700/4981
f 7635/6701/930 7621/6693/4977 7619/6691/1569
f 7636/6702/4982 7619/6703/1569 7615/6704/1567
f 7638/6705/1000 7615/6687/1567 7618/6690/4975
f 7640/6706/4983 7641/6707/4984 7642/6708/4985
f 7640/6709/4983 7642/6710/4985 7643/6711/4986
f 7640/6709/4983 7643/6711/4986 7644/6712/4987
f 7644/6712/4987 7643/6711/4986 7645/6713/4988
f 7644/6712/4987 7645/6713/4988 7646/6714/4989
f 7646/6715/4989 7645/6716/4988 7647/6717/4990
f 7646/6715/4989 7647/6717/4990 7648/6718/4991
f 7649/6719/4992 7644/6720/4987 7646/6721/4989
f 7651/6722/4993 7646/6715/4989 7648/6718/4991
f 7648/6718/4991 7647/6717/4990 7653/6723/4994
f 7647/6717/4990 7645/6716/4988 7659/6724/4995
f 7645/6713/4988 7643/6711/4986 7661/6725/4996
f 7643/6726/4986 7642/6727/4985 7663/6728/4997
f 7641/6729/4984 7666/6730/4998 7642/6731/4985
f 7641/6732/4999 7667/6733/1267 7668/6734/2935
f 7669/6735/5000 7641/6707/4984 7640/6706/4983
f 7672/6736/5001 7640/6709/4983 7644/6712/4987
f 7674/6737/5002 7675/6738/5003 7676/6739/5004
f 7674/6740/5002 7676/6741/5004 7677/6742/5005
f 7674/6740/5002 7677/6742/5005 7678/6743/5006
f 7678/6743/5006 7677/6742/5005 7679/6744/5007
f 7678/6743/5006 7679/6744/5007 7680/6745/5008
f 7680/6746/5008 7679/6747/5007 7681/6748/5009
f 7680/6746/5008 7681/6748/5009 7682/6749/5010
f 7683/6750/5011 7678/6743/5006 7680/6745/5008
f 7685/6751/5012 7680/6746/5008 7682/6749/5010
f 7681/6748/5009 7679/6747/5007 7692/6752/5013
f 7679/6753/5007 7677/6754/5005 7694/6755/5014
f 7677/6756/5005 7676/6757/5004 7696/6758/5015
f 7700/6759/5016 7675/6738/5003 7674/6737/5002
f 7703/6760/5017 7674/6740/5002 7678/6743/5006
f 7705/6761/5018 7706/6762/5019 7707/6763/5020
f 7705/6764/5018 7707/6765/5020 7708/6766/5021
f 7705/6764/5018 7708/6766/5021 7709/6767/3443
f 7709/6767/3443 7708/6766/5021 7710/6768/5022
f 7709/6767/3443 7710/6768/5022 7711/6769/5023
f 7711/6770/5023 7710/6771/5022 7712/6772/5024
f 7711/6770/5023 7712/6772/5024 7713/6773/5025
f 7714/6774/4088 7709/6767/3443 7711/6769/5023
f 7716/6775/3995 7711/6770/5023 7713/6773/5025
f 7713/6776/5025 7712/6777/5024 7718/6778/4861
f 7712/6779/5024 7710/6780/5022 7724/6781/5026
f 7710/6768/5022 7708/6766/5021 7726/6782/5027
f 7708/6783/5021 7707/6784/5020 7728/6785/2400
f 7706/6786/5019 7731/6787/5028 7707/6788/5020
f 7706/6789/5029 7732/6790/1436 7733/6791/5030
f 7734/6792/5031 7706/6762/5019 7705/6761/5018
f 7737/6793/5032 7705/6764/5018 7709/6767/3443
f 7739/6794/5033 7740/6795/5034 7741/6796/5035
f 7739/6797/5033 7741/6798/5035 7742/6799/5036
f 7739/6797/5033 7742/6799/5036 7743/6800/5037
f 7743/6800/5037 7742/6799/5036 7744/6801/5038
f 7743/6800/5037 7744/6801/5038 7745/6802/5039
f 7745/6803/5039 7744/6804/5038 7746/6805/5040
f 7745/6803/5039 7746/6805/5040 7747/6806/5041
f 7748/6807/5042 7743/6800/5037 7745/6802/5039
f 7750/6808/5043 7745/6809/5039 7747/6810/5041
f 7747/6806/5041 7746/6805/5040 7752/6811/5044
f 7746/6805/5040 7744/6804/5038 7758/6812/5045
f 7744/6801/5038 7742/6799/5036 7760/6813/5046
f 7765/6814/5047 7740/6795/5034 7739/6794/5033
f 7768/6815/5048 7739/6797/5033 7743/6800/5037
f 7770/6816/5049 7771/6817/5050 7772/6818/5051
f 7770/6819/5049 7772/6820/5051 7773/6821/5052
f 7770/6819/5049 7773/6821/5052 7774/6822/5053
f 7774/6822/5053 7773/6821/5052 7775/6823/5054
f 7774/6822/5053 7775/6823/5054 7776/6824/5055
f 7776/6825/5055 7775/6826/5054 7777/6827/5056
f 7776/6825/5055 7777/6827/5056 7778/6828/5057
f 7779/6829/5058 7774/6822/5053 7776/6824/5055
f 7781/6830/2544 7776/6825/5055 7778/6828/5057
f 7778/6828/5057 7777/6827/5056 7783/6831/4283
f 7777/6827/5056 7775/6826/5054 7789/6832/781
f 7775/6833/5054 7773/6834/5052 7791/6835/5059
f 7771/6817/5050 7795/6836/5060 7772/6818/5051
f 7797/6837/5061 7771/6817/5050 7770/6816/5049
f 7800/6838/5062 7770/6819/5049 7774/6822/5053
f 7802/6839/5063 7803/6840/5064 7804/6841/5065
f 7802/6839/5063 7804/6841/5065 7805/6842/5066
f 7805/6842/5066 7804/6841/5065 7806/6843/5067
f 7804/6841/5065 7803/6840/5064 7807/6844/5068
f 7806/6843/5067 7804/6841/5065 7808/6845/5069
f 7804/6841/5065 7807/6844/5068 7808/6845/5069
f 7806/6846/5067 7808/6847/5069 7811/6848/5070
f 7808/6845/5069 7807/6844/5068 7816/6849/5071
f 7803/6840/5064 7819/6850/5072 7807/6844/5068
f 7802/6851/5063 7822/6852/5073 7803/6853/5064
f 7823/6854/5074 7802/6839/5063 7805/6842/5066
f 7826/6855/5075 7827/6856/5076 7828/6857/5077
f 7826/6855/5075 7828/6857/5077 7829/6858/5078
f 7829/6859/5078 7828/6860/5077 7830/6861/5079
f 7828/6862/5077 7827/6863/5076 7836/6864/5080
f 7826/6855/5075 7838/6865/5081 7827/6856/5076
f 7827/6866/3771 7840/6867/2799 7841/6868/1437
f 7842/6869/5082 7826/6855/5075 7829/6858/5078
f 7845/6870/5083 7846/6871/5084 7847/6872/5085
f 7847/6872/5085 7846/6871/5084 7848/6873/5086
f 7845/6874/5083 7847/6875/5085 7849/6876/5087
f 7845/6874/5083 7849/6876/5087 7850/6877/5088
f 7850/6877/5088 7849/6876/5087 7851/6878/5089
f 7850/6877/5088 7851/6878/5089 7852/6879/5090
f 7853/6880/5091 7850/6877/5088 7852/6879/5090
f 7849/6876/5087 7847/6875/5085 7857/6881/5092
f 7847/6872/5085 7848/6873/5086 7859/6882/5093
f 7848/6883/5094 7861/6884/4088 7862/6885/5095
f 7846/6871/5084 7864/6886/1110 7848/6873/5086
f 7865/6887/5096 7846/6888/5084 7845/6889/5083
f 7868/6890/5097 7845/6874/5083 7850/6877/5088
f 7870/6891/5098 7871/6892/5099 7872/6893/5100
f 7872/6893/5100 7871/6892/5099 7873/6894/5101
f 7870/6895/5098 7872/6896/5100 7874/6897/5102
f 7870/6895/5098 7874/6897/5102 7875/6898/5103
f 7875/6898/5103 7874/6897/5102 7876/6899/5104
f 7875/6898/5103 7876/6899/5104 7877/6900/5105
f 7878/6901/5106 7875/6898/5103 7877/6900/5105
f 7874/6897/5102 7872/6896/5100 7882/6902/5107
f 7872/6893/5100 7873/6894/5101 7884/6903/4027
f 7871/6904/5099 7888/6905/5108 7873/6906/5101
f 7889/6907/5109 7871/6892/5099 7870/6891/5098
f 7892/6908/5110 7870/6895/5098 7875/6898/5103
f 7894/6909/5111 7895/6910/5112 7896/6911/5113
f 7896/6911/5113 7895/6910/5112 7897/6912/5114
f 7894/6913/5111 7896/6914/5113 7898/6915/5115
f 7894/6913/5111 7898/6915/5115 7899/6916/5116
f 7899/6916/5116 7898/6915/5115 7900/6917/5117
f 7899/6916/5116 7900/6917/5117 7901/6918/5118
f 7902/6919/5119 7899/6916/5116 7901/6918/5118
f 7900/6917/5117 7898/6915/5115 7905/6920/5120
f 7898/6915/5115 7896/6914/5113 7907/6921/5121
f 7896/6911/5113 7897/6912/5114 7909/6922/5122
f 7895/6910/5112 7913/6923/5123 7897/6912/5114
f 7914/6924/5124 7895/6925/5112 7894/6926/5111
f 7917/6927/5125 7894/6913/5111 7899/6916/5116
f 7919/6928/5126 7920/6929/5127 7921/6930/5128
f 7919/6931/5126 7921/6932/5128 7922/6933/5129
f 7922/6933/5129 7921/6932/5128 7923/6934/5130
f 7922/6933/5129 7923/6934/5130 7924/6935/5131
f 7919/6931/5126 7922/6933/5129 7925/6936/5132
f 7925/6936/5132 7922/6933/5129 7926/6937/5133
f 7924/6935/5131 7923/6934/5130 7927/6938/5134
f 7927/6938/5134 7923/6934/5130 7928/6939/5135
f 7928/6940/5136 7932/6941/5137 7933/6942/5138
f 7920/6943/5139 7938/6944/5140 7939/6945/5141
f 7941/6946/5142 7942/6947/5143 7943/6948/5144
f 7943/6948/5144 7942/6947/5143 7944/6949/5145
f 7941/6950/5142 7943/6951/5144 7945/6952/5146
f 7941/6950/5142 7945/6952/5146 7946/6953/5147
f 7946/6953/5147 7945/6952/5146 7947/6954/5148
f 7946/6953/5147 7947/6954/5148 7948/6955/5149
f 7949/6956/5150 7946/6953/5147 7948/6955/5149
f 7945/6952/5146 7943/6951/5144 7953/6957/5151
f 7943/6948/5144 7944/6949/5145 7955/6958/4221
f 7944/6959/5152 7957/6960/5153 7958/6961/5154
f 7942/6947/5143 7960/6962/878 7944/6949/5145
f 7961/6963/5155 7942/6964/5143 7941/6965/5142
f 7964/6966/5156 7941/6950/5142 7946/6953/5147
f 7966/6967/5157 7967/6968/5158 7968/6969/3527
f 7968/6969/3527 7967/6968/5158 7969/6970/5159
f 7966/6971/5157 7968/6972/3527 7970/6973/5160
f 7966/6971/5157 7970/6973/5160 7971/6974/5161
f 7971/6974/5161 7970/6973/5160 7972/6975/5162
f 7971/6974/5161 7972/6975/5162 7973/6976/5163
f 7974/6977/5164 7971/6974/5161 7973/6976/5163
f 7970/6973/5160 7968/6972/3527 7978/6978/5165
f 7968/6979/3527 7969/6980/5159 7980/6981/5166
f 7967/6968/5158 7984/6982/5167 7969/6970/5159
f 7985/6983/5168 7967/6968/5158 7966/6967/5157
f 7988/6984/5169 7966/6971/5157 7971/6974/5161
f 7990/6985/5170 7991/6986/5171 7992/6987/3461
f 7992/6987/3461 7991/6986/5171 7993/6988/5172
f 7990/6989/5170 7992/6990/3461 7994/6991/5173
f 7990/6989/5170 7994/6991/5173 7995/6992/5174
f 7995/6992/5174 7994/6991/5173 7996/6993/5175
f 7995/6992/5174 7996/6993/5175 7997/6994/5176
f 7998/6995/5177 7995/6992/5174 7997/6994/5176
f 7994/6991/5173 7992/6990/3461 8002/6996/5178
f 7992/6987/3461 7993/6988/5172 8004/6997/5179
f 7991/6986/5171 8008/6998/817 7993/6988/5172
f 8009/6999/2168 7991/6986/5171 7990/6985/5170
f 8012/7000/5180 7990/6989/5170 7995/6992/5174
f 8014/7001/5181 8015/7002/5182 8016/7003/5183
f 8016/7003/5183 8015/7002/5182 8017/7004/5184
f 8014/7005/5181 8016/7006/5183 8018/7007/5185
f 8014/7005/5181 8018/7007/5185 8019/7008/5186
f 8019/7008/5186 8018/7007/5185 8020/7009/5187
f 8019/7008/5186 8020/7009/5187 8021/7010/5188
f 8020/7009/5187 8018/7007/5185 8024/7011/5189
f 8018/7007/5185 8016/7006/5183 8026/7012/5190
f 8016/7003/5183 8017/7004/5184 8028/7013/5191
f 8032/7014/5192 8015/7002/5182 8014/7001/5181
f 8036/7015/5193 8037/7016/5194 8038/7017/5195
f 8036/7018/5193 8038/7019/5195 8039/7020/5196
f 8036/7018/5193 8039/7020/5196 8040/7021/5197
f 8036/7018/5193 8040/7021/5197 8041/7022/5198
f 8036/7023/5193 8041/7024/5198 8042/7025/5199
f 8042/7026/5199 8041/7027/5198 8043/7028/5200
f 8043/7028/5200 8046/7029/5201 8042/7026/5199
f 8050/7030/5202 8043/7028/5200 8041/7027/5198
f 8051/7031/5203 8041/7022/5198 8040/7021/5197
f 8039/7020/5196 8038/7019/5195 8057/7032/5204
f 8063/7033/5205 8064/7034/5206 8065/7035/3593
f 8065/7035/3593 8064/7034/5206 8066/7036/5207
f 8063/7037/5205 8065/7038/3593 8067/7039/5208
f 8063/7037/5205 8067/7039/5208 8068/7040/5209
f 8068/7040/5209 8067/7039/5208 8069/7041/5210
f 8068/7040/5209 8069/7041/5210 8070/7042/5211
f 8071/7043/5212 8068/7040/5209 8070/7042/5211
f 8067/7039/5208 8065/7038/3593 8075/7044/5213
f 8065/7045/3593 8066/7046/5207 8077/7047/5214
f 8064/7034/5206 8081/7048/5215 8066/7036/5207
f 8082/7049/5216 8064/7050/5206 8063/7051/5205
f 8085/7052/5217 8063/7037/5205 8068/7040/5209
f 8087/7053/5218 8088/7054/5219 8089/7055/5220
f 8089/7055/5220 8088/7054/5219 8090/7056/5221
f 8090/7056/5221 8088/7054/5219 8091/7057/5222
f 8090/7056/5221 8091/7057/5222 8092/7058/5223
f 8092/7058/5223 8091/7057/5222 8093/7059/5224
f 8088/7054/5219 8087/7053/5218 8094/7060/5225
f 8091/7057/5222 8088/7054/5219 8095/7061/5226
f 8088/7054/5219 8094/7060/5225 8095/7061/5226
f 8093/7059/5224 8091/7057/5222 8096/7062/5227
f 8091/7057/5222 8095/7061/5226 8096/7062/5227
f 8089/7055/5220 8090/7056/5221 8099/7063/5228
f 8090/7056/5221 8092/7058/5223 8101/7064/5229
f 8106/7065/5230 8096/7066/5227 8095/7067/5226
f 8109/7068/5231 8095/7069/5226 8094/7070/5225
f 8115/7071/5232 8116/7072/5233 8117/7073/5234
f 8117/7073/5234 8116/7072/5233 8118/7074/5235
f 8118/7074/5235 8116/7072/5233 8119/7075/5236
f 8118/7074/5235 8119/7075/5236 8120/7076/5237
f 8120/7076/5237 8119/7075/5236 8121/7077/5238
f 8120/7076/5237 8121/7077/5238 8122/7078/5239
f 8116/7072/5233 8115/7071/5232 8123/7079/5240
f 8119/7075/5236 8116/7072/5233 8124/7080/5241
f 8116/7072/5233 8123/7079/5240 8124/7080/5241
f 8119/7075/5236 8124/7080/5241 8125/7081/5242
f 8117/7073/5234 8118/7074/5235 8128/7082/5243
f 8118/7074/5235 8120/7076/5237 8130/7083/5244
f 8121/7077/5238 8135/7084/5245 8122/7078/5239
f 8139/7085/5246 8125/7081/5242 8124/7080/5241
f 8142/7086/5247 8124/7080/5241 8123/7079/5240
f 8115/7087/5232 8117/7088/5234 8146/7089/5248
f 8149/7090/5249 8150/7091/5250 8151/7092/5251
f 8150/7093/5250 8149/7094/5249 8152/7095/5252
f 8150/7093/5250 8152/7095/5252 8153/7096/5253
f 8162/7097/5254 8152/7095/5252 8149/7094/5249
f 8166/7098/5255 8149/7099/5249 8151/7100/5251
f 8167/7101/5256 8168/7102/5257 8169/7103/5258
f 8167/7104/5256 8169/7105/5258 8170/7106/5259
f 8167/7104/5256 8170/7106/5259 8171/7107/5260
f 8175/7108/5261 8170/7106/5259 8169/7105/5258
f 8179/7109/2933 8169/7110/5258 8168/7111/5257
f 8185/7112/5262 8186/7113/5263 8187/7114/5264
f 8185/7112/5262 8187/7114/5264 8188/7115/5265
f 8185/7112/5262 8188/7115/5265 8189/7116/5266
f 8193/7117/3786 8188/7115/5265 8187/7114/5264
f 8197/7118/5267 8187/7119/5264 8186/7120/5263
f 8203/7121/5268 8204/7122/5269 8205/7123/5270
f 8203/7124/5268 8205/7125/5270 8206/7126/5271
f 8203/7124/5268 8206/7126/5271 8207/7127/5272
f 8214/7128/5273 8205/7123/5270 8204/7122/5269
f 8220/7129/5274 8221/7130/5275 8222/7131/771
f 8222/7131/771 8221/7130/5275 8223/7132/5276
f 8222/7131/771 8223/7132/5276 8224/7133/5277
f 8222/7131/771 8224/7133/5277 8225/7134/5278
f 8222/7131/771 8225/7134/5278 8226/7135/5279
f 8222/7131/771 8226/7135/5279 8227/7136/5280
f 8222/7131/771 8227/7136/5280 8228/7137/5281
f 8220/7129/5274 8222/7131/771 8229/7138/5282
f 8229/7138/5282 8222/7131/771 8230/7139/5283
f 8230/7139/5283 8222/7131/771 8231/7140/5284
f 8231/7140/5284 8222/7131/771 8232/7141/5285
f 8232/7141/5285 8222/7131/771 8233/7142/5286
f 8233/7142/5286 8222/7131/771 8234/7143/5287
f 8234/7143/5287 8222/7131/771 8235/7144/5288
f 8222/7131/771 8228/7137/5281 8236/7145/5289
f 8235/7144/5288 8222/7131/771 8237/7146/5290
f 8237/7146/5290 8222/7131/771 8238/7147/5291
f 8222/7131/771 8236/7145/5289 8239/7148/5292
f 8238/7147/5291 8222/7131/771 8240/7149/5293
f 8222/7131/771 8239/7148/5292 8240/7149/5293
f 8240/7149/5293 8239/7148/5292 8241/7150/5294
f 8239/7148/5292 8236/7145/5289 8242/7151/5295
f 8241/7150/5294 8239/7148/5292 8242/7151/5295
f 8238/7147/5291 8240/7149/5293 8243/7152/5296
f 8240/7149/5293 8241/7150/5294 8243/7152/5296
f 8236/7145/5289 8228/7137/5281 8244/7153/5297
f 8242/7151/5295 8236/7145/5289 8244/7153/5297
f 8228/7137/5281 8227/7136/5280 8245/7154/5298
f 8244/7153/5297 8228/7137/5281 8245/7154/5298
f 8227/7136/5280 8226/7135/5279 8246/7155/5299
f 8245/7154/5298 8227/7136/5280 8246/7155/5299
f 8226/7135/5279 8225/7134/5278 8247/7156/5300
f 8246/7155/5299 8226/7135/5279 8247/7156/5300
f 8225/7134/5278 8224/7133/5277 8248/7157/5301
f 8247/7156/5300 8225/7134/5278 8248/7157/5301
f 8224/7133/5277 8223/7132/5276 8249/7158/5302
f 8248/7157/5301 8224/7133/5277 8249/7158/5302
f 8223/7132/5276 8221/7130/5275 8250/7159/5303
f 8249/7158/5302 8223/7132/5276 8250/7159/5303
f 8221/7130/5275 8220/7129/5274 8251/7160/5304
f 8250/7159/5303 8221/7130/5275 8251/7160/5304
f 8220/7129/5274 8229/7138/5282 8252/7161/5305
f 8251/7160/5304 8220/7129/5274 8252/7161/5305
f 8229/7138/5282 8230/7139/5283 8253/7162/5306
f 8252/7161/5305 8229/7138/5282 8253/7162/5306
f 8230/7139/5283 8231/7140/5284 8254/7163/5307
f 8253/7162/5306 8230/7139/5283 8254/7163/5307
f 8231/7140/5284 8232/7141/5285 8255/7164/5308
f 8254/7163/5307 8231/7140/5284 8255/7164/5308
f 8232/7141/5285 8233/7142/5286 8256/7165/5309
f 8255/7164/5308 8232/7141/5285 8256/7165/5309
f 8233/7142/5286 8234/7143/5287 8257/7166/5310
f 8256/7165/5309 8233/7142/5286 8257/7166/5310
f 8234/7143/5287 8235/7144/5288 8258/7167/5311
f 8257/7166/5310 8234/7143/5287 8258/7167/5311
f 8235/7144/5288 8237/7146/5290 8259/7168/5312
f 8258/7167/5311 8235/7144/5288 8259/7168/5312
f 8237/7146/5290 8238/7147/5291 8260/7169/5313
f 8238/7147/5291 8243/7152/5296 8260/7169/5313
f 8259/7168/5312 8237/7146/5290 8260/7169/5313
f 8261/7170/5314 8262/7171/5315 8263/7172/5316
f 8263/7172/5316 8262/7171/5315 8264/7173/5317
f 8264/7173/5317 8262/7171/5315 8265/7174/5318
f 8264/7173/5317 8266/7175/5319 8263/7172/5316
f 8273/7176/5320 8274/7177/5321 8275/7178/5322
f 8273/7176/5320 8275/7178/5322 8276/7179/5323
f 8276/7179/5323 8275/7178/5322 8277/7180/5324
f 8275/7178/5322 8274/7177/5321 8283/7181/5325
f 8273/7176/5320 8285/7182/5326 8274/7177/5321
f 8288/7183/5327 8273/7176/5320 8276/7179/5323
f 8291/7184/5328 8292/7185/5329 8293/7186/5330
f 8293/7186/5330 8292/7185/5329 8294/7187/5331
f 8292/7185/5329 8291/7184/5328 8295/7188/5332
f 8295/7188/5332 8291/7184/5328 8296/7189/5333
f 8295/7188/5332 8296/7189/5333 8297/7190/5334
f 8297/7190/5334 8296/7189/5333 8298/7191/5335
f 8297/7190/5334 8298/7191/5335 8299/7192/5336
f 8299/7192/5336 8298/7191/5335 8300/7193/5337
f 8299/7192/5336 8300/7193/5337 8301/7194/5338
f 8301/7194/5338 8300/7193/5337 8302/7195/5339
f 8301/7196/5338 8302/7197/5339 8303/7198/5340
f 8303/7198/5340 8302/7197/5339 8304/7199/5341
f 8303/7200/5340 8304/7201/5341 8305/7202/5342
f 8305/7202/5342 8304/7201/5341 8306/7203/5343
f 8305/7202/5342 8306/7203/5343 8307/7204/5344
f 8307/7204/5344 8306/7203/5343 8308/7205/5345
f 8307/7204/5344 8308/7205/5345 8309/7206/5346
f 8309/7206/5346 8308/7205/5345 8310/7207/5347
f 8309/7206/5346 8310/7207/5347 8311/7208/5348
f 8311/7208/5348 8310/7207/5347 8312/7209/5349
f 8311/7210/5348 8312/7211/5349 8313/7212/5350
f 8313/7212/5350 8312/7211/5349 8314/7213/5351
f 8313/7212/5350 8314/7213/5351 8315/7214/5352
f 8315/7214/5352 8314/7213/5351 8316/7215/5353
f 8315/7214/5352 8316/7215/5353 8317/7216/5354
f 8317/7216/5354 8316/7215/5353 8318/7217/5355
f 8317/7216/5354 8318/7217/5355 8319/7218/5356
f 8319/7218/5356 8318/7217/5355 8320/7219/5357
f 8319/7220/5356 8320/7221/5357 8321/7222/5358
f 8321/7222/5358 8320/7221/5357 8322/7223/5359
f 8321/7222/5358 8322/7223/5359 8323/7224/5360
f 8323/7224/5360 8322/7223/5359 8324/7225/5361
f 8323/7224/5360 8324/7225/5361 8325/7226/5362
f 8325/7226/5362 8324/7225/5361 8326/7227/5363
f 8325/7226/5362 8326/7227/5363 8327/7228/5364
f 8327/7228/5364 8326/7227/5363 8328/7229/5365
f 8327/7230/5364 8328/7231/5365 8329/7232/5366
f 8329/7232/5366 8328/7231/5365 8330/7233/5367
f 8291/7184/5328 8293/7186/5330 8331/7234/5368
f 8296/7189/5333 8291/7184/5328 8332/7235/5369
f 8291/7184/5328 8331/7234/5368 8332/7235/5369
f 8298/7191/5335 8296/7189/5333 8333/7236/5370
f 8296/7189/5333 8332/7235/5369 8333/7236/5370
f 8300/7193/5337 8298/7191/5335 8334/7237/5371
f 8298/7191/5335 8333/7236/5370 8334/7237/5371
f 8302/7195/5339 8300/7193/5337 8335/7238/5372
f 8300/7193/5337 8334/7237/5371 8335/7238/5372
f 8304/7201/5341 8302/7239/5339 8336/7240/5373
f 8302/7195/5339 8335/7238/5372 8336/7241/5373
f 8306/7203/5343 8304/7201/5341 8337/7242/5374
f 8304/7201/5341 8336/7240/5373 8337/7242/5374
f 8308/7205/5345 8306/7203/5343 8338/7243/5375
f 8306/7203/5343 8337/7242/5374 8338/7243/5375
f 8310/7207/5347 8308/7205/5345 8339/7244/5376
f 8308/7205/5345 8338/7243/5375 8339/7244/5376
f 8312/7209/5349 8310/7207/5347 8340/7245/5377
f 8310/7207/5347 8339/7244/5376 8340/7245/5377
f 8314/7246/5351 8312/7247/5349 8341/7248/5378
f 8312/7209/5349 8340/7245/5377 8341/7249/5378
f 8316/7250/5353 8314/7246/5351 8342/7251/5379
f 8314/7246/5351 8341/7248/5378 8342/7251/5379
f 8318/7252/5355 8316/7250/5353 8343/7253/5380
f 8316/7250/5353 8342/7251/5379 8343/7253/5380
f 8320/7254/5357 8318/7252/5355 8344/7255/5381
f 8318/7252/5355 8343/7253/5380 8344/7255/5381
f 8322/7223/5359 8320/7221/5357 8345/7256/5382
f 8320/7254/5357 8344/7255/5381 8345/7257/5382
f 8324/7225/5361 8322/7223/5359 8346/7258/5383
f 8322/7223/5359 8345/7256/5382 8346/7258/5383
f 8326/7227/5363 8324/7225/5361 8347/7259/5384
f 8324/7225/5361 8346/7258/5383 8347/7259/5384
f 8328/7229/5365 8326/7227/5363 8348/7260/5385
f 8326/7227/5363 8347/7259/5384 8348/7260/5385
f 8330/7261/5367 8328/7229/5365 8349/7262/5386
f 8328/7229/5365 8348/7260/5385 8349/7262/5386
f 8330/7261/5367 8349/7262/5386 8350/7263/5387
f 8329/7232/5366 8330/7233/5367 8351/7264/5388
f 8330/7265/5367 8350/7266/5387 8352/7267/5389
f 8351/7264/5388 8330/7233/5367 8352/7268/5389
f 8352/7267/5389 8350/7266/5387 8353/7269/5390
f 8293/7186/5330 8294/7187/5331 8355/7270/5391
l 2491 2990
l 2491 2993
l 2127 3024
l 5022 5030
l 2066 3029
l 475 1612
l 3044 3056
l 3044 3057
l 105 1686
l 3129 3137
l 3129 3138
l 3129 3139
l 3129 3140
l 3129 3142
l 3129 3143
l 4471 4559
l 730 1734
l 3172 3216
l 7682 7687
l 5977 6003
l 4626 4650
l 4626 4651
l 6023 6036
l 3276 3313
l 3276 3314
l 3322 3332
l 41 1943
l 4758 4848
l 4758 4849
l 1965 2005
l 2484 2699
l 6339 6348
l 6339 6349
l 3121 3145
l 7739 7769
l 33 879
l 3044 3055
l 224 932
l 5063 5071
l 5063 5072
l 281 950
l 754 990
l 754 991
l 3730 3748
l 7143 7151
l 6592 6599
l 6592 6600
l 2491 2991
l 8021 8023
l 8040 8053
l 7829 7831
l 8040 8054
l 2151 2631
l 2151 2632
l 2151 2633
l 2151 2634
l 3928 3967
l 8121 8136
l 8121 8137
l 73 1691
l 626 1209
l 2484 2697
l 2484 2701
l 3959 4009
l 6085 6112
l 5236 5450
l 5204 5486
l 5172 5510
l 2305 2769
l 2305 2770
l 6882 6906
l 2397 2778
l 7618 7626
l 5140 5541
l 193 1359
l 2573 2817
l 5108 5571
l 161 1409
l 5969 5982
l 2119 2874
l 7015 7039
l 658 1453
l 4255 4343
l 2541 2970
l 2541 2971
l 4588 4606
l 634 1586
l 4588 4607
l 2513 2983
l 2513 2984
l 2198 3006
l 7802 7824
l 7802 7825
l 5862 5875
l 7491 7504
l 97 1715
l 4494 4564
l 4463 4569
l 3180 3190
l 3180 3191
l 7371 7383
l 7412 7414
l 7412 7415
l 7412 7416
l 6031 6058
l 256 1844
l 6077 6090
l 4494 4563
l 7519 7528
l 1957 1997
l 7829 7832
l 7829 7833
l 3439 3469
l 3439 3470
l 7648 7654
l 7648 7655
l 9 780
l 7713 7719
l 7713 7720
l 7713 7721
l 762 823
l 762 824
l 4846 4983
l 7778 7784
l 7778 7785
l 7778 7786
l 3606 3647
l 3606 3648
l 232 940
l 746 1730
l 3738 3760
l 7597 7603
l 7088 7094
l 7971 7975
l 6616 6628
l 6616 6629
l 6616 6630
l 6616 6631
l 6616 6632
l 6616 6633
l 7992 8003
l 7648 7656
l 3491 3513
l 2565 2580
l 2565 2583
l 538 1100
l 538 1101
l 538 1103
l 7941 7965
l 4774 4874
l 2175 2645
l 5260 5404
l 3936 3975
l 5228 5442
l 5196 5478
l 5164 5506
l 2326 2772
l 6890 6914
l 5132 5533
l 5100 5563
l 2297 2829
l 169 1383
l 6942 6964
l 6942 6965
l 4174 4225
l 4174 4226
l 7023 7058
l 7023 7059
l 6640 6649
l 7103 7117
l 7556 7572
l 2205 3001
l 7180 7181
l 4367 4447
l 121 1670
l 89 1707
l 7303 7313
l 7303 7314
l 7303 7315
l 746 1729
l 5916 5929
l 7325 7339
l 2484 2698
l 7343 7367
l 6755 6779
l 3227 3267
l 7449 7454
l 7449 7455
l 7449 7456
l 7470 7488
l 618 1896
l 6131 6144
l 57 1927
l 4838 4943
l 7556 7571
l 3396 3414
l 7574 7585
l 4774 4873
l 7597 7602
l 7597 7605
l 1981 2021
l 7618 7624
l 7618 7625
l 1949 2060
l 1949 2061
l 4838 4942
l 17 788
l 3499 3556
l 7705 7738
l 3582 3631
l 6403 6407
l 5022 5031
l 7770 7801
l 208 916
l 3614 3689
l 3614 3690
l 6558 6577
l 6558 6579
l 674 1038
l 610 1042
l 610 1043
l 546 1065
l 6640 6650
l 6640 6651
l 6640 6652
l 6139 6165
l 3840 3846
l 3840 3847
l 3840 3848
l 3840 3849
l 3840 3850
l 5156 5344
l 8070 8073
l 578 1137
l 5220 5367
l 5252 5379
l 483 1171
l 3943 3983
l 8149 8165
l 8169 8177
l 8169 8178
l 3180 3192
l 2229 2722
l 2229 2724
l 2229 2725
l 6831 6870
l 6831 6871
l 2318 2779
l 2318 2780
l 6898 6923
l 6898 6924
l 4063 4132
l 4063 4133
l 4032 4138
l 7640 7673
l 177 1375
l 145 1393
l 2167 2849
l 5316 5597
l 5316 5598
l 5316 5599
l 738 1427
l 738 1428
l 4151 4231
l 7236 7255
l 6210 6216
l 7088 7092
l 7088 7093
l 2557 2941
l 5767 5772
l 5767 5773
l 5767 5774
l 4390 4441
l 4390 4442
l 3036 3045
l 3036 3047
l 3036 3048
l 770 1634
l 7283 7297
l 7283 7298
l 113 1678
l 5870 5896
l 3078 3113
l 81 1699
l 3121 3146
l 240 1719
l 5924 5950
l 4656 4670
l 6763 6787
l 3359 3367
l 3359 3369
l 3359 3370
l 3359 3371
l 4830 4934
l 49 1935
l 6185 6191
l 4766 4868
l 4766 4869
l 6235 6241
l 1973 2013
l 6259 6265
l 6282 6288
l 6306 6312
l 3507 3526
l 4798 4930
l 4830 4935
l 4830 4936
l 7682 7688
l 7682 7689
l 6558 6580
l 7674 7704
l 25 796
l 6331 6362
l 6331 6363
l 6371 6374
l 6371 6375
l 7747 7753
l 7747 7754
l 7747 7755
l 7325 7338
l 3622 3655
l 216 924
l 7852 7855
l 7874 7881
l 730 1735
l 7895 7915
l 7895 7916
l 3722 3778
l 650 1048
l 3810 3819
l 3810 3821
l 3810 3822
l 3810 3823
l 5116 5325
l 6666 6669
l 2549 2593
l 5148 5336
l 2433 2600
l 2405 2607
l 5212 5359
l 8149 8164
l 586 1140
l 3903 3918
l 3903 3919
l 3903 3920
l 5276 5385
l 3951 3991
l 3284 3296
l 248 1292
l 2252 2761
l 7470 7489
l 6724 6732
l 8276 8278
l 8276 8279
l 6724 6733
l 8276 8280
l 4040 4128
l 2373 2793
l 185 1367
l 153 1401
l 7007 7031
l 2190 2882
l 2342 2921
l 6403 6406
l 714 1501
l 6403 6408
l 7343 7366
l 4278 4347
l 4278 4348
l 4247 4354
l 2520 2981
l 3173 3195
l 3173 3196
l 3173 3197
l 3173 3198
l 74 1806
l 42 1816
l 6024 6052
l 763 1860
l 763 1861
l 3277 3312
l 2128 3014
l 4383 4423
l 476 1606
l 386 1627
l 699 1645
l 4472 4511
l 7675 7699
l 7675 7701
l 7675 7702
l 34 804
l 4751 4951
l 6513 6522
l 6513 6523
l 755 845
l 7740 7764
l 7740 7766
l 7740 7767
l 4589 4598
l 5007 5035
l 7803 7820
l 7803 7821
l 3739 3763
l 3323 3349
l 6340 6351
l 6340 6353
l 4759 4850
l 8122 8132
l 8122 8133
l 1966 2045
l 2230 2666
l 8041 8052
l 3870 3887
l 3870 3890
l 6748 6770
l 6748 6771
l 8122 8134
l 5269 5427
l 723 1214
l 3960 4006
l 3960 4007
l 5064 5075
l 5301 5589
l 3739 3764
l 4167 4207
l 5109 5605
l 5109 5606
l 2120 2866
l 2335 2903
l 4256 4295
l 5703 5707
l 5703 5708
l 2542 2972
l 5724 5729
l 5724 5730
l 7144 7148
l 7144 7149
l 7144 7150
l 130 1560
l 225 1234
l 3929 4022
l 5237 5461
l 6816 6840
l 194 1284
l 4049 4088
l 5173 5514
l 2398 2774
l 2398 2775
l 2398 2776
l 6883 6929
l 2574 2819
l 2366 2824
l 6951 6975
l 7372 7386
l 7372 7387
l 7391 7407
l 7391 7408
l 6032 6069
l 3285 3308
l 6078 6106
l 4375 4415
l 3492 3550
l 3607 3644
l 3607 3645
l 3607 3646
l 10 901
l 4783 4854
l 3440 3465
l 1958 2053
l 603 1089
l 539 1094
l 8014 8035
l 7993 8006
l 2419 2604
l 2419 2605
l 571 1128
l 2176 2651
l 667 1194
l 5261 5435
l 6513 6524
l 6513 6525
l 4735 4901
l 5978 6015
l 3739 3765
l 7450 7467
l 7492 7501
l 7492 7502
l 7993 8005
l 7993 8007
l 2144 2857
l 5293 5603
l 5293 5601
l 5293 5602
l 4175 4224
l 5612 5617
l 5612 5618
l 7024 7051
l 7024 7052
l 4264 4303
l 2206 2931
l 2206 2932
l 7104 7108
l 2566 2953
l 138 1530
l 106 1536
l 2477 2708
l 2477 2709
l 2237 2716
l 2237 2718
l 5229 5469
l 201 1258
l 6824 6848
l 5197 5497
l 4056 4096
l 731 1312
l 731 1313
l 5165 5520
l 6891 6921
l 2298 2788
l 5133 5547
l 4144 4183
l 6959 6982
l 747 1732
l 7326 7340
l 5917 5944
l 7326 7342
l 90 1790
l 3228 3256
l 58 1832
l 7427 7444
l 7427 7445
l 7471 7481
l 4368 4407
l 8092 8102
l 5782 5800
l 5782 5801
l 5782 5802
l 7237 7264
l 7641 7670
l 6132 6159
l 4487 4527
l 7284 7293
l 7284 7294
l 7284 7295
l 5871 5908
l 7845 7869
l 747 1731
l 7641 7671
l 6539 6551
l 4839 4945
l 3500 3552
l 3500 3553
l 3500 3554
l 4775 4870
l 4775 4871
l 7706 7735
l 6383 6397
l 6383 6398
l 6383 6399
l 298 860
l 3583 3640
l 7771 7796
l 7771 7798
l 7771 7799
l 18 893
l 5023 5054
l 5023 5055
l 6086 6123
l 619 1898
l 619 1901
l 7533 7554
l 7533 7555
l 7557 7566
l 3397 3408
l 7575 7580
l 7575 7581
l 1950 1991
l 4775 4872
l 7598 7612
l 7619 7637
l 579 1134
l 5221 5371
l 7706 7736
l 8092 8103
l 484 1184
l 484 1185
l 3397 3409
l 8170 8172
l 3615 3686
l 3615 3687
l 3699 3704
l 3699 3705
l 6539 6549
l 6539 6550
l 7925 7929
l 7942 7962
l 7942 7963
l 547 1060
l 3803 3816
l 739 1429
l 739 1430
l 7065 7081
l 2199 2927
l 4271 4311
l 146 1522
l 2558 2958
l 114 1544
l 2528 2974
l 4159 4199
l 8170 8174
l 8170 8176
l 209 1250
l 178 1268
l 6832 6867
l 6832 6868
l 5189 5504
l 4831 4967
l 3937 4014
l 8261 8272
l 2319 2781
l 8170 8173
l 5125 5555
l 2426 2590
l 4152 4191
l 5285 5586
l 4589 4599
l 5970 5997
l 82 1798
l 50 1824
l 4360 4399
l 4391 4440
l 771 1636
l 771 1639
l 3079 3100
l 4480 4519
l 6725 6737
l 3122 3147
l 3508 3525
l 6307 6319
l 6307 6320
l 8063 8086
l 6332 6360
l 4831 4965
l 5803 5823
l 26 885
l 3623 3652
l 3623 3653
l 7237 7263
l 6140 6177
l 6186 6198
l 4767 4867
l 6211 6223
l 6211 6224
l 6236 6245
l 6236 6246
l 1974 2037
l 6260 6271
l 6260 6272
l 6283 6294
l 6283 6295
l 3508 3521
l 2096 2577
l 5085 5323
l 5117 5329
l 6684 6690
l 524 1124
l 5181 5355
l 2067 2621
l 3904 3921
l 6725 6734
l 6725 6736
l 5277 5389
l 7326 7341
l 6186 6199
l 7875 7879
l 5863 5890
l 7896 7908
l 683 1035
l 651 1050
l 3731 3768
l 2191 2877
l 7008 7056
l 2343 2905
l 715 1503
l 715 1506
l 3870 3885
l 154 1514
l 122 1552
l 217 1242
l 2253 2734
l 186 1276
l 4041 4080
l 5925 5961
l 6875 6938
l 6875 6939
l 2374 2802
l 6943 6967
l 5309 5578
l 2222 2843
l 3324 3334
l 4832 4975
l 7238 7260
l 7238 7261
l 7238 7262
l 43 1941
l 4760 4861
l 4153 4229
l 1967 2007
l 5676 5699
l 7105 7115
l 7676 7697
l 258 808
l 7741 7762
l 7741 7763
l 2129 3020
l 477 1615
l 477 1616
l 668 1622
l 668 1623
l 7513 7531
l 700 1652
l 107 1684
l 4473 4557
l 3174 3199
l 5979 6005
l 6685 6689
l 6025 6038
l 7392 7403
l 3278 3290
l 3278 3292
l 764 1858
l 764 1859
l 5238 5452
l 7373 7389
l 5206 5488
l 6817 6865
l 2399 2747
l 2399 2748
l 2275 2753
l 5174 5511
l 628 1324
l 3221 3273
l 2575 2821
l 2246 2840
l 163 1411
l 5110 5607
l 5110 5608
l 2121 2873
l 7017 7041
l 2336 2892
l 7558 7565
l 5918 5931
l 4257 4341
l 5704 5712
l 5704 5713
l 7121 7137
l 5725 5737
l 226 934
l 5065 5078
l 5065 5079
l 7846 7866
l 7846 7867
l 3732 3750
l 756 1025
l 596 1077
l 8042 8044
l 8042 8045
l 2427 2602
l 564 1161
l 3930 3969
l 8123 8144
l 8123 8145
l 5270 5423
l 2485 2693
l 2485 2694
l 2485 2695
l 2485 2696
l 4784 4856
l 4784 4857
l 1959 1999
l 3441 3447
l 4720 4894
l 4720 4895
l 7642 7665
l 11 782
l 8064 8084
l 7345 7350
l 5126 5527
l 5000 5046
l 5000 5047
l 202 910
l 2200 3002
l 2200 3004
l 2200 3005
l 469 1600
l 4465 4501
l 5864 5877
l 4496 4540
l 6141 6167
l 7373 7388
l 7373 7390
l 7392 7402
l 7392 7404
l 3835 3845
l 3221 3272
l 67 1840
l 3221 3274
l 3221 3275
l 6033 6060
l 3286 3298
l 6079 6092
l 4736 4905
l 5198 5480
l 234 1290
l 5166 5507
l 323 1307
l 732 1308
l 732 1310
l 732 1311
l 6892 6916
l 5134 5535
l 5102 5565
l 171 1381
l 139 1387
l 6960 6998
l 6960 6999
l 4176 4221
l 4176 4222
l 6718 6744
l 4145 4237
l 5613 5624
l 7025 7050
l 5633 5653
l 5633 5654
l 5655 5674
l 5655 5675
l 2567 2947
l 2567 2950
l 2536 2969
l 3608 3695
l 5302 5417
l 7973 7976
l 7105 7114
l 540 1072
l 6618 6635
l 6618 6636
l 3798 3827
l 3798 3828
l 3798 3829
l 3798 3830
l 3798 3831
l 3835 3841
l 604 1091
l 604 1092
l 604 1093
l 8015 8033
l 8015 8034
l 2391 2618
l 2145 2639
l 2177 2646
l 5262 5406
l 3938 3977
l 8115 8147
l 8115 8148
l 75 1693
l 5230 5444
l 7493 7498
l 7493 7499
l 6133 6146
l 59 1925
l 7513 7532
l 7534 7545
l 7558 7563
l 7558 7564
l 3398 3401
l 7576 7592
l 7599 7608
l 1983 2023
l 7620 7632
l 7642 7664
l 7994 8001
l 19 790
l 4840 4947
l 4760 4860
l 740 815
l 740 816
l 7707 7729
l 7707 7730
l 6384 6395
l 3584 3632
l 7772 7793
l 4832 4974
l 5024 5052
l 5024 5053
l 210 918
l 3616 3675
l 7160 7165
l 7160 7166
l 2207 2997
l 5783 5799
l 4369 4445
l 5804 5819
l 5830 5843
l 3835 3844
l 123 1668
l 7285 7291
l 7285 7292
l 5872 5898
l 91 1709
l 6749 6773
l 7345 7351
l 3229 3264
l 3229 3265
l 7025 7049
l 7428 7439
l 7428 7442
l 275 1848
l 6547 6548
l 7472 7477
l 7472 7478
l 7472 7480
l 6087 6114
l 6833 6860
l 6833 6861
l 4034 4070
l 4065 4109
l 2320 2782
l 6884 6908
l 5094 5557
l 179 1373
l 147 1395
l 2169 2851
l 2105 2865
l 7066 7079
l 2559 2943
l 6384 6396
l 3700 3707
l 3700 3708
l 7772 7794
l 644 986
l 7926 7930
l 6560 6573
l 6560 6574
l 6560 6575
l 7897 7910
l 548 1040
l 7943 7954
l 6642 6653
l 5158 5345
l 5222 5369
l 8093 8104
l 8093 8105
l 6718 6745
l 5676 5698
l 3945 3985
l 8151 8154
l 8151 8155
l 8151 8156
l 8151 8157
l 8151 8158
l 422 1902
l 422 1903
l 3361 3372
l 7451 7462
l 4768 4863
l 4768 4864
l 4768 4865
l 1975 2015
l 4736 4907
l 4736 4908
l 27 798
l 371 828
l 371 829
l 3624 3658
l 3624 3659
l 218 926
l 5704 5711
l 5745 5763
l 4784 4855
l 4392 4437
l 4392 4438
l 3038 3049
l 4361 4453
l 772 1630
l 772 1631
l 772 1633
l 115 1676
l 3080 3111
l 83 1701
l 51 1933
l 3123 3164
l 5926 5952
l 4590 4594
l 612 1757
l 5971 5984
l 708 1779
l 6757 6781
l 3236 3238
l 3236 3239
l 3236 3240
l 3236 3241
l 4658 4672
l 4658 4673
l 242 1842
l 5613 5623
l 5725 5736
l 5783 5798
l 3953 4026
l 3953 4027
l 2223 2731
l 2254 2759
l 4042 4126
l 2375 2795
l 2375 2796
l 187 1365
l 6765 6789
l 5310 5579
l 5310 5580
l 155 1403
l 8064 8083
l 7009 7033
l 4249 4285
l 2299 2764
l 4280 4324
l 2522 2985
l 2522 2986
l 748 952
l 748 953
l 3724 3740
l 3724 3741
l 7897 7911
l 7897 7912
l 7493 7500
l 7919 7940
l 6586 6604
l 652 1051
l 7676 7698
l 5118 5327
l 525 1108
l 556 1117
l 5182 5349
l 5214 5360
l 588 1141
l 6703 6715
l 6703 6716
l 6703 6717
l 3905 3912
l 3905 3913
l 3905 3914
l 3905 3915
l 5278 5386
l 6586 6606
l 3278 3293
l 7677 7695
l 7742 7761
l 7920 7936
l 7805 7810
l 4 907
l 733 1894
l 3325 3347
l 4761 4858
l 4761 4859
l 4729 4897
l 4729 4898
l 1968 2043
l 388 1747
l 3175 3214
l 5980 6012
l 76 1804
l 44 1818
l 478 1881
l 733 1892
l 733 1893
l 7805 7809
l 2130 3018
l 2130 3019
l 4385 4457
l 4385 4458
l 4266 4305
l 4474 4513
l 7191 7281
l 7191 7282
l 3132 3135
l 3132 3136
l 6704 6712
l 6704 6713
l 2122 2868
l 4169 4241
l 4169 4242
l 2337 2884
l 4258 4297
l 3442 3451
l 7346 7364
l 7346 7365
l 7122 7135
l 5726 5731
l 5726 5735
l 3931 4020
l 5239 5459
l 6818 6842
l 196 1286
l 661 1317
l 6953 6977
l 2576 2578
l 5746 5760
l 5746 5761
l 8043 8047
l 5143 5339
l 3872 3879
l 3872 3880
l 3872 3881
l 3872 3882
l 3872 3883
l 4833 4973
l 8124 8143
l 5303 5420
l 5303 5421
l 5017 5034
l 5066 5076
l 5066 5077
l 7847 7858
l 8043 8048
l 597 1082
l 3494 3549
l 12 899
l 5001 5048
l 5001 5049
l 693 1905
l 693 1906
l 4721 4896
l 1960 2051
l 3183 3187
l 7708 7727
l 7393 7400
l 3222 3271
l 6034 6066
l 6034 6067
l 3287 3305
l 3287 3306
l 6080 6104
l 4377 4417
l 470 1603
l 5865 5888
l 4497 4541
l 4497 4542
l 100 1717
l 6961 6996
l 6961 6997
l 1952 2059
l 4051 4090
l 765 1437
l 765 1438
l 5614 5619
l 5614 5620
l 5614 5622
l 2568 2897
l 5634 5649
l 5634 5650
l 416 1488
l 416 1489
l 6515 6527
l 5677 5695
l 7106 7112
l 7106 7113
l 140 1528
l 4591 4604
l 108 1538
l 4591 4605
l 5231 5467
l 203 1256
l 172 1262
l 2269 2744
l 2269 2745
l 2269 2746
l 5199 5495
l 3317 3353
l 8043 8049
l 4058 4098
l 2329 2773
l 5167 5519
l 2300 2786
l 7018 7047
l 5135 5545
l 2360 2809
l 4817 4968
l 4146 4185
l 8016 8027
l 573 1130
l 2146 2625
l 669 1155
l 669 1156
l 669 1157
l 7286 7287
l 2479 2690
l 2479 2691
l 5263 5433
l 7286 7290
l 6515 6526
l 8263 8268
l 7995 7999
l 6619 6637
l 605 1087
l 4841 4949
l 741 817
l 741 818
l 6385 6390
l 3585 3637
l 3585 3638
l 7773 7792
l 20 891
l 4993 5058
l 3617 3681
l 6088 6119
l 7514 7524
l 6134 6157
l 7535 7540
l 7535 7544
l 3399 3406
l 3399 3407
l 7559 7570
l 7577 7587
l 4777 4885
l 4777 4886
l 8293 8354
l 4659 4675
l 7643 7662
l 5919 5942
l 92 1788
l 3230 3258
l 3230 3261
l 60 1834
l 7429 7436
l 7429 7437
l 7473 7487
l 6088 6118
l 7161 7168
l 7161 7169
l 2208 2996
l 4370 4409
l 5784 5787
l 6826 6849
l 5805 5811
l 5831 5849
l 5831 5850
l 7239 7274
l 7239 7275
l 7286 7288
l 4489 4529
l 5873 5905
l 5873 5906
l 486 1458
l 7002 7062
l 7002 7063
l 7067 7071
l 2201 2929
l 4273 4313
l 148 1520
l 2560 2956
l 116 1546
l 211 1248
l 180 1270
l 6834 6859
l 2262 2742
l 4035 4074
l 5191 5503
l 8263 8267
l 4066 4110
l 4066 4111
l 5159 5525
l 5127 5553
l 2292 2833
l 4154 4193
l 6643 6657
l 6643 6659
l 4629 4648
l 4629 4649
l 581 1135
l 3899 3906
l 3899 3909
l 3899 3910
l 2376 2801
l 3561 3696
l 8094 8111
l 8094 8112
l 2170 2657
l 773 1203
l 8152 8159
l 8152 8160
l 8152 8163
l 5255 5440
l 8152 8161
l 3701 3709
l 3701 3710
l 7494 7510
l 645 984
l 2523 2979
l 7944 7956
l 549 1061
l 549 1062
l 549 1063
l 6334 6358
l 6334 6359
l 4833 4971
l 4833 4972
l 28 883
l 3625 3661
l 3625 3660
l 3625 3662
l 3317 3352
l 3317 3354
l 3317 3355
l 3317 3356
l 6142 6174
l 6142 6175
l 3362 3387
l 1976 2035
l 4737 4909
l 4737 4911
l 4737 4912
l 3510 3515
l 3510 3518
l 5656 5671
l 5927 5958
l 5927 5959
l 613 1759
l 613 1762
l 6026 6050
l 709 1784
l 2408 2608
l 5972 5995
l 709 1781
l 84 1796
l 52 1826
l 4659 4674
l 2436 2599
l 3183 3189
l 4362 4401
l 3039 3065
l 3081 3102
l 4482 4521
l 6834 6858
l 3124 3149
l 7966 7989
l 7944 7959
l 2193 2879
l 7010 7055
l 2345 2907
l 4250 4289
l 8204 8218
l 4281 4325
l 4281 4326
l 156 1512
l 5980 6013
l 124 1554
l 219 1240
l 3954 4024
l 3954 4025
l 3923 4031
l 2255 2736
l 188 1278
l 8204 8215
l 8204 8216
l 8204 8217
l 8204 8219
l 4043 4082
l 4466 4505
l 6877 6899
l 6877 6900
l 717 1340
l 2376 2798
l 2376 2799
l 2376 2800
l 6945 6969
l 5311 5581
l 5311 5582
l 4161 4201
l 5087 5321
l 2436 2597
l 557 1114
l 557 1115
l 557 1116
l 3805 3825
l 526 1122
l 5183 5353
l 3864 3894
l 8065 8076
l 2069 2623
l 7393 7399
l 653 1146
l 653 1147
l 653 1148
l 5247 5383
l 2224 2660
l 2552 2686
l 2552 2687
l 749 955
l 7877 7880
l 7898 7906
l 3725 3743
l 3725 3746
l 6766 6806
l 6766 6807
l 7920 7937
l 685 1033
l 685 1034
l 228 936
l 7848 7860
l 7848 7863
l 7515 7521
l 3734 3752
l 3734 3753
l 598 1079
l 534 1104
l 5280 5387
l 7870 7893
l 5304 5398
l 5304 5399
l 3932 3971
l 8125 8138
l 8125 8140
l 8125 8141
l 5272 5425
l 726 1227
l 6720 6727
l 5240 5454
l 6819 6864
l 5176 5512
l 8095 8110
l 6886 6910
l 410 1336
l 8294 8356
l 2248 2838
l 2217 2847
l 4170 4239
l 381 1440
l 381 1441
l 4139 4246
l 2338 2891
l 4259 4339
l 7123 7127
l 133 1562
l 447 1581
l 447 1582
l 447 1583
l 2194 3010
l 4386 4455
l 4386 4456
l 7019 7043
l 4355 4462
l 702 1657
l 7192 7277
l 7192 7278
l 7192 7279
l 109 1682
l 77 1695
l 4475 4555
l 4170 4240
l 734 1754
l 734 1755
l 3176 3201
l 4608 4624
l 4608 4625
l 4630 4642
l 4630 4645
l 6027 6040
l 4652 4683
l 264 1846
l 479 1879
l 3326 3336
l 45 1939
l 7806 7812
l 1969 2009
l 4762 4891
l 4762 4892
l 3947 3987
l 4730 4904
l 7678 7684
l 4826 4962
l 7743 7749
l 5144 5333
l 7806 7813
l 3610 3694
l 5059 5080
l 6516 6531
l 6516 6533
l 638 1008
l 511 1067
l 542 1074
l 606 1084
l 8017 8029
l 8017 8030
l 8017 8031
l 3363 3374
l 5806 5813
l 2147 2637
l 574 1153
l 8117 8127
l 670 1191
l 670 1192
l 2538 2675
l 2538 2676
l 2538 2677
l 3940 3979
l 5232 5446
l 2451 2712
l 2451 2713
l 6827 6856
l 5200 5482
l 5168 5508
l 2301 2766
l 389 1321
l 6894 6918
l 2393 2783
l 5136 5537
l 7240 7270
l 5104 5567
l 173 1379
l 141 1389
l 6962 6989
l 6962 6990
l 766 1435
l 766 1436
l 2569 2894
l 2569 2895
l 7084 7100
l 7709 7715
l 236 1564
l 471 1598
l 5866 5879
l 4498 4549
l 4498 4550
l 630 1750
l 4147 4235
l 7394 7396
l 7394 7397
l 7394 7398
l 3223 3248
l 3223 3249
l 3223 3250
l 3223 3251
l 4363 4451
l 3288 3300
l 3288 3301
l 3288 3302
l 6081 6094
l 37 1947
l 1961 2001
l 3417 3436
l 3443 3464
l 4722 4914
l 4722 4915
l 13 784
l 5002 5037
l 204 912
l 6386 6394
l 3702 3713
l 646 982
l 6542 6554
l 7928 7931
l 7928 7934
l 7945 7952
l 550 1059
l 7967 7986
l 7967 7987
l 6662 6673
l 6662 6674
l 6662 6675
l 6662 6676
l 6662 6677
l 6662 6679
l 5224 5370
l 6720 6726
l 2171 2641
l 3586 3634
l 774 1205
l 774 1206
l 774 1207
l 6767 6803
l 6767 6804
l 5192 5474
l 4786 4992
l 8264 8269
l 8264 8270
l 8264 8271
l 4067 4118
l 3702 3712
l 4067 4119
l 5096 5559
l 181 1371
l 149 1397
l 2139 2859
l 2107 2864
l 5635 5642
l 487 1462
l 7068 7076
l 7068 7077
l 710 1494
l 2561 2945
l 7162 7173
l 654 1592
l 5785 5795
l 5806 5816
l 622 1641
l 5832 5845
l 5832 5846
l 5832 5847
l 125 1666
l 7240 7271
l 7240 7272
l 3074 3116
l 6751 6775
l 93 1711
l 252 1721
l 5920 5933
l 7347 7361
l 3231 3243
l 3231 3244
l 3231 3246
l 7430 7431
l 7430 7432
l 7453 7464
l 7474 7483
l 7495 7506
l 7515 7520
l 6135 6148
l 7515 7523
l 61 1923
l 7536 7552
l 7560 7567
l 1953 1993
l 7601 7610
l 7644 7650
l 3503 3541
l 3503 3542
l 21 792
l 244 806
l 5184 5351
l 6386 6393
l 3586 3633
l 3586 3635
l 7774 7780
l 3618 3665
l 3618 3666
l 212 920
l 3626 3683
l 2538 2674
l 750 958
l 750 959
l 7899 7903
l 7921 7935
l 3726 3775
l 7622 7634
l 6588 6601
l 6588 6602
l 6588 6603
l 590 1054
l 5088 5319
l 5120 5328
l 495 1106
l 527 1110
l 3865 3884
l 6705 6706
l 6705 6707
l 6705 6708
l 8066 8078
l 8066 8079
l 8066 8080
l 5248 5376
l 5747 5753
l 8087 8113
l 8087 8114
l 2225 2729
l 8205 8212
l 8205 8213
l 6811 6873
l 6811 6874
l 2256 2757
l 6878 6902
l 4044 4124
l 189 1363
l 6946 6994
l 157 1405
l 7011 7035
l 2346 2916
l 4282 4333
l 4282 4334
l 2553 2965
l 2553 2966
l 7176 7185
l 7176 7186
l 7176 7189
l 7176 7190
l 2062 3032
l 3040 3051
l 117 1674
l 8117 8126
l 3082 3108
l 3082 3109
l 85 1703
l 7299 7319
l 7299 7320
l 3626 3682
l 3125 3162
l 4570 4586
l 4570 4587
l 6759 6783
l 5973 5986
l 4660 4681
l 4660 4682
l 3726 3774
l 742 1850
l 742 1851
l 3318 3351
l 4786 4991
l 53 1931
l 1977 2017
l 4834 4928
l 29 800
l 5128 5529
l 5018 5032
l 5018 5033
l 220 928
l 535 1096
l 5145 5337
l 5209 5364
l 567 1159
l 5305 5397
l 6752 6801
l 727 1229
l 727 1232
l 7826 7843
l 7826 7844
l 7849 7856
l 3418 3431
l 7871 7890
l 7871 7891
l 3735 3755
l 3735 3756
l 759 1020
l 7807 7818
l 2084 2615
l 166 1413
l 2124 2870
l 2339 2886
l 4260 4299
l 1962 2049
l 7124 7132
l 7124 7133
l 2460 2710
l 2460 2711
l 6820 6844
l 4843 4987
l 2278 2750
l 4052 4092
l 8273 8289
l 8273 8290
l 2370 2806
l 6955 6979
l 2249 2834
l 3177 3212
l 4631 4639
l 4631 4640
l 78 1802
l 46 1820
l 4653 4668
l 6028 6046
l 480 1884
l 7537 7547
l 5225 5473
l 6232 6251
l 7225 7259
l 703 1659
l 703 1662
l 4476 4515
l 5859 5912
l 7679 7693
l 3504 3539
l 7744 7759
l 6 905
l 7807 7817
l 6074 6127
l 3327 3344
l 3327 3345
l 743 1852
l 4763 4890
l 1970 2041
l 3488 3520
l 3834 3851
l 8037 8060
l 8037 8062
l 7710 7725
l 2084 2614
l 2148 2627
l 7579 7589
l 575 1150
l 575 1151
l 8206 8210
l 8118 8129
l 5060 5070
l 6828 6851
l 6555 6582
l 3800 3826
l 5305 5393
l 5636 5638
l 5636 5639
l 2570 2898
l 671 1474
l 671 1475
l 767 1481
l 4267 4307
l 5679 5684
l 7085 7098
l 142 1526
l 110 1540
l 5233 5465
l 205 1254
l 174 1264
l 2271 2743
l 5201 5493
l 4060 4100
l 5169 5518
l 735 1326
l 735 1327
l 735 1328
l 2302 2785
l 5137 5543
l 6895 6936
l 6895 6937
l 2362 2808
l 6256 6277
l 4148 4187
l 6963 6987
l 663 1743
l 3184 3186
l 5913 5965
l 70 1810
l 3224 3252
l 6082 6100
l 4379 4419
l 5825 5841
l 5825 5842
l 4468 4507
l 5867 5884
l 4499 4548
l 3496 3546
l 4755 4954
l 4755 4956
l 4755 4957
l 6400 6412
l 6400 6413
l 6400 6414
l 14 897
l 6128 6181
l 3418 3430
l 7241 7268
l 3444 3453
l 5658 5662
l 6645 6654
l 6645 6655
l 5748 5755
l 2416 2589
l 6663 6671
l 6663 6672
l 6680 6697
l 6680 6698
l 6680 6699
l 6680 6700
l 6680 6702
l 6721 6729
l 6721 6730
l 6721 6731
l 8096 8107
l 8096 8108
l 2172 2655
l 488 1178
l 5289 5408
l 5289 5409
l 5289 5410
l 775 1200
l 775 1202
l 6768 6796
l 6768 6797
l 5257 5439
l 3703 3714
l 3703 3715
l 647 980
l 5679 5685
l 6543 6553
l 6563 6565
l 6563 6566
l 6563 6567
l 8018 8025
l 8037 8061
l 7968 7979
l 3807 3818
l 2108 2860
l 7004 7026
l 7004 7027
l 7069 7073
l 7069 7074
l 7069 7075
l 711 1491
l 2386 2933
l 1978 2033
l 150 1518
l 5265 5431
l 118 1548
l 213 1246
l 6963 6988
l 182 1272
l 4037 4076
l 5193 5501
l 5161 5524
l 4068 4117
l 615 1330
l 5129 5551
l 2294 2832
l 4156 4195
l 5097 5588
l 5921 5938
l 7348 7352
l 7348 7353
l 94 1786
l 5966 6019
l 7409 7425
l 7409 7426
l 62 1836
l 2394 2912
l 7163 7170
l 7163 7171
l 4372 4411
l 5764 5779
l 5764 5780
l 5764 5781
l 5786 5788
l 404 1643
l 7241 7265
l 7241 7267
l 5833 5856
l 3075 3115
l 4491 4531
l 4763 4889
l 6303 6326
l 6303 6327
l 3504 3538
l 6279 6302
l 6328 6365
l 6368 6381
l 6368 6382
l 4843 4985
l 4843 4986
l 679 858
l 5658 5663
l 6645 6656
l 7775 7790
l 22 889
l 4995 5038
l 3619 3668
l 6136 6153
l 7516 7530
l 6182 6205
l 6182 6206
l 6207 6230
l 6207 6231
l 4779 4884
l 6232 6252
l 6256 6278
l 7997 8000
l 1954 2057
l 6563 6569
l 6279 6301
l 4747 4917
l 404 1642
l 5019 5041
l 7645 7660
l 528 1121
l 8067 8074
l 5153 5347
l 5249 5381
l 4275 4315
l 2226 2662
l 3925 3961
l 2378 2671
l 2378 2672
l 3956 4001
l 8206 8208
l 3627 3685
l 3083 3094
l 751 1004
l 3727 3772
l 591 1052
l 8186 8201
l 3627 3684
l 559 1075
l 4163 4203
l 6563 6570
l 2164 2854
l 5313 5600
l 2347 2908
l 4252 4291
l 6543 6552
l 158 1510
l 4283 4332
l 2554 2961
l 126 1556
l 7140 7156
l 221 1238
l 8186 8198
l 8186 8199
l 8186 8200
l 8186 8202
l 8206 8209
l 8206 8211
l 3933 4018
l 190 1280
l 4045 4084
l 2562 2683
l 2562 2684
l 719 1350
l 6947 6971
l 3703 3716
l 7322 7331
l 4571 4578
l 4571 4579
l 5974 5991
l 2570 2899
l 86 1794
l 54 1828
l 4661 4680
l 5105 5574
l 743 1853
l 6020 6073
l 3319 3329
l 3319 3331
l 5748 5756
l 5748 5757
l 4364 4403
l 7446 7469
l 7177 7183
l 7177 7184
l 2063 3031
l 3041 3063
l 3083 3087
l 3083 3088
l 3083 3089
l 3083 3090
l 3083 3092
l 3083 3093
l 7201 7276
l 7946 7950
l 4483 4523
l 7300 7311
l 3126 3151
l 6336 6344
l 6336 6345
l 655 837
l 4609 4616
l 4609 4617
l 7225 7258
l 30 881
l 3364 3385
l 4771 4881
l 4771 4882
l 4771 4883
l 7615 7639
l 4835 4921
l 5242 5456
l 199 1288
l 7410 7421
l 8274 8284
l 8274 8286
l 2371 2791
l 4141 4177
l 2219 2845
l 4172 4216
l 2188 2883
l 4261 4337
l 7125 7129
l 7125 7130
l 7323 7328
l 7323 7330
l 7827 7839
l 230 938
l 7850 7854
l 728 960
l 728 961
l 728 962
l 7872 7883
l 3736 3758
l 760 1017
l 760 1018
l 7969 7981
l 3795 3811
l 3795 3814
l 3795 3815
l 536 1070
l 600 1080
l 2547 2591
l 5146 5335
l 5210 5357
l 568 1149
l 473 1168
l 3934 3973
l 5306 5415
l 5306 5416
l 4836 4926
l 3328 3338
l 3328 3340
l 47 1937
l 8274 8287
l 4764 4879
l 1971 2011
l 4732 4903
l 7 778
l 4828 4940
l 4828 4941
l 7745 7751
l 3604 3649
l 3604 3650
l 7808 7814
l 7808 7815
l 5314 5590
l 7827 7837
l 4357 4393
l 2196 3008
l 4764 4878
l 4388 4432
l 5860 5894
l 4836 4927
l 7226 7256
l 7226 7257
l 7990 8013
l 6369 6378
l 111 1680
l 79 1697
l 3728 3747
l 4477 4553
l 3178 3203
l 704 1771
l 6761 6785
l 3942 3981
l 4654 4663
l 4654 4667
l 6029 6044
l 6029 6045
l 3282 3294
l 6075 6110
l 5234 5448
l 7125 7131
l 5202 5484
l 6722 6742
l 736 1301
l 736 1302
l 5170 5509
l 2303 2768
l 5138 5539
l 6896 6933
l 6896 6934
l 5106 5569
l 175 1377
l 8352 8357
l 143 1391
l 6681 6694
l 238 1415
l 4149 4233
l 5637 5643
l 768 1483
l 768 1484
l 768 1485
l 5659 5668
l 7086 7090
l 2540 2935
l 2540 2936
l 2540 2937
l 2540 2938
l 5680 5690
l 5700 5719
l 5700 5720
l 5721 5743
l 5721 5744
l 5061 5069
l 3612 3692
l 4610 4615
l 6518 6528
l 6518 6529
l 6518 6530
l 640 999
l 672 1010
l 3779 3789
l 3779 3790
l 5826 5836
l 5659 5666
l 5659 5667
l 608 1085
l 8019 8022
l 6638 6661
l 4662 4677
l 3838 3853
l 3838 3854
l 3838 3855
l 3838 3856
l 8038 8058
l 8038 8059
l 2085 2616
l 2149 2635
l 2395 2649
l 2482 2702
l 696 1916
l 6129 6163
l 3419 3422
l 1963 2003
l 3445 3461
l 3445 3462
l 15 786
l 5186 5352
l 4610 4612
l 4610 4613
l 6401 6409
l 6401 6410
l 5004 5025
l 5004 5026
l 206 914
l 5061 5067
l 5061 5068
l 5868 5882
l 5826 5840
l 103 1688
l 5868 5883
l 4500 4545
l 4500 4546
l 4469 4561
l 5914 5948
l 7005 7029
l 3225 3269
l 6083 6095
l 6083 6096
l 6769 6794
l 2445 2714
l 2445 2715
l 2234 2721
l 5194 5476
l 5162 5505
l 4069 4114
l 4069 4115
l 5130 5531
l 616 1332
l 616 1335
l 4038 4130
l 5098 5561
l 183 1369
l 2295 2827
l 151 1399
l 7901 7904
l 6940 7001
l 2141 2858
l 5609 5631
l 5609 5632
l 2355 2911
l 7210 7269
l 2532 2967
l 4756 4960
l 4756 4961
l 2505 2988
l 246 942
l 648 977
l 648 978
l 6564 6571
l 7680 7686
l 552 1057
l 7969 7982
l 7969 7983
l 3808 3824
l 3034 3068
l 6664 6667
l 6664 6668
l 5020 5044
l 6681 6693
l 6681 6695
l 5808 5809
l 584 1145
l 2173 2643
l 6722 6741
l 5258 5403
l 367 1196
l 2563 2681
l 3949 3989
l 6769 6795
l 7497 7508
l 6137 6152
l 3357 3390
l 3357 3391
l 3357 3392
l 3357 3393
l 6183 6201
l 1955 1995
l 6208 6226
l 6888 6912
l 127 1664
l 6233 6250
l 6257 6274
l 7646 7652
l 6280 6297
l 6304 6322
l 3505 3536
l 23 794
l 4748 4953
l 7711 7717
l 6369 6379
l 6369 6380
l 3620 3669
l 214 922
l 254 1566
l 7164 7175
l 5765 5777
l 5765 5778
l 7242 7245
l 7242 7246
l 6137 6151
l 3034 3069
l 3034 3070
l 3034 3071
l 3034 3072
l 3034 3073
l 5834 5854
l 5834 5855
l 3076 3096
l 3076 3097
l 2547 2592
l 95 1713
l 5922 5936
l 7349 7355
l 7369 7378
l 5967 6001
l 3926 3965
l 7410 7420
l 7410 7422
l 375 1864
l 375 1865
l 2563 2678
l 656 1875
l 7476 7485
l 6813 6835
l 6813 6836
l 8187 8195
l 8187 8196
l 3497 3544
l 2258 2755
l 2258 2756
l 6880 6904
l 4046 4122
l 720 1352
l 191 1361
l 6948 6993
l 5314 5591
l 159 1407
l 7013 7037
l 2348 2914
l 624 1487
l 2555 2939
l 4284 4329
l 4284 4330
l 4748 4952
l 7562 7568
l 4253 4345
l 2526 2975
l 2526 2977
l 2526 2978
l 5922 5937
l 7141 7155
l 752 1001
l 752 1002
l 6940 7000
l 3042 3053
l 7517 7526
l 4572 4574
l 5090 5320
l 2438 2595
l 2438 2596
l 529 1112
l 5154 5342
l 8068 8072
l 3867 3895
l 5250 5378
l 8089 8097
l 8089 8098
l 5282 5401
l 5282 5402
l 6956 6985
l 3957 4002
l 3957 4003
l 55 1929
l 7776 7782
l 1979 2019
l 7595 7613
l 7595 7614
l 7616 7630
l 311 1733
l 6337 6346
l 3481 3551
l 31 802
l 279 813
l 6638 6660
l 688 866
l 5020 5043
l 4844 4977
l 5020 5045
l 222 930
l 2489 2994
l 744 1574
l 744 1575
l 335 1580
l 2125 3026
l 3580 3630
l 4365 4449
l 7234 7251
l 7234 7252
l 7021 7045
l 119 1672
l 87 1705
l 6753 6777
l 39 1945
l 7323 7327
l 3127 3159
l 3127 3160
l 4572 4575
l 4572 4577
l 3365 3376
l 6564 6572
l 398 1763
l 5975 5989
l 5975 5990
l 4662 4678
l 6021 6056
l 7447 7460
l 4173 4217
l 4173 4218
l 2189 2875
l 2341 2888
l 7022 7060
l 7022 7061
l 6030 6071
l 4262 4301
l 3171 3218
l 7102 7119
l 136 1532
l 5315 5595
l 3935 4016
l 6822 6846
l 4358 4397
l 4054 4094
l 6370 6376
l 8275 8281
l 8275 8282
l 2372 2804
l 4142 4181
l 6957 6981
l 2251 2836
l 2220 2841
l 537 1097
l 537 1098
l 537 1099
l 5115 5331
l 569 1126
l 2065 2619
l 5275 5391
l 5307 5411
l 5307 5412
l 5307 5414
l 6754 6799
l 7873 7886
l 7873 7887
l 6511 6534
l 6511 6536
l 7894 7918
l 3737 3766
l 6682 6687
l 6615 6624
l 4829 4937
l 4829 4938
l 7681 7691
l 761 825
l 761 826
l 7746 7756
l 3605 3642
l 8 903
l 7828 7835
l 7647 7657
l 4765 4877
l 1972 2039
l 4733 4899
l 3490 3512
l 705 1767
l 3179 3209
l 3179 3210
l 4611 4622
l 4611 4623
l 80 1800
l 48 1822
l 7573 7594
l 3283 3310
l 6076 6108
l 5155 5346
l 6338 6356
l 4389 4433
l 4389 4434
l 5681 5689
l 4478 4517
l 5861 5892
l 769 1477
l 769 1478
l 769 1480
l 4269 4309
l 7087 7095
l 7087 7096
l 5681 5686
l 5681 5687
l 144 1524
l 5701 5715
l 5701 5716
l 112 1542
l 5722 5740
l 5235 5463
l 207 1252
l 176 1266
l 5203 5491
l 737 1303
l 737 1304
l 5171 5516
l 3179 3207
l 6897 6925
l 6897 6926
l 4062 4134
l 4062 4135
l 2572 2814
l 2572 2815
l 2364 2826
l 5299 5575
l 4150 4189
l 8353 8358
l 40 1814
l 3839 3857
l 8039 8055
l 8039 8056
l 2396 2610
l 2396 2611
l 2396 2612
l 2396 2613
l 2150 2628
l 2150 2629
l 2182 2648
l 8120 8131
l 6762 6792
l 392 1210
l 3697 3721
l 641 997
l 3780 3786
l 3780 3787
l 609 1044
l 609 1045
l 6623 6634
l 8168 8182
l 8168 8183
l 2086 2617
l 3498 3558
l 3498 3559
l 7490 7512
l 6402 6404
l 6402 6405
l 296 862
l 3581 3641
l 16 895
l 697 1918
l 697 1921
l 6130 6161
l 3420 3427
l 3420 3428
l 3446 3455
l 3446 3458
l 7681 7690
l 1964 2047
l 729 1738
l 729 1739
l 5915 5946
l 72 1808
l 3226 3254
l 5195 5499
l 4381 4421
l 8188 8190
l 665 1625
l 4470 4509
l 5869 5910
l 5211 5362
l 2142 2855
l 2110 2862
l 6591 6597
l 5610 5628
l 7873 7885
l 6084 6125
l 7746 7757
l 152 1516
l 4277 4349
l 4277 4350
l 120 1550
l 215 1244
l 5227 5471
l 184 1274
l 4039 4078
l 5163 5522
l 5131 5549
l 4158 4197
l 2564 2586
l 2564 2587
l 6665 6670
l 3860 3873
l 3860 3876
l 3860 3877
l 3860 3878
l 6682 6688
l 585 1143
l 3902 3916
l 6723 6739
l 2174 2653
l 2235 2668
l 2235 2669
l 5259 5437
l 2475 2704
l 7411 7417
l 681 1037
l 7948 7951
l 6583 6607
l 6583 6609
l 7970 7977
l 7991 8010
l 7991 8011
l 3506 3532
l 3506 3533
l 3506 3535
l 6330 6341
l 6330 6342
l 6330 6343
l 7712 7722
l 6370 6377
l 4845 4981
l 7777 7787
l 6746 6810
l 24 887
l 3958 4010
l 3621 3657
l 5766 5768
l 7539 7549
l 3358 3389
l 6184 6187
l 4781 4853
l 6209 6212
l 6234 6237
l 5923 5963
l 6138 6179
l 6258 6261
l 6281 6284
l 1956 2055
l 7647 7658
l 6305 6308
l 3120 3166
l 7777 7788
l 7370 7374
l 7370 7375
l 7370 7377
l 5968 5999
l 3234 3242
l 7411 7418
l 64 1838
l 4765 4876
l 376 1866
l 7828 7834
l 4374 4413
l 7243 7249
l 7243 7250
l 3035 3067
l 5835 5852
l 3077 3098
l 4493 4565
l 4493 4566
l 4165 4205
l 2166 2853
l 5315 5596
l 2349 2909
l 4254 4293
l 2197 2925
l 160 1508
l 3697 3720
l 5835 5853
l 2556 2960
l 7142 7146
l 128 1558
l 223 1236
l 8168 8180
l 8168 8181
l 8168 8184
l 6814 6838
l 8188 8191
l 8188 8192
l 8188 8194
l 2259 2741
l 192 1282
l 4047 4086
l 6881 6931
l 721 1354
l 721 1357
l 5123 5556
l 6949 6973
l 6615 6625
l 6615 6626
l 3868 3892
l 5219 5373
l 8090 8100
l 561 1163
l 2228 2664
l 88 1792
l 2468 2706
l 2468 2707
l 3958 4011
l 753 993
l 3729 3770
l 6591 6594
l 6591 6595
l 6591 6596
l 6591 6598
l 4837 4924
l 4837 4925
l 3482 3531
l 689 864
l 689 865
l 5021 5027
l 5021 5028
l 5267 5429
l 3629 3671
l 3629 3674
l 3366 3382
l 3366 3383
l 4773 4852
l 7573 7593
l 7596 7606
l 1980 2031
l 7617 7627
l 7617 7628
l 4837 4923
l 7324 7334
l 7324 7335
l 4573 4583
l 7712 7723
l 3171 3217
l 3171 3219
l 3171 3220
l 5976 6017
l 56 1830
l 6022 6054
l 3780 3788
l 7448 7457
l 7448 7458
l 649 1888
l 5750 5751
l 745 1576
l 745 1577
l 4366 4405
l 6830 6853
l 3043 3060
l 3043 3061
l 4573 4584
l 7235 7253
l 7235 7254
l 4485 4525
l 7302 7317
l 7302 7318
l 3128 3153
l 3128 3156
