# Blender v3.1.2 OBJ File: ''
# www.blender.org
mtllib chess_pion.mtl
o chess.001
v 64.886429 3.786569 0.042954
v -62.605652 3.363218 0.040791
v 59.375076 3.363221 -19.290457
v 61.703125 3.789294 -20.043959
v 63.305115 4.478015 -20.563978
v 66.568115 4.478012 0.036120
v 64.260132 5.779636 -20.874037
v 67.572083 5.779633 0.036120
v 64.642090 8.044468 -20.993908
v 67.973083 8.044464 0.036121
v 64.702087 9.785877 -21.013927
v 68.036133 9.785873 0.036122
v 64.736084 11.952541 -21.023937
v 68.072083 11.952538 0.036122
v 64.697083 14.141079 -21.013926
v 68.030090 14.141075 0.036123
v 64.537109 15.948178 -20.963877
v 67.863098 15.948174 0.036124
v 63.563110 17.388477 -20.644053
v 66.839111 17.388474 0.036124
v 61.726135 18.630581 -20.053963
v 64.907104 18.630577 0.036124
v 59.948120 19.502178 -19.473885
v 63.041733 19.496334 0.042456
v 59.150085 19.830975 -19.213875
v 62.197498 19.836184 0.042340
v 59.767090 20.131580 -19.414070
v 62.847107 20.131577 0.036124
v 60.998108 21.211781 -19.813972
v 64.141113 21.211777 0.036125
v 61.911133 23.338779 -20.114021
v 65.101135 23.338776 0.036126
v 61.576111 26.779785 -20.003912
v 64.748772 26.778687 0.042846
v 60.410095 30.138084 -19.624027
v 61.678925 33.273121 0.060495
v 58.488789 33.193478 -19.010548
v 59.376984 3.363126 19.358906
v 54.475101 36.786743 -17.699930
v 57.289124 36.783974 0.036130
v 50.500828 3.362382 36.782104
v 38.075775 3.715914 52.594810
v 52.475098 3.789270 38.216049
v 53.838135 4.477937 39.206039
v 39.093140 4.478012 53.956039
v 54.651123 5.779557 39.795883
v 39.683105 5.779631 54.766098
v 54.975098 8.044389 40.036121
v 39.919128 8.044456 55.095936
v 55.027100 9.785798 40.075916
v 39.956116 9.785865 55.145985
v 55.055115 11.952447 40.095940
v 39.977112 11.952521 55.176018
v 55.022095 14.140962 40.065910
v 39.953125 14.141060 55.135979
v 54.995949 15.979524 40.013229
v 39.854126 15.948157 55.006096
v 39.252136 17.388456 54.176018
v 52.496883 18.633253 38.228313
v 38.117126 18.630562 52.605949
v 50.982117 19.502161 37.135979
v 37.013252 19.500877 51.100330
v 50.303101 19.830957 36.635979
v 36.520298 19.834671 50.420406
v 50.828125 20.131563 37.026115
v 36.906128 20.131660 50.946037
v 51.875122 21.211763 37.786125
v 37.667114 21.211761 51.996086
v 52.652252 23.330204 38.337009
v 38.231140 23.338758 52.766106
v 52.366817 26.781042 38.135727
v 38.000954 27.100639 52.406818
v 51.378742 30.138346 37.409912
v 49.018696 34.306667 35.646328
v 36.112389 33.195774 49.858688
v 19.234100 3.363191 59.497192
v 33.639099 36.784058 46.446045
v -0.076224 3.362912 62.555130
v -20.170034 3.721770 61.815601
v -0.082886 3.789280 64.996078
v -0.082886 4.478009 66.686020
v -20.679871 4.478010 63.426010
v -0.082886 5.779629 67.686020
v -20.989868 5.779630 64.375961
v -0.082886 8.044453 68.085922
v -21.113892 8.044454 64.756088
v -0.082886 9.785862 68.155991
v -21.133911 9.785863 64.815903
v -0.082886 11.952518 68.186020
v -21.144897 11.952519 64.855942
v -0.082886 14.141057 68.145981
v -21.131897 14.141058 64.815903
v -0.129600 16.067455 68.079536
v -21.079895 15.948155 64.655991
v -20.763916 17.388456 63.676018
v -0.076415 18.634518 65.018974
v -20.166870 18.630560 61.845940
v -0.082886 19.502157 63.155998
v -19.595150 19.498838 60.061863
v -0.082886 19.830954 62.315910
v -19.334003 19.838074 59.262535
v -0.082886 20.131659 62.966057
v -19.529907 20.131659 59.885979
v -0.082886 21.211760 64.256096
v -19.929871 21.211760 61.115959
v -0.076271 23.337492 65.213081
v -20.226868 23.338758 62.026115
v -0.075541 26.785282 64.863907
v -20.124716 26.773119 61.694771
v -0.081787 30.135031 63.639427
v -19.738892 30.138056 60.526115
v -0.028913 34.298023 60.701931
v -19.121647 33.194286 58.602020
v -36.837105 3.363249 50.613102
v -17.812866 36.783958 54.595947
v -50.661270 3.363280 36.789936
v -61.880009 3.717934 20.097523
v -52.641907 3.789270 38.216049
v -54.004883 4.477937 39.206039
v -63.471863 4.478009 20.625963
v -54.817871 5.779557 39.795883
v -64.426880 5.779630 20.936022
v -55.141907 8.044389 40.036121
v -64.808899 8.044460 21.065907
v -55.192871 9.785798 40.075916
v -64.868896 9.785870 21.085926
v -55.221863 11.952447 40.095940
v -64.902893 11.952534 21.095936
v -55.188904 14.140962 40.065910
v -64.863892 14.141071 21.085928
v -55.110851 16.129639 40.022739
v -64.703918 15.948171 21.026114
v -63.729919 17.388470 20.716055
v -52.658939 18.631536 38.239067
v -61.892883 18.630573 20.115959
v -51.148865 19.502161 37.135979
v -60.113892 19.502171 19.536125
v -50.469910 19.830957 36.635979
v -59.316895 19.830967 19.276115
v -50.994873 20.131563 37.026115
v -59.933899 20.131573 19.476067
v -52.041870 21.211763 37.786125
v -61.163879 21.211773 19.875969
v -52.814312 23.332296 38.352291
v -62.077881 23.338772 20.176018
v -52.533791 26.780943 38.135914
v -61.900845 26.799633 20.122244
v -51.534763 30.137140 37.421124
v -49.127705 34.304951 35.729450
v -58.659203 33.193188 19.059006
v -54.647888 36.783966 17.766109
v -59.547279 3.363507 -19.277613
v -52.637016 3.716660 -38.167824
v -61.869873 3.789294 -20.043959
v -63.471863 4.478015 -20.563978
v -54.004883 4.478087 -39.144058
v -64.426880 5.779636 -20.874037
v -54.817871 5.779708 -39.733902
v -64.808899 8.044468 -20.993908
v -55.141907 8.044539 -39.973888
v -64.868896 9.785877 -21.013927
v -55.192871 9.785949 -40.003918
v -64.902893 11.952541 -21.023937
v -55.221863 11.952613 -40.023933
v -64.863892 14.141079 -21.013926
v -55.188904 14.141189 -40.003914
v -64.774666 16.153051 -20.973232
v -55.052917 15.948287 -39.904060
v -54.224915 17.388586 -39.303963
v -61.893353 18.631853 -20.047043
v -52.661865 18.630590 -38.164070
v -60.113892 19.502178 -19.473885
v -51.143711 19.501431 -37.070480
v -59.316895 19.830975 -19.213875
v -50.463646 19.837580 -36.579342
v -59.933899 20.131580 -19.414070
v -50.994873 20.131689 -36.954109
v -61.163879 21.211781 -19.813972
v -52.041870 21.211889 -37.713875
v -62.079334 23.338268 -20.107418
v -52.818909 23.338789 -38.283943
v -61.741749 26.780918 -20.003828
v -52.582813 27.039009 -38.171524
v -60.577534 30.137955 -19.617338
v -57.787758 34.305428 -18.665585
v -49.908146 33.194248 -36.169712
v -36.838413 3.363350 -50.541153
v -46.498901 36.783981 -33.694092
v -19.410566 3.364489 -59.429016
v -0.076907 3.718302 -64.942024
v -20.158875 3.789301 -61.753922
v -20.679871 4.478023 -63.354019
v -0.082886 4.478023 -66.614029
v -20.989868 5.779644 -64.313980
v -0.082886 5.779644 -67.624039
v -21.113892 8.044475 -64.694107
v -0.082886 8.044476 -68.023941
v -21.133911 9.785884 -64.753922
v -0.082886 9.785885 -68.084000
v -21.144897 11.952540 -64.783951
v -0.082886 11.952541 -68.124039
v -21.131897 14.141093 -64.743912
v -0.082886 14.141094 -68.084000
v -21.078621 16.164389 -64.646713
v -0.082886 15.948193 -67.914078
v -0.082886 17.388493 -66.894058
v -20.170929 18.632547 -61.770016
v -0.082886 18.630596 -64.954117
v -19.588867 19.502192 -59.993904
v -0.082886 19.502192 -63.083992
v -19.328918 19.830988 -59.204109
v -0.082886 19.830988 -62.253914
v -19.529907 20.131594 -59.813972
v -0.082886 20.131594 -62.894051
v -19.929871 21.211794 -61.043953
v -0.082886 21.211794 -64.194099
v -20.232000 23.335173 -61.962040
v -0.082886 23.338795 -65.154060
v -20.120960 26.781616 -61.626614
v 0.006585 26.844645 -64.956749
v -19.751081 30.133102 -60.464966
v -18.875231 34.308853 -57.638542
v -0.076069 33.194683 -61.550964
v 19.232782 3.363314 -59.436298
v -0.082886 36.783989 -57.343994
v 36.659817 3.363583 -50.549351
v 50.498878 3.363366 -36.714443
v 38.102112 3.789299 -52.523941
v 52.475098 3.789366 -38.154068
v 39.093140 4.478021 -53.894058
v 53.838135 4.478087 -39.144058
v 39.683105 5.779642 -54.704117
v 54.651123 5.779708 -39.733902
v 39.919128 8.044473 -55.023937
v 54.975098 8.044539 -39.973888
v 39.956116 9.785882 -55.073986
v 55.027100 9.785949 -40.003918
v 39.977112 11.952538 -55.104012
v 55.055115 11.952613 -40.023933
v 39.953125 14.141091 -55.073982
v 55.022095 14.141189 -40.003914
v 39.781818 16.241198 -54.867599
v 54.886108 15.948287 -39.904060
v 54.058105 17.388586 -39.303963
v 38.110985 18.633787 -52.547863
v 52.495117 18.630590 -38.164070
v 37.018127 19.502190 -51.033943
v 50.982117 19.502188 -37.063972
v 36.525085 19.830986 -50.354012
v 50.303101 19.830984 -36.573982
v 36.906128 20.131592 -50.884041
v 50.828125 20.131689 -36.954109
v 37.667114 21.211792 -51.924080
v 51.875122 21.211889 -37.713875
v 38.224911 23.333496 -52.709908
v 52.652100 23.338789 -38.283943
v 38.024464 26.781858 -52.414814
v 52.367126 26.779890 -38.073982
v 37.301949 30.128586 -51.433147
v 51.375122 30.138189 -37.354012
v 35.527138 34.308052 -49.068562
v 49.743103 33.192989 -36.164066
v 46.336479 36.782623 -33.691277
v 29.041138 41.751190 -40.053955
v 40.003113 41.751083 -29.093994
v -15.394897 41.750992 -47.093994
v -0.082886 41.751091 -49.513916
v -47.206909 41.751083 -15.273927
v -40.167984 41.747334 -29.092710
v -40.168884 41.751068 29.156006
v -47.206909 41.751068 15.345946
v -0.082886 41.751160 49.585938
v -15.394897 41.751160 47.156006
v 40.003113 41.751068 29.156006
v 29.041138 41.750961 40.115967
v 47.040100 41.751083 -15.273927
v 49.464706 41.750496 0.036093
v 28.599121 49.735489 -39.444092
v 39.394104 49.735481 -28.654051
v 26.142090 55.674889 -36.063961
v 36.013123 55.674881 -26.194088
v 20.117153 66.200958 -27.980259
v 27.779196 66.207130 -20.364090
v -0.082886 49.735558 48.825928
v -15.162903 49.735558 46.446045
v -0.082886 55.674858 44.646000
v -13.870911 55.674858 42.466068
v 0.042969 66.218330 34.557281
v -12.109863 61.209663 37.045906
v -15.162903 49.735489 -46.374023
v -0.082886 49.735489 -48.763916
v -13.870911 55.674889 -42.404049
v -0.082886 55.674889 -44.583981
v -10.873618 66.209404 -32.766525
v -0.082886 61.209686 -38.884026
v -46.491882 49.735481 -15.043944
v -39.560913 49.735481 -28.654051
v -42.516907 55.674881 -13.753902
v -36.179871 55.674881 -26.194088
v -32.961414 66.207375 -10.519592
v -31.569885 61.209682 -22.843988
v 39.394104 49.735466 28.716066
v 28.599121 49.735458 39.506104
v 36.013123 55.674866 26.256107
v 26.142090 55.674858 36.125980
v 27.925327 66.206947 20.224817
v 22.793091 61.209667 31.516119
v 46.325134 49.735481 -15.043944
v 48.715157 49.732426 0.047171
v 42.350098 55.674881 -13.753902
v 44.535103 55.672882 0.046240
v 36.929790 61.208958 -11.993633
v 38.837566 61.207455 0.044333
v -39.560913 49.735466 28.716066
v -46.491882 49.735466 15.115968
v -36.179871 55.674866 26.256107
v -42.517429 55.675358 13.815950
v -27.945271 66.207664 20.426445
v -37.098354 61.202843 12.048622
v -32.051506 67.981094 10.416112
v -10.472707 67.977760 31.993858
v -0.082886 67.980591 -33.583977
v 31.885143 67.981766 -10.357781
v 33.530571 67.977768 0.044547
v -27.274935 67.978653 -19.722948
v 19.674133 67.980568 27.226082
v 10.465565 66.210434 -32.844791
v 13.704102 55.674889 -42.404049
v 14.996094 49.735489 -46.374023
v 15.228088 41.750992 -47.093994
v 18.234566 33.425529 -58.723705
v -34.612740 66.207870 0.160161
v -44.700867 55.674873 0.036136
v -48.880859 49.735474 0.036134
v -49.631897 41.751076 0.036132
v -61.704639 33.269749 0.864145
v -20.481035 66.201111 -27.837093
v -26.308899 55.674889 -36.063961
v -28.765869 49.735489 -39.444092
v -29.207886 41.751190 -40.053955
v -37.069321 33.371349 -49.243763
v -20.283651 66.202805 28.040522
v -26.308899 55.674858 36.125980
v -28.765869 49.735458 39.506104
v -29.207886 41.750961 40.115967
v -36.401352 33.348518 49.845943
v 32.794651 66.207428 10.581435
v 42.350098 55.674866 13.815922
v 46.325134 49.735466 15.115968
v 47.040100 41.751068 15.345946
v 58.743717 33.291729 18.738476
v 10.705655 66.215691 32.825161
v 13.704102 55.674858 42.466068
v 14.996094 49.735558 46.446045
v 15.228088 41.751160 47.156006
v 19.415154 33.390636 58.506725
v 16.532104 82.127777 -22.833973
v 8.652100 82.127792 -26.853992
v 22.786133 82.127777 -16.583973
v -0.082886 82.127792 -28.233875
v 26.801086 82.127777 -8.704090
v 28.184919 82.127724 0.036145
v 22.786133 82.127777 16.646008
v 26.801086 82.127777 8.766126
v 16.532104 82.127777 22.906017
v -26.967896 82.127777 -8.704090
v -28.351868 82.127777 0.036145
v -22.952881 82.127777 -16.583973
v -26.967896 82.127777 8.766126
v 8.652100 82.127762 26.916027
v -0.082886 82.127762 28.295910
v -8.818909 82.127762 26.916027
v -8.818909 82.127792 -26.853992
v -16.698914 82.127777 -22.833973
v -16.698914 82.127777 22.906017
v -22.952881 82.127777 16.646008
v 14.544128 100.593475 -20.103985
v 7.607117 100.593483 -23.634014
v -0.082886 100.593483 -24.853985
v 20.050110 100.593475 -14.593976
v -7.773865 100.593483 -23.634014
v 13.074662 123.463097 -18.246172
v 6.775599 123.463387 -21.423517
v -0.181450 123.463165 -22.494104
v -7.224608 116.628685 -21.953009
v 18.078054 123.463280 -13.291389
v 23.585083 100.593475 -7.654035
v 21.305712 123.463295 -7.028826
v 24.803101 100.593475 0.036151
v 22.439989 123.463211 -0.065568
v 23.585083 100.593475 7.726092
v 21.369358 123.463272 6.894365
v 20.050110 100.593475 14.656024
v 18.197704 123.463203 13.187821
v 14.544128 100.593475 20.166035
v 13.239211 123.463387 18.194611
v 7.607117 100.593468 23.696064
v 6.971644 123.463318 21.421400
v -0.082886 100.593468 24.916035
v 0.015874 123.463150 22.556202
v -7.773865 100.593468 23.696064
v -6.944983 123.463333 21.485279
v -14.710876 100.593475 20.166035
v -13.239867 123.463371 18.314760
v -20.216919 100.593475 14.656024
v -18.245832 123.463158 13.349669
v -23.750916 100.593475 7.726092
v -21.472633 123.463280 7.090327
v -24.968872 100.593475 0.036151
v -22.606382 123.463257 0.137740
v -23.750916 100.593475 -7.654035
v -21.535908 123.463295 -6.833644
v -20.216919 100.593475 -14.593976
v -18.364769 123.463219 -13.124103
v -14.710655 100.593346 -20.108252
v -13.667493 116.619156 -18.666828
v -7.071001 123.468918 -21.461411
v -13.368896 123.469086 -18.253880
v 19.572083 30.138056 60.526115
v 19.951111 26.779757 61.696037
v 19.572083 30.138098 -60.463875
v 19.951111 26.779799 -61.624031
v -37.469910 30.138092 -51.424080
v -38.190918 26.779793 -52.414070
v -63.689880 30.138077 0.036128
v -64.915894 26.779778 0.036127
v -37.469910 30.138062 51.496086
v -38.190918 26.779762 52.486076
v 60.410095 30.138069 19.686031
v 61.576111 26.779770 20.065912
v 20.000122 18.630594 -61.773933
v 20.597107 17.388491 -63.614021
v 20.000122 18.630560 61.845940
v 20.597107 17.388456 63.676018
v -38.283875 18.630562 52.605949
v -39.418884 17.388456 54.176018
v -65.073914 18.630577 0.036124
v -67.005859 17.388474 0.036124
v 61.726135 18.630573 20.115959
v 63.563110 17.388470 20.716055
v -38.283875 18.630592 -52.543953
v -39.418884 17.388491 -54.104012
v -37.184875 19.502159 51.095940
v 19.422119 19.502157 60.065910
v -37.184875 19.502190 -51.033943
v 59.948120 19.502171 19.536125
v 26.803539 82.123085 -8.700918
v 28.185120 82.127777 0.036145
v 26.801086 82.127777 8.766126
v 22.786133 82.127777 16.646008
v 16.532104 82.127777 22.906017
v 8.652100 82.127762 26.916027
v -0.082886 82.127762 28.295910
v -8.818909 82.127762 26.916027
v -16.698914 82.127777 22.906017
v -22.952881 82.127777 16.646008
v -26.967896 82.127777 8.766126
v -28.351868 82.127777 0.036145
v -26.967896 82.127777 -8.704090
v -22.952881 82.127777 -16.583973
v -16.698914 82.127777 -22.833973
v 31.884094 67.980576 -10.353996
v 36.931091 61.209682 -11.993892
v 42.350098 55.674881 -13.753902
v -0.086713 67.982521 -33.584423
v -8.821427 82.123100 -26.852791
v -0.082886 61.209686 -38.884026
v -32.045277 67.980316 10.416846
v -37.097900 61.209667 12.055913
v 46.325134 49.735481 -15.043944
v 47.040100 41.751083 -15.273927
v 54.481819 36.784763 -17.693842
v -0.082886 55.674889 -44.583981
v -42.516907 55.674866 13.815922
v -46.491882 49.735466 15.115968
v -47.203091 41.751404 15.344372
v -54.647289 36.781849 17.765249
v -0.082886 49.735489 -48.763916
v -0.082886 41.751091 -49.513916
v -0.082886 36.783989 -57.343994
v -26.967896 82.127777 8.766126
v -58.657898 33.192867 19.065914
v -0.082886 33.192898 -61.553959
v -14.712899 100.594368 -20.101456
v -13.669861 116.625076 -18.664040
v -16.698914 82.127777 -22.833973
v 16.532104 82.127777 22.906017
v 19.679153 67.983360 27.226379
v 22.793091 61.209667 31.516119
v 26.142090 55.674858 36.125980
v 28.599121 49.735458 39.506104
v 29.041138 41.750961 40.115967
v 33.639099 36.784058 46.446045
v 36.118103 33.192959 49.855953
v -8.818909 82.127762 26.916027
v -10.466497 67.980659 31.993351
v -12.109863 61.209663 37.045906
v -13.870911 55.674858 42.466068
v -15.162903 49.735558 46.446045
v -15.394897 41.751160 47.156006
v -17.812866 36.783958 54.595947
v -19.115906 33.192852 58.605953
v 28.185120 82.127777 0.036145
v 33.521439 67.983688 0.034759
v 38.836121 61.209675 0.036138
v 44.534119 55.674873 0.036136
v 48.714111 49.735474 0.036134
v 49.465088 41.751076 0.036132
v 57.289124 36.783974 0.036130
v 61.506104 33.192875 0.036129
v -22.952881 82.127777 -16.583973
v -27.277851 67.986618 -19.719976
v -31.569885 61.209682 -22.843988
v -36.179871 55.674881 -26.194088
v -39.560913 49.735481 -28.654051
v -40.168884 41.751083 -29.093994
v -46.498901 36.783981 -33.694092
v -49.909912 33.192989 -36.164066
v -7.225891 116.625076 -21.954079
v -7.067871 123.469086 -21.463840
v 46.332092 36.783981 -33.694092
v 19.951111 26.779799 -61.624031
v -38.190918 26.779793 -52.414070
v 19.951111 26.779757 61.696037
v -64.915894 26.779778 0.036127
v -38.190918 26.779762 52.486076
v 61.576111 26.779770 20.065912
v 67.068115 5.128494 0.045886
v 66.562080 4.477549 0.062735
v 67.770081 6.911484 0.045886
v 67.566734 5.778767 0.062736
v 68.003113 8.914734 0.045886
v 67.968430 8.042956 0.062734
v 68.052124 10.868668 0.045888
v 68.031441 9.784718 0.062736
v 68.049133 13.046257 0.045888
v 68.067429 11.951091 0.062736
v 67.945129 15.044174 0.045888
v 68.026093 14.139608 0.062736
v 67.349121 16.667976 0.045890
v 67.858444 15.946972 0.062731
v 65.872131 18.009178 0.045890
v 66.835114 17.387541 0.062739
v 64.903755 18.629707 0.062743
v 59.941433 19.502369 19.549334
v 59.944126 19.500969 19.549332
v 59.936722 19.501570 19.562750
v 63.492126 20.671471 0.045890
v 62.842415 20.131439 0.062739
v 64.619141 22.274773 0.045891
v 64.135765 21.211039 0.062746
v 65.096443 23.337303 0.062744
v 60.988098 28.458069 19.885981
v 61.570118 26.775227 20.079285
v 61.563412 26.777498 20.092701
v 60.402760 30.140137 19.699406
v 60.398739 30.135864 19.712818
v 53.378113 39.266273 0.045896
v 57.288429 36.781574 0.056039
v 49.467121 41.747742 0.056048
v 46.285095 49.731766 15.105958
v 42.320129 55.653366 13.815922
v 36.907104 61.184368 12.055913
v 31.858093 67.960175 10.416023
v 27.491089 82.136978 -4.333972
v 28.179773 82.152458 0.029463
v 28.181774 82.140121 0.042699
v 28.186457 82.118362 0.049392
v 26.794428 82.140129 -8.710648
v 26.794437 82.152458 -8.704088
v 31.875393 67.989990 -10.367406
v 36.921089 61.214153 -12.007288
v 39.637085 58.443577 -12.884028
v 42.338757 55.678555 -13.767296
v 44.334106 52.706684 -14.404050
v 46.313747 49.739487 -15.064032
v 46.679138 45.745281 -15.174072
v 47.030750 41.756424 -15.294018
v 46.312050 36.787323 -33.707333
v 46.316044 36.790619 -33.694069
v 46.326126 36.781574 -33.700783
v 60.396755 30.140154 -19.644108
v 60.988098 28.459782 -19.823980
v 61.562733 26.782051 -20.023993
v 61.739136 25.060177 -20.063972
v 61.898407 23.341047 -20.134102
v 61.450134 22.275776 -19.973885
v 60.986057 21.213182 -19.840761
v 60.378113 20.671978 -19.624031
v 59.755733 20.132317 -19.440857
v 59.454102 19.981380 -19.323982
v 59.138744 19.831181 -19.233952
v 59.544128 19.666683 -19.354012
v 59.935432 19.502380 -19.493965
v 60.832092 19.066578 -19.773933
v 61.712757 18.631111 -20.074041
v 62.640137 18.009876 -20.354012
v 63.549713 17.389278 -20.670837
v 64.045105 16.668682 -20.813974
v 64.523727 15.949181 -20.990652
v 64.612122 15.045078 -21.003916
v 64.683731 14.142281 -21.040712
v 64.711121 13.047359 -21.033947
v 64.723389 11.953993 -21.050716
v 64.714111 10.869747 -21.033947
v 64.689392 9.787328 -21.040707
v 64.667114 8.915600 -21.013927
v 64.629395 8.045629 -21.020687
v 64.446106 6.912608 -20.944103
v 64.248085 5.781148 -20.900824
v 63.778137 5.129147 -20.723890
v 63.293064 4.478875 -20.590771
v 62.500122 4.133823 -20.313978
v 61.691727 3.789747 -20.070749
v 53.161133 4.133551 -38.644058
v 52.485798 3.789081 -38.127289
v 54.249084 5.128569 -39.434097
v 53.850178 4.477618 -39.117287
v 54.818115 6.911559 -39.844009
v 54.663170 5.778841 -39.707287
v 55.006104 8.914809 -39.983898
v 54.987839 8.043032 -39.947266
v 55.046082 10.868735 -40.003918
v 55.039783 9.784793 -39.983841
v 55.043091 13.046340 -40.003914
v 55.068493 11.951167 -40.003857
v 54.959106 15.044288 -39.944099
v 55.034836 14.139722 -39.977127
v 54.477112 16.668089 -39.594002
v 54.899502 15.947084 -39.877274
v 53.281128 18.009291 -38.723885
v 54.071499 17.387587 -39.277176
v 51.743103 19.066191 -37.614021
v 52.508499 18.629787 -38.143990
v 50.647095 19.666586 -36.813972
v 50.995499 19.501654 -37.043888
v 50.570129 19.981291 -36.753914
v 50.315788 19.830786 -36.553902
v 51.356140 20.671484 -37.323982
v 50.839470 20.131485 -36.934025
v 52.268127 22.274786 -37.993904
v 51.886467 21.211157 -37.693962
v 52.514099 25.058493 -38.174080
v 52.664150 23.337387 -38.257156
v 51.876099 28.458189 -37.704109
v 52.379829 26.777552 -38.047195
v 50.564087 31.664785 -36.753910
v 51.388466 30.135918 -37.333927
v 49.756493 33.190990 -36.143974
v 54.488472 36.779179 -17.687408
v 54.487789 36.781586 -17.674013
v 46.684082 45.741283 -15.154053
v 47.048790 41.747746 -15.253828
v 44.340088 52.703682 -14.394040
v 46.329136 49.730209 -15.023850
v 39.643127 58.440884 -12.864009
v 42.356136 55.670876 -13.733809
v 34.410095 64.593376 -11.164056
v 36.937778 61.205948 -11.980504
v 31.890129 67.976044 -10.340611
v 28.191116 82.108917 0.042687
v 27.495117 82.120773 4.406017
v 26.805120 82.108932 8.772828
v 24.795105 82.120773 12.716076
v 22.786777 82.108910 16.659399
v 19.659119 82.120773 19.776134
v 16.530098 82.108925 22.912716
v 12.591125 82.120758 24.916027
v 8.647402 82.108917 26.922720
v 4.282104 82.120758 27.615978
v -0.090237 82.108917 28.302599
v -4.453918 82.120758 27.615978
v -8.826918 82.108910 26.922710
v -12.762878 82.120758 24.906017
v -16.708263 82.108917 22.906012
v -19.829895 82.120773 19.776134
v -22.961578 82.108917 16.645994
v -24.963867 82.120773 12.706067
v -26.975941 82.108910 8.759420
v -27.662903 82.120773 4.396008
v -28.357906 82.108917 0.029440
v -27.661865 82.120773 -4.333972
v -26.971239 82.108917 -8.710632
v -24.961914 82.120773 -12.644031
v -22.953568 82.108925 -16.590675
v -19.825867 82.120773 -19.713856
v -16.696861 82.108925 -22.847359
v -16.689489 82.118370 -22.847368
v -14.702150 100.581123 -20.110691
v -7.142883 120.045074 -21.704077
v -7.221882 116.603683 -21.954084
v -7.216520 116.614403 -21.954084
v -7.058518 123.464409 -21.463842
v -13.676559 116.629753 -18.657341
v -13.672548 116.633774 -18.664040
v -14.717609 100.604156 -20.090567
v -16.705584 82.140129 -22.827265
v -16.704912 82.118370 -22.833992
v -16.696861 82.108925 -22.847359
v -0.098283 61.214157 -38.877338
v -0.088867 58.443588 -41.733883
v -0.100281 55.678562 -44.577297
v -0.089905 52.706692 -46.674072
v -0.102288 49.739498 -48.757229
v -0.090881 45.745289 -49.144043
v -0.103620 41.756363 -49.513912
v -0.090881 39.268791 -53.424072
v -0.104984 36.787331 -57.330624
v -0.091919 34.989395 -59.444096
v -0.107616 33.195301 -61.547276
v -0.095546 33.190838 -61.553997
v -0.070224 33.188831 -61.553959
v 19.924377 26.782064 -61.630718
v 19.937082 26.784357 -61.624001
v 19.937759 26.777430 -61.630718
v 37.643024 21.213194 -51.937469
v 37.278137 20.671989 -51.404060
v 36.883400 20.132326 -50.890743
v 36.707092 19.981392 -50.624031
v 36.501690 19.831194 -50.367401
v 36.762085 19.666588 -50.694099
v 36.994030 19.502388 -51.047337
v 19.973320 18.631126 -61.780628
v 19.986055 18.631784 -61.773808
v 20.288086 18.009790 -62.694099
v 20.569031 17.389292 -63.614029
v 20.583155 17.387426 -63.614113
v 39.927681 14.142292 -55.087383
v 39.956116 13.047372 -55.094002
v 39.951668 11.953995 -55.117409
v 39.957092 10.869752 -55.094006
v 39.930676 9.787328 -55.087383
v 39.928101 8.915612 -55.053967
v 39.893684 8.045633 -55.037338
v 39.792114 6.912614 -54.864029
v 39.658363 5.781160 -54.717342
v 39.379089 5.129159 -54.303970
v 39.068356 4.478883 -53.907452
v 38.589111 4.133836 -53.213882
v 38.078716 3.789757 -52.537331
v -0.072876 5.128505 -67.114029
v -0.056150 4.477565 -66.614021
v -0.072876 6.911480 -67.823990
v -0.055448 5.778778 -67.617348
v -0.072876 8.914745 -68.053970
v -0.055451 8.042966 -68.017250
v -0.072876 10.868671 -68.104019
v -0.054799 9.784730 -68.083992
v -0.072876 13.046261 -68.104019
v -0.054796 11.951099 -68.117348
v -0.072876 15.044193 -67.993912
v -0.054796 14.139625 -68.077309
v -0.072876 16.667995 -67.404068
v -0.055450 15.946991 -67.907387
v -0.072876 18.009197 -65.924088
v -0.055468 17.387560 -66.887375
v -0.072876 19.066095 -64.023941
v -0.056136 18.629726 -64.954109
v -0.073914 19.666491 -62.664070
v -0.056800 19.501591 -63.083984
v -0.073914 19.981195 -62.573982
v -0.057451 19.830790 -62.247223
v -0.073914 20.671488 -63.543953
v -0.057455 20.131395 -62.894043
v -0.073914 22.274792 -64.674080
v -0.056780 21.211056 -64.187401
v -0.056784 23.337322 -65.147369
v 19.771118 28.458097 -61.043953
v 19.963137 26.775190 -61.617348
v 19.975199 26.777527 -61.610641
v 19.583454 30.140163 -60.457355
v 19.596174 30.135891 -60.450649
v -0.074890 39.266289 -53.424072
v -0.058799 36.781586 -57.337307
v -0.075867 45.741291 -49.144043
v -0.060792 41.747753 -49.520592
v -0.075867 52.703690 -46.674072
v -0.062847 49.730221 -48.763916
v -0.075867 58.440891 -41.733883
v -0.064144 55.670887 -44.583977
v -0.076904 64.593391 -36.233879
v -0.066144 61.205952 -38.884026
v -4.448914 75.057693 -30.213858
v -0.076182 67.989998 -33.577297
v -0.068167 67.976051 -33.583973
v -12.759888 82.136986 -24.843983
v -8.822247 82.152473 -26.847300
v -8.812199 82.140137 -26.854000
v -19.825867 82.136978 -19.704090
v -16.700212 82.152458 -22.827284
v -22.956253 82.140137 -16.570549
v -22.951529 82.152458 -16.577286
v -32.014893 67.965378 -10.333977
v -29.424866 64.596779 -21.273918
v -31.573891 61.214153 -22.830603
v -33.875916 58.443581 -24.513912
v -36.184578 55.678555 -26.173998
v -37.872864 52.706684 -27.414059
v -39.567574 49.739487 -28.633970
v -39.868896 45.745281 -28.864014
v -40.178238 41.756424 -29.073904
v -43.335876 39.268784 -31.384035
v -46.504921 36.787323 -33.667301
v -48.207886 34.989380 -34.924076
v -49.919258 33.195393 -36.143990
v -49.917259 33.190952 -36.157402
v -49.902531 33.188919 -36.177437
v -38.208965 26.782059 -52.393986
v -38.198895 26.784315 -52.407375
v -38.200245 26.777464 -52.407398
v -19.953951 21.213194 -61.037251
v -19.738892 20.671991 -60.424080
v -19.553988 20.132328 -59.807270
v -19.438904 19.981394 -59.503914
v -19.352322 19.831192 -59.190716
v -19.467896 19.666697 -59.594002
v -19.611595 19.502392 -59.987206
v -38.301960 18.631121 -52.523869
v -38.291817 18.631798 -52.530437
v -38.857910 18.009790 -53.323982
v -39.437622 17.389288 -54.083923
v -39.429596 17.387449 -54.097397
v -21.156622 14.142296 -64.730537
v -21.147888 13.047374 -64.763931
v -21.169628 11.953998 -64.770569
v -21.148865 10.869754 -64.763931
v -21.158642 9.787331 -64.740540
v -21.132874 8.915614 -64.713882
v -21.139318 8.045636 -64.680725
v -21.061890 6.912615 -64.493912
v -21.015306 5.781162 -64.300591
v -20.843872 5.129160 -63.834000
v -20.704657 4.478889 -63.340630
v -20.428894 4.133837 -62.553970
v -20.183622 3.789767 -61.740536
v -54.403870 5.128569 -39.444107
v -53.984844 4.477619 -39.164143
v -54.971863 6.911559 -39.864029
v -54.797127 5.778841 -39.753998
v -55.159912 8.914809 -39.993908
v -55.121822 8.043032 -39.993977
v -55.199890 10.868735 -40.023937
v -55.172825 9.784793 -40.024006
v -55.197876 13.046340 -40.023933
v -55.201817 11.951166 -40.044018
v -55.112915 15.044288 -39.963875
v -55.168819 14.139722 -40.024002
v -54.631897 16.668089 -39.614021
v -55.032833 15.947085 -39.924149
v -53.435913 18.009291 -38.743904
v -54.205482 17.387589 -39.324047
v -52.643166 18.629787 -38.184158
v -37.172848 19.502390 -51.040627
v -37.174198 19.500988 -51.040627
v -37.161484 19.501591 -51.047333
v -51.510864 20.671484 -37.344002
v -50.976177 20.131485 -36.974030
v -52.422913 22.274786 -38.003914
v -52.022476 21.211157 -37.733963
v -52.799515 23.337389 -38.304031
v -37.821899 28.458092 -51.924080
v -38.178894 26.775185 -52.420753
v -38.166828 26.777521 -52.427460
v -37.457886 30.140158 -51.430767
v -37.446472 30.135887 -51.437469
v -46.483498 36.781582 -33.714024
v -39.859863 45.741283 -28.874023
v -40.157516 41.747746 -29.114082
v -37.865906 52.703682 -27.424068
v -39.546867 49.730206 -28.667452
v -33.870911 58.440884 -24.523922
v -36.168530 55.670876 -26.207306
v -29.419861 64.593475 -21.293938
v -31.560532 61.205948 -22.857378
v -27.268864 67.976105 -19.737263
v -24.959900 82.136978 -12.644031
v -22.951529 82.152458 -16.577286
v -22.946875 82.140114 -16.583996
v -22.946854 82.118362 -16.597376
v -27.658875 82.136978 -4.333972
v -26.964546 82.152458 -8.697405
v -27.657898 82.136978 4.406017
v -28.346525 82.152435 0.036145
v -26.960526 82.140137 8.779560
v -26.961205 82.152466 8.772805
v -32.041508 67.989990 10.429436
v -34.570862 64.596771 11.246100
v -37.087860 61.214138 12.069310
v -39.803894 58.443569 12.946050
v -42.505512 55.678539 13.836027
v -44.500916 52.706669 14.476076
v -46.480545 49.739471 15.129352
v -46.845886 45.745266 15.236084
v -47.197517 41.756409 15.366037
v -54.632515 36.787304 17.779501
v -58.644524 33.195271 19.085989
v -58.653954 33.190796 19.079281
v -58.662582 33.188797 19.052553
v -64.910545 26.782043 0.062746
v -64.911873 26.784334 0.049331
v -64.913910 26.777430 0.049319
v -61.169228 21.213181 -19.787188
v -60.550903 20.671978 -19.604012
v -59.938595 20.132313 -19.387285
v -59.626892 19.981380 -19.303963
v -59.320900 19.831181 -19.187246
v -59.716919 19.666683 -19.333992
v -60.117889 19.502375 -19.447266
v -65.068565 18.631107 0.062741
v -65.069092 18.631769 0.049336
v -66.037903 18.009872 0.045890
v -66.999863 17.389275 0.062740
v -67.003952 17.387421 0.049302
v -64.867889 14.142281 -20.987158
v -64.884888 13.047359 -21.013927
v -64.906891 11.953993 -20.997160
v -64.887878 10.869747 -21.013927
v -64.873589 9.787329 -20.987150
v -64.840881 8.915600 -20.993908
v -64.812897 8.045630 -20.967295
v -64.619873 6.912608 -20.924084
v -64.431572 5.781148 -20.847258
v -63.951904 5.129147 -20.704115
v -63.477249 4.478875 -20.537199
v -62.672913 4.133823 -20.293959
v -61.875217 3.789748 -20.017174
v -63.950867 5.128490 20.776110
v -63.475212 4.477545 20.599186
v -64.618896 6.911480 20.986073
v -64.430885 5.778763 20.909237
v -64.839905 8.914730 21.065907
v -64.812904 8.042953 21.032574
v -64.887878 10.868664 21.075916
v -64.873596 9.784713 21.052591
v -64.884888 13.046253 21.075916
v -64.906891 11.951087 21.069159
v -64.785889 15.044170 21.045889
v -64.867897 14.139605 21.052595
v -64.218872 16.667973 20.855947
v -64.708572 15.946968 20.999342
v -62.813904 18.009174 20.405998
v -63.735268 17.387539 20.689276
v -61.005859 19.066174 19.815910
v -61.898228 18.629704 20.089178
v -59.716919 19.666470 19.395988
v -60.119240 19.501570 19.509340
v -59.626892 19.981174 19.365959
v -59.321590 19.830769 19.249331
v -60.549866 20.671467 19.666008
v -59.937248 20.131435 19.449284
v -61.621887 22.274769 20.016106
v -61.167229 21.211035 19.849188
v -62.081230 23.337299 20.149237
v -64.301880 28.458076 0.026118
v -64.913895 26.775234 0.022757
v -64.911896 26.777506 0.009345
v -63.686539 30.140144 0.022758
v -63.686531 30.135872 0.009345
v -50.930908 39.266266 16.545897
v -54.654587 36.781563 17.739296
v -46.850891 45.741268 15.216064
v -47.215595 41.747730 15.325851
v -44.506897 52.703667 14.456058
v -46.495888 49.730190 15.095869
v -42.522900 55.670864 13.802543
v -38.978882 61.184376 0.026128
v -29.511902 75.050674 9.585947
v -32.056896 67.976044 10.402637
v -24.957886 82.136978 12.706067
v -26.961205 82.152466 8.772805
v -26.966560 82.140121 8.759412
v -26.973242 82.118362 8.752708
v -19.822876 82.136978 19.776134
v -22.945539 82.152458 16.646004
v -12.755859 82.136963 24.906017
v -16.691532 82.152458 22.899328
v -8.806846 82.140106 26.916033
v -8.812225 82.152443 26.916019
v -10.456510 67.989975 31.996109
v -11.284912 64.596764 34.526131
v -12.093818 61.214134 37.045914
v -12.983887 58.443558 39.756107
v -13.852171 55.678532 42.466076
v -14.509888 52.706661 44.456055
v -15.142170 49.739494 46.446049
v -15.270874 45.745258 46.795898
v -15.374158 41.756435 47.156010
v -16.595886 39.268761 50.875977
v -17.788824 36.787296 54.595955
v -18.454895 34.989357 56.605953
v -19.090481 33.195251 58.605961
v -19.103214 33.190777 58.612679
v -19.128586 33.188847 58.605949
v -38.166145 26.782028 52.492779
v -38.178185 26.784307 52.486057
v -38.178913 26.777409 52.492760
v -52.023170 21.213163 37.806049
v -51.511902 20.671961 37.405998
v -50.976826 20.132296 37.046036
v -50.725891 19.981363 36.835930
v -50.451817 19.831160 36.656067
v -50.801880 19.666666 36.895988
v -51.129482 19.502357 37.149372
v -38.259136 18.631159 52.619339
v -38.270466 18.631760 52.612511
v -38.841919 18.009855 53.395988
v -39.393459 17.389328 54.182724
v -39.406937 17.387394 54.182762
v -55.168819 14.142163 40.085999
v -55.197876 13.047273 40.085930
v -55.201820 11.953914 40.116028
v -55.199890 10.869668 40.085926
v -55.172829 9.787239 40.096004
v -55.159912 8.915528 40.065907
v -55.121822 8.045560 40.056046
v -54.971863 6.912537 39.926010
v -54.797829 5.781070 39.815968
v -54.403870 5.129059 39.516098
v -53.985489 4.478803 39.226124
v -53.316895 4.133775 38.726059
v -52.623165 3.789720 38.236137
v -20.843872 5.128483 63.895981
v -20.703955 4.477540 63.412624
v -21.060913 6.911466 64.565903
v -21.014645 5.778759 64.362572
v -21.132874 8.914723 64.786118
v -21.139332 8.042946 64.742691
v -21.148865 10.868649 64.825912
v -21.158665 9.784700 64.802505
v -21.147888 13.046247 64.825912
v -21.170298 11.951073 64.842545
v -21.114868 15.044156 64.726059
v -21.157293 14.139590 64.802513
v -20.930908 16.667959 64.166000
v -21.105299 15.946953 64.642593
v -20.474915 18.009161 62.756096
v -20.788645 17.387526 63.669315
v -20.191658 18.629755 61.832546
v -37.193554 19.502424 51.089256
v -37.195553 19.501026 51.089256
v -37.204254 19.501625 51.082546
v -19.738892 20.671453 60.496086
v -19.553301 20.131456 59.872589
v -20.086914 22.274755 61.565910
v -19.953306 21.211021 61.102570
v -20.250301 23.337358 62.012730
v -37.837891 28.458061 51.976067
v -38.200912 26.775217 52.472706
v -38.210316 26.777491 52.465992
v -37.478600 30.140131 51.482716
v -37.489960 30.135857 51.475998
v -16.611877 39.266258 50.875977
v -17.835596 36.781559 54.589245
v -15.285889 45.741360 46.795898
v -15.416286 41.747822 47.149307
v -14.523865 52.703659 44.456055
v -15.180961 49.730221 46.432652
v -12.996887 58.440865 39.756107
v -13.888960 55.670856 42.459370
v -11.295898 64.593361 34.526131
v -12.126607 61.205925 37.039368
v -10.484612 67.976028 31.996088
v -4.448914 82.136963 27.605968
v -8.812225 82.152443 26.916019
v -8.823582 82.140106 26.909332
v -8.831622 82.118347 26.916010
v 4.286133 82.136963 27.605968
v -0.078202 82.152435 28.295902
v 12.593140 82.136963 24.906017
v 8.655438 82.152443 26.909338
v 16.538834 82.140129 22.892605
v 16.533445 82.152458 22.899328
v 18.105103 75.057762 25.055918
v 19.680807 67.990044 27.212687
v 22.801794 61.214138 31.502733
v 24.471130 58.443562 33.815922
v 26.152134 55.678532 36.112602
v 27.375122 52.706661 37.815918
v 28.611168 49.739464 39.492718
v 28.825134 45.745258 39.805908
v 29.055187 41.756302 40.102570
v 31.344116 39.268761 43.276123
v 33.651810 36.787331 46.425961
v 34.884094 34.989357 48.145992
v 36.134155 33.195366 49.835873
v 36.128136 33.190907 49.849304
v 36.107410 33.188885 49.869328
v 19.974506 26.782024 61.682652
v 19.962473 26.784361 61.682617
v 19.963125 26.777403 61.689369
v -0.056136 21.213160 64.256088
v -0.072876 20.671957 63.605949
v -0.056795 20.132326 62.959366
v -0.073914 19.981359 62.635979
v -0.057450 19.831160 62.309219
v -0.073914 19.666662 62.736076
v -0.057452 19.502357 63.149307
v 20.023512 18.631161 61.832554
v 20.010769 18.631783 61.832352
v 20.307129 18.009855 62.756096
v 20.621197 17.389328 63.662628
v 20.609785 17.387383 63.669441
v -0.054796 14.142261 68.139290
v -0.072876 13.047352 68.166000
v -0.054800 11.953970 68.186012
v -0.072876 10.869740 68.166000
v -0.054797 9.787312 68.149300
v -0.072876 8.915592 68.115952
v -0.054800 8.045614 68.085915
v -0.072876 6.912594 67.885971
v -0.054800 5.781137 67.686012
v -0.072876 5.129139 67.186020
v -0.055447 4.478872 66.679329
v -0.072876 4.133810 65.835922
v -0.056148 3.789733 64.996071
v 39.379089 5.128485 54.365952
v 39.067703 4.477543 53.969433
v 39.792114 6.911467 54.936020
v 39.657673 5.778761 54.779488
v 39.928101 8.914725 55.125965
v 39.893700 8.042948 55.102642
v 39.957092 10.868651 55.166004
v 39.930691 9.784704 55.159367
v 39.956116 13.046248 55.155998
v 39.951679 11.951075 55.182724
v 39.894104 15.044158 55.075920
v 39.927704 14.139593 55.149364
v 39.544128 16.667959 54.595940
v 39.829399 15.946956 55.019478
v 38.676086 18.009161 53.395988
v 39.228050 17.387527 54.189407
v 38.093021 18.629757 52.626030
v 19.408751 19.502356 60.065914
v 19.409437 19.500956 60.065914
v 19.396029 19.501558 60.072601
v 37.277100 20.671455 51.476067
v 36.882694 20.131458 50.959423
v 37.940125 22.274757 52.385979
v 37.643036 21.211023 52.002789
v 38.207050 23.337358 52.779495
v 19.752136 28.458055 61.105949
v 19.937748 26.775215 61.696041
v 19.924381 26.777487 61.696045
v 19.558754 30.140123 60.526119
v 19.545994 30.135853 60.532806
v 31.333130 39.266258 43.286133
v 33.619061 36.781658 46.459427
v 28.813110 45.741261 39.815918
v 29.024389 41.747688 40.129353
v 27.364136 52.703659 37.825928
v 28.581030 49.730183 39.519489
v 24.462097 58.440868 33.825932
v 26.126728 55.670856 36.139366
v 21.229126 64.593460 29.375984
v 22.779724 61.205929 31.529505
v 18.099121 75.050667 25.065928
v 19.662746 67.976097 27.232775
v 19.659119 82.136978 19.776134
v 16.533445 82.152458 22.899328
v 16.525398 82.140114 22.906033
v 16.522738 82.118362 22.912718
v 24.793091 82.136978 12.706067
v 22.784782 82.152458 16.639320
v 27.492126 82.136978 4.396008
v 26.797737 82.152458 8.759440
v 28.181116 82.140137 0.022713
v 28.179773 82.152458 0.029463
v 30.855103 75.057678 0.026133
v 31.844116 67.965378 -10.343987
v 36.181091 64.596771 0.026130
v 38.830078 61.214149 0.016023
v 41.683105 58.443573 0.026128
v 44.527431 55.678547 0.016040
v 46.622131 52.706676 0.026126
v 48.708115 49.739479 0.016041
v 49.088135 45.745274 0.026123
v 49.461742 41.756416 0.016039
v 53.374084 39.268776 0.026121
v 57.280434 36.787312 0.009333
v 59.395081 34.989372 0.026120
v 61.499409 33.195278 0.009323
v 61.505493 33.190811 0.022778
v 61.506798 33.188805 0.049345
v 61.579464 26.782038 20.039295
v 61.576084 26.784321 20.052536
v 61.578114 26.777420 20.052561
v 51.887825 21.213165 37.759335
v 51.357117 20.671961 37.395988
v 50.840832 20.132298 36.999321
v 50.570129 19.981363 36.825920
v 50.315792 19.831163 36.615894
v 50.647095 19.666666 36.875969
v 50.993473 19.502359 37.109192
v 61.729485 18.631104 20.089180
v 61.726021 18.631760 20.102551
v 62.646118 18.009869 20.405998
v 63.566463 17.389273 20.689278
v 63.566532 17.387405 20.702738
v 55.034832 14.142163 40.039295
v 55.043091 13.047273 40.075920
v 55.068508 11.953914 40.069157
v 55.046082 10.869668 40.075916
v 55.039799 9.787240 40.049301
v 55.006104 8.915528 40.045887
v 54.987839 8.045562 40.009346
v 54.818115 6.912537 39.905991
v 54.663807 5.781070 39.775970
v 54.250122 5.129060 39.496078
v 53.851475 4.478801 39.185963
v 53.162109 4.133775 38.706039
v 52.488480 3.789720 38.195969
v 58.492126 33.192883 -19.003910
v 49.743103 33.192989 -36.164066
v 46.331078 36.783527 -33.693119
v 60.410095 30.138084 -19.624027
v 51.375122 30.138189 -37.354012
v 61.576111 26.779785 -20.003912
v 52.367126 26.779890 -38.073982
v 61.911133 23.338779 -20.114021
v 52.652100 23.338789 -38.283943
v 60.998108 21.211781 -19.813972
v 51.875122 21.211889 -37.713875
v 59.767090 20.131580 -19.414070
v 50.828125 20.131689 -36.954109
v 59.150085 19.830975 -19.213875
v 50.303101 19.830984 -36.573982
v 59.948120 19.502178 -19.473885
v 50.982117 19.502188 -37.063972
v 61.726135 18.630581 -20.053963
v 52.495117 18.630590 -38.164070
v 63.563110 17.388477 -20.644053
v 54.058105 17.388586 -39.303963
v 64.537109 15.948178 -20.963877
v 54.886108 15.948287 -39.904060
v 64.697083 14.141079 -21.013926
v 55.022095 14.141189 -40.003914
v 64.736084 11.952541 -21.023937
v 55.055115 11.952613 -40.023933
v 64.702087 9.785877 -21.013927
v 55.027100 9.785949 -40.003918
v 64.642090 8.044468 -20.993908
v 54.975098 8.044539 -39.973888
v 64.260132 5.779636 -20.874037
v 54.651123 5.779708 -39.733902
v 63.305115 4.478015 -20.563978
v 53.838135 4.478087 -39.144058
v 61.703125 3.789294 -20.043959
v 52.475098 3.789366 -38.154068
v 59.379314 3.364558 -19.279192
v 50.498108 3.363264 -36.713882
v 46.312050 36.787323 -33.707333
v 46.316044 36.790619 -33.694069
v 48.031128 34.989380 -34.934086
v 46.333447 36.787319 -33.680721
v 49.723701 33.195393 -36.184158
v 50.552124 31.666388 -36.763920
v 51.355728 30.140190 -37.374100
v 51.864136 28.459890 -37.723885
v 52.347038 26.782091 -38.094074
v 52.502136 25.060186 -38.184090
v 52.632706 23.341127 -38.304031
v 52.257141 22.275885 -38.003914
v 51.856384 21.213289 -37.733959
v 51.345093 20.672087 -37.344002
v 50.810036 20.132423 -36.974030
v 50.559082 19.981390 -36.773933
v 50.285049 19.831192 -36.594070
v 50.636108 19.666693 -36.823982
v 50.963375 19.502453 -37.084057
v 51.731140 19.066687 -37.624031
v 52.475033 18.631191 -38.184162
v 53.269104 18.009886 -38.743904
v 54.037365 17.389391 -39.324055
v 54.464111 16.668791 -39.614021
v 54.866066 15.949224 -39.924149
v 54.946106 15.045188 -39.963875
v 55.002052 14.142390 -40.023998
v 55.031128 13.047431 -40.023933
v 55.035030 11.954064 -40.044022
v 55.033081 10.869826 -40.023937
v 55.006363 9.787395 -40.024006
v 54.993103 8.915671 -39.993908
v 54.955051 8.045701 -39.993977
v 54.805115 6.912681 -39.864029
v 54.631035 5.781216 -39.753994
v 54.237122 5.129217 -39.444107
v 53.818703 4.478957 -39.164143
v 53.150085 4.133894 -38.654068
v 52.456352 3.789827 -38.174156
v 51.480103 3.576422 -37.444107
v 50.480713 3.363555 -36.733967
v 50.455353 3.363267 -36.700661
v 54.911133 3.363233 -27.983900
v 59.340755 3.363194 -19.263779
v 62.505127 4.133479 -20.293959
v 61.705780 3.789009 -20.017179
v 63.784119 5.128497 -20.704115
v 63.308464 4.477550 -20.537201
v 64.453125 6.911487 -20.924084
v 64.264137 5.778770 -20.847252
v 64.674133 8.914738 -20.993908
v 64.646133 8.042960 -20.967295
v 64.721130 10.868671 -21.013927
v 64.706779 9.784722 -20.987150
v 64.718140 13.046261 -21.013927
v 64.740784 11.951097 -20.997160
v 64.619141 15.044178 -20.983896
v 64.701126 14.139612 -20.987148
v 64.052124 16.667980 -20.793955
v 64.541801 15.946977 -20.937269
v 62.647095 18.009182 -20.333992
v 63.568459 17.387547 -20.617273
v 60.839111 19.066181 -19.753914
v 61.731483 18.629711 -20.027180
v 59.550110 19.666477 -19.333992
v 59.953468 19.501579 -19.447264
v 59.460083 19.981182 -19.303963
v 59.154781 19.830776 -19.187254
v 60.384094 20.671474 -19.604012
v 59.770439 20.131443 -19.387287
v 61.456116 22.274776 -19.954109
v 61.001457 21.211042 -19.787189
v 61.745117 25.058376 -20.043953
v 61.914482 23.337307 -20.087240
v 60.995117 28.458084 -19.803961
v 61.580116 26.777514 -19.977131
v 59.453125 31.664780 -19.303959
v 60.414791 30.135880 -19.597244
v 58.491436 33.195286 -18.990541
v 58.497471 33.190880 -18.977137
v -32.220886 169.028076 23.386026
v -30.840881 161.270081 22.376015
v -23.623402 172.247406 32.494041
v -22.429871 161.270081 30.786171
v -32.252869 176.721069 23.406048
v -22.303404 187.243820 30.553032
v -31.292305 183.911362 22.706425
v -29.749878 189.826080 21.585985
v -19.199291 197.349655 26.335400
v -27.536865 195.092072 19.976124
v -24.514893 200.000076 17.786182
v -27.757627 153.880356 20.136255
v -20.188904 153.881073 27.706089
v -24.220886 148.405075 17.565952
v -16.649490 146.556335 22.840868
v -21.129816 144.555557 15.325603
v -17.706989 141.201950 12.860854
v -13.712596 142.208237 18.799219
v -12.910889 141.243073 17.686066
v -12.894938 141.230621 17.665792
v -17.696899 141.200073 12.825959
v -12.879883 141.200073 17.646027
v -17.707886 141.199081 12.835969
v -12.888916 141.199081 17.656036
v -17.769897 141.235077 12.886018
v -12.933899 141.235077 17.716095
v -18.322876 141.287079 13.286164
v -13.335830 141.285767 18.276155
v -19.593201 140.657074 14.205273
v -14.253312 140.659332 19.545496
v -21.846535 138.717728 15.846467
v -15.893953 138.714783 21.795252
v -14.946899 204.841080 20.496145
v -20.541870 204.841080 14.896049
v -25.345409 134.829361 18.379702
v -18.432976 134.830978 25.297237
v -28.034084 131.723465 20.376657
v -19.686890 132.908081 27.016142
v -20.428894 131.632080 28.036161
v -28.560160 130.051239 20.726374
v -20.772888 130.052078 28.506130
v -28.640121 127.225754 20.777351
v -20.829895 127.223061 28.585964
v -27.827724 124.701729 20.183062
v -20.239868 124.702065 27.776150
v -25.682617 124.027954 18.642208
v -18.681885 123.958061 25.636013
v -16.332886 123.908066 22.396023
v -18.368896 123.469070 13.315944
v -13.368896 123.469070 18.315945
v -11.139338 209.082779 15.246640
v -15.302135 209.085251 11.086371
v -5.894758 209.082047 17.926235
v -7.897888 204.841064 24.085989
v -10.139580 197.353058 30.951502
v -11.778433 187.246078 35.928497
v -12.419738 172.183746 38.184536
v -11.831909 161.270081 36.186073
v -10.387959 152.181198 31.537615
v -8.124625 144.553802 24.773281
v -0.084246 209.082565 18.846109
v -0.082886 204.841064 25.315969
v -0.088160 197.340836 32.550503
v -0.121104 187.263138 37.783703
v -0.040913 172.209396 40.130032
v -0.082886 161.270081 38.045937
v -0.082886 153.881073 34.236122
v -0.079174 146.551620 28.219852
v -7.249878 142.208069 22.085968
v -0.080336 142.209244 23.226192
v -6.826432 141.238617 20.785746
v -0.082886 141.243073 21.855988
v -6.817871 141.221069 20.756134
v -0.082886 141.221069 21.825958
v -6.812284 141.202271 20.736589
v -0.082886 141.200073 21.805939
v -6.815918 141.199081 20.756134
v -0.082886 141.199081 21.815948
v -6.838867 141.235077 20.825958
v -0.082886 141.235077 21.896027
v -7.050067 141.286423 21.476076
v -0.082886 141.287079 22.575958
v 5.730619 209.082153 17.925375
v 7.731140 204.841064 24.085989
v 9.953710 197.355606 30.955824
v 11.553636 187.238068 35.949703
v 12.361612 172.186462 38.150360
v 11.668164 161.269608 36.185169
v 10.487561 153.883591 32.567326
v 7.837209 144.448654 24.813543
v 10.971689 209.082382 15.247082
v 14.781128 204.841080 20.496145
v 19.024525 197.349075 26.342134
v 22.080423 187.243988 30.593796
v 23.289141 176.718063 32.206692
v 23.268312 169.027618 32.166847
v 15.134961 209.082230 11.084499
v 20.375122 204.841080 14.896049
v 26.210447 197.359024 19.148727
v 29.583130 189.826080 21.585985
v 17.806772 209.082031 5.844600
v 23.967102 204.841080 7.845999
v 30.836927 197.350708 10.086353
v 34.792114 189.826080 11.366014
v 31.124084 183.911072 22.706100
v 36.603699 183.908417 11.956304
v 18.726070 209.082092 0.035681
v 25.205139 204.841080 0.036185
v 32.436729 197.343048 0.042340
v 37.675041 187.235199 0.068639
v 37.732014 176.719910 12.322476
v 40.014793 172.221268 -0.009075
v 37.697083 169.028076 12.305949
v 36.074097 161.270081 11.776160
v 37.935120 161.270081 0.036170
v 32.449097 153.881073 10.605993
v 34.123108 153.881073 0.036168
v 28.291376 148.403854 9.255915
v 28.117954 146.565186 0.028117
v 24.654665 144.554108 8.069476
v 20.641506 141.198074 6.769105
v 23.108671 142.209061 0.029524
v 21.741089 141.243073 0.036164
v 21.710083 141.221069 0.036164
v 20.623108 141.200073 6.756135
v 21.688110 141.200073 0.036164
v 20.636108 141.199081 6.766145
v 21.702087 141.199081 0.036164
v 20.709106 141.235077 6.786164
v 21.779114 141.235077 0.036164
v 21.359131 141.287079 6.996125
v 22.462097 141.287079 0.036164
v 22.852112 140.658081 7.486115
v 24.032104 140.658081 0.036164
v 25.498606 138.716309 8.345737
v 26.815125 138.717072 0.036164
v 17.806492 209.082565 -5.783396
v 23.967102 204.841080 -7.783884
v 30.843889 197.349014 -10.007246
v 34.790092 189.826385 -11.304975
v 36.602299 183.913589 -11.883718
v 38.037079 172.214798 -12.404181
v 36.074097 161.270081 -11.713829
v 31.444700 152.158646 -10.145162
v 24.655617 144.553726 -8.000307
v 15.134198 209.081894 -11.023607
v 22.091963 203.255142 -15.880510
v 10.973643 209.082916 -15.184233
v 16.085285 203.257843 -21.949560
v 27.371847 195.089462 -19.914528
v 19.867453 195.090836 -27.422026
v 5.728612 209.082062 -17.853971
v 7.731140 204.841095 -24.013865
v 9.975266 197.325180 -30.906488
v 21.471130 189.826080 -29.633986
v 11.618730 187.233688 -35.867859
v 22.589880 183.909531 -31.167332
v 23.291851 176.723404 -32.136120
v 12.265370 172.228226 -38.113667
v 23.266113 169.028076 -32.103966
v 22.263123 161.270081 -30.723839
v 11.665100 161.270081 -36.123985
v 20.022095 153.881073 -27.644009
v 10.487122 153.881073 -32.503868
v 17.454102 148.405075 -24.103970
v 8.633326 146.584167 -26.806087
v 15.206116 144.555069 -21.013884
v 13.548096 142.208069 -18.733856
v 7.080865 142.208572 -22.025284
v 12.745117 141.243073 -17.623993
v 6.661133 141.243073 -20.723846
v 12.726135 141.221069 -17.593964
v 6.651123 141.221069 -20.694061
v 12.714111 141.200073 -17.583954
v 6.644104 141.200073 -20.674042
v 12.722107 141.199081 -17.593964
v 6.649109 141.199081 -20.684052
v 12.767090 141.235077 -17.654022
v 6.672119 141.235077 -20.763885
v 13.164723 141.286545 -18.192793
v 6.884094 141.287079 -21.414032
v 14.093308 140.657928 -19.473076
v 7.369141 140.658081 -22.904022
v 15.727112 138.717072 -21.733856
v 8.229126 138.717072 -25.553925
v -0.081651 209.083252 -18.772547
v -0.082886 204.841095 -25.253855
v -0.076919 197.328140 -32.498993
v -0.055186 187.208679 -37.733620
v -0.131336 172.217194 -40.067619
v -0.082886 161.270081 -37.983849
v -0.022626 152.162125 -33.101776
v -0.079692 144.554214 -25.981865
v -5.896458 209.083679 -17.850193
v -7.897888 204.841095 -24.013865
v -10.130907 197.323273 -30.911402
v -11.718819 187.236069 -35.889233
v -12.514950 172.224396 -38.086498
v -11.831909 161.270081 -36.123985
v -10.653870 153.881073 -32.503868
v -8.800838 146.573105 -26.794979
v -0.082886 142.208069 -23.154022
v -7.251991 142.208176 -22.023952
v -0.082886 141.243073 -21.793915
v -6.827881 141.243073 -20.723846
v -0.080655 141.212479 -21.762218
v -6.817871 141.221069 -20.694061
v -0.081424 141.202347 -21.743879
v -6.810913 141.200073 -20.674042
v -0.082886 141.199081 -21.753876
v -6.817131 141.199326 -20.683769
v -0.081371 141.231720 -21.833044
v -6.838867 141.235077 -20.763885
v -0.082886 141.287079 -22.513885
v -7.049714 141.286453 -21.414145
v -11.138916 209.082077 -15.184029
v -14.946899 204.841080 -20.424021
v -19.203245 197.321838 -26.292049
v -22.251749 187.232849 -30.533768
v -23.692991 172.212357 -32.375069
v -22.429871 161.270081 -30.723839
v -20.190222 153.878891 -27.641195
v -17.620855 148.407074 -24.105345
v -15.370573 144.554291 -21.014231
v -15.299551 209.083160 -11.023396
v -20.541870 204.841080 -14.833932
v -26.392900 197.335388 -19.088821
v -29.749878 189.826080 -21.523878
v -31.291071 183.906158 -22.644337
v -32.256248 176.723572 -23.337606
v -32.220886 169.028076 -23.313925
v -17.972149 209.082214 -5.782651
v -24.133911 204.841080 -7.783884
v -31.004435 197.349884 -10.025152
v -18.997183 209.239319 0.045958
v -25.371887 204.841080 0.036185
v -32.600384 197.346405 0.028701
v -34.957886 189.826080 -11.303908
v -36.753460 189.824280 0.029447
v -24.133911 204.841080 7.845999
v -31.008785 197.350952 10.071671
v -36.004986 187.230148 11.674572
v -38.657288 183.914322 0.036118
v -40.180794 172.214966 0.082116
v -38.203495 172.208878 12.465761
v -38.101868 161.270081 0.036170
v -36.240906 161.270081 11.776160
v -33.214912 152.159332 -0.023891
v -32.614868 153.881073 10.605993
v -26.913841 146.576477 8.754350
v -26.094732 144.553864 0.036180
v -23.274481 142.208633 0.036158
v -22.137827 142.207016 7.196090
v -21.905653 141.219376 0.026112
v -20.838867 141.243073 6.776155
v -21.876892 141.221069 0.036164
v -20.809875 141.221069 6.766145
v -21.854919 141.200073 0.036164
v -20.788879 141.200073 6.756135
v -21.868896 141.199081 0.036164
v -20.802917 141.199081 6.766145
v -21.945862 141.235077 0.036164
v -20.875872 141.235672 6.786201
v -22.628906 141.287079 0.036164
v -21.525879 141.287079 6.996125
v -24.198914 140.658081 0.036164
v -23.018860 140.658081 7.486115
v -26.981928 138.716629 0.029521
v -25.664066 138.717880 8.346382
v 29.608749 134.829178 9.679395
v 31.138123 134.829071 0.036162
v 32.807484 131.721802 10.682649
v 33.264233 132.908524 0.029547
v 34.896736 131.070450 0.091969
v 33.392216 130.049911 10.909729
v 33.486084 127.223076 10.936062
v 35.213837 127.222237 0.036167
v 32.530090 124.702072 10.626002
v 34.208820 124.702744 0.036085
v 30.006006 123.826080 9.810090
v 22.284622 123.886421 16.283703
v 27.563707 123.908066 0.029476
v 21.412109 123.469078 7.016139
v 22.519104 123.469078 0.036158
v -34.750477 131.633682 0.027146
v -31.801210 132.908295 10.339776
v -33.002869 131.632080 10.726102
v -35.281860 130.052078 0.036160
v -33.558804 130.059052 10.912595
v -35.379883 127.223076 0.036160
v -33.653111 127.222107 10.936053
v -34.374878 124.702072 0.036159
v -32.747051 124.522850 10.626056
v -31.722052 123.958313 0.029584
v -26.378153 123.884857 -8.510995
v -26.375256 123.908012 8.575788
v -22.684875 123.469078 0.036158
v -21.578081 123.468742 7.025411
v 18.268127 134.829071 -25.223846
v 9.565125 134.829071 -29.664032
v 19.520081 132.908081 -26.944063
v 10.223083 132.908081 -31.684053
v 20.262085 131.632080 -27.973848
v 10.613098 131.632080 -32.884003
v 20.606140 130.052078 -28.444065
v 10.794128 130.052078 -33.444061
v 20.664124 127.223091 -28.523899
v 10.824097 127.223091 -33.533909
v 20.073120 124.702080 -27.713840
v 10.513123 124.702080 -32.583961
v 18.516720 123.958099 -25.560186
v 9.695129 123.958092 -30.063938
v 22.282139 123.865707 -16.218170
v 8.460083 123.908089 -26.263889
v 13.202087 123.469086 -18.253880
v 6.901123 123.469086 -21.463840
v -37.900879 176.721069 -12.253863
v -37.863892 169.028076 -12.243855
v -30.838161 161.267273 -22.315783
v -36.240906 161.270081 -11.713829
v 20.016848 153.880447 27.710697
v 16.491392 146.555527 22.834526
v 7.083130 142.208069 22.085968
v 13.549682 142.206833 18.792349
v 6.661133 141.243073 20.786163
v 12.745117 141.243073 17.686066
v 6.649248 141.219513 20.756104
v 12.726135 141.221069 17.666046
v 6.644104 141.200073 20.736115
v 12.714111 141.200073 17.646027
v 6.649109 141.199081 20.756134
v 12.722107 141.199081 17.656036
v 6.672119 141.235077 20.825958
v 12.767090 141.235077 17.716095
v 6.884094 141.287079 21.476105
v 13.169128 141.287079 18.276154
v 7.369141 140.658081 22.966095
v 14.091125 140.658081 19.545929
v 8.229126 138.717072 25.615997
v 15.728625 138.718735 21.791847
v 9.565125 134.829071 29.726105
v 19.537664 132.893448 27.025751
v 10.223083 132.908081 31.746122
v 10.613098 131.632080 32.956085
v 20.258175 131.609177 28.047861
v 10.794128 130.052078 33.506134
v 10.824097 127.223061 33.605984
v 20.664591 127.222298 28.586176
v 10.513123 124.702065 32.646019
v 20.076746 124.704323 27.774038
v 9.695129 123.958061 30.126003
v 25.515272 123.892845 18.638481
v 8.460083 123.908058 26.325954
v 16.168936 123.908142 22.395279
v 6.898540 123.468971 21.527498
v 13.202087 123.469070 18.315945
v 27.591673 153.880478 20.136688
v 24.057344 148.406921 17.563400
v 20.958746 144.553848 15.327191
v 30.674133 161.270081 22.376015
v 3.573120 211.609070 -11.223823
v -11.335876 211.609070 3.686090
v -9.683969 211.660812 6.967865
v -3.739868 211.609070 -11.223823
v 9.489136 211.609070 -6.924017
v 6.871094 211.609070 -9.543891
v -11.334633 211.609070 -3.623565
v -11.914917 211.609070 0.036187
v 11.747974 211.612244 0.036313
v 11.169128 211.609070 -3.623969
v 9.489136 211.609070 6.986138
v 11.169128 211.609070 3.686090
v 3.573120 211.609070 11.286187
v 6.871094 211.609070 9.606011
v -3.739954 211.609573 11.286002
v -0.082886 211.609070 11.866021
v 30.674133 161.270081 -22.313927
v 27.590088 153.881073 -20.073940
v 22.731525 146.569244 -16.549337
v 32.332069 172.230087 -23.570648
v 31.126667 183.911377 -22.639757
v 21.972107 142.208069 -7.134002
v 18.677578 142.207657 -13.593606
v 20.672119 141.243073 -6.713836
v 17.547138 141.244431 -12.782707
v 20.643127 141.221069 -6.704070
v 20.623108 141.200073 -6.694060
v 17.530090 141.200073 -12.763885
v 20.636108 141.199081 -6.704070
v 17.542114 141.199081 -12.773894
v 20.709106 141.235077 -6.723845
v 17.603088 141.235077 -12.813933
v 21.359131 141.287079 -6.934050
v 18.157104 141.287079 -13.223845
v -24.220886 148.405075 -17.503872
v -21.128641 144.553894 -15.253952
v -13.714130 142.210129 -18.733410
v -18.845198 142.206436 -13.595080
v -12.910889 141.243073 -17.623993
v -17.738892 141.243073 -12.793914
v -12.892883 141.221069 -17.593964
v -17.713867 141.221069 -12.773894
v -12.881267 141.198273 -17.583681
v -17.696899 141.200073 -12.763885
v -12.888916 141.199081 -17.593964
v -17.732725 141.215408 -12.790395
v -12.933899 141.235077 -17.654022
v -13.334900 141.287079 -18.204071
v -18.323355 141.287125 -13.220068
v -14.257874 140.658081 -19.473846
v -19.592880 140.658096 -14.144000
v -15.893860 138.717072 -21.733856
v -21.843546 138.718170 -15.772895
v -18.434875 134.829071 -25.223846
v -27.067911 132.908676 -19.567930
v -19.685913 132.908081 -26.944063
v -20.428894 131.632080 -27.973848
v -28.085876 131.632080 -20.313936
v -20.772888 130.052078 -28.444065
v -28.559875 130.052078 -20.654026
v -31.571363 152.154617 -10.256936
v -24.822086 144.555191 -8.007812
v 18.202087 123.469086 -13.253881
v 18.202087 123.469070 13.315944
v -21.578918 123.469078 -6.954076
v 21.412109 123.469078 -6.954076
v 25.516113 123.958084 -18.563938
v 30.011171 123.958214 -9.744208
v 27.659119 124.702072 -20.123997
v 32.529137 124.701736 -10.563718
v 28.472107 127.223083 -20.713840
v 33.486217 127.224426 -10.874071
v 28.393127 130.052078 -20.654026
v 33.393127 130.052078 -10.843966
v 27.919128 131.632080 -20.313936
v 32.836121 131.632080 -10.664035
v 26.898132 132.908081 -19.573946
v 31.635132 132.908081 -10.273897
v 25.175167 134.828903 -18.320524
v 29.611780 134.827972 -9.614058
v 21.674540 138.718338 -15.776268
v 22.931822 140.718643 -7.430787
v 19.427124 140.658081 -14.144011
v -18.368896 123.469086 -13.253881
v -16.337339 123.884933 -22.332575
v -30.176960 123.957840 -9.743884
v -25.680103 123.958183 -18.564671
v -32.696899 124.702072 -10.563939
v -27.825867 124.702072 -20.123997
v -33.652893 127.223076 -10.873997
v -28.638916 127.223083 -20.713840
v -33.559875 130.052078 -10.843966
v -13.368896 123.469086 -18.253880
v -7.067871 123.469086 -21.463840
v -0.156969 123.887405 -27.629158
v -18.681885 123.958092 -25.563938
v -9.857669 123.958031 -30.063171
v -20.239868 124.702080 -27.713840
v -10.679871 124.702080 -32.583961
v -20.829895 127.223091 -28.523899
v -10.989761 127.225441 -33.532726
v -0.082886 123.469086 -22.573948
v 21.678101 138.717072 15.845978
v 25.175362 134.828110 18.385767
v -25.665169 138.717163 -8.285386
v -29.779701 134.830765 -9.609477
v 32.059452 169.031311 23.381571
v 18.676792 142.208298 13.665173
v 17.569490 141.225967 12.860876
v 17.548096 141.221069 12.845979
v 27.665928 124.704773 20.178623
v 26.898403 132.908691 19.636374
v 27.918482 131.628006 20.380251
v 28.393127 130.052078 20.726101
v -31.801880 132.908081 -10.273897
v -33.002869 131.632080 -10.664035
v -0.082886 124.702080 -34.263893
v -0.082868 127.224075 -35.264214
v -0.082886 123.958092 -31.613987
v -10.964145 130.047882 -33.440685
v -0.079538 130.051224 -35.164200
v -10.782557 131.632935 -32.882751
v -0.082874 131.632324 -34.583553
v -10.389254 132.908188 -31.686005
v -0.082886 132.908081 -33.313934
v -0.079709 134.829941 -31.190140
v -8.394314 138.719818 -25.548750
v -0.019167 140.734909 -24.101946
v -7.536674 140.656937 -22.906559
v -20.838867 141.243073 -6.713836
v -22.138510 142.208603 -7.134084
v -21.525879 141.287079 -6.934050
v -23.018450 140.656525 -7.423898
v -20.802917 141.199081 -6.704070
v -29.776917 134.829071 -9.613984
v 30.668072 161.263947 22.380957
v 27.590088 153.881073 20.136021
v 24.054138 148.405075 17.565952
v -36.241943 161.272812 -11.714105
v -37.863892 169.028076 -12.243855
v -37.900879 176.721069 -12.253863
v -15.302557 209.080963 11.087187
v -20.541870 204.841080 14.896049
v -24.514893 200.000076 17.786182
v -27.536865 195.092072 19.976124
v -29.747561 189.823898 21.584700
v -31.290958 183.912048 22.713112
v -32.252636 176.722488 23.415228
v -32.218311 169.026169 23.383947
v -30.840881 161.270081 22.376015
v -27.756897 153.881073 20.136021
v -24.219839 148.406769 17.565212
v -21.127869 144.555069 15.325960
v -28.559875 130.052078 -20.654026
v -33.002869 131.632080 -10.664035
v -28.085876 131.632080 -20.313936
v -31.802214 132.908432 -10.273929
v -27.064880 132.908081 -19.573946
v -7.047534 141.287094 -21.414585
v -0.082886 141.287079 -22.513885
v 18.157104 141.287079 -13.223845
v 21.359131 141.287079 -6.934050
v -29.776028 134.828812 -9.613634
v -11.138713 209.081696 15.246050
v -3.739868 211.609070 11.286187
v 22.263123 161.270081 -30.723839
v 20.022436 153.882202 -27.651939
v 17.454102 148.405075 -24.103970
v 15.206116 144.555069 -21.013884
v 23.266113 169.028076 -32.103966
v 23.289124 176.721069 -32.133987
v 22.590088 183.911072 -31.174026
v 21.471130 189.826080 -29.633986
v -27.756897 153.881073 -20.073940
v -24.217291 148.403351 -17.506424
v -21.127869 144.555069 -15.253874
v -30.840881 161.270081 -22.313927
v -18.844910 142.208069 -13.593963
v -17.619873 148.405075 -24.103970
v -20.187389 153.883469 -27.642952
v 28.292114 148.405075 9.256137
v 24.656128 144.555069 8.065950
v 22.263123 161.270081 30.786171
v 23.266113 169.028076 32.166054
v 20.022095 153.881073 27.706089
v 10.487122 153.881073 32.565956
v 11.665100 161.270081 36.186073
v -21.578907 123.468781 7.016218
v -26.375916 123.908073 8.575953
v 22.519125 123.468864 0.036162
v 27.563110 123.908073 0.036158
v 6.902737 123.468903 -21.463606
v 8.460083 123.908089 -26.263889
v 13.200364 123.469002 18.317696
v 16.167114 123.908066 22.396023
v -21.844910 138.717072 15.845978
v -25.340509 134.827484 18.385525
v 15.727112 138.717072 -21.733856
v -15.893860 138.717072 -21.733856
v -18.434875 134.829071 -25.223846
v -26.981873 138.717072 0.036164
v -24.198914 140.658081 0.036164
v 9.565125 134.829071 -29.664032
v 8.229126 138.717072 -25.553925
v 31.138006 134.828812 0.036123
v 26.815125 138.717072 0.036164
v -3.174022 212.827637 4.286232
v -1.699295 212.828293 5.037449
v -0.082887 212.828079 5.295953
v -0.084064 211.609741 11.865968
v 1.532137 212.828186 5.037641
v 3.574887 211.609100 11.285296
v 3.006779 212.828094 4.286856
v 6.869792 211.609467 9.606765
v 4.165744 212.828186 3.132072
v 9.490497 211.608658 6.986281
v 4.917184 212.828125 1.659740
v 11.169128 211.609070 3.686090
v 5.177124 212.828079 0.036188
v 11.750214 211.609207 0.037238
v 4.917948 212.828140 -1.596197
v 11.169128 211.609070 -3.623969
v 4.165746 212.828278 -3.069950
v 9.489136 211.609070 -6.924017
v 3.006939 212.828110 -4.224412
v 6.871094 211.609070 -9.543891
v 1.541254 212.828339 -4.970649
v 3.574046 211.608612 -11.224548
v -0.073612 212.828201 -5.222087
v -0.082883 211.608215 -11.803392
v -1.708862 212.828079 -4.973822
v -22.139124 142.207901 7.196084
v -20.838867 141.243073 6.776155
v -20.809875 141.221069 6.766145
v -0.083402 209.080719 18.845613
v -5.895874 209.082077 17.926079
v 10.973055 209.080780 15.246029
v 5.729126 209.082077 17.926079
v 30.010132 123.958076 -9.743871
v 32.530090 124.702072 -10.563939
v -25.681885 123.958069 18.636013
v -27.825867 124.702072 20.186062
v -31.801880 132.908081 10.335966
v -33.003181 131.632217 10.726141
v -33.559875 130.052078 10.906034
v 32.530918 124.701813 10.626094
v 30.010132 123.958076 9.805934
v 33.486084 127.223076 10.936062
v 9.695129 123.958092 -30.063938
v 10.513123 124.702080 -32.583961
v 8.460083 123.908089 -26.263889
v 28.393127 130.052078 20.726101
v 27.919128 131.632080 20.376005
v 33.393127 130.052078 -10.843966
v 32.836121 131.632080 -10.664035
v 31.635132 132.908081 -10.273897
v 33.486084 127.223076 -10.873997
v -28.559875 130.052078 20.726101
v -28.638916 127.223068 20.776150
v -32.696899 124.702072 10.626002
v -33.652893 127.223076 10.936062
v 34.208794 124.703224 0.036285
v 35.214111 127.223076 0.036160
v 12.745117 141.243073 17.686066
v 13.548096 142.208069 18.795929
v -13.334892 141.287079 -18.204060
v -12.933899 141.235077 -17.654022
v -14.257874 140.658081 -19.473846
v 19.427233 140.658401 -14.144021
v 21.678101 138.717072 -15.773895
v 20.262085 131.632080 28.036161
v 19.520081 132.908081 27.016142
v -20.428894 131.632080 -27.973848
v -19.685913 132.908081 -26.944063
v 10.794128 130.052078 -33.444061
v 10.613098 131.632080 -32.884003
v 10.824097 127.223091 -33.533909
v 12.745117 141.243073 -17.623993
v 13.548096 142.208069 -18.733856
v -31.774902 180.314072 23.045942
v -32.260258 176.715729 23.392658
v -31.298929 183.906387 22.692722
v -28.646912 192.458069 20.776171
v -29.757923 189.822067 21.572594
v -26.028870 197.545074 18.876026
v -27.545555 195.088730 19.962730
v -22.530884 202.419067 16.335989
v -24.522957 199.996735 17.772751
v -17.923889 206.961075 12.986136
v -20.549911 204.837738 14.889349
v -15.291523 209.085434 11.085981
v -15.298916 209.084076 11.079298
v -15.308256 209.079407 11.079283
v -3.735867 211.611084 11.279478
v -3.740576 211.610397 11.279500
v -0.079524 211.610397 11.859337
v -0.082234 211.611099 11.859268
v -0.080893 211.607742 11.866024
v 5.221130 211.610077 10.446099
v 3.571084 211.611099 11.279387
v 3.569106 211.610397 11.279512
v 6.871105 211.610397 9.599319
v 6.867053 211.611099 9.599264
v 6.875768 211.607697 9.606008
v 10.326111 211.610077 5.335992
v 9.482425 211.611084 6.979435
v 9.483794 211.610397 6.986144
v 11.165793 211.610397 3.686084
v 11.161081 211.611084 3.686083
v 11.174480 211.607742 3.686098
v 11.739404 211.611084 0.029505
v 11.743426 211.610397 0.036196
v 11.163790 211.610397 -3.623979
v 11.160430 211.611084 -3.623962
v 11.172482 211.607742 -3.630651
v 8.177124 211.610077 -8.223823
v 9.481068 211.611084 -6.917305
v 9.486456 211.610397 -6.917319
v 6.865734 211.610397 -9.537230
v 6.865071 211.611099 -9.537164
v 6.871728 211.607712 -9.543918
v 3.568410 211.610397 -11.217147
v 3.569192 211.611038 -11.210818
v 3.573787 211.610397 -11.217135
v -3.741227 211.610397 -11.217134
v -3.737862 211.611084 -11.210588
v -3.735854 211.610397 -11.217148
v -11.135567 209.085434 -15.177342
v -11.327866 211.611084 -3.617279
v -11.330538 211.610397 -3.623979
v -11.910235 211.610397 0.036196
v -11.905955 211.611130 0.036187
v -11.919694 211.607697 0.036187
v -11.327178 211.611084 3.686083
v -11.331891 211.610397 3.686082
v -4.337891 212.816071 3.126032
v -1.708898 212.828079 -4.967118
v -1.710899 212.827408 -4.973824
v -0.085571 211.607742 -11.803905
v -0.079541 211.605743 -11.810589
v 3.579122 211.605728 -11.230512
v 6.879778 211.605743 -9.543891
v 8.183105 211.608078 -8.233832
v 9.498476 211.605728 -6.924017
v 10.333130 211.608078 -5.273872
v 11.178472 211.605728 -3.623963
v 11.463135 211.608078 -1.793891
v 11.756794 211.605728 0.036198
v 11.176471 211.605728 3.692787
v 10.977759 209.079391 15.246145
v 10.973071 209.076736 15.259540
v 5.723771 209.084076 17.919405
v 5.726430 209.076736 17.932783
v 5.721075 209.079407 17.926081
v -0.079554 209.079407 18.846001
v -0.088239 209.076736 18.852701
v -5.897884 209.084076 17.919394
v -5.903216 209.076736 17.926081
v -5.905271 209.079407 17.926069
v -11.138214 209.079376 15.252819
v -11.148267 209.076736 15.252827
v -20.531868 204.843750 14.902754
v -22.524902 202.422073 16.345999
v -24.503515 200.003418 17.792713
v -26.021912 197.548080 18.886036
v -27.525522 195.095413 19.982824
v -28.638916 192.461075 20.786180
v -29.737846 189.830093 21.592695
v -22.735901 183.901062 31.216110
v -31.766907 180.318069 23.055952
v -23.431885 176.715057 32.176071
v -32.209545 169.033417 23.392727
v -31.526917 165.151077 22.886024
v -30.830175 161.275421 22.389406
v -29.294861 157.577072 21.266150
v -27.748205 153.885742 20.149389
v -25.985901 151.144073 18.855991
v -24.213522 148.408417 17.579346
v -21.121883 144.557083 15.332636
v -21.122522 144.553070 15.325953
v -20.835533 141.243744 6.782819
v -20.822876 141.232071 6.776155
v -20.805876 141.221069 6.772839
v -20.797913 141.210068 6.766145
v -20.784864 141.200089 6.769547
v -20.794861 141.200073 6.766145
v -20.798880 141.199081 6.772837
v -20.871223 141.235077 6.792695
v -21.198914 141.261078 6.896028
v -21.521172 141.287079 7.009535
v -22.269897 140.973068 7.246125
v -23.013514 140.658737 7.492816
v -21.835552 138.718414 15.852656
v -21.838211 138.719757 15.845969
v -25.331194 134.831741 18.392717
v -25.338594 134.828384 18.392702
v -32.995434 131.632751 10.739674
v -28.549183 130.053421 20.732805
v -28.554523 130.054779 20.726099
v -28.595886 128.639069 20.756130
v -28.628864 127.225075 20.789379
v -28.633530 127.221695 20.782818
v -28.641567 127.219727 20.769464
v -27.816507 124.704079 20.199453
v -27.821884 124.705452 20.192749
v -26.750916 124.330078 19.416042
v -25.673847 123.958740 18.642704
v -25.675190 123.958069 18.636003
v -18.366882 123.490067 13.315944
v 8.454755 123.908081 -26.270596
v 8.466114 123.908096 -26.263887
v 8.468148 123.908096 -26.250504
v -0.089570 123.958099 -31.607269
v 4.186096 123.933083 -28.934055
v 8.453431 123.908081 -26.257181
v 9.081116 123.933083 -28.154026
v 8.462135 123.907417 -26.250500
v 8.468148 123.908096 -26.250504
v 10.108093 124.330086 -31.313938
v 9.705152 123.958099 -30.050552
v 10.519813 124.704086 -32.577278
v 10.525159 124.701416 -32.577271
v 10.816764 127.221733 -33.533897
v 10.814087 128.637085 -33.483860
v 10.830126 127.219749 -33.533905
v 10.836835 127.221756 -33.527214
v 10.708130 130.842072 -33.164032
v 10.806849 130.050751 -33.437355
v 10.605755 131.633469 -32.883976
v 10.619132 131.632751 -32.883995
v 10.625739 131.630753 -32.877357
v -0.068838 132.907410 -33.313927
v 8.901123 136.772079 -27.603973
v 9.571801 134.827087 -29.664034
v 9.577325 134.828400 -29.657255
v 8.233124 138.718414 -25.547247
v 8.240474 138.714401 -25.547232
v -0.087565 141.287079 -22.513838
v -0.078200 141.287079 -22.513885
v -0.073543 141.286423 -22.513887
v -12.939895 141.235077 -17.647335
v -12.936445 141.235016 -17.653936
v -13.136902 141.261078 -17.924042
v -12.929906 141.235077 -17.654024
v -18.323914 141.272079 -13.223845
v -13.798889 140.973068 -18.843964
v -14.264620 140.658737 -19.467104
v -14.262561 140.657410 -19.473852
v -14.255219 140.656082 -19.480536
v -15.900568 138.718414 -21.720469
v -15.895195 138.719757 -21.727160
v -17.166870 136.774078 -23.473846
v -18.441559 134.831741 -25.217163
v -18.440214 134.828400 -25.223845
v -19.694574 132.909409 -26.937397
v -19.689241 132.910782 -26.937363
v -20.060913 132.270081 -27.454073
v -19.679234 132.909409 -26.950743
v -20.438265 131.632751 -27.960608
v -20.434240 131.630676 -27.967192
v -20.840603 127.225090 -28.510506
v -20.835232 127.227142 -28.517216
v -20.538879 125.963081 -28.113987
v -20.250576 124.704086 -27.700609
v -19.464905 124.330086 -26.634007
v -18.692575 123.958763 -25.557238
v -28.228882 125.962082 -20.424046
v -27.815178 124.701408 -20.130693
v -28.595886 128.637085 -20.694065
v -28.628172 127.221756 -20.727238
v -28.318909 130.842072 -20.483858
v -28.549820 130.050751 -20.667427
v -27.571899 132.270081 -19.944063
v -28.075855 131.630753 -20.320614
v -27.058895 132.909409 -19.573948
v -27.055536 132.907410 -19.580645
v -29.776234 134.831741 -9.600599
v -29.772219 134.834442 -9.607297
v -29.771544 134.831741 -9.620671
v -31.802570 132.909409 -10.260556
v -32.402893 132.270081 -10.463840
v -33.004238 131.632751 -10.650535
v -33.281860 130.843079 -10.743869
v -33.561886 130.053406 -10.830529
v -33.606873 128.639069 -10.853976
v -33.654892 127.225075 -10.860626
v -33.175903 125.963074 -10.713840
v -32.699551 124.704079 -10.550550
v -30.180880 123.958748 -9.730462
v -34.876892 125.962074 0.026150
v -34.370880 124.701408 0.022782
v -35.330872 128.637085 0.026150
v -35.377232 127.221741 0.016064
v -35.279854 130.050751 0.016029
v -32.399902 132.270081 -10.473848
v -33.000191 131.630066 -10.670783
v -32.996223 131.630753 -10.677327
v -30.787903 133.868073 -9.954072
v -31.795864 132.907410 -10.287310
v -29.771544 134.831741 -9.620671
v -29.772205 134.828415 -9.627402
v -23.413879 140.972076 0.026154
v -24.198906 140.657410 0.022755
v -22.286865 141.261078 0.026154
v -22.628212 141.286423 0.022763
v -21.906860 141.217072 0.026154
v -21.944551 141.235077 0.022752
v -21.860901 141.200073 0.026154
v -21.867544 141.199097 0.022748
v -21.864868 141.210068 0.026154
v -21.853567 141.200073 0.022751
v -21.874887 141.221069 0.022745
v -20.836872 141.243073 -6.713837
v -20.834867 141.243073 -6.720530
v -22.143579 142.210770 -7.127329
v -22.138220 142.209412 -7.140682
v -22.133530 142.207413 -7.140698
v -18.846220 142.207413 -13.593957
v -19.982910 143.381073 -14.434051
v -18.840214 142.206726 -13.600652
v -18.837503 142.207413 -13.600674
v -21.119152 144.553070 -15.260592
v -18.899902 151.142075 -25.873989
v -17.612509 148.399719 -24.103968
v -17.608521 148.402405 -24.110666
v -25.513916 157.577087 -24.983850
v -10.639893 153.896088 -32.473839
v -20.175518 153.877731 -27.644020
v -30.846224 161.280136 -22.307251
v -30.836189 161.275421 -22.320612
v -37.879883 172.872070 -12.253864
v -37.855198 169.023392 -12.257240
v -37.896202 176.725739 -12.260545
v -37.893532 176.715729 -12.267254
v -37.902878 176.725739 -12.240493
v -37.900871 176.730453 -12.247179
v -37.883911 172.876068 -12.243855
v -37.866550 169.033417 -12.223752
v -37.053894 165.151077 -11.973838
v -36.244247 161.275421 -11.700603
v -36.239552 161.265396 -11.707311
v -36.232880 161.260071 -11.720512
v -24.229570 148.408417 -17.497171
v -24.228926 148.412445 -17.503881
v -22.676880 146.481079 -16.373989
v -21.135244 144.557083 -15.247180
v -18.850899 142.209412 -13.587273
v -17.744230 141.243759 -12.787220
v -17.728882 141.232071 -12.783904
v -17.718559 141.221069 -12.767200
v -17.706909 141.210068 -12.763885
v -17.700895 141.200089 -12.757195
v -20.804228 141.199081 -6.690658
v -20.801550 141.197418 -6.696602
v -20.804279 141.199310 -6.697750
v -21.526571 141.287079 -6.927367
v -21.525785 141.287064 -6.927329
v -22.271912 140.973068 -7.174041
v -23.018867 140.658737 -7.410627
v -23.021564 140.657394 -7.417372
v -21.833862 138.700073 -15.773895
v -24.196875 140.658737 0.029457
v -24.196224 140.658737 0.042698
v -24.196264 140.659409 0.036164
v -25.588867 139.688080 0.036164
v -26.978540 138.718414 0.042673
v -26.983864 138.714417 0.036163
v -31.785889 132.891068 -10.273897
v -28.091986 131.632751 -20.300421
v -28.324890 130.843079 -20.483858
v -28.565941 130.053406 -20.640598
v -28.563215 130.050720 -20.647350
v -28.554558 130.048752 -20.660690
v -24.664917 130.051071 -24.553928
v -20.595886 130.842072 -28.213839
v -20.766205 130.048752 -28.450747
v -20.759470 130.050751 -28.450773
v -20.052917 132.270081 -27.463839
v -20.415604 131.630753 -27.980494
v -19.055908 133.868073 -26.093966
v -19.673849 132.907410 -26.957289
v -17.160889 136.772079 -23.483856
v -18.423439 134.828415 -25.230587
v -15.072876 139.687073 -20.603973
v -15.884515 138.714401 -21.740547
v -13.793884 140.972076 -18.843964
v -14.249866 140.657410 -19.480539
v -13.131897 141.261078 -17.934052
v -13.326857 141.286423 -18.210602
v -12.907898 141.217072 -17.623993
v -12.925850 141.235077 -17.660715
v -12.880879 141.199097 -17.593969
v -12.883911 141.210068 -17.593964
v -12.871846 141.200073 -17.583960
v -12.898865 141.232071 -17.613983
v -12.884833 141.221069 -17.600658
v -12.902840 141.243073 -17.630688
v -13.705175 142.207413 -18.733864
v -6.835929 141.243759 -20.717157
v -6.825867 141.232071 -20.704071
v -6.825921 141.221069 -20.687366
v -6.817871 141.210068 -20.684052
v -6.818921 141.200089 -20.667347
v -6.815918 141.200073 -20.674042
v -6.823914 141.199081 -20.684046
v -6.846916 141.235077 -20.757193
v -6.947876 141.261078 -21.083954
v -7.058568 141.287079 -21.407337
v -7.054552 141.286392 -21.407429
v -7.045885 141.285751 -21.414030
v -0.079895 141.261078 -22.174042
v -0.078247 141.285751 -22.513884
v -0.073543 141.286423 -22.513887
v -0.074181 141.235077 -21.827267
v -0.074191 141.199097 -21.753874
v -0.074181 141.200073 -21.737179
v -0.079895 141.232071 -21.773895
v -0.074180 141.221069 -21.757198
v -0.079895 141.725067 -22.473846
v -0.074191 141.243073 -21.793913
v -0.074186 142.207413 -23.154020
v 6.651749 141.243759 -20.723854
v 6.652100 141.232071 -20.713837
v 6.642428 141.221069 -20.694063
v 6.644104 141.210068 -20.684052
v 6.635410 141.200089 -20.674044
v 6.643127 141.200073 -20.684052
v 6.639759 141.199081 -20.684055
v 6.657104 141.217072 -20.723846
v 6.663426 141.235077 -20.763887
v 6.775085 141.261078 -21.083954
v 6.874746 141.287079 -21.414034
v 7.123108 140.973068 -22.154022
v 7.359086 140.658737 -22.904028
v 7.795105 139.688080 -24.223846
v 8.217775 138.718414 -25.553928
v 8.892090 136.774078 -27.603973
v 9.551741 134.831741 -29.664042
v 9.889099 133.869080 -30.674044
v 10.209068 132.909409 -31.684055
v 10.412109 132.270081 -32.283905
v 10.598379 131.632751 -32.884014
v 10.698120 130.843079 -33.164032
v 10.779384 130.053406 -33.444069
v 10.803101 128.638077 -33.493870
v 10.809398 127.225082 -33.540596
v 10.663086 125.963081 -33.063938
v 10.499080 124.704086 -32.583969
v 10.099121 124.330086 -31.323948
v 9.681739 123.958763 -30.063944
v 9.073120 123.933083 -28.164036
v 8.448734 123.908096 -26.263893
v 7.676086 123.689079 -23.863987
v 6.891723 123.469757 -21.470526
v 27.564453 123.908073 0.036158
v 27.557774 123.908073 0.042687
v 34.204418 124.701408 0.042682
v 34.205109 124.701408 0.049374
v 35.212769 127.227112 0.029477
v 35.212772 127.225075 0.042673
v 35.210762 127.221748 0.049377
v 33.115112 130.842072 -10.743869
v 33.395134 130.050751 -10.830554
v 32.237122 132.270081 -10.463840
v 32.838760 131.630753 -10.650734
v 31.638477 132.907410 -10.260494
v 31.140118 134.827087 0.042675
v 31.137421 134.828415 0.049435
v 26.812445 138.718414 0.036165
v 26.816469 138.714401 0.042684
v 19.757141 141.287079 -10.073943
v 21.356337 141.287064 -6.940692
v 21.359133 141.287079 -6.927362
v 21.361782 141.286423 -6.927365
v 18.149765 141.287079 -13.230535
v 18.153070 141.287079 -13.223825
v 18.789124 140.973068 -13.684051
v 19.419067 140.658737 -14.150727
v 15.716429 138.718414 -21.733866
v 15.720403 138.719772 -21.727142
v 15.723780 138.714401 -21.733854
v 26.887457 132.909409 -19.580631
v 27.405090 132.270081 -19.944063
v 27.908432 131.632751 -20.320642
v 28.152100 130.843079 -20.483858
v 28.382414 130.053406 -20.667427
v 28.429138 128.639084 -20.694065
v 28.462055 127.225082 -20.727232
v 28.062134 125.963074 -20.424046
v 27.649719 124.704079 -20.137390
v 26.584106 124.330078 -19.353977
v 25.507404 123.958755 -18.577332
v 20.372131 125.962090 -28.113987
v 20.081823 124.701416 -27.700613
v 20.639099 128.637085 -28.483860
v 20.673479 127.221764 -28.510508
v 20.438110 130.842072 -28.204073
v 20.616852 130.050751 -28.430660
v 19.895081 132.270081 -27.454073
v 20.272795 131.630753 -27.960648
v 18.898132 133.868073 -26.083956
v 19.530119 132.907410 -26.937365
v 17.002136 136.772079 -23.473846
v 18.278828 134.828415 -25.217140
v 15.737806 138.714401 -21.727158
v 21.676771 138.714401 -15.780583
v 20.555115 139.687073 -14.954070
v 21.685436 138.711746 -15.773890
v 21.686134 138.714401 -15.767200
v 19.428476 140.658737 -14.137320
v 19.433121 140.657410 -14.137314
v 12.747131 141.217072 -17.623993
v 12.773807 141.235077 -17.647306
v 12.720093 141.200073 -17.583954
v 12.731660 141.199081 -17.584417
v 12.722107 141.210068 -17.583954
v 12.720110 141.200073 -17.577263
v 12.738098 141.232071 -17.603973
v 12.732690 141.221069 -17.587366
v 13.148132 141.725067 -18.174042
v 12.751118 141.243073 -17.617300
v 14.379089 143.381073 -19.863981
v 13.554160 142.207413 -18.720453
v 16.332092 146.479080 -22.553921
v 15.212835 144.553070 -21.000477
v 18.741089 151.142075 -25.863979
v 17.460793 148.402405 -24.097281
v 21.146118 157.574097 -29.174036
v 20.030153 153.877731 -27.630604
v 22.769104 165.147095 -31.414024
v 22.272484 161.265411 -30.710608
v 23.282104 172.872070 -32.113972
v 23.276815 169.023407 -32.090576
v 23.301161 176.715744 -32.127293
v 22.035095 186.867096 -30.404007
v 31.100098 183.906082 -22.613968
v 21.482487 189.822067 -29.620586
v 21.456390 189.830093 -29.640688
v 21.462442 189.833466 -29.633974
v 22.025085 186.870087 -30.404007
v 21.475130 189.830093 -29.627304
v 22.575390 183.915085 -31.180727
v 22.934082 180.318085 -31.654009
v 23.274385 176.725754 -32.140686
v 23.272095 172.876068 -32.123981
v 23.251417 169.033417 -32.110668
v 22.759094 165.151093 -31.414024
v 22.249077 161.275421 -30.730537
v 21.138123 157.577087 -29.184046
v 10.474121 153.896088 -32.473839
v 18.734131 151.144073 -25.873989
v 17.443401 148.408417 -24.110662
v 16.326111 146.481079 -22.563931
v 15.197428 144.557083 -21.020567
v 15.200082 144.553055 -21.013880
v 13.540105 142.209412 -18.733864
v 13.545454 142.210754 -18.733860
v 13.143127 141.725067 -18.174042
v 13.552782 142.209412 -18.727180
v 12.737069 141.243759 -17.630682
v 12.739766 141.242828 -17.623314
v 17.524090 141.200089 -12.770578
v 17.534119 141.200073 -12.773894
v 17.535391 141.199081 -12.780569
v 17.570129 141.217072 -12.793914
v 17.597086 141.235077 -12.820628
v 17.877136 141.261078 -13.023894
v 18.149765 141.287079 -13.230535
v 18.154465 141.286407 -13.223851
v 18.160442 141.285751 -13.217170
v 19.759094 141.286072 -10.073943
v 21.034119 141.261078 -6.823943
v 21.361746 141.285751 -6.927455
v 21.361782 141.286423 -6.927365
v 20.673096 141.217072 -6.704070
v 20.710453 141.235077 -6.717155
v 20.630127 141.200073 -6.694060
v 20.637461 141.199097 -6.690653
v 20.633118 141.210068 -6.694060
v 20.624454 141.200073 -6.687371
v 20.658081 141.232071 -6.704070
v 20.644438 141.221069 -6.690658
v 21.323120 141.725067 -6.924041
v 20.674173 141.243073 -6.700262
v 21.972761 142.207413 -7.127294
v 21.740427 141.243759 0.022762
v 21.725098 141.232071 0.026154
v 21.708771 141.221069 0.022749
v 21.698120 141.210068 0.026154
v 21.686760 141.200089 0.022756
v 21.695129 141.200073 0.026154
v 21.700777 141.199081 0.022752
v 21.740112 141.217072 0.026154
v 21.777763 141.235077 0.022757
v 22.120117 141.261078 0.026154
v 22.460125 141.287079 0.022956
v 23.246094 140.973068 0.026154
v 24.029440 140.658737 0.022693
v 25.422119 139.688080 0.026154
v 26.811796 138.718414 0.022832
v 28.975098 136.774078 0.026153
v 31.133438 134.831741 0.022772
v 31.627789 132.909409 -10.287205
v 31.629768 132.910782 -10.280570
v 32.233093 132.270081 -10.473848
v 32.828682 131.632751 -10.677608
v 33.112122 130.843079 -10.753879
v 33.386417 130.053406 -10.857383
v 33.437134 128.639069 -10.863986
v 33.479439 127.225082 -10.887372
v 33.482082 127.221710 -10.880672
v 33.486084 127.219727 -10.867298
v 32.524086 124.704079 -10.577331
v 32.528103 124.705444 -10.570622
v 31.268127 124.330078 -10.164037
v 30.005428 123.958748 -9.757268
v 30.004772 123.958084 -9.750541
v 22.520443 123.469742 0.022749
v 16.174458 123.908073 22.396038
v 16.163115 123.908066 22.402706
v 16.155718 123.908066 22.402719
v 33.005127 125.962074 10.786160
v 32.522106 124.701408 10.639358
v 33.478741 127.221741 10.949443
v 28.388445 130.048752 20.726103
v 28.383089 130.050751 20.732790
v 19.886108 132.270081 27.526152
v 20.256088 131.630081 28.042683
v 20.249487 131.630753 28.042645
v 19.522758 132.910782 27.009441
v 19.512751 132.909409 27.016144
v 19.507338 132.907410 27.022860
v 25.496424 138.714401 8.359372
v 22.104126 140.972076 7.246125
v 22.848755 140.657410 7.492831
v 21.032104 141.261078 6.896028
v 21.355772 141.286423 7.009531
v 20.671082 141.217072 6.776155
v 20.705109 141.235077 6.792695
v 20.628113 141.200073 6.766145
v 20.632109 141.199097 6.772840
v 20.618399 141.200073 6.769548
v 17.544756 141.220413 12.845982
v 17.541462 141.221069 12.852615
v 13.143127 141.725067 18.246124
v 12.740420 141.243073 17.692753
v 12.736412 141.243073 17.692762
v 13.554132 142.210770 18.795938
v 13.544762 142.209412 18.795931
v 13.538750 142.207413 18.795937
v 25.818115 151.142075 18.855991
v 24.046091 148.399734 17.565954
v 24.044098 148.402405 17.572651
v 27.578047 153.877731 20.142719
v 20.025429 153.877716 27.699406
v 20.013412 153.873718 27.706089
v 15.252136 153.878082 30.136021
v 11.070129 157.574066 34.376015
v 10.479082 153.873718 32.559273
v 10.473077 153.877731 32.565956
v 17.463135 165.151062 34.186073
v 11.657754 161.275421 36.192749
v 11.649054 161.265396 36.186081
v 23.272102 169.038788 32.166058
v 23.258770 169.033417 32.172737
v 23.278137 169.033401 32.159363
v 23.271444 169.023376 32.159374
v 30.682135 161.275421 22.362621
v 30.679476 161.280136 22.369337
v 30.669441 161.275421 22.382700
v 27.598778 153.885757 20.122633
v 28.296804 148.408417 9.242737
v 28.298813 148.412445 9.249461
v 26.476135 146.481079 8.656039
v 24.660116 144.557083 8.059265
v 24.654778 144.553070 8.065957
v 24.650036 144.551712 8.072688
v 12.751789 141.243744 17.679398
v 12.738098 141.232071 17.676056
v 12.734543 141.221054 17.657598
v 12.722107 141.210068 17.656036
v 12.720115 141.200089 17.639330
v 12.720093 141.200073 17.646027
v 12.728155 141.199081 17.649336
v 12.747131 141.217072 17.686066
v 12.773134 141.235077 17.709398
v 12.970093 141.261078 17.996124
v 13.175128 141.287079 18.269461
v 13.632141 140.973068 18.906036
v 14.097845 140.658737 19.532686
v 21.681454 138.718414 15.832601
v 21.677435 138.719757 15.839284
v 23.428101 136.774078 17.105988
v 25.178793 134.831741 18.372633
v 25.180132 134.828400 18.379356
v 27.925192 131.632751 20.362501
v 27.921106 131.633453 20.369308
v 28.159119 130.843063 20.545927
v 28.399851 130.053406 20.712660
v 28.396467 130.050705 20.719425
v 33.488125 127.225075 10.922691
v 33.486778 127.227112 10.929379
v 33.009094 125.963074 10.776150
v 33.482788 127.225075 10.942739
v 32.532784 124.704079 10.612613
v 30.014132 123.958748 9.792690
v 30.008772 123.958084 9.799250
v 30.002743 123.958084 9.812629
v 13.211468 123.469742 18.315931
v 9.073120 123.933067 28.226101
v 8.448735 123.908058 26.325958
v 10.099121 124.330070 31.386013
v 9.681739 123.958054 30.126007
v 10.663086 125.962059 33.126003
v 10.499080 124.701393 32.646023
v 10.803101 128.637070 33.555935
v 10.809396 127.221725 33.605988
v 10.698120 130.842072 33.236115
v 10.779375 130.050720 33.512821
v 10.412109 132.270081 32.355988
v 10.598428 131.630753 32.956081
v 9.889099 133.868073 30.736113
v 10.209031 132.907410 31.752810
v 8.892090 136.772079 27.676056
v 9.551719 134.828415 29.732794
v 7.795105 139.687073 24.295929
v 8.217728 138.714401 25.622686
v 7.123108 140.972076 22.226105
v 7.359087 140.657410 22.972782
v 6.775085 141.261078 21.146027
v 6.874751 141.286407 21.476105
v 6.657104 141.217072 20.786163
v 6.663425 141.235077 20.825960
v 6.643127 141.200073 20.746124
v 6.639759 141.199097 20.756138
v 6.635410 141.200073 20.736116
v 6.652100 141.232071 20.776154
v 6.642418 141.221069 20.762821
v 6.868103 141.725067 21.436066
v 6.651742 141.243073 20.786167
v 7.073735 142.207413 22.085970
v -0.074198 141.243759 21.855982
v -0.079895 141.232071 21.835968
v -0.074191 141.221069 21.825956
v -0.079895 141.210068 21.815948
v -0.074192 141.200089 21.805937
v -0.079895 141.200073 21.805939
v -0.074191 141.199081 21.815947
v -0.079895 141.217072 21.855988
v -0.074192 141.235077 21.896025
v -0.079895 141.261078 22.236115
v -0.074193 141.287079 22.575956
v -0.078205 141.286407 22.575979
v -0.088170 141.285751 22.575958
v -6.947876 141.261078 21.146027
v -7.055190 141.285751 21.476107
v -7.059258 141.286407 21.469408
v -6.829895 141.217072 20.786163
v -6.847571 141.235077 20.819263
v -6.823926 141.199097 20.749441
v -6.817871 141.210068 20.746124
v -6.818909 141.200073 20.736109
v -6.825908 141.221069 20.756128
v -7.041870 141.725067 21.436066
v -6.835918 141.243073 20.786158
v -7.257927 142.207413 22.079273
v -12.903536 141.243759 17.692755
v -12.884847 141.221069 17.666052
v -12.883911 141.210068 17.656036
v -12.871834 141.200089 17.652721
v -12.881897 141.200073 17.656036
v -12.880866 141.199081 17.662731
v -12.907898 141.217072 17.686066
v -12.925196 141.235077 17.722790
v -13.130859 141.261078 17.996124
v -13.327186 141.287079 18.276161
v -7.532898 140.643082 22.966095
v -15.883176 138.718414 21.795938
v -18.422188 134.831741 25.295944
v -19.055908 133.869080 26.156034
v -19.673594 132.909409 27.022789
v -20.052917 132.270081 27.526152
v -20.415283 131.632751 28.042809
v -20.595886 130.843063 28.276152
v -20.759447 130.053406 28.512854
v -20.796875 128.639069 28.555935
v -20.817200 127.225067 28.592661
v -20.529907 125.963066 28.186062
v -20.227171 124.704071 27.782846
v -19.456909 124.330070 26.706081
v -18.670536 123.958733 25.642708
v -17.503906 123.933067 24.016140
v -16.323536 123.908066 22.402716
v -14.847900 123.689072 20.365993
v -13.360849 123.469742 18.322638
v -26.379215 123.908073 8.569265
v -26.374575 123.908073 8.562556
v -33.175903 125.962074 10.776150
v -32.694904 124.701408 10.619319
v -32.697552 124.701408 10.612633
v -33.649551 127.227119 10.942743
v -33.653545 127.225075 10.929386
v -33.654236 127.221748 10.922684
v -33.561218 130.048752 10.899381
v -33.561882 130.050751 10.892621
v -32.402893 132.270081 10.526152
v -33.005554 131.630753 10.712800
v -31.801878 132.909409 10.329313
v -31.804577 132.907410 10.322546
v -21.852915 138.714401 15.832580
v -19.599585 140.657410 14.199389
v -18.048889 141.261078 13.075959
v -18.328220 141.286423 13.279473
v -17.740906 141.217072 12.855989
v -17.774607 141.235077 12.872606
v -17.703918 141.200073 12.825959
v -17.712578 141.199097 12.829275
v -17.700897 141.200073 12.819267
v -20.824890 141.232071 6.766145
v -20.810577 141.220413 6.759414
v -20.811222 141.221069 6.759455
v -20.840214 141.243073 6.769456
v -22.141558 142.209412 7.196075
v -22.139570 142.207413 7.189370
v -25.989868 151.142075 18.845982
v -24.224230 148.402405 17.559265
v -27.760252 153.877731 20.122614
v -31.532898 165.147079 22.876015
v -30.845566 161.265411 22.362650
v -32.239868 172.873077 23.386028
v -32.227589 169.023392 23.365929
v 23.287792 176.721558 32.205967
v 23.266113 169.028076 32.166054
v 32.086121 176.721069 23.406048
v 32.059357 169.025711 23.386625
v 31.124084 183.911072 22.706100
v 37.734131 176.721069 12.315961
v 36.603088 183.911072 11.956100
v 33.864136 183.914078 17.325974
v 31.125425 183.919128 22.699413
v 31.117434 183.915070 22.712793
v 36.604443 183.915070 11.935974
v 36.601768 183.919159 11.942727
v 37.169128 180.318069 12.126020
v 37.736130 176.725739 12.302590
v 37.735435 176.715714 12.309284
v 32.057755 169.023361 23.372663
v 32.047081 169.018066 23.386030
v 27.658081 169.024078 27.776163
v 23.272095 172.872070 32.186077
v 23.258072 169.018051 32.172741
v 23.250719 169.023392 32.172752
v 23.281097 176.725739 32.206112
v 23.274384 176.715729 32.212795
v -32.253830 176.718948 -23.345675
v -37.900879 176.721069 -12.253863
v -36.769897 183.911072 -11.883988
v -31.290894 183.911072 -22.643997
v -34.956245 189.825745 -11.303684
v -38.657330 183.910873 0.036076
v -36.753029 189.827423 0.036858
v -31.284212 183.915085 -22.644011
v -31.279528 183.906403 -22.650677
v -34.955868 189.833481 -11.290533
v -34.953213 189.830078 -11.303918
v -36.748882 189.830078 0.049415
v -36.748215 189.833450 0.042701
v -38.279907 180.314072 -6.103960
v -38.653900 183.915070 0.049416
v -38.657207 183.906372 0.042693
v -37.902225 176.715714 -12.247187
v -37.897533 176.710388 -12.260555
v -31.767883 180.314072 -22.993853
v -32.246876 176.710388 -23.343962
v -32.240829 176.715729 -23.350649
v 36.603088 183.911072 -11.883988
v 31.124084 183.911072 -22.643997
v 29.583130 189.826080 -21.523878
v 34.792114 189.826080 -11.303908
v 27.371094 195.092072 -19.914013
v 19.863098 195.092072 -27.424023
v 21.471130 189.826080 -29.633986
v 31.082092 192.461075 -15.603955
v 34.791477 189.830078 -11.290518
v 34.795467 189.822067 -11.283798
v 23.614136 195.095093 -23.664013
v 27.362398 195.098785 -19.914001
v 27.371790 195.095413 -19.907330
v 19.849752 195.095413 -27.424036
v 19.854408 195.098770 -27.424007
v 20.662109 192.461090 -28.533888
v 21.456390 189.830093 -29.640688
v 21.464458 189.822052 -29.640673
v 26.295105 186.867096 -26.143997
v 31.118757 183.906372 -22.650679
v 31.128780 183.901718 -22.637299
v 33.865112 183.907074 -17.263870
v 35.699097 186.867081 -11.583938
v 36.605782 183.901733 -11.877292
v 36.606434 183.906403 -11.870615
v 37.304138 30.138092 -51.424080
v 19.566317 30.134508 -60.466225
v 18.949320 33.193520 -58.544693
v 38.024109 26.779793 -52.414070
v 19.951111 26.779799 -61.624031
v -0.082886 33.192898 -61.553959
v 9.428101 33.194698 -60.043949
v 18.935055 33.197750 -58.537212
v 18.959780 33.195297 -58.537266
v -0.107616 33.195301 -61.547276
v -0.094907 33.197742 -61.547234
v -0.095546 33.190838 -61.553997
v 19.924377 26.782064 -61.630718
v 19.937759 26.777430 -61.630718
v 19.963137 26.775190 -61.617348
v 28.992126 26.778093 -57.023933
v 37.671082 28.458092 -51.914070
v 38.034134 26.775185 -52.407387
v 38.043488 26.777523 -52.400681
v 37.312122 30.140158 -51.417397
v 37.323536 30.135885 -51.403992
v -51.541870 30.138063 37.416008
v -37.464405 30.136227 51.499561
v -36.284912 33.192959 49.855953
v -52.532845 26.778845 38.135559
v -38.190918 26.779762 52.486076
v -19.116432 33.194210 58.606922
v -36.270866 33.197803 49.855919
v -36.292248 33.195362 49.849270
v -19.090481 33.195251 58.605961
v -19.101879 33.197697 58.605911
v -19.103214 33.190777 58.612679
v -38.166145 26.782028 52.492779
v -38.178913 26.777409 52.492760
v -38.200912 26.775217 52.472706
v -52.042908 28.458063 37.766106
v -52.540558 26.775160 38.129295
v -52.545914 26.777496 38.115902
v -43.916870 31.666260 43.635983
v -51.547211 30.140131 37.402637
v -51.555252 30.135859 37.395927
v -60.576904 30.138084 -19.624027
v -63.688889 30.137947 0.042626
v -61.674824 33.194832 0.036596
v -61.741882 26.779785 -20.003912
v -64.915894 26.779778 0.036127
v -58.657898 33.192867 19.065914
v -61.668228 33.195278 0.022749
v -60.162903 33.194675 9.555904
v -61.664860 33.197704 0.042650
v -58.644524 33.195271 19.085989
v -58.647182 33.197704 19.072586
v -58.653954 33.190796 19.079281
v -64.913895 26.775234 0.022757
v -63.327881 26.778078 -9.993902
v -64.910545 26.782043 0.062746
v -64.913910 26.777430 0.049319
v -61.154907 28.458084 -19.823980
v -61.736542 26.775244 -20.017284
v -61.729847 26.777514 -20.023991
v -60.569569 30.140150 -19.637400
v -60.565521 30.135880 -19.644106
v 51.375122 30.138063 37.416008
v 60.411484 30.138298 19.679510
v 58.493057 33.194344 19.065958
v 52.367126 26.779764 38.135979
v 61.576111 26.779770 20.065912
v 61.506104 33.192875 0.036129
v 59.997131 33.194675 9.545895
v 58.488049 33.197712 19.052532
v 58.483452 33.195271 19.072598
v 61.499409 33.195278 0.009323
v 61.498718 33.197727 0.022762
v 61.505493 33.190811 0.022778
v 61.579464 26.782038 20.039295
v 61.578114 26.777420 20.052561
v 61.570118 26.775227 20.079285
v 56.969116 26.778069 29.105951
v 51.864136 28.458063 37.786125
v 52.357746 26.775156 38.149353
v 52.347733 26.777493 38.156067
v 51.365089 30.140129 37.429382
v 51.357033 30.135859 37.436096
v -0.082886 30.138056 63.635979
v 19.579081 30.133888 60.525883
v 18.949097 33.192852 58.605953
v -0.082886 26.779755 64.865967
v 19.951111 26.779757 61.696037
v 36.118103 33.192959 49.855953
v 27.536133 33.194759 54.226070
v 18.957764 33.197681 58.599243
v 18.935081 33.195251 58.605953
v 36.134155 33.195366 49.835873
v 36.123417 33.197807 49.842548
v 36.128136 33.190907 49.849304
v 19.974506 26.782024 61.682652
v 19.963125 26.777403 61.689369
v 19.937748 26.775215 61.696041
v 9.929138 26.778055 63.276115
v -0.092896 28.458055 64.246094
v -0.096261 26.775211 64.865967
v -0.109618 26.777485 64.859276
v 9.428101 31.666254 61.125973
v -0.096255 30.140120 63.635979
v -0.109626 30.135851 63.635971
v -19.738892 30.138098 -60.463875
v -37.474335 30.136421 -51.420883
v -36.284912 33.192890 -49.793949
v -20.117859 26.779799 -61.624031
v -38.190918 26.779793 -52.414070
v -49.909912 33.192989 -36.164066
v -43.098877 33.194790 -42.973881
v -36.290226 33.197739 -49.780544
v -36.271523 33.195290 -49.800648
v -49.919258 33.195393 -36.143990
v -49.911182 33.197830 -36.150677
v -49.917259 33.190952 -36.157402
v -38.208965 26.782059 -52.393986
v -38.200245 26.777464 -52.407398
v -38.178894 26.775185 -52.420753
v -29.149902 26.778093 -57.023933
v -19.917908 28.458097 -61.043953
v -20.104530 26.775192 -61.630711
v -20.091127 26.777531 -61.630722
v -28.006897 31.666292 -55.134037
v -19.725523 30.140165 -60.463879
v -19.712807 30.135891 -60.463882
v 52.652100 23.338762 38.345940
v 61.911133 23.338772 20.176018
v 61.576111 26.779770 20.065912
v 51.875122 21.211763 37.786125
v 60.997192 21.210691 19.875624
v 50.828125 20.131563 37.026115
v 59.769104 20.131769 19.469646
v 50.303101 19.830957 36.635979
v 59.150082 19.830835 19.276108
v 50.982117 19.502161 37.135979
v 59.948120 19.502171 19.536125
v 52.495117 18.630564 38.236076
v 61.726135 18.630573 20.115959
v 64.749084 26.779778 0.036127
v 65.101135 23.338776 0.036126
v 62.847107 20.131577 0.036124
v 62.198120 19.830971 0.036124
v 64.141113 21.211777 0.036125
v 63.162109 26.781473 10.045893
v 61.576084 26.784321 20.052536
v 61.568775 26.782036 20.079287
v 64.743744 26.782045 0.009344
v 64.745056 26.784334 0.022760
v 64.923096 25.060173 0.026117
v 65.096443 23.341043 0.009344
v 65.098396 23.337194 0.022766
v 64.137764 21.213177 0.009343
v 64.140511 21.214752 0.022766
v 63.493103 20.671974 0.026115
v 64.139771 21.213177 0.049330
v 62.843758 20.132309 0.009341
v 62.521118 19.981377 0.026115
v 62.194771 19.831175 0.009340
v 62.197052 19.830652 0.022802
v 62.197426 19.830507 0.049329
v 59.951469 19.502369 19.509340
v 60.838135 19.066570 19.815910
v 61.729485 18.631104 20.089180
v 61.729568 18.629635 20.102648
v 61.722099 18.628904 20.129330
v 57.109131 18.629963 29.176018
v 51.732117 19.066065 37.686028
v 52.487091 18.628895 38.242760
v 52.476376 18.629694 38.256165
v 50.636108 19.666460 36.895988
v 50.964069 19.501562 37.156063
v 50.559082 19.981165 36.835930
v 50.285053 19.830761 36.656063
v 51.345093 20.671457 37.405998
v 50.809399 20.131365 37.039341
v 52.256104 22.274759 38.075920
v 51.855743 21.211025 37.799351
v 57.111084 25.060162 29.216057
v 52.642067 23.341028 38.359314
v 52.632706 23.337292 38.366028
v -52.818909 23.338762 38.345940
v -38.397888 23.338758 52.766106
v -38.190990 26.780920 52.487282
v -52.041870 21.211763 37.786125
v -37.831413 21.209200 51.992710
v -50.994873 20.131563 37.026115
v -37.067566 20.131763 50.949894
v -50.469910 19.830957 36.635979
v -36.690857 19.830894 50.414654
v -51.148865 19.502161 37.135979
v -37.184875 19.502159 51.095940
v -52.661865 18.630564 38.236076
v -38.283875 18.630562 52.605949
v -20.117859 26.779757 61.696037
v -20.226868 23.338758 62.026115
v -19.529907 20.131659 59.885979
v -19.328918 19.830954 59.266106
v -19.929871 21.211760 61.115959
v -29.149902 26.781458 57.085930
v -38.178185 26.784307 52.486057
v -38.199604 26.782028 52.472706
v -20.091129 26.782024 61.696045
v -20.103830 26.784315 61.696011
v -20.161865 25.060156 61.855949
v -20.199457 23.341026 62.032810
v -20.212835 23.337172 62.026066
v -19.903143 21.213160 61.115967
v -19.916574 21.214733 61.116005
v -19.719910 20.671957 60.496086
v -19.941896 21.213160 61.109276
v -19.503820 20.132326 59.885986
v -19.419861 19.981359 59.575920
v -19.303482 19.831158 59.272797
v -19.317032 19.830660 59.266315
v -19.341593 19.830492 59.259422
v -37.160786 19.502420 51.109329
v -37.724915 19.066559 51.855949
v -38.259136 18.631159 52.619339
v -38.272644 18.629648 52.619453
v -38.295246 18.628893 52.599266
v -45.476868 18.629959 45.416008
v -51.909912 19.066065 37.676018
v -52.669899 18.628893 38.222706
v -52.675262 18.629692 38.209286
v -50.813904 19.666460 36.875969
v -51.162262 19.501560 37.109188
v -50.736877 19.981165 36.825920
v -50.482597 19.830761 36.615898
v -51.522888 20.671457 37.395988
v -51.006271 20.131367 36.999325
v -52.434875 22.274759 38.055901
v -52.053265 21.211025 37.759342
v -52.824902 23.341028 38.332569
v -52.830959 23.337290 38.319153
v 20.060120 23.338793 -61.963875
v -0.082886 23.338795 -65.154060
v -0.083698 26.781290 -64.804970
v 19.769287 21.202909 -61.039127
v -0.082886 21.211794 -64.194099
v 19.363546 20.132156 -59.815163
v -0.082886 20.131594 -62.894051
v 19.169092 19.830681 -59.201931
v -0.082886 19.830988 -62.253914
v 19.422119 19.502192 -59.993904
v -0.082886 19.502192 -63.083992
v 19.951111 26.779799 -61.624031
v 20.000122 18.630594 -61.773933
v -0.082886 18.630596 -64.954117
v 20.597107 17.388491 -63.614021
v -0.082886 17.388493 -66.894058
v 20.913086 15.948192 -64.584000
v -0.082886 15.948193 -67.914078
v 20.965088 14.141093 -64.743912
v -0.082886 14.141094 -68.084000
v 20.984421 11.963897 -64.784409
v -0.082886 11.952541 -68.124039
v 20.938454 5.668273 -64.423882
v -0.082886 9.785885 -68.084000
v -0.082886 8.044476 -68.023941
v -0.082886 5.779644 -67.624039
v 20.522612 4.354079 -63.300697
v -0.082886 4.478023 -66.614029
v -0.082886 3.789301 -64.934097
v 19.236958 3.361700 -59.433598
v 38.231140 23.338793 -52.704109
v 37.667114 21.211792 -51.924080
v 36.667896 3.357645 -50.542400
v 38.102112 3.789299 -52.523941
v 39.683105 5.779642 -54.704117
v 39.919128 8.044473 -55.023937
v 39.956116 9.785882 -55.073986
v 39.093140 4.478021 -53.894058
v 36.525085 19.830986 -50.354012
v 37.018127 19.502190 -51.033943
v 29.095093 25.060091 -57.164070
v 38.240479 23.341059 -52.690739
v 38.249840 23.337320 -52.684025
v 19.937082 26.784357 -61.624001
v 19.962484 26.782064 -61.617348
v -0.109641 26.782070 -64.797264
v -0.096257 26.784370 -64.797234
v -0.092896 25.060093 -64.973877
v -0.110336 23.341064 -65.147369
v -0.093872 22.275791 -64.674080
v -0.109646 21.213196 -64.187401
v -0.092896 20.671991 -63.543953
v -0.109626 20.132328 -62.894043
v -0.092896 19.981394 -62.573982
v -0.108976 19.831194 -62.247223
v -0.092896 19.666697 -62.664070
v -0.108972 19.502392 -63.083984
v -0.092896 19.066591 -64.023941
v -0.109636 18.631126 -64.954109
v -0.092896 18.009792 -65.924088
v -0.110302 17.389294 -66.887375
v -0.093872 16.668697 -67.404068
v -0.110977 15.949132 -67.907387
v -0.093872 15.045094 -67.993912
v -0.110978 14.142299 -68.077309
v -0.093872 13.047375 -68.104019
v -0.111674 11.954000 -68.117348
v -0.093872 10.869755 -68.104019
v -0.111668 9.787332 -68.083992
v -0.093872 8.915615 -68.053970
v -0.110977 8.045639 -68.017250
v -0.093872 6.912616 -67.823990
v -0.110977 5.781164 -67.617348
v -0.093872 5.129161 -67.124039
v -0.110973 4.478889 -66.614021
v -0.093872 4.133838 -65.773941
v -0.110326 3.789756 -64.927406
v -0.096920 3.788994 -64.927261
v 19.211086 3.363206 -59.393978
v 27.937134 3.363199 -54.963882
v 36.650883 3.363191 -50.503788
v 38.112789 3.789752 -52.517254
v 38.120155 3.789014 -52.503860
v 39.079659 4.477508 -53.893948
v 39.395081 5.128503 -54.283951
v 39.101131 4.477104 -53.880688
v 39.111858 4.477562 -53.867271
v 39.809082 6.911478 -54.854019
v 39.702496 5.778776 -54.684036
v 39.945129 8.914742 -55.043957
v 39.939175 8.042965 -55.003849
v 39.966141 9.787328 -55.067303
v 39.976162 9.784726 -55.053902
v 20.949097 15.044192 -64.664078
v 20.990522 14.139626 -64.730530
v 20.764099 16.667994 -64.094009
v 20.938515 15.946991 -64.577293
v 20.308105 18.009195 -62.694099
v 20.622545 17.387558 -63.600628
v 19.720093 19.066095 -60.884041
v 20.024855 18.629725 -61.767231
v 19.446199 19.501593 -59.987202
v 37.006847 19.501535 -51.040707
v 36.778137 19.666489 -50.684090
v 37.028805 19.500990 -51.027260
v 37.037521 19.501587 -51.013859
v 36.534458 19.831190 -50.347328
v 36.543827 19.830721 -50.333923
v 37.956116 22.274788 -52.303963
v 37.675140 21.210321 -51.917397
v 37.685162 21.211054 -51.903992
v -65.267883 23.338776 0.036126
v -62.077881 23.338772 20.176018
v -61.741882 26.779770 20.065912
v -64.307678 21.211460 0.036107
v -61.163879 21.211773 19.875969
v -63.012703 20.132668 0.029584
v -59.933899 20.131573 19.476067
v -62.364716 19.830778 0.029481
v -59.316895 19.830967 19.276115
v -63.203918 19.502174 0.036124
v -60.113892 19.502171 19.536125
v -64.917976 26.780863 0.036601
v -65.073914 18.630577 0.036124
v -61.892883 18.630573 20.115959
v -67.005859 17.388474 0.036124
v -63.729919 17.388470 20.716055
v -68.029907 15.948174 0.036124
v -64.703918 15.948171 21.026114
v -68.196899 14.141075 0.036123
v -64.863892 14.141071 21.085928
v -68.238884 11.952828 0.029191
v -64.902893 11.952534 21.095936
v -67.875633 5.681790 0.013136
v -64.868896 9.785870 21.085926
v -64.808899 8.044460 21.065907
v -64.426880 5.779630 20.936022
v -66.754158 4.378328 0.028339
v -63.471863 4.478009 20.625963
v -61.869873 3.789288 20.105944
v -62.604427 3.361736 0.036131
v -62.077717 23.339592 -20.114227
v -61.163879 21.211781 -19.813972
v -59.542419 3.365034 -19.289186
v -61.869873 3.789294 -20.043959
v -64.426880 5.779636 -20.874037
v -64.808899 8.044468 -20.993908
v -64.868896 9.785877 -21.013927
v -63.471863 4.478015 -20.563978
v -59.316895 19.830975 -19.213875
v -60.113892 19.502178 -19.473885
v -62.071201 23.341045 -20.120705
v -62.064499 23.337309 -20.134102
v -64.912552 26.782043 0.022757
v -64.911873 26.784334 0.049331
v -61.729183 26.782036 20.092701
v -61.734512 26.784342 20.079266
v -61.904907 25.060169 20.125969
v -62.065178 23.341038 20.202806
v -61.616882 22.275768 20.036125
v -61.152523 21.213173 19.902756
v -60.544861 20.671970 19.686028
v -59.922501 20.132307 19.502857
v -59.620911 19.981373 19.385979
v -59.304844 19.831175 19.302740
v -59.710876 19.666676 19.416008
v -60.101841 19.502369 19.562754
v -60.998901 19.066570 19.835930
v -61.879501 18.631105 20.136042
v -62.806885 18.009869 20.426018
v -63.716541 17.389269 20.736134
v -64.211914 16.668674 20.875967
v -64.690536 15.949173 21.052725
v -64.778870 15.045071 21.065908
v -64.850510 14.142274 21.106007
v -64.877869 13.047352 21.095936
v -64.889496 11.953985 21.122725
v -64.880859 10.869740 21.095936
v -64.856209 9.787320 21.105999
v -64.833862 8.915592 21.085926
v -64.795517 8.045623 21.085983
v -64.612915 6.912601 21.006092
v -64.414177 5.781142 20.962805
v -63.944885 5.129140 20.795885
v -63.459858 4.478868 20.652742
v -62.666870 4.133817 20.375963
v -61.858517 3.789741 20.132727
v -61.861752 3.788979 20.119263
v -61.044861 3.363192 -9.624037
v -62.561504 3.363195 0.049312
v -59.499413 3.363194 -19.284090
v -61.864532 3.789747 -20.057329
v -61.855843 3.789010 -20.064037
v -63.473076 4.477498 -20.550571
v -63.944885 5.128497 -20.723890
v -63.463879 4.477095 -20.577345
v -63.458508 4.477553 -20.590773
v -64.612915 6.911487 -20.944103
v -64.413483 5.778771 -20.900829
v -64.833862 8.914738 -21.013927
v -64.795509 8.042960 -21.020693
v -64.862213 9.787328 -21.027298
v -64.856201 9.784722 -21.040709
v -68.111877 15.044174 0.026113
v -68.192894 14.139607 0.002626
v -67.515869 16.667976 0.026114
v -68.025208 15.946972 0.002634
v -66.038879 18.009178 0.026114
v -67.001854 17.387541 0.002628
v -64.137878 19.066177 0.026115
v -65.070564 18.629707 0.009343
v -63.200569 19.501574 0.009342
v -60.117344 19.501520 -19.460743
v -59.710876 19.666477 -19.354012
v -60.110546 19.500977 -19.487253
v -60.103199 19.501575 -19.493965
v -59.310860 19.831179 -19.227249
v -59.305511 19.830776 -19.233950
v -61.615906 22.274776 -19.973885
v -61.156540 21.210381 -19.827345
v -61.151192 21.211042 -19.834053
v -20.226868 23.338793 -61.963875
v -38.397888 23.338793 -52.704109
v -38.190918 26.779793 -52.414070
v -19.929871 21.211794 -61.043953
v -37.835087 21.212126 -51.925446
v -19.529907 20.131594 -59.813972
v -37.079418 20.132067 -50.879066
v -19.328918 19.830988 -59.204109
v -36.691048 19.830820 -50.352776
v -19.588867 19.502192 -59.993904
v -37.184875 19.502190 -51.033943
v -20.166870 18.630594 -61.773933
v -38.283875 18.630592 -52.543953
v -52.533875 26.779890 -38.073982
v -52.818909 23.338789 -38.283943
v -50.994873 20.131689 -36.954109
v -50.469910 19.830984 -36.573982
v -52.041870 21.211889 -37.713875
v -45.364868 26.781490 -45.243904
v -38.198895 26.784315 -52.407375
v -38.178200 26.782059 -52.420753
v -52.545269 26.782089 -38.047199
v -52.538536 26.784449 -38.060596
v -52.680908 25.060186 -38.174080
v -52.830959 23.341127 -38.257156
v -52.824196 23.337267 -38.270550
v -52.054600 21.213291 -37.693958
v -52.049267 21.214752 -37.707371
v -51.522888 20.672087 -37.323982
v -52.033184 21.213289 -37.727245
v -51.007603 20.132421 -36.934029
v -50.736877 19.981390 -36.753914
v -50.481945 19.831186 -36.553905
v -50.476833 19.830639 -36.560875
v -50.461876 19.830587 -36.587353
v -37.202965 19.502386 -51.013859
v -37.740906 19.066589 -51.783943
v -38.301960 18.631121 -52.523869
v -38.293934 18.629671 -52.537342
v -38.272545 18.628922 -52.550636
v -29.220886 18.629892 -57.164070
v -19.867859 19.066095 -60.894051
v -20.153532 18.628925 -61.780621
v -20.140108 18.629725 -61.780628
v -19.448914 19.666491 -59.604012
v -19.562777 19.501593 -60.000595
v -19.419861 19.981195 -59.513924
v -19.303486 19.830790 -59.204117
v -19.719910 20.671488 -60.434090
v -19.503819 20.131395 -59.820663
v -20.067871 22.274790 -61.503914
v -19.903145 21.211058 -61.050640
v -29.203918 25.060091 -57.194099
v -20.212841 23.341059 -61.963879
v -20.199465 23.337320 -61.963882
v 20.060120 23.338758 62.026115
v 38.231140 23.338758 52.766106
v 38.024109 26.779762 52.486076
v 19.755892 21.210888 61.116814
v 37.667114 21.211761 51.996086
v 19.362663 20.130127 59.882256
v 36.906128 20.131660 50.946037
v 19.156696 19.830549 59.267933
v 36.524769 19.829420 50.415394
v 19.422119 19.502157 60.065910
v 19.951111 26.779757 61.696037
v -0.082981 23.339745 65.215256
v -0.082886 21.211760 64.256096
v -0.082886 19.830954 62.315910
v -0.082886 19.502157 63.155998
v -0.096260 23.341022 65.216057
v -0.109613 23.337355 65.209373
v 28.992126 26.781458 57.085930
v 19.962473 26.784361 61.682617
v 19.937096 26.782022 61.696041
v 38.042850 26.782030 52.465992
v 38.032768 26.784344 52.472675
v 38.135132 25.060158 52.615959
v 38.250538 23.341024 52.746021
v 37.956116 22.275757 52.375969
v 37.686512 21.213163 51.976002
v 37.294128 20.671959 51.456047
v 36.925526 20.132395 50.925949
v 36.723083 19.981461 50.676018
v 36.543812 19.831261 50.402618
v 36.534561 19.830706 50.409500
v 19.434147 19.501497 60.059361
v 19.409437 19.500956 60.065914
v 19.396029 19.501558 60.072601
v -0.070231 19.501505 63.156101
v -0.092896 19.666456 62.736076
v -0.096255 19.500957 63.155998
v -0.109633 19.501556 63.149307
v -0.096255 19.831158 62.315907
v -0.108977 19.830755 62.309219
v -0.092896 22.274754 64.736076
v -0.096262 21.210360 64.256096
v -0.109611 21.211023 64.249413
v -9.731193 134.829880 29.723558
v -0.082881 132.907806 33.386963
v -0.082930 138.717834 26.935869
v -7.580293 140.740845 22.973991
v -10.391162 132.912949 31.746099
v -10.779907 131.632080 32.956085
v -0.082290 131.702621 34.731270
v -10.964070 130.053604 33.502651
v -10.990906 127.223061 33.605984
v -0.079569 127.223068 35.325478
v -10.682245 124.701271 32.644127
v -0.082886 124.702065 34.325951
v -9.862247 123.958618 30.130207
v -0.094378 124.019089 31.681358
v -0.082878 140.658188 24.145733
v -7.067871 123.469070 21.526150
v -0.082886 123.469070 22.636013
v -0.075076 141.286987 22.577103
v -7.049866 141.287079 21.476105
v -13.369951 123.468872 18.315430
v -16.332886 123.908066 22.396023
v 8.229126 138.717072 25.615997
v 9.565125 134.829071 29.726105
v -18.434875 134.829071 25.295929
v -15.893860 138.717072 21.795929
v 8.460083 123.908058 26.325954
v 9.695129 123.958061 30.126003
v 6.901123 123.469070 21.526150
v 10.794128 130.052078 33.506134
v 10.613098 131.632080 32.956085
v 10.223083 132.908081 31.746122
v -20.829895 127.223061 28.585964
v -20.239868 124.702065 27.776150
v -18.681885 123.958061 25.636013
v 6.884094 141.287079 21.476105
v 6.672119 141.235077 20.825958
v 7.369141 140.658081 22.966095
v -17.168884 136.772079 23.536163
v -18.441561 134.827087 25.289408
v -18.445612 134.828415 25.282663
v -15.896549 138.718414 21.789421
v -15.903899 138.714401 21.789396
v -7.045204 141.287079 21.476061
v -7.053909 141.287079 21.469419
v -7.059258 141.286407 21.469408
v 6.680823 141.235077 20.819263
v 6.675981 141.234940 20.825739
v 6.781128 141.261078 21.146027
v 6.668127 141.235077 20.825958
v 6.892142 141.287079 21.469412
v 7.129089 140.973068 22.216095
v 7.377152 140.658737 22.959400
v 7.373785 140.657410 22.966105
v 7.364446 140.656082 22.972780
v 8.237799 138.718414 25.609327
v 8.232463 138.719757 25.609293
v 8.900085 136.774078 27.666046
v 9.574468 134.831741 29.719423
v 9.571113 134.828400 29.726112
v 10.234408 132.909409 31.739466
v 10.227759 132.910767 31.746115
v 10.422119 132.270081 32.345978
v 10.215778 132.909409 31.746120
v 10.625298 131.632751 32.949314
v 10.708130 130.843063 33.226105
v 10.806871 130.053406 33.499416
v 10.800805 130.050705 33.506138
v -0.068843 124.704071 34.325947
v 9.707829 123.958733 30.119303
v 9.702470 123.959404 30.126032
v 9.082092 123.933067 28.226101
v 8.471469 123.908058 26.325945
v 7.685120 123.689064 23.926052
v 6.911820 123.469742 21.526138
v -16.338915 123.908066 22.396019
v -16.338230 123.908066 22.389334
v -18.674541 123.958061 25.635996
v -19.463867 124.330070 26.696072
v -18.683239 123.958069 25.622625
v -18.689245 123.958054 25.622622
v -20.538879 125.962059 28.176052
v -20.248573 124.701393 27.762758
v -20.835238 127.225067 28.579279
v -20.839930 127.221725 28.579269
v -10.588867 132.270081 32.345978
v -10.792508 131.630753 32.949440
v -10.402260 132.907410 31.746111
v 25.176086 134.829071 -18.323944
v 18.268127 134.829071 -25.223846
v 15.727112 138.717072 -21.733856
v 26.898132 132.908081 -19.573946
v 19.520081 132.908081 -26.944063
v 27.919128 131.632080 -20.313936
v 20.262085 131.632080 -27.973848
v 28.393127 130.052078 -20.654026
v 20.606140 130.052078 -28.444065
v 28.472107 127.223083 -20.713840
v 20.664124 127.223091 -28.523899
v 27.659636 124.701096 -20.124098
v 20.073120 124.702080 -27.713840
v 25.516113 123.958084 -18.563938
v 18.515154 123.958054 -25.563950
v 22.283081 123.908081 -16.213840
v 15.716429 138.718414 -21.733866
v 15.720403 138.719772 -21.727142
v 16.993103 136.774078 -23.473846
v 15.730452 138.718414 -21.727186
v 18.256090 134.831741 -25.230536
v 18.889099 133.869080 -26.093966
v 19.506826 132.909409 -26.950712
v 19.886108 132.270081 -27.463839
v 20.248489 131.632751 -27.980669
v 20.429138 130.843079 -28.213839
v 20.592722 130.053406 -28.450773
v 20.630127 128.639084 -28.483860
v 20.650732 127.225090 -28.530596
v 20.363098 125.963081 -28.123997
v 20.060423 124.704086 -27.720537
v 19.290100 124.330086 -26.644016
v 18.504398 123.958763 -25.570627
v 18.507751 123.958099 -25.563921
v 22.275730 123.908073 -16.220499
v 23.900085 123.933075 -17.384007
v 22.279781 123.907417 -16.207317
v 22.285120 123.908089 -16.207317
v 25.519466 123.958092 -18.550549
v 28.068115 125.962082 -20.414036
v 27.664471 124.701408 -20.110600
v 28.435120 128.637085 -20.684055
v 28.478149 127.221748 -20.700613
v 28.159119 130.842072 -20.483858
v 28.399837 130.050751 -20.640610
v 27.411133 132.270081 -19.934053
v 27.926434 131.630753 -20.300636
v 26.040100 133.868073 -18.944063
v 26.905497 132.907410 -19.560518
v 20.452087 136.774078 -20.023895
v 29.594116 134.810074 -9.603974
v 25.176086 134.833069 -18.303925
v 25.182917 134.828400 -18.310286
v 25.174156 134.830887 18.383610
v 29.610107 134.829071 9.676055
v 25.499084 138.717072 8.345978
v 21.677719 138.715118 15.848813
v 26.898132 132.908081 19.636015
v 22.852112 140.658081 7.486115
v 17.594509 141.432785 12.900815
v 21.359131 141.287079 6.996125
v 20.709106 141.235077 6.786164
v 20.636108 141.199081 6.766145
v 17.542114 141.199081 12.835969
v 20.623108 141.200073 6.756135
v 17.530090 141.200073 12.825959
v 20.643127 141.221069 6.766145
v 17.548096 141.221069 12.845979
v 15.727112 138.717072 21.795929
v 14.086970 140.656891 19.549465
v 13.169128 141.287079 18.276154
v 19.520081 132.908081 27.016142
v 14.906128 139.687073 20.666046
v 15.725115 138.711746 21.802608
v 15.718420 138.714401 21.802620
v 13.627136 140.972076 18.906036
v 7.364136 140.642075 22.956085
v 13.164442 141.287079 18.276155
v 13.161092 141.286423 18.276157
v 17.534119 141.200073 12.835969
v 17.533535 141.199097 12.844563
v 17.537109 141.210068 12.835969
v 17.524094 141.200073 12.832647
v 19.096130 141.221069 9.805940
v 17.550709 141.222519 12.840308
v 17.544756 141.221069 12.845981
v 17.541462 141.221069 12.852615
v 20.644434 141.221069 6.759446
v 20.644529 141.222290 6.760400
v 20.633118 141.210068 6.756135
v 20.624453 141.200089 6.749452
v 20.630127 141.200073 6.756135
v 20.637455 141.199081 6.759454
v 20.673096 141.217072 6.776155
v 20.710451 141.235077 6.779481
v 21.034119 141.261078 6.886018
v 21.359783 141.287079 6.989441
v 22.106140 140.973068 7.236116
v 22.852774 140.658737 7.472692
v 24.175110 139.688080 7.906037
v 25.499090 138.718414 8.332617
v 27.554138 136.774078 9.006133
v 29.609463 134.831741 9.669374
v 29.612793 134.828415 9.676057
v 28.256104 133.868073 14.656034
v 26.902151 132.907379 19.629364
v 26.894117 132.906754 19.642675
v 23.207092 132.908081 23.325956
v 19.512751 132.909409 27.016144
v 19.514746 132.906754 27.016142
v 19.507338 132.907410 27.022860
v -20.158875 3.789301 -61.753922
v -19.393370 3.361749 -59.422493
v -39.139149 4.219194 -53.605915
v -36.835506 3.362724 -50.540031
v -20.679871 4.478023 -63.354019
v -39.860699 5.785286 -54.702091
v -20.989868 5.779644 -64.313980
v -40.085876 8.044473 -55.023937
v -21.113892 8.044475 -64.694107
v -40.128757 9.782411 -55.071976
v -21.133911 9.785884 -64.753922
v -40.059425 16.008791 -54.987270
v -21.144897 11.952540 -64.783951
v -21.131897 14.141093 -64.743912
v -21.079895 15.948192 -64.584000
v -39.418884 17.388491 -54.104012
v -52.641907 3.789366 -38.154068
v -54.004883 4.478087 -39.144058
v -54.817871 5.779708 -39.733902
v -55.188904 14.141189 -40.003914
v -55.221863 11.952613 -40.023933
v -55.052917 15.948287 -39.904060
v -20.824890 5.128504 -63.834000
v -20.652473 4.477564 -63.360710
v -21.040894 6.911479 -64.503922
v -20.961781 5.778777 -64.313988
v -21.112915 8.914744 -64.723892
v -21.085806 8.042966 -64.694115
v -21.128906 10.868670 -64.773941
v -21.105822 9.784730 -64.760612
v -21.127869 13.046260 -64.763931
v -21.116110 11.951101 -64.790642
v -21.094910 15.044192 -64.674088
v -21.103806 14.139628 -64.750603
v -30.244873 16.668695 -59.354012
v -21.065870 15.949128 -64.590683
v -21.051804 15.946992 -64.590691
v -39.437622 17.389288 -54.083923
v -39.426868 17.390200 -54.097286
v -39.406208 17.389290 -54.110695
v -55.064926 15.949227 -39.877277
v -55.058170 15.950367 -39.890625
v -55.125916 15.045188 -39.944099
v -55.201599 14.142390 -39.977139
v -55.209900 13.047431 -40.003914
v -55.234589 11.954064 -40.003860
v -55.228539 11.951104 -40.017258
v -40.105961 8.045634 -55.003853
v -54.830612 5.781216 -39.707283
v -54.824574 5.782876 -39.720558
v -54.415894 5.129217 -39.434097
v -54.018276 4.478958 -39.117275
v -53.328918 4.133894 -38.644058
v -52.655273 3.789835 -38.127296
v -52.646458 3.789062 -38.140629
v -0.087891 3.507790 0.036120
v -19.377670 3.363201 -59.394047
v -20.408875 4.133486 -62.553970
v -20.132137 3.789016 -61.753929
v 63.337513 4.388800 20.633987
v 59.377502 3.361103 19.355728
v 64.882141 3.789291 0.036120
v 66.568115 4.478012 0.036120
v 67.572083 5.779633 0.036120
v 64.391182 5.683018 20.983660
v 67.973083 8.044464 0.036121
v 68.036133 9.785873 0.036122
v 68.072083 11.952538 0.036122
v 64.733795 11.958369 21.100840
v 68.030090 14.141075 0.036123
v 64.697083 14.141071 21.085928
v 67.863098 15.948174 0.036124
v 64.534805 15.947295 21.033226
v 66.839111 17.388474 0.036124
v 63.558353 17.387884 20.721872
v 64.907104 18.630577 0.036124
v 61.726135 18.630573 20.115959
v 63.037109 19.502174 0.036124
v 59.948120 19.502171 19.536125
v 50.495453 3.366521 36.789238
v 52.475098 3.789270 38.216049
v 54.651123 5.779557 39.795883
v 54.975098 8.044389 40.036121
v 55.027100 9.785798 40.075916
v 53.838135 4.477937 39.206039
v 54.886108 15.948159 39.966057
v 55.022095 14.140962 40.065910
v 53.843346 4.477417 39.192577
v 54.237122 5.128427 39.516098
v 53.826756 4.477021 39.219410
v 53.818043 4.477479 39.226131
v 54.805115 6.911408 39.926010
v 54.630383 5.778686 39.815975
v 54.993103 8.914659 40.065907
v 54.955055 8.042887 40.056046
v 55.016426 9.787240 40.082600
v 55.006363 9.784647 40.096001
v 64.683746 14.139604 21.106007
v 55.028774 14.139408 40.052559
v 54.947083 15.044061 40.026115
v 55.012104 14.138090 40.079281
v 55.002052 14.139562 40.085999
v 54.875423 15.949095 39.979431
v 54.866066 15.946958 39.986145
v 60.833130 19.066174 19.835930
v 61.714737 18.629704 20.142748
v 61.493103 19.502272 9.776114
v 59.948505 19.502672 19.522650
v 59.941433 19.502369 19.549334
v 59.936722 19.501570 19.562750
v 63.032413 19.502375 0.009333
v 63.033463 19.502680 0.022736
v 63.970093 19.066574 0.026115
v 64.901756 18.631109 0.009342
v 65.871094 18.009872 0.026114
v 66.833115 17.389275 0.009341
v 67.349121 16.668678 0.026114
v 67.857750 15.949178 0.002640
v 67.945129 15.045074 0.026113
v 68.026085 14.142275 0.002634
v 68.049133 13.047356 0.026113
v 68.067421 11.953989 0.002624
v 68.052124 10.869743 0.026112
v 68.032089 9.787324 0.002625
v 68.003113 8.915596 0.026111
v 67.968422 8.045626 0.002622
v 67.771118 6.912605 0.026111
v 67.567429 5.781145 0.002623
v 67.068115 5.129143 0.026110
v 66.564117 4.478873 0.009346
v 65.724121 4.133820 0.026110
v 64.879440 3.789746 0.009339
v 64.878685 3.788988 0.022756
v 59.340687 3.363192 19.329218
v 54.911133 3.363169 28.055895
v 50.455269 3.363169 36.766201
v 52.466412 3.789722 38.229420
v 52.455051 3.788985 38.236141
v -0.082886 3.789280 64.996078
v -0.087951 3.361912 62.555344
v 20.485922 4.220489 63.117405
v 19.236084 3.360457 59.492458
v -0.082886 4.478009 66.686020
v 20.830265 5.789643 64.375702
v -0.082886 5.779629 67.686020
v 20.947083 8.044454 64.756088
v -0.082886 8.044453 68.085922
v 20.973076 9.778895 64.811508
v -0.082886 9.785862 68.155991
v 20.907810 16.031378 64.686569
v -0.082886 11.952518 68.186020
v -0.082886 14.141057 68.145981
v -0.083225 15.949039 67.975754
v 20.597107 17.388456 63.676018
v 38.102112 3.789282 52.595932
v 39.093140 4.478012 53.956039
v 39.683105 5.779631 54.766098
v 39.953125 14.141060 55.135979
v 39.977112 11.952521 55.176018
v 39.854126 15.948157 55.006096
v -0.093872 5.128483 67.186020
v -0.110322 4.477540 66.679329
v -0.093872 6.911465 67.885971
v -0.110975 5.778759 67.679329
v -0.093872 8.914722 68.115952
v -0.110971 8.042946 68.085915
v -0.093872 10.868649 68.166000
v -0.110975 9.784698 68.149300
v -0.093872 13.046246 68.166000
v -0.110971 11.951073 68.186012
v -0.093872 15.044155 68.065903
v -0.110975 14.139586 68.139290
v -0.096906 15.949156 67.976059
v -0.110971 15.946955 67.976051
v 20.621197 17.389328 63.662628
v 20.608444 17.390190 63.669243
v 20.582422 17.389326 63.676022
v 39.874172 15.949161 54.986012
v 39.863388 15.950278 54.992607
v 39.911133 15.045058 55.065910
v 39.973175 14.142261 55.115891
v 39.973083 13.047355 55.145988
v 39.997200 11.953973 55.155933
v 39.987125 11.950882 55.162659
v 20.972527 8.045615 64.742691
v 39.703190 5.781138 54.746010
v 39.693790 5.782754 54.759430
v 39.396118 5.129141 54.355942
v 39.113201 4.478872 53.935947
v 38.605103 4.133811 53.266098
v 38.122215 3.789735 52.575855
v 38.110710 3.788974 52.582432
v 19.235762 3.363182 59.449284
v 9.572083 3.363180 60.996078
v -0.096424 3.363181 62.509266
v -0.092896 4.133465 65.835922
v -0.109628 3.788995 64.989388
v -52.641907 3.789270 38.216049
v -50.666401 3.362218 36.783356
v -39.021763 4.219685 53.754700
v -36.827305 3.363165 50.617561
v -54.004883 4.477937 39.206039
v -39.843903 5.784184 54.769272
v -54.817871 5.779557 39.795883
v -40.085876 8.044456 55.095936
v -55.141907 8.044389 40.036121
v -40.115311 9.767951 55.147278
v -55.192871 9.785798 40.075916
v -40.016052 15.996592 55.014450
v -55.221863 11.952447 40.095940
v -55.188904 14.140962 40.065910
v -55.052917 15.948159 39.966057
v -39.418797 17.389833 54.176342
v -20.158875 3.789281 61.815903
v -20.679871 4.478010 63.426010
v -20.989868 5.779630 64.375961
v -21.131897 14.141058 64.815903
v -21.144897 11.952519 64.855942
v -21.079895 15.948155 64.655991
v -54.415894 5.128427 39.496078
v -54.016914 4.477480 39.185966
v -54.983887 6.911408 39.905991
v -54.829903 5.778687 39.775974
v -55.171875 8.914659 40.045887
v -55.154606 8.042886 40.009342
v -55.212891 10.868577 40.075916
v -55.206264 9.784647 40.049297
v -55.209900 13.046182 40.075920
v -55.234604 11.951015 40.069160
v -55.125916 15.044061 40.006096
v -55.201603 14.139561 40.039291
v -55.058910 15.949097 39.952690
v -55.066257 15.946959 39.945980
v -39.393459 17.389328 54.182724
v -39.405437 17.390194 54.175938
v -39.428223 17.389328 54.162647
v -21.051809 15.949159 64.655998
v -21.065836 15.950228 64.655891
v -21.094910 15.045056 64.736069
v -21.103811 14.142259 64.815910
v -21.127869 13.047353 64.835922
v -21.116812 11.953971 64.855949
v -21.130890 11.950937 64.855934
v -40.060486 8.045617 55.102642
v -20.961779 5.781136 64.382652
v -20.975864 5.782775 64.375984
v -20.824890 5.129139 63.895981
v -20.652479 4.478871 63.426018
v -20.408875 4.133810 62.625961
v -20.132132 3.789735 61.822594
v -20.144817 3.788978 61.815792
v -43.726868 3.363206 43.676010
v -50.636932 3.363169 36.745869
v -53.327881 4.133432 38.706039
v -52.652588 3.788986 38.195992
v -40.085876 8.044473 -55.023937
v -39.849915 5.779642 -54.704117
v -55.141907 8.044539 -39.973888
v -55.192871 9.785949 -40.003918
v -40.122864 9.785882 -55.073986
v -54.818096 5.779457 -39.734032
v -55.221886 11.953138 -40.024078
v -40.110188 9.787327 -55.080677
v -40.097458 9.784726 -55.087383
v -55.234589 11.954064 -40.003860
v -55.228542 11.955593 -40.017250
v -55.212891 10.869826 -40.003918
v -55.211872 11.954063 -40.037304
v -55.206249 9.787395 -39.983841
v -55.171875 8.915671 -39.983898
v -55.154606 8.045701 -39.947266
v -54.984863 6.912681 -39.844009
v -54.830612 5.781216 -39.707283
v -54.823116 5.778694 -39.720467
v -54.806545 5.777971 -39.740589
v -39.957886 6.911478 -54.864029
v -39.836544 5.777912 -54.710644
v -39.824482 5.778777 -54.717346
v -40.094910 8.914742 -55.053967
v -40.060474 8.042966 -55.037334
v 20.947083 8.044454 64.756088
v 20.823120 5.779630 64.375961
v 39.919128 8.044456 55.095936
v 39.956116 9.785865 55.145985
v 20.967102 9.785863 64.815903
v 39.683105 5.779631 54.766098
v 39.977112 11.952521 55.176018
v 30.467102 10.869741 59.996082
v 20.953077 9.787308 64.822586
v 20.939013 9.784704 64.822594
v 39.997200 11.953973 55.155933
v 39.987133 11.955631 55.162651
v 39.974121 10.869742 55.145985
v 39.964436 11.953972 55.176022
v 39.976162 9.787312 55.125900
v 39.945129 8.915595 55.105946
v 39.939175 8.045617 55.075851
v 39.809082 6.912596 54.926010
v 39.703190 5.781138 54.746010
v 39.693043 5.778561 54.752594
v 39.670433 5.777896 54.772781
v 30.248108 5.778966 59.575912
v 20.875122 6.911466 64.565903
v 20.809101 5.777893 64.375961
v 20.795031 5.778759 64.382652
v 20.946106 8.914723 64.786118
v 20.918993 8.042948 64.762779
v -40.085876 8.044456 55.095936
v -39.849915 5.779631 54.766098
v -21.113892 8.044454 64.756088
v -21.133911 9.785863 64.815903
v -40.122864 9.785865 55.145985
v -20.989868 5.779630 64.375961
v -21.144897 11.952519 64.855942
v -30.638916 10.869741 59.996082
v -40.132896 9.787312 55.132614
v -40.142952 9.784704 55.125900
v -21.116812 11.953971 64.855949
v -21.130880 11.955573 64.855942
v -21.128906 10.869740 64.835922
v -21.157576 11.953970 64.849258
v -21.105822 9.787308 64.822594
v -21.112915 8.915593 64.786118
v -21.085802 8.045614 64.762779
v -21.040894 6.912594 64.565903
v -20.961779 5.781136 64.382652
v -20.975809 5.778618 64.375854
v -21.001888 5.777894 64.369278
v -30.424866 5.778966 59.565903
v -39.974915 6.911467 54.926010
v -39.859253 5.777893 54.752728
v -39.869305 5.778760 54.746017
v -40.111877 8.914725 55.105946
v -40.105984 8.042948 55.069145
v -39.418884 17.388491 -54.104012
v -54.224915 17.388586 -39.303963
v -52.661865 18.630590 -38.164070
v -38.283875 18.630592 -52.543953
v -51.148865 19.502188 -37.063972
v -37.184875 19.502190 -51.033943
v -40.020874 15.948190 -54.934090
v -55.052917 15.948287 -39.904060
v -37.724915 19.066093 -51.793953
v -38.259785 18.629723 -52.557343
v -44.169861 19.502388 -44.043953
v -37.192711 19.502726 -51.020210
v -37.172848 19.502390 -51.040627
v -37.161484 19.501591 -51.047333
v -51.160252 19.502455 -37.043892
v -51.153461 19.502693 -37.057236
v -51.908875 19.066687 -37.614021
v -52.672596 18.631191 -38.143990
v -53.446899 18.009886 -38.723885
v -54.236271 17.389391 -39.277176
v -54.642883 16.668791 -39.594002
v -55.064926 15.949227 -39.877277
v -55.059566 15.946902 -39.890717
v -55.042885 15.945883 -39.917431
v -47.532898 15.947289 -47.424080
v -39.710876 16.667994 -54.523933
v -40.008198 15.945786 -54.940777
v -39.995468 15.946988 -54.947491
v -38.842896 18.009195 -53.333992
v -39.394142 17.387560 -54.117401
v 20.597107 17.388456 63.676018
v 39.252136 17.388456 54.176018
v 38.117126 18.630562 52.605949
v 19.993458 18.623653 61.851208
v 37.018127 19.502159 51.095940
v 19.421755 19.498665 60.063568
v 20.913086 15.948155 64.655991
v 39.854126 15.948157 55.006096
v -0.082886 18.630558 65.026108
v -0.082886 19.502157 63.155998
v -0.092896 19.066160 64.085922
v -0.096891 18.628891 65.026108
v -0.110344 18.629753 65.019409
v -0.070149 19.502672 63.148960
v -0.096258 19.502356 63.149319
v -0.109633 19.501556 63.149307
v 19.433376 19.502655 60.058960
v 37.036179 19.502424 51.075851
v 37.026009 19.502687 51.089127
v 37.574097 19.066559 51.845940
v 38.135159 18.631161 52.592564
v 38.692139 18.009855 53.385979
v 39.270840 17.389328 54.155933
v 39.561096 16.668661 54.575920
v 39.874172 15.949161 54.986012
v 39.864151 15.946726 54.992760
v 39.842106 15.945755 55.012775
v 30.379089 15.947256 59.825920
v 20.744141 16.667959 64.166000
v 20.899065 15.945751 64.655991
v 20.885000 15.946954 64.655998
v 20.569035 17.387526 63.682705
v -39.418884 17.388456 54.176018
v -20.763916 17.388456 63.676018
v -20.166870 18.630560 61.845940
v -38.283875 18.630562 52.605949
v -19.589157 19.504402 60.066689
v -37.184875 19.502159 51.095940
v -40.020874 15.948157 55.006096
v -21.079895 15.948155 64.655991
v -37.741882 19.066162 51.845940
v -38.303947 18.629757 52.592556
v -37.172009 19.502741 51.102364
v -37.193554 19.502424 51.089256
v -37.204254 19.501625 51.082546
v -19.562782 19.502356 60.065918
v -19.575422 19.502659 60.065643
v -19.867859 19.066557 60.956047
v -20.140120 18.631161 61.845947
v -20.454895 18.009855 62.766106
v -20.735804 17.389326 63.682705
v -20.910889 16.668661 64.166000
v -21.051809 15.949159 64.655998
v -21.065897 15.946792 64.656006
v -21.092575 15.945751 64.649307
v -30.554871 15.947256 59.825920
v -39.727905 16.667959 54.575920
v -40.031559 15.945752 54.992725
v -40.041615 15.946956 54.986012
v -38.858887 18.009161 53.385979
v -39.439629 17.387526 54.155930
v -37.833862 21.211761 51.996086
v -19.929871 21.211760 61.115959
v -20.226868 23.338758 62.026115
v -37.072876 20.131660 50.946037
v -20.199457 23.341026 62.032810
v -20.212847 23.343391 62.026108
v -20.067871 22.275755 61.575920
v -20.238892 23.341024 62.019432
v -19.903143 21.213160 61.115967
v -19.916500 21.210922 61.115841
v -28.496887 20.671453 56.026115
v -37.060642 20.131310 50.952423
v -37.459900 20.671455 51.456047
v -37.081562 20.131258 50.932667
v -37.090965 20.131458 50.925949
v -29.034912 22.275755 57.006096
v -37.843243 21.213163 51.982716
v -37.851952 21.211023 51.976002
v 60.998108 21.211773 19.875969
v 64.141113 21.211777 0.036125
v 65.100494 23.338755 0.036188
v 59.767090 20.131573 19.476067
v 65.096443 23.341043 0.009344
v 65.098442 23.343403 0.022761
v 64.620117 22.275772 0.026116
v 65.099098 23.341040 0.049331
v 64.137764 21.213177 0.009343
v 64.138298 21.210936 0.022760
v 61.954102 20.671469 9.746086
v 59.768101 20.131294 19.462576
v 60.378113 20.671467 19.686028
v 59.760445 20.131237 19.489437
v 59.755039 20.131435 19.502855
v 60.992767 21.213171 19.889339
v 60.984711 21.211035 19.902761
v -37.833862 21.211792 -51.924080
v -52.040882 21.213236 -37.713028
v -52.818909 23.338789 -38.283943
v -37.072876 20.131592 -50.884041
v -52.830959 23.341127 -38.257156
v -52.824890 23.343494 -38.270573
v -52.434875 22.275885 -37.993904
v -52.808887 23.341125 -38.290630
v -52.054600 21.213291 -37.693958
v -52.047096 21.211042 -37.700588
v -37.081306 20.131195 -50.870209
v -37.443909 20.671394 -51.404060
v -37.060856 20.131189 -50.884045
v -37.049492 20.131393 -50.890743
v -45.322876 22.275787 -45.104012
v -37.821877 21.213192 -51.930763
v -37.809113 21.211054 -51.937473
v 39.977112 11.952538 -55.104012
v 20.978088 11.952540 -64.783951
v 20.965088 14.141093 -64.743912
v 39.953125 14.141091 -55.073982
v 20.913086 15.948192 -64.584000
v 39.854126 15.948190 -54.934090
v 20.597107 17.388491 -63.614021
v 39.956116 9.785882 -55.073986
v 39.911133 15.044190 -54.993904
v 39.973171 14.139625 -55.053894
v 30.230103 16.668695 -59.273933
v 39.864147 15.949193 -54.927406
v 39.874866 15.946988 -54.914001
v 20.569031 17.389292 -63.614029
v 20.582392 17.390238 -63.613907
v 20.744141 16.668695 -64.104019
v 20.609131 17.389290 -63.607338
v 20.884996 15.949128 -64.590691
v 20.929138 15.045093 -64.674088
v 20.936998 14.142293 -64.750603
v 20.961121 13.047374 -64.763931
v 20.949999 11.953995 -64.790642
v 20.964085 11.950933 -64.790627
v 30.462097 10.868670 -59.934093
v 39.943447 9.784550 -55.080654
v 39.974121 10.868669 -55.083996
v 39.966137 9.783566 -55.067303
v 39.976162 9.784726 -55.053902
v 39.973083 13.046258 -55.083992
v 39.997200 11.951097 -55.083927
v 55.055115 11.952447 40.095940
v 64.736084 11.952534 21.095936
v 64.697083 14.141071 21.085928
v 55.022095 14.140962 40.065910
v 64.537109 15.948171 21.026114
v 55.027100 9.785798 40.075916
v 59.777100 15.045062 30.555899
v 55.012104 14.142161 40.079281
v 55.002052 14.139562 40.085999
v 64.541107 15.949174 20.999348
v 64.538368 15.950233 21.012718
v 64.619141 15.045071 21.045889
v 64.530434 15.949173 21.039316
v 64.701126 14.142273 21.052603
v 64.718140 13.047352 21.075916
v 64.740784 11.953983 21.069159
v 64.738121 11.950960 21.082581
v 59.884094 10.868609 30.575916
v 55.033119 9.784463 40.062557
v 55.033081 10.868577 40.085926
v 55.016426 9.783481 40.082600
v 55.006363 9.784647 40.096001
v 55.031128 13.046182 40.085930
v 55.035030 11.951015 40.116028
v -64.902893 11.952541 -21.023937
v -68.238892 11.952538 0.036122
v -68.196899 14.141075 0.036123
v -64.863892 14.141079 -21.013926
v -68.029907 15.948174 0.036124
v -64.703918 15.948178 -20.963877
v -67.006187 17.389137 0.036204
v -64.868896 9.785877 -21.013927
v -64.778870 15.044178 -21.003916
v -64.850502 14.139612 -21.040712
v -64.697235 15.949181 -20.977240
v -64.691177 15.946976 -20.990658
v -67.001869 17.389275 0.022755
v -66.999863 17.389275 0.062740
v -67.001106 17.390217 0.049333
v -67.515869 16.668678 0.045890
v -68.024567 15.949180 0.062734
v -68.111877 15.045074 0.045888
v -68.192215 14.142278 0.062728
v -68.215881 13.047356 0.045888
v -66.554871 10.868670 -10.483897
v -68.234200 11.953989 0.062736
v -68.236198 11.950966 0.049313
v -64.870888 9.784564 -21.000572
v -64.880859 10.868671 -21.033947
v -64.862213 9.783561 -21.027300
v -64.856201 9.784722 -21.040709
v -64.877869 13.046261 -21.033947
v -64.889503 11.951095 -21.050722
v 18.726135 209.082077 0.036186
v 17.806091 209.082077 -5.783882
v 11.169434 211.610001 -3.623881
v 9.489082 211.608887 -6.924011
v 10.326111 211.610077 -5.273872
v 11.160430 211.611084 -3.623962
v 11.165790 211.610397 -3.617267
v 9.483098 211.610397 -6.924026
v 9.481068 211.611084 -6.917305
v 9.491111 211.607712 -6.924024
v 17.808069 209.079407 -5.783906
v 17.814785 209.076736 -5.777190
v 18.269104 209.080078 -2.873970
v 18.720804 209.084076 0.036195
v 18.734125 209.076736 0.036197
v 18.729477 209.079407 0.042721
v 15.134475 209.082809 -11.024104
v 10.973870 209.080917 -15.184738
v 6.871094 211.609070 -9.543891
v 3.573120 211.609070 -11.223823
v 5.220093 211.610077 -10.373969
v 6.865071 211.611099 -9.537164
v 6.870453 211.610397 -9.537199
v 3.568410 211.610397 -11.217147
v 3.569192 211.611038 -11.210818
v 3.571759 211.607758 -11.223841
v 10.971766 209.079361 -15.190692
v 10.981780 209.076736 -15.190708
v 15.132108 209.084076 -11.017179
v 15.143478 209.076736 -11.023868
v 15.141447 209.079407 -11.017163
v -5.895874 209.082077 -17.853951
v -11.137968 209.080353 -15.183650
v -7.036938 211.609467 -9.542805
v -9.661421 211.608414 -6.925319
v -3.168525 212.836411 -4.232874
v -5.150733 213.065979 -1.597012
v -5.347090 212.840103 0.035979
v -4.339747 212.827515 3.127220
v -1.708862 212.828079 -4.973822
v -0.082886 212.828079 -5.223822
v 1.542114 212.828079 -4.973822
v 3.008118 212.828079 -4.223822
v -3.174866 212.828079 4.286188
v -1.708739 212.827332 5.036107
v -0.082886 212.828079 5.295953
v 4.172119 212.828079 -3.063910
v 4.918838 212.826813 -1.594113
v 1.542065 212.827423 5.036062
v 3.008069 212.826004 4.285970
v 5.177124 212.828079 0.036188
v 4.919128 212.828079 1.656061
v 4.172119 212.828079 3.126032
v -15.300903 209.082077 -11.023872
v -11.919446 211.606689 0.029586
v -11.335876 211.609070 3.686090
v -18.892883 209.082077 0.036186
v -17.971863 209.082077 -5.783882
v -1.708859 212.826736 -4.980511
v -0.895874 212.827072 -5.103949
v -0.080872 212.826736 -5.237222
v 0.731140 212.827072 -5.103949
v 1.546808 212.826736 -4.980512
v 2.278137 212.827072 -4.603949
v 3.015468 212.826736 -4.230512
v 3.593140 212.827072 -3.643988
v 4.180794 212.826736 -3.063909
v 4.927817 212.826736 -1.593937
v 5.051086 212.827072 -0.783880
v 5.185117 212.826736 0.036194
v 5.051086 212.827072 0.846002
v 4.926469 212.826736 1.662747
v 4.548096 212.827072 2.396050
v 4.177461 212.826736 3.132724
v 3.011458 212.826736 4.292714
v 2.276123 212.827072 4.666071
v 1.542763 212.826736 5.042712
v -0.085580 212.826736 5.302642
v -1.713555 212.826736 5.042712
v -2.443909 212.827072 4.666071
v -3.182255 212.826736 4.292713
v -11.339231 211.607742 3.692773
v -15.115906 210.345078 1.866020
v -18.900919 209.076736 0.029490
v -18.435913 209.080078 -2.873970
v -18.896206 209.079422 0.036187
v -17.965874 209.084076 -5.783893
v -17.977896 209.076736 -5.790576
v -17.971859 209.079407 -5.790578
v -15.299568 209.084076 -11.017179
v -15.306232 209.079391 -11.023868
v -15.304244 209.076736 -11.030563
v -11.139569 209.076752 -15.190714
v -8.516907 209.080078 -16.523872
v -5.890514 209.084076 -17.853956
v -5.893204 209.076736 -17.867342
v -5.887856 209.079407 -17.860641
v 5.729126 209.082077 -17.853951
v -0.082886 209.082077 -18.773872
v -0.083316 211.611023 -11.797325
v 3.573120 211.609070 -11.223823
v -3.738051 211.608276 -11.227855
v -1.707970 212.831024 -4.971663
v -3.174842 212.828644 -4.223853
v -7.037643 211.607437 -9.543773
v -5.895874 209.082077 -17.853951
v 3.569192 211.611038 -11.210818
v 3.573787 211.610397 -11.217135
v 3.580477 211.607742 -11.223818
v -1.706824 212.828079 -4.967152
v -3.173591 212.828079 -4.217104
v -7.037914 211.610397 -9.537199
v -7.042541 211.607712 -9.543891
v -5.900548 209.079422 -17.860662
v -5.893204 209.076736 -17.867342
v -5.887856 209.079407 -17.860641
v -0.086880 209.079391 -18.780560
v -0.078196 209.076752 -18.780560
v 2.825134 209.080078 -18.323921
v 4.654114 210.345078 -14.533882
v 5.736475 209.076736 -17.860636
v 5.738482 209.079407 -17.853941
v 15.134094 209.082077 11.085991
v 17.806091 209.082077 5.846001
v 11.169546 211.611008 3.686092
v 11.748108 211.609070 0.036187
v 11.456116 211.610077 1.856012
v 11.161081 211.611084 3.686083
v 11.163790 211.610397 3.686099
v 11.743417 211.610397 0.029482
v 11.739404 211.611084 0.029505
v 11.752807 211.607727 0.029510
v 14.779114 210.345078 2.936089
v 17.810766 209.079391 5.845994
v 17.811434 209.076736 5.852695
v 16.472107 209.080078 8.466118
v 15.127405 209.084076 11.086002
v 15.137433 209.076736 11.099386
v 15.130716 209.079407 11.099402
v -61.892883 18.630581 -20.053963
v -65.073914 18.630577 0.036124
v -63.203918 19.502174 0.036124
v -60.113850 19.502306 -19.473850
v -62.364868 19.830971 0.036124
v -60.107899 19.502378 -19.487255
v -60.103199 19.501575 -19.493965
v -62.363564 19.831175 0.022754
v -62.360867 19.831171 0.062748
v -62.363892 19.831545 0.049272
v -62.782898 19.666679 0.045890
v -63.199226 19.502373 0.062742
v -64.136902 19.066574 0.045890
v -65.073914 18.628908 0.022756
v -63.483887 18.629976 -10.013925
v -65.068565 18.631107 0.062741
v -65.073318 18.629646 0.049306
v -60.999878 19.066181 -19.773933
v -61.888885 18.628910 -20.067333
v -61.881538 18.629711 -20.074041
v 38.117126 18.630592 -52.543953
v 20.000122 18.630594 -61.773933
v 19.422119 19.502192 -59.993904
v 37.018127 19.502190 -51.033943
v 19.163086 19.830988 -59.204109
v 28.094116 19.666590 -55.114021
v 37.026814 19.502388 -51.020573
v 37.037521 19.501587 -51.013859
v 19.136999 19.831192 -59.204117
v 19.150591 19.831545 -59.204388
v 19.282104 19.666697 -59.604012
v 19.174458 19.831192 -59.197426
v 19.396029 19.502392 -60.000595
v 19.701111 19.066591 -60.884041
v 19.973320 18.631126 -61.780628
v 19.986801 18.629644 -61.780727
v 20.012796 18.628925 -61.773930
v 29.063110 18.629892 -57.164070
v 37.575134 19.066093 -51.783943
v 38.128456 18.628923 -52.537270
v 38.137177 18.629721 -52.523865
v 25.515909 123.958107 18.636023
v 22.282942 123.908440 16.286066
v 30.010132 123.958076 9.805934
v 16.167263 123.907578 22.395796
v 30.014132 123.958748 9.792690
v 30.014790 123.959412 9.805938
v 30.008772 123.958084 9.799250
v 22.282417 123.908073 16.279472
v 22.273741 123.907402 16.286163
v 19.222107 123.908066 19.335964
v 16.163115 123.908066 22.402706
v 16.158426 123.907402 22.396021
v 16.155718 123.908066 22.402719
v 25.522133 123.959412 18.629362
v 25.512774 123.958733 18.636013
v -18.681885 123.958092 -25.563938
v -16.332886 123.908081 -22.333958
v -25.682264 123.955872 -18.563787
v -27.825867 124.702072 -20.123997
v -20.239868 124.702080 -27.713840
v -28.638916 127.223083 -20.713840
v -20.815443 127.223618 -28.533752
v -28.559875 130.052078 -20.654026
v -20.775475 130.055908 -28.440817
v -10.990906 127.223091 -33.533909
v -10.960876 130.052078 -33.444061
v -20.428894 131.632080 -27.973848
v -20.226528 124.701416 -27.713852
v -10.969910 128.637085 -33.493870
v -10.983565 127.219749 -33.533909
v -10.976160 127.221756 -33.540600
v -15.691895 130.843079 -30.704073
v -10.953532 130.053406 -33.444065
v -10.946165 130.050751 -33.444065
v -20.438265 131.632751 -27.960608
v -20.432222 131.633469 -27.967138
v -20.421555 131.632751 -27.973854
v -28.565941 130.053406 -20.640598
v -28.562555 130.054794 -20.647331
v -28.601868 128.639084 -20.684055
v -28.645573 127.225082 -20.700613
v -28.234863 125.963074 -20.414036
v -27.833258 124.704079 -20.110601
v -25.689917 123.958748 -18.557243
v -25.683214 123.958092 -18.557249
v -21.008911 123.933075 -20.444065
v -16.335566 123.908073 -22.327267
v -17.502869 123.933083 -23.954075
v -16.324844 123.907410 -22.327276
v -16.321541 123.908089 -22.333967
v -19.455872 124.330086 -26.644016
v -18.669180 123.958099 -25.570639
v -30.176880 123.958076 -9.743871
v -26.375916 123.908073 -8.513890
v -31.725868 123.958160 0.036156
v -34.374489 124.702148 0.036078
v -32.696899 124.702072 -10.563939
v -35.379406 127.223007 0.035852
v -33.652893 127.223076 -10.873997
v -35.281811 130.052032 0.036113
v -33.559875 130.052078 -10.843966
v -34.696899 131.632080 0.036161
v -33.002884 131.632080 -10.664040
v -33.171875 125.962074 -10.723850
v -32.688858 124.701408 -10.577328
v -33.603882 128.637085 -10.863986
v -33.645550 127.221741 -10.887378
v -33.278870 130.842072 -10.763888
v -33.553169 130.050751 -10.857384
v -33.002197 131.633453 -10.657343
v -32.998833 131.632751 -10.670805
v -32.996223 131.630753 -10.677327
v -34.693546 131.632751 0.049447
v -34.694183 131.633453 0.042683
v -35.279205 130.053406 0.049429
v -35.377888 127.225075 0.049367
v -34.373531 124.704079 0.049384
v -29.049866 123.933075 -4.233861
v -31.725231 123.958748 0.049407
v -31.721878 123.958084 0.042675
v -26.373865 123.908073 -8.507208
v -28.273865 123.933075 -9.134007
v -26.367884 123.907417 -8.513895
v -26.367882 123.908073 -8.520588
v -31.433899 124.330078 -10.164037
v -30.168877 123.958084 -9.757269
v -0.082886 123.958092 -31.613987
v -0.082886 123.908089 -27.613987
v -9.860901 123.958092 -30.063938
v -10.679871 124.702080 -32.583961
v 8.460083 123.908089 -26.263889
v -10.693265 124.704086 -32.577267
v -10.687246 124.705475 -32.577305
v -10.275879 124.330086 -31.323948
v -10.673187 124.704086 -32.583965
v -9.874254 123.958755 -30.057236
v -9.866229 123.958099 -30.057232
v -4.973877 123.933083 -28.833958
v -0.088916 123.908081 -27.607281
v -0.078195 123.907417 -27.607300
v 4.189087 123.908089 -26.934055
v 4.191101 123.933083 -28.934055
v 8.466114 123.908096 -26.263887
v 8.462135 123.907417 -26.250500
v 8.468148 123.908096 -26.250504
v -5.378906 124.330086 -32.093971
v -0.076896 123.958755 -31.613983
v -18.681885 123.958061 25.636013
v -16.332886 123.908066 22.396023
v -9.861437 123.956894 30.126432
v -10.679417 124.702301 32.645573
v -10.665829 124.704071 32.646027
v -10.673196 124.705437 32.646027
v -10.265869 124.330070 31.386013
v -10.686552 124.704071 32.646015
v -9.848198 123.958725 30.132690
v -9.853566 123.958061 30.125984
v -16.326200 123.908066 22.396011
v -17.509888 123.933067 24.016140
v -16.332235 123.907402 22.389338
v -16.338230 123.908066 22.389334
v -18.687920 123.958733 25.629324
v -18.689245 123.958054 25.622622
v 39.093140 4.478021 -53.894058
v 38.102112 3.789299 -52.523941
v 20.513123 4.478023 -63.354019
v 20.823120 5.779644 -64.313980
v 20.795033 5.781161 -64.313988
v 20.809116 5.782788 -64.314003
v 20.658081 5.129160 -63.834000
v 20.835796 5.781160 -64.307297
v 20.485685 4.478887 -63.360710
v 20.499048 4.477506 -63.353874
v 29.303101 4.133485 -57.944107
v 38.089375 3.788995 -52.530521
v 38.605103 4.133484 -53.204117
v 38.109451 3.788729 -52.510571
v 38.120155 3.789014 -52.503860
v 29.963135 5.129159 -59.094009
v 39.103130 4.478887 -53.880688
v 39.111858 4.477562 -53.867271
v -63.471863 4.478015 -20.563978
v -61.869888 3.789179 -20.043962
v -66.733887 4.478012 0.036120
v -67.738892 5.779633 0.036120
v -67.736893 5.781144 0.022753
v -67.734200 5.781145 0.062734
v -67.736916 5.782772 0.049318
v -67.234863 5.129143 0.045886
v -66.730537 4.478874 0.062732
v -66.730400 4.477494 0.049324
v -61.869770 3.788992 -20.030558
v -62.665894 4.133479 -20.313978
v -61.860546 3.788724 -20.050642
v -61.855843 3.789010 -20.064037
v -65.604919 5.129145 -10.273938
v -63.466522 4.478875 -20.577351
v -63.458508 4.477553 -20.590773
v 53.838135 4.477937 39.206039
v 52.475098 3.789270 38.216049
v 63.305115 4.478009 20.625963
v 64.261101 5.779342 20.936342
v 64.264786 5.781140 20.909245
v 64.262802 5.782773 20.922668
v 63.785095 5.129140 20.776110
v 64.254097 5.781141 20.949389
v 63.310463 4.478867 20.599186
v 63.306328 4.477492 20.612556
v 57.892090 4.133456 29.416002
v 52.479687 3.788967 38.202610
v 53.149109 4.133432 38.716049
v 52.463074 3.788700 38.222736
v 52.455051 3.788985 38.236141
v 53.828754 4.478802 39.219410
v 53.818043 4.477479 39.226131
v -61.163513 21.212423 -19.813841
v -59.933899 20.131580 -19.414070
v -64.307861 21.211777 0.036125
v -63.013916 20.131577 0.036124
v -59.316780 19.830603 -19.213900
v -64.303864 21.213177 0.062744
v -64.307259 21.214748 0.049321
v -63.659912 20.671974 0.045890
v -63.010567 20.132311 0.062745
v -63.010872 20.131298 0.049336
v -59.319138 19.830658 -19.200811
v -59.620911 19.981182 -19.323982
v -59.311554 19.830511 -19.227245
v -59.305511 19.830776 -19.233950
v -60.543884 20.671474 -19.624031
v -59.921211 20.131445 -19.434153
v -61.167267 21.214764 -19.800631
v -61.158539 21.213181 -19.827341
v -61.151192 21.211042 -19.834053
v 37.667114 21.211792 -51.924080
v 36.906128 20.131592 -50.884041
v 19.763123 21.211794 -61.043953
v 19.363098 20.131594 -59.813972
v 36.525085 19.830986 -50.354012
v 19.736353 21.213194 -61.050640
v 19.750467 21.214722 -61.050686
v 19.553101 20.671991 -60.434090
v 19.337008 20.132328 -59.820663
v 19.350372 20.131237 -59.820240
v 27.940125 19.981195 -55.083992
v 36.513947 19.830606 -50.360886
v 36.722107 19.981194 -50.614021
v 36.535107 19.830524 -50.347328
v 36.543827 19.830721 -50.333923
v 37.293091 20.671394 -51.394051
v 36.924175 20.131393 -50.863956
v 28.711121 21.212893 -56.493904
v 37.655781 21.214699 -51.930794
v 37.677139 21.213192 -51.917397
v 37.685162 21.211054 -51.903992
v -0.082678 21.212566 64.255875
v -0.082886 20.131659 62.966057
v 19.763123 21.211760 61.115959
v 19.363098 20.131659 59.885979
v -0.082886 19.830954 62.315910
v 19.787212 21.213161 61.102570
v 19.775803 21.214750 61.109337
v 19.572083 20.671957 60.496086
v 19.387192 20.132332 59.872589
v 19.375021 20.131311 59.878941
v 9.645081 19.981161 61.095940
v -0.070237 19.830648 62.316154
v -0.092896 19.981161 62.635979
v -0.096255 19.830490 62.315910
v -0.108977 19.830755 62.309219
v -0.092896 20.671453 63.605949
v -0.108976 20.131456 62.959366
v -0.069526 21.214737 64.256142
v -0.096263 21.213160 64.256096
v -0.109611 21.211023 64.249413
v 20.664124 127.223061 28.585964
v 28.472107 127.223068 20.776150
v 28.393667 130.052658 20.726234
v 20.073120 124.702065 27.776150
v 27.659119 124.702072 20.186062
v 33.393127 130.052078 10.906034
v 33.486084 127.223076 10.936062
v 28.395767 130.054794 20.719408
v 28.387793 130.053421 20.726107
v 33.395138 130.053406 10.892596
v 33.393768 130.054794 10.899345
v 33.440125 128.639069 10.916043
v 33.488125 127.225075 10.922691
v 33.486771 127.221718 10.929382
v 30.574097 125.962067 15.565945
v 27.661093 124.701401 20.179367
v 27.651775 124.701408 20.192749
v 23.863098 124.702065 23.986111
v 20.363098 125.962059 28.186062
v 20.065088 124.701401 27.776152
v 20.059725 124.701393 27.782848
v 24.526123 128.639069 24.656033
v 20.657433 127.225067 28.592651
v 20.650734 127.221725 28.592661
v 10.824097 127.223091 -33.533909
v -0.083039 127.222153 -35.264519
v -0.082886 130.052094 -35.164032
v 10.513123 124.702080 -32.583961
v -0.097616 130.053421 -35.164024
v -0.090220 130.054810 -35.164013
v -0.088867 128.638092 -35.213840
v -0.075558 130.053421 -35.164028
v -0.097627 127.225090 -35.263882
v -0.090213 127.221733 -35.263874
v 10.505783 124.701408 -32.583935
v 10.673096 125.962090 -33.053928
v 10.518462 124.701416 -32.577278
v 10.525159 124.701416 -32.577271
v 5.373108 128.638077 -34.353977
v 10.830777 127.225090 -33.533905
v 10.836835 127.221756 -33.527214
v -0.082886 127.223061 35.325954
v 10.824097 127.223061 33.605984
v 10.794128 130.052078 33.506134
v -0.082886 124.702065 34.325951
v 10.513123 124.702065 32.646019
v -0.082886 123.958061 31.676052
v 9.695129 123.958061 30.126003
v 10.806871 130.053406 33.499416
v 10.800111 130.054779 33.506126
v 10.814087 128.639069 33.555935
v 10.786736 130.053406 33.506142
v 10.836834 127.225067 33.599289
v 10.674133 125.963066 33.126003
v 10.526475 124.704071 32.639324
v 10.109131 124.330070 31.386013
v 9.707829 123.958733 30.119303
v 9.699766 123.958061 30.119299
v 9.687744 123.958069 30.119320
v 4.803101 123.958061 30.896023
v -0.087891 124.330070 32.996117
v -0.088924 123.958069 31.669367
v -0.095589 123.958054 31.669365
v -0.088867 125.962059 34.825954
v -0.096936 124.701393 34.319263
v 5.352112 128.639069 34.416042
v -0.090240 127.225060 35.325951
v -0.097623 127.221725 35.325951
v -20.772888 130.052078 28.506130
v -20.829895 127.223061 28.585964
v -10.960627 130.051453 33.506012
v -10.779907 131.632080 32.956085
v -20.428894 131.632080 28.036161
v -10.388916 132.908081 31.746122
v -19.686890 132.908081 27.016142
v -9.731873 134.829071 29.726105
v -18.434875 134.829071 25.295929
v -20.061890 132.270081 27.516142
v -20.438923 131.630753 28.022787
v -19.064880 133.868073 26.146025
v -19.696947 132.907410 27.002743
v -14.079895 134.831070 27.506134
v -18.426874 134.834442 25.289394
v -18.438238 134.831741 25.282713
v -18.445612 134.828415 25.282663
v -9.718530 134.831741 29.726114
v -9.724529 134.834442 29.719404
v -10.054871 133.869080 30.736113
v -10.375528 132.909409 31.752808
v -10.578918 132.270081 32.355988
v -10.765147 131.632751 32.956093
v -10.864868 130.843063 33.226105
v -10.946167 130.053421 33.512821
v -10.953549 130.050705 33.506138
v -20.823210 127.221680 28.592623
v -20.805908 128.637070 28.545925
v -20.834581 127.219719 28.579275
v -20.839930 127.221725 28.579269
v -20.604919 130.842072 28.266142
v -20.783581 130.050751 28.499437
v 33.267136 132.908112 0.035872
v 31.635132 132.908081 -10.273897
v 29.609121 134.828598 -9.613894
v 31.137840 134.828735 0.036189
v 30.372131 134.831070 -4.793916
v 31.131424 134.834442 0.029478
v 31.134138 134.831741 0.042685
v 31.137421 134.828415 0.049435
v 29.602072 134.831741 -9.627377
v 29.602062 134.834442 -9.620660
v 31.627789 132.909409 -10.287205
v 31.632477 132.907379 -10.280581
v 31.637770 132.906769 -10.267263
v 33.267784 132.906754 0.042647
v 33.265778 132.907410 0.049407
v 10.223083 132.908081 -31.684053
v -0.082886 132.908081 -33.313934
v -0.082886 134.829071 -31.194061
v 9.565125 134.829071 -29.664032
v 10.613098 131.632080 -32.884003
v -0.082886 131.632080 -34.583954
v 4.738098 134.831070 -30.424042
v 9.557781 134.834442 -29.657333
v 9.569778 134.831741 -29.657354
v 9.577325 134.828400 -29.657255
v -0.094933 134.831741 -31.187380
v -0.088917 134.834442 -31.187365
v -0.087891 133.869080 -32.253876
v -0.096245 132.909409 -33.313934
v -0.087891 132.270081 -33.944061
v -0.096942 131.632751 -34.577267
v -0.090215 131.630692 -34.583973
v -0.075503 131.630066 -34.583950
v 5.267090 131.631073 -33.733856
v 10.423096 132.270081 -32.283905
v 10.619786 131.630066 -32.883999
v 10.625739 131.630753 -32.877357
v 9.898132 133.868073 -30.674044
v 10.235871 132.907410 -31.677334
v -0.082986 132.909958 33.386444
v 10.223143 132.908340 31.746614
v 9.565125 134.829071 29.726105
v -0.082886 131.632080 34.646027
v 9.574468 134.831741 29.719423
v 9.567770 134.834427 29.719414
v 9.898132 133.869080 30.736113
v 9.557793 134.831741 29.726110
v 10.234408 132.909409 31.739466
v 10.229117 132.907394 31.746145
v -0.076208 131.630707 34.646046
v -0.088867 132.270081 34.016144
v -0.090234 131.630081 34.646027
v -0.097598 131.630753 34.646030
v -0.090226 132.909409 33.379337
v -0.096934 132.907410 33.386013
v -10.388916 132.908081 -31.684053
v -19.685913 132.908081 -26.944063
v -18.434500 134.829132 -25.223307
v -10.780171 131.632111 -32.884415
v -18.441559 134.831741 -25.217163
v -18.435562 134.834427 -25.217159
v -19.063904 133.869080 -26.083956
v -18.427544 134.831741 -25.223856
v -19.694574 132.909409 -26.937397
v -19.691916 132.907394 -26.944082
v -10.785899 131.630707 -32.884018
v -10.578918 132.270081 -32.283905
v -10.772522 131.630066 -32.890686
v -10.765171 131.630753 -32.890690
v -10.381570 132.909409 -31.684052
v -10.375519 132.907410 -31.690741
v 20.960121 144.556519 15.325986
v 18.678240 142.207779 13.666066
v 24.656128 144.555069 8.065950
v 13.548096 142.208069 18.795929
v 24.660116 144.557083 8.059265
v 24.662123 144.559753 8.065951
v 24.654778 144.553070 8.065957
v 18.679419 142.207382 13.659346
v 18.673414 142.206741 13.666049
v 16.111084 142.207077 16.226105
v 17.253113 143.382080 17.055941
v 13.544762 142.209412 18.795931
v 13.542761 142.206741 18.795929
v 13.538750 142.207413 18.795937
v 22.811096 144.556076 11.696078
v 20.967813 144.559753 15.319293
v 15.194092 144.571075 21.065950
v -24.822876 144.555069 -8.003874
v -22.138666 142.207306 -7.133964
v -26.095728 144.555252 0.036154
v -23.273865 142.208069 0.036164
v -18.844910 142.208069 -13.593963
v -17.738892 141.243073 -12.793914
v -20.837099 141.205231 -6.710156
v -17.713867 141.221069 -12.773894
v -17.696899 141.200073 -12.763885
v -20.788879 141.200073 -6.694060
v -17.707886 141.199081 -12.773894
v -20.802917 141.199081 -6.704070
v -21.907898 141.243073 0.036164
v -26.096535 144.557083 0.042679
v -26.099890 144.559753 0.042683
v -23.271236 142.206741 0.029543
v -23.273863 142.209412 0.042674
v -23.272629 142.207443 0.036164
v -21.907202 141.243744 0.042670
v -21.908541 141.244400 0.036164
v -21.906422 141.243057 0.036164
v -20.790876 141.200089 -6.687370
v -20.796875 141.200073 -6.694060
v -20.804228 141.199081 -6.690658
v -20.804279 141.199310 -6.697750
v -20.800882 141.199081 -6.704071
v -19.254883 141.199081 -9.733855
v -17.699890 141.200073 -12.773894
v -17.705240 141.199081 -12.773895
v -17.701876 141.199097 -12.780596
v -17.702881 141.210068 -12.773894
v -17.690228 141.200073 -12.770556
v -17.724915 141.232071 -12.783904
v -17.707861 141.221069 -12.780594
v -18.289917 141.725067 -13.204070
v -17.732883 141.243073 -12.800613
v -21.833862 143.382080 -10.803923
v -18.842907 142.209412 -13.600645
v -18.837503 142.207413 -13.600674
v -25.461914 144.556076 -3.983854
v -24.828226 144.559753 -7.997199
v -24.822870 144.557083 -8.010554
v -21.844910 138.717072 -15.773895
v -25.665632 138.716553 -8.283816
v -23.018450 140.658722 -7.423882
v -19.592896 140.658081 -14.144011
v -24.198921 140.658112 0.036195
v -22.628098 141.287201 0.038161
v -21.525879 141.287079 -6.934050
v -21.945873 141.235092 0.036132
v -20.874878 141.235077 -6.723845
v -21.868835 141.199173 0.036405
v -20.802940 141.199432 -6.704051
v -21.854919 141.200073 0.036164
v -20.788879 141.200073 -6.694060
v -21.876892 141.221069 0.036164
v -20.809875 141.221069 -6.704070
v -21.907824 141.243164 0.036074
v -19.593519 140.659454 -14.137304
v -19.588903 140.658737 -14.144015
v -19.586838 140.657410 -14.150722
v -21.198914 141.261078 -6.833953
v -21.522549 141.286407 -6.940717
v -20.871531 141.235077 -6.730539
v -20.794861 141.200073 -6.704070
v -20.798878 141.199097 -6.710601
v -20.797913 141.210068 -6.704070
v -20.784882 141.200073 -6.700752
v -20.807880 141.221069 -6.704071
v -20.805878 141.221069 -6.710599
v -21.907892 141.243744 0.029483
v -21.907202 141.243744 0.042670
v -21.908541 141.244400 0.036164
v -21.875546 141.221069 0.042697
v -21.864868 141.210068 0.036164
v -21.853575 141.200089 0.042686
v -21.860901 141.200073 0.036164
v -21.867550 141.199081 0.042691
v -21.943865 141.235077 0.042691
v -21.526917 141.272079 6.996125
v -24.196224 140.658737 0.042698
v -24.200216 140.657410 0.036163
v -25.669239 138.714386 -8.277232
v -25.667887 138.711746 -8.290584
v -23.755859 138.715073 -12.033905
v -20.716919 139.687073 -14.963836
v -21.844900 138.711731 -15.787284
v -21.838200 138.714401 -15.787292
v -25.665894 138.717072 8.345978
v -21.844910 138.717072 15.845978
v -19.592896 140.658081 14.206086
v -23.018860 140.658081 7.486115
v -18.322876 141.287079 13.286164
v -21.525879 141.287079 6.996125
v -17.769897 141.235077 12.886018
v -20.875916 141.235077 6.786164
v -17.707886 141.199081 12.835969
v -20.802917 141.199081 6.766145
v -17.696903 141.200073 12.825972
v -20.788879 141.200073 6.756135
v -17.713856 141.221069 12.845977
v -20.809875 141.221069 6.766145
v -22.272888 140.972076 7.236116
v -23.022209 140.657410 7.472696
v -21.200867 141.261078 6.886018
v -21.528570 141.286423 6.989439
v -20.839905 141.217072 6.776155
v -20.877220 141.235077 6.779474
v -20.796875 141.200073 6.756135
v -20.804224 141.199097 6.759444
v -20.799866 141.210068 6.756135
v -20.790876 141.200073 6.749445
v -20.808884 141.222443 6.772903
v -20.810570 141.221069 6.759451
v -20.811222 141.221069 6.759455
v -17.707869 141.221069 12.852671
v -17.711454 141.221283 12.846038
v -17.702881 141.210068 12.835969
v -12.873901 141.210068 17.636017
v -17.699890 141.200073 12.835969
v -17.701889 141.199081 12.842659
v -17.736877 141.217072 12.865998
v -17.763863 141.235077 12.892702
v -18.043884 141.261078 13.085969
v -18.316229 141.287079 13.292650
v -18.955872 140.973068 13.746125
v -19.585510 140.658737 14.212821
v -20.715881 139.688080 15.026155
v -21.835552 138.718414 15.852656
v -21.842924 138.714401 15.852662
v -21.852226 138.711746 15.839313
v -23.757874 138.715073 12.095978
v -24.342896 139.687073 7.906037
v -25.671875 138.711746 8.339306
v -25.669893 138.714401 8.332583
v -8.395197 138.716095 -25.554794
v -15.894567 138.717712 -21.733614
v -14.257874 140.658081 -19.473846
v -7.535889 140.658081 -22.904022
v -10.897888 140.659073 -21.184052
v -7.539225 140.659454 -22.897285
v -7.530533 140.658737 -22.904028
v -7.525841 140.657410 -22.904028
v -14.264620 140.658737 -19.467104
v -14.259857 140.659424 -19.473848
v -15.900568 138.718414 -21.720469
v -15.899893 138.714386 -21.727198
v -15.891213 138.711746 -21.740534
v -7.961914 139.687073 -24.223846
v -8.391227 138.711746 -25.560604
v -8.384531 138.714401 -25.553926
v 21.678808 138.717758 -15.773907
v 15.727112 138.717072 -21.733856
v 14.090947 140.659073 -19.473789
v 14.082417 140.658737 -19.480543
v 14.085773 140.659439 -19.473829
v 14.906128 139.688080 -20.603973
v 14.094465 140.658737 -19.473843
v 15.716429 138.718414 -21.733866
v 15.723780 138.714401 -21.733854
v 15.735137 138.711746 -21.733854
v 18.706116 138.715073 -18.753876
v 25.488098 138.700073 -8.273895
v 21.689087 138.709076 -15.773895
v 21.686134 138.714401 -15.767200
v -0.082957 138.716324 26.936001
v 8.229126 138.717072 25.615997
v 7.369166 140.658646 22.966263
v -0.082886 140.658081 24.146027
v -0.078210 140.659439 24.146011
v -0.088241 140.658737 24.146023
v -0.093589 140.657410 24.146021
v 7.377152 140.658737 22.959400
v 7.372427 140.659439 22.966089
v 7.802124 139.688080 24.286163
v 8.237799 138.718414 25.609327
v 8.234463 138.714401 25.616007
v 8.224439 138.711746 25.622677
v -0.087891 139.687073 25.536163
v -0.089562 138.711746 26.936066
v -0.094926 138.714401 26.936064
v -9.655571 211.608170 -6.923882
v -15.300903 209.082077 -11.023872
v -11.338058 211.608429 -3.624942
v -5.086266 212.825912 -1.593445
v -5.342804 212.828415 0.036487
v -11.914917 211.609070 0.036187
v -5.081878 212.828079 -1.593952
v -5.339881 212.828079 0.036202
v -11.923611 211.605728 0.029490
v -11.910235 211.610397 0.036196
v -11.919694 211.607697 0.036187
v -15.306232 209.079391 -11.023868
v -15.304244 209.076736 -11.030563
v -15.297551 209.079407 -11.030570
v -9.650542 211.610397 -6.924023
v -9.654530 211.607742 -6.930716
v -0.082886 142.208069 23.226105
v 7.084561 142.205795 22.086336
v 7.955139 144.555069 24.776155
v -0.082886 141.243073 21.855988
v 6.660069 141.239441 20.786333
v -0.082886 141.221069 21.825958
v 6.651123 141.221069 20.756134
v -0.082886 141.200073 21.805939
v 6.644104 141.200073 20.736115
v -0.082886 141.199081 21.815948
v 6.649109 141.199081 20.756134
v -0.082886 141.235077 21.896027
v 6.672119 141.235077 20.825958
v -0.082886 141.287079 22.575958
v 7.966474 144.557083 24.769474
v 7.962472 144.559753 24.776167
v 7.523132 143.382080 23.426058
v 7.950463 144.557083 24.776157
v 7.092471 142.209412 22.085958
v 6.669127 141.243759 20.786156
v 6.659120 141.221069 20.756128
v 6.651123 141.210068 20.746124
v 6.652795 141.200089 20.736107
v 6.650085 141.200073 20.746124
v 6.657158 141.199081 20.749439
v 6.664124 141.217072 20.786163
v 6.680823 141.235077 20.819263
v 6.676823 141.235077 20.826004
v 3.296082 141.261078 21.706085
v -0.078205 141.286407 22.575979
v -0.086914 141.261078 22.236115
v -0.088170 141.285751 22.575958
v -0.092925 141.286423 22.575958
v -0.086914 141.217072 21.855988
v -0.092235 141.235077 21.896023
v -0.086914 141.200073 21.805939
v -0.092236 141.199097 21.815945
v -0.086914 141.210068 21.815948
v -0.092235 141.200073 21.805935
v -0.086914 141.232071 21.835968
v -0.092235 141.221069 21.825954
v -0.086914 141.725067 22.536163
v -0.092236 141.243073 21.855984
v 3.934082 143.382080 23.996126
v -0.088211 142.209412 23.226103
v -0.092245 142.207413 23.219418
v 23.107059 142.208160 0.036157
v 21.972107 142.208069 -7.134002
v 24.657331 144.553635 -8.004115
v 21.741062 141.243225 0.036236
v 20.671507 141.243134 -6.713824
v 21.710083 141.221069 0.036164
v 20.643127 141.221069 -6.704070
v 21.688110 141.200073 0.036164
v 20.623108 141.200073 -6.694060
v 21.702087 141.199081 0.036164
v 20.636108 141.199081 -6.704070
v 21.779047 141.235138 0.036396
v 20.709074 141.235611 -6.723869
v 22.461920 141.286880 0.036234
v 21.359131 141.287079 -6.934050
v 24.032400 140.657913 0.039287
v 22.851734 140.657562 -7.423995
v 26.815178 138.716919 0.036046
v 24.653423 144.557083 -8.017264
v 24.658134 144.559753 -8.010557
v 23.313110 143.382080 -7.573943
v 24.659464 144.557083 -7.997191
v 21.969463 142.209412 -7.140670
v 20.668785 141.243744 -6.720501
v 20.656128 141.232071 -6.713836
v 20.639090 141.221069 -6.710600
v 20.631104 141.210068 -6.704070
v 20.618416 141.200089 -6.700754
v 20.628113 141.200073 -6.704070
v 20.632111 141.199081 -6.710599
v 20.704414 141.235077 -6.730540
v 21.032104 141.261078 -6.833953
v 21.354439 141.287079 -6.940744
v 22.103088 140.973068 -7.184050
v 22.846766 140.658737 -7.430743
v 25.489136 138.701080 -8.273895
v 26.817131 138.714401 0.029487
v 26.819767 138.711746 0.042682
v 26.816469 138.714401 0.042684
v 22.841125 140.642075 7.486115
v 22.462101 141.286407 0.042683
v 21.777769 141.235077 0.042690
v 21.695129 141.200073 0.036164
v 21.700783 141.199097 0.042698
v 21.698120 141.210068 0.036164
v 21.686766 141.200073 0.042690
v 21.708778 141.221069 0.042691
v 21.739092 141.243073 0.042692
v 23.108456 142.209412 0.036165
v 23.105116 142.207413 0.042698
v 7.083495 142.209518 -22.023165
v -0.082886 142.208069 -23.154022
v -0.082886 144.555069 -25.983854
v 6.661133 141.243073 -20.723846
v -0.082886 141.243073 -21.793915
v 6.651123 141.221069 -20.694061
v -0.085946 141.207520 -21.762173
v 6.644104 141.200073 -20.674042
v -0.084849 141.202942 -21.743925
v 6.649109 141.199081 -20.684052
v -0.082886 141.199081 -21.753876
v 6.672119 141.235077 -20.763885
v -0.082886 141.235077 -21.833954
v 6.884094 141.287079 -21.414032
v -0.082886 141.287079 -22.513885
v 7.369141 140.658081 -22.904022
v -0.082886 140.658081 -24.083954
v 8.229126 138.717072 -25.553925
v -0.094917 144.557083 -25.983849
v -0.089562 144.559753 -25.983864
v -0.086914 143.382080 -24.573942
v -0.077558 144.557083 -25.983852
v -0.093570 142.209412 -23.154018
v -0.086914 141.725067 -22.473846
v -0.092229 141.243759 -21.793909
v -0.086914 141.232071 -21.773895
v -0.092247 141.221069 -21.757198
v -0.092247 141.200089 -21.737179
v -0.092235 141.199081 -21.753872
v -0.086914 141.217072 -21.793915
v -0.092246 141.235077 -21.827267
v -0.086914 141.261078 -22.174042
v -0.092234 141.287079 -22.513884
v -0.086914 140.973068 -23.293915
v -0.092940 140.658737 -24.083948
v -0.088217 140.657410 -24.083967
v 4.071106 139.687073 -24.813934
v 8.224451 138.714401 -25.553925
v 7.803101 139.687073 -24.223846
v 8.236444 138.711746 -25.553926
v 8.240474 138.714401 -25.547232
v 7.130127 140.972076 -22.154022
v 7.379158 140.657410 -22.897324
v 6.781128 141.261078 -21.083954
v 6.892793 141.286423 -21.407337
v 6.664124 141.217072 -20.723846
v 6.680823 141.235077 -20.757191
v 6.650085 141.200073 -20.674042
v 6.657146 141.199097 -20.684046
v 6.651123 141.210068 -20.684052
v 6.652808 141.200073 -20.667347
v 6.659119 141.232071 -20.704071
v 6.659132 141.221069 -20.687366
v 6.875122 141.725067 -21.373993
v 6.669141 141.243073 -20.717152
v 7.087770 142.209412 -22.023891
v 7.091138 142.207413 -22.017200
v -13.714905 142.208069 18.795929
v -7.247747 142.211929 22.085732
v -8.122315 144.555298 24.776325
v -12.910889 141.243073 17.686066
v -6.827703 141.228592 20.786940
v -12.892883 141.221069 17.666046
v -6.816014 141.219543 20.756100
v -12.879883 141.200073 17.646027
v -6.810913 141.200073 20.736115
v -12.888916 141.199081 17.656036
v -6.815918 141.199081 20.756134
v -12.933899 141.235077 17.716095
v -6.838867 141.235077 20.825958
v -13.335876 141.287079 18.276154
v -7.049866 141.287079 21.476105
v -14.257874 140.658081 19.545929
v -7.535889 140.658081 22.966095
v -15.893860 138.717072 21.795929
v -8.111208 144.557083 24.776161
v -8.117209 144.559738 24.776161
v -7.681885 143.382080 23.436068
v -8.127220 144.557083 24.776152
v -7.239826 142.209412 22.092653
v -6.818521 141.243759 20.792686
v -6.809166 141.221069 20.762821
v -6.802219 141.200089 20.736116
v -6.809875 141.200073 20.746124
v -6.806527 141.199081 20.756138
v -6.823914 141.217072 20.786163
v -6.830174 141.235077 20.825960
v -6.940918 141.261078 21.146027
v -7.040518 141.287079 21.476107
v -7.288879 140.973068 22.226105
v -7.525835 140.658737 22.966101
v -7.531215 140.657394 22.972803
v -11.712891 139.687073 22.386017
v -15.890564 138.714386 21.802610
v -15.078918 139.687073 20.666046
v -15.901886 138.711746 21.795927
v -15.903899 138.714401 21.789396
v -13.799866 140.972076 18.906036
v -14.266570 140.657410 19.539391
v -13.136902 141.261078 17.996124
v -13.343208 141.286407 18.269480
v -12.913879 141.217072 17.686066
v -12.940637 141.235077 17.709358
v -12.886902 141.200073 17.646027
v -12.894927 141.199097 17.649334
v -12.888916 141.210068 17.656036
v -12.886558 141.200073 17.639353
v -12.904907 141.232071 17.676056
v -12.899467 141.221069 17.659466
v -13.314880 141.725067 18.236115
v -12.920292 141.243073 17.676661
v -13.718893 142.209412 18.795925
v -13.720923 142.207413 18.789377
v -7.249878 142.208069 -22.023895
v -13.713867 142.208069 -18.733856
v -15.371784 144.556137 -21.013439
v -6.827881 141.243073 -20.723846
v -12.910889 141.243073 -17.623993
v -6.817871 141.221069 -20.694061
v -12.892883 141.221069 -17.593964
v -6.810913 141.200073 -20.674042
v -12.879899 141.200073 -17.583958
v -6.813763 141.203918 -20.684261
v -12.888916 141.199081 -17.593964
v -6.838867 141.235077 -20.763885
v -12.933899 141.235077 -17.654022
v -7.049995 141.286758 -21.414383
v -15.382895 144.557083 -21.007189
v -15.380244 144.559753 -21.013893
v -14.546875 143.382080 -19.863981
v -8.113892 144.571075 -24.694059
v -13.722550 142.209412 -18.727165
v -13.315918 141.725067 -18.174042
v -12.918218 141.243744 -17.617308
v -12.904907 141.232071 -17.603973
v -12.902742 141.221069 -17.584137
v -12.888916 141.210068 -17.583954
v -17.689880 141.210068 -12.753875
v -12.886902 141.200073 -17.583954
v -12.894916 141.199081 -17.587273
v -12.913879 141.217072 -17.623993
v -12.939895 141.235077 -17.647335
v -12.937260 141.235077 -17.654043
v -7.054552 141.286392 -21.407429
v -6.940918 141.261078 -21.083954
v -7.045885 141.285751 -21.414030
v -7.040524 141.286423 -21.414032
v -6.823914 141.217072 -20.723846
v -6.830173 141.235077 -20.763887
v -6.806516 141.199097 -20.690739
v -6.810913 141.210068 -20.684052
v -6.802219 141.200073 -20.674044
v -6.818909 141.232071 -20.713837
v -6.808522 141.221069 -20.694065
v -7.034912 141.725067 -21.373993
v -6.818531 141.243073 -20.723850
v -11.309875 143.382080 -21.523893
v -7.245205 142.209412 -22.023897
v -7.239828 142.207413 -22.023897
v 18.678101 142.208069 -13.593963
v 13.547565 142.207367 -18.733719
v 15.206116 144.555069 -21.013884
v 17.573120 141.243073 -12.793914
v 15.197428 144.557083 -21.020567
v 15.203434 144.559753 -21.020573
v 14.374084 143.382080 -19.873991
v 15.211449 144.557083 -21.013878
v 13.540105 142.209412 -18.733864
v 13.542747 142.207397 -18.733839
v 17.568520 141.242523 -12.798932
v 18.127136 141.725067 -13.194060
v 17.575115 141.243073 -12.793913
v 17.577120 141.243073 -12.787219
v 16.944092 143.382080 -17.303923
v 18.682089 142.209412 -13.593959
v 18.681459 142.207413 -13.587248
v -11.335876 211.609070 3.686090
v -9.655884 211.609070 6.986138
v -4.338687 212.828766 3.125132
v -3.174773 212.827621 4.286214
v -4.336236 212.828079 3.119297
v -3.172211 212.828079 4.286191
v -3.176912 212.827423 4.292713
v -9.657882 211.607712 6.992823
v -9.665226 211.605728 6.986138
v -10.499878 211.608078 5.335992
v -11.331891 211.610397 3.686082
v -11.345261 211.605728 3.686083
v -11.341213 211.607742 3.686078
v -0.082886 19.502157 63.155998
v 19.422119 19.502157 60.065910
v 19.163086 19.830954 59.266106
v 19.186522 19.831158 59.252716
v 19.174490 19.831524 59.259766
v 19.301086 19.666662 59.655998
v 19.150412 19.831158 59.266109
v 19.444862 19.502352 60.052521
v 19.434147 19.501497 60.059361
v 19.409437 19.500956 60.065914
v 9.664124 19.501654 61.605949
v 9.535095 19.666662 61.206047
v -0.096258 19.502356 63.149319
v -0.096255 19.500957 63.155998
v -0.109633 19.501556 63.149307
v -36.691895 19.831062 50.416008
v -37.184875 19.502159 51.095940
v -19.328918 19.830954 59.266106
v -19.303482 19.831158 59.272797
v -19.316383 19.831511 59.266388
v -19.317032 19.830660 59.266315
v -28.252869 19.666456 55.186028
v -37.173637 19.501572 51.102699
v -36.944885 19.666557 50.756096
v -37.195553 19.501026 51.089256
v -37.204254 19.501625 51.082546
v -28.005859 19.831160 54.845940
v -36.680756 19.831627 50.422928
v -36.701225 19.831263 50.409325
v -36.710621 19.830793 50.402618
v 59.149906 19.831478 19.276159
v 59.948044 19.501974 19.536104
v 62.198120 19.830971 0.036124
v 62.194771 19.831175 0.009340
v 62.197113 19.831549 0.022807
v 62.197052 19.830652 0.022802
v 59.951572 19.501513 19.522823
v 59.544128 19.666470 19.416008
v 59.944126 19.500969 19.549332
v 59.936722 19.501570 19.562750
v 59.153088 19.831551 19.262913
v 59.144745 19.831171 19.289324
v 59.138729 19.830769 19.302742
v -36.691895 19.830986 -50.354012
v -37.184875 19.502190 -51.033943
v -50.469910 19.830984 -36.573982
v -50.481945 19.831186 -36.553905
v -50.476883 19.831667 -36.560932
v -50.476833 19.830639 -36.560875
v -43.830872 19.666489 -43.803963
v -37.194942 19.501543 -51.027344
v -36.928894 19.666489 -50.694099
v -37.174198 19.500988 -51.040627
v -37.161484 19.501591 -51.047333
v -43.584900 19.831192 -43.463875
v -36.701355 19.831518 -50.347538
v -36.680523 19.831190 -50.360695
v -36.668453 19.830721 -50.367405
v 18.157104 141.287079 -13.223845
v 19.427124 140.658081 -14.144011
v 13.168938 141.285950 -18.203939
v 12.767090 141.235077 -17.654022
v 17.603088 141.235077 -12.813933
v 12.722107 141.199081 -17.593964
v 17.542114 141.199081 -12.773894
v 12.714778 141.199173 -17.583824
v 17.530090 141.200073 -12.763885
v 12.726135 141.221069 -17.593964
v 17.548096 141.221069 -12.773894
v 12.745117 141.243073 -17.623993
v 17.574097 141.217072 -12.793914
v 17.607780 141.235077 -12.807238
v 17.537109 141.200073 -12.763885
v 17.546114 141.199097 -12.767199
v 17.540100 141.210068 -12.763885
v 17.534130 141.200073 -12.757192
v 15.147095 141.232071 -15.204070
v 17.550091 141.221069 -12.773893
v 17.552135 141.221069 -12.767201
v 12.737069 141.243759 -17.630682
v 12.741796 141.244446 -17.630714
v 12.732117 141.232071 -17.613983
v 12.748454 141.243759 -17.623989
v 12.718086 141.221069 -17.600657
v 12.717102 141.210068 -17.593964
v 12.706075 141.200089 -17.583960
v 12.714070 141.199081 -17.593969
v 12.741089 141.217072 -17.623993
v 12.759082 141.235077 -17.660715
v 12.965088 141.261078 -17.934052
v 13.160426 141.287079 -18.210602
v 13.165124 141.286392 -18.210632
v 19.424458 140.657410 -14.150702
v 18.794128 140.972076 -13.674041
v 19.432468 140.656082 -14.137322
v 19.433121 140.657410 -14.137314
v 17.882141 141.261078 -13.013885
v 18.161806 141.286407 -13.210604
v -18.322876 141.287079 -13.223845
v -21.525879 141.287079 -6.934050
v -20.874878 141.235077 -6.723845
v -17.769897 141.235077 -12.813933
v -20.802917 141.199081 -6.704070
v -19.285889 141.217072 -9.763885
v -17.766548 141.235077 -12.820622
v -17.763851 141.235077 -12.820632
v -20.804228 141.199081 -6.690658
v -20.801550 141.197418 -6.696602
v -20.839905 141.217072 -6.704070
v -20.800882 141.199081 -6.704071
v -20.876875 141.235077 -6.717156
v -21.200867 141.261078 -6.823943
v -21.526571 141.287079 -6.927367
v -21.527260 141.286392 -6.927391
v -21.525230 141.285751 -6.940711
v -19.923889 141.286072 -10.083953
v -18.043884 141.261078 -13.023894
v -18.321535 141.285751 -13.223845
v -18.316893 141.286407 -13.230528
v 12.767090 141.235077 17.716095
v 13.169128 141.287079 18.276154
v 17.603088 141.235077 12.886018
v 17.542114 141.199081 12.835969
v 12.722107 141.199081 17.656036
v 17.530090 141.200073 12.825959
v 12.714111 141.200073 17.646027
v 17.547955 141.219528 12.846122
v 12.728606 141.231827 17.665733
v 17.573120 141.243073 12.855989
v 12.745117 141.243073 17.686066
v 12.715088 141.200073 17.656036
v 12.714057 141.199097 17.662731
v 12.717102 141.210068 17.656036
v 12.706062 141.200073 17.652719
v 12.718098 141.221069 17.666052
v 15.160095 141.243073 15.276155
v 12.749119 141.244431 17.686075
v 12.741114 141.243759 17.692749
v 12.736412 141.243073 17.692762
v 17.577803 141.243759 12.849299
v 17.576473 141.244431 12.855993
v 17.562134 141.232071 12.845979
v 17.552151 141.221069 12.832567
v 17.534128 141.200089 12.819268
v 17.537109 141.200073 12.825959
v 17.546112 141.199081 12.829277
v 17.574097 141.217072 12.855989
v 17.607798 141.235077 12.872606
v 17.605858 141.235077 12.879430
v 15.387085 141.261078 15.575959
v 13.173141 141.286392 18.269531
v 12.965088 141.261078 17.996124
v 13.165793 141.285751 18.276154
v 13.161092 141.286423 18.276157
v 12.741089 141.217072 17.686066
v 12.759082 141.235077 17.722788
vt -2.900921 -1.258681
vt -0.314797 -2.165559
vt -2.651828 -0.905978
vt -2.693572 -0.873977
vt -2.722325 -0.851973
vt -2.935027 -1.246645
vt 1.349950 -0.849546
vt 1.349950 -0.485233
vt 1.322007 -0.494947
vt 1.322007 -0.864741
vt 1.273336 -0.498934
vt 1.273336 -0.870848
vt 1.235904 -0.499572
vt 1.235904 -0.871839
vt 1.189331 -0.499979
vt 1.189331 -0.872429
vt 1.142284 -0.499590
vt 1.142284 -0.871842
vt 1.103432 -0.497978
vt 1.103433 -0.869358
vt 1.072434 -0.488185
vt 1.072434 -0.853919
vt -0.928248 1.289818
vt -0.989494 1.735699
vt -1.029280 1.724083
vt -0.969814 1.290925
vt -1.067781 1.712581
vt -1.009896 1.291925
vt -1.085058 1.707413
vt -1.028078 1.292367
vt -0.391161 3.196139
vt -0.391114 3.615100
vt -0.404882 3.617310
vt -0.404888 3.194000
vt -0.432347 3.621780
vt -0.432346 3.189768
vt 3.357209 1.705676
vt 3.357209 2.056707
vt 3.311522 2.047456
vt 3.311522 1.691126
vt 3.237540 2.050759
vt 3.237540 1.696370
vt 3.165305 2.062493
vt 3.100082 1.744986
vt 3.099515 2.081934
vt -2.926643 -1.689858
vt 3.355324 0.811088
vt 3.355317 1.225455
vt 3.265703 1.211874
vt 3.265754 0.826001
vt -2.870477 -2.106524
vt -2.730964 -2.515032
vt -2.920728 -2.121433
vt -2.955374 -2.131759
vt -2.761168 -2.535839
vt 0.756453 1.777471
vt 0.765397 2.219936
vt 0.740402 2.219825
vt 0.731319 1.770718
vt 0.693222 2.219666
vt 0.684088 1.767892
vt 0.656274 2.219600
vt 0.647123 1.767458
vt 0.610175 2.219572
vt 0.601024 1.767168
vt 0.563393 2.219652
vt 0.554246 1.767535
vt 0.525197 2.219660
vt 0.515289 1.768535
vt 0.481906 1.775449
vt 1.636012 2.106598
vt 1.623017 2.556572
vt 1.582038 2.548951
vt 1.594505 2.112162
vt 1.542402 2.541630
vt 1.554524 2.117368
vt 1.524509 2.538430
vt 1.536574 2.119724
vt -1.659774 3.194772
vt -1.659754 3.613659
vt -1.673635 3.615724
vt -1.673575 3.192525
vt -1.700997 3.620141
vt -1.700997 3.188186
vt 3.025447 -1.559364
vt 3.034064 -1.133063
vt 2.991513 -1.133112
vt 2.982593 -1.565756
vt 2.917008 -1.133071
vt 2.901345 -1.562751
vt 2.842013 -1.133008
vt 2.771389 -1.132931
vt 2.763113 -1.541617
vt -2.397793 -2.789575
vt 2.430521 0.811113
vt 2.535326 1.208744
vt 2.349352 0.852781
vt -2.027694 -2.989007
vt -1.615163 -3.116549
vt -2.045026 -3.038484
vt -2.056999 -3.072704
vt -1.615994 -3.153066
vt 2.201882 2.834710
vt 2.198875 2.400397
vt 2.225908 2.391422
vt 2.228960 2.832280
vt 2.274179 2.387196
vt 2.277250 2.830670
vt 2.311514 2.385965
vt 2.314594 2.829921
vt 2.358018 2.384919
vt 2.361089 2.829007
vt 2.405057 2.384460
vt 2.408128 2.828292
vt 2.444700 2.385420
vt 2.447085 2.827965
vt 2.478922 2.829532
vt 2.898667 1.684866
vt 2.911566 1.234933
vt 2.952611 1.242683
vt 2.939938 1.679621
vt 2.992245 1.250195
vt 2.979980 1.674554
vt 3.010055 1.253559
vt 2.997996 1.672262
vt 3.811400 2.507260
vt 3.811439 2.088370
vt 3.825212 2.086201
vt 3.825144 2.509448
vt 3.852495 2.081920
vt 3.852495 2.513861
vt 1.175451 2.504203
vt 1.172555 2.085715
vt 1.217327 2.076787
vt 1.220292 2.501553
vt 1.291574 2.078499
vt 1.294393 2.500952
vt 1.364833 2.087728
vt 1.367700 2.502188
vt 1.432292 2.103698
vt 1.435077 2.505097
vt -1.197192 -3.008148
vt 2.291082 -0.484854
vt 2.396067 -0.087284
vt 2.209588 -0.443727
vt -0.818348 -2.826019
vt -0.472467 -2.567260
vt -0.788378 -2.869060
vt -0.767725 -2.898775
vt -0.443539 -2.589204
vt -0.755342 -2.916407
vt -0.426285 -2.602170
vt 3.045812 0.286155
vt 3.042551 -0.064265
vt 3.090788 -0.058786
vt 3.094067 0.293718
vt 3.128119 -0.057247
vt 3.131402 0.295604
vt 3.174610 -0.055759
vt 3.177895 0.297276
vt 3.221649 -0.055056
vt 3.224928 0.297690
vt 3.262408 -0.056609
vt 3.263895 0.295951
vt 3.295778 0.280107
vt -1.025175 2.622829
vt -1.066287 2.174764
vt -1.024789 2.177617
vt -0.984802 2.612907
vt -0.984629 2.180427
vt -0.945744 2.603210
vt -0.966527 2.181792
vt -0.928248 2.598858
vt 2.152230 3.246887
vt 2.152129 2.828055
vt 2.165985 2.825737
vt 2.165993 3.249109
vt 2.193434 2.821511
vt 2.193434 3.253566
vt -2.238017 2.967155
vt -2.241117 2.634444
vt -2.196456 2.646042
vt -2.193244 2.983691
vt -2.122145 2.643956
vt -2.119800 2.979920
vt -2.048824 2.632215
vt -1.981244 2.611622
vt -1.978275 2.930644
vt 2.533123 -1.951045
vt 2.428316 -2.348480
vt 2.614249 -1.991632
vt -0.239449 -1.751783
vt -0.245389 -1.319917
vt -0.186832 -1.752869
vt -0.150592 -1.753653
vt -0.210490 -1.309418
vt -0.920451 2.742150
vt -0.926018 2.297470
vt -0.899840 2.290850
vt -0.894189 2.742220
vt -0.851991 2.287298
vt -0.846310 2.741504
vt -0.814783 2.286103
vt -0.809093 2.740596
vt -0.768416 2.284841
vt -0.762722 2.739572
vt -0.721450 2.284092
vt -0.715761 2.738573
vt -0.680112 2.284658
vt -0.676764 2.737577
vt -0.644241 2.736202
vt 3.034064 -1.077180
vt 3.046947 -1.527141
vt 3.087546 -1.519151
vt 3.075132 -1.082386
vt 3.126945 -1.511632
vt 3.114910 -1.087422
vt 3.144617 -1.508275
vt 3.132709 -1.089611
vt -2.725060 3.180937
vt -2.725114 2.762087
vt -2.711320 2.759923
vt -2.711327 3.183105
vt -2.683776 2.755662
vt -2.683776 3.187524
vt 2.781538 0.344570
vt 2.776173 -0.083851
vt 2.820118 -0.090545
vt 2.825553 0.344329
vt 2.894449 -0.090090
vt 2.904264 0.342250
vt 2.968527 -0.084393
vt 3.037402 -0.073737
vt 3.042551 0.337014
vt -0.477759 -0.956244
vt 2.533156 -0.749072
vt 2.428164 -1.146321
vt 2.613603 -0.789333
vt -0.768166 -0.651845
vt -1.120977 -0.402891
vt -0.736315 -0.610107
vt -0.714321 -0.581292
vt -1.108955 -0.368669
vt -0.701119 -0.563908
vt -1.101687 -0.348065
vt 3.241313 -1.248612
vt 3.234450 -1.561196
vt 3.282081 -1.553118
vt 3.288985 -1.238678
vt 3.319211 -1.550104
vt 3.326127 -1.235415
vt 3.365503 -1.546969
vt 3.372406 -1.231970
vt 3.412418 -1.544755
vt 3.419312 -1.229913
vt 3.454162 -1.545622
vt 3.458312 -1.230636
vt 3.491137 -1.246858
vt 3.465737 2.969183
vt 3.424427 2.520962
vt 3.465691 2.523654
vt 3.505893 2.958913
vt 3.505632 2.526273
vt 3.544670 2.949008
vt 3.523395 2.527505
vt 3.561894 2.944611
vt -0.193302 2.988654
vt -0.193197 2.569775
vt -0.179539 2.567558
vt -0.179679 2.990807
vt -0.151961 2.563195
vt -0.151961 2.995170
vt 3.162877 2.761364
vt 3.156387 2.464488
vt 3.199896 2.479838
vt 3.206497 2.781031
vt 3.274260 2.479501
vt 3.281001 2.779145
vt 3.348508 2.467851
vt 3.418180 2.445303
vt 3.424425 2.729811
vt -1.551907 -0.377012
vt 2.547265 0.717276
vt 2.442237 0.319722
vt 2.627187 0.676402
vt -1.968792 -0.433406
vt -2.347739 -0.615552
vt -1.983812 -0.382968
vt -2.377575 -0.572240
vt -1.994126 -0.348065
vt -2.398139 -0.542402
vt -1.070414 1.783841
vt -1.070314 2.232161
vt -1.098263 2.235641
vt -1.098365 1.780585
vt -1.146936 2.236978
vt -1.147038 1.779371
vt -1.184368 2.237193
vt -1.184470 1.779054
vt -1.230942 2.237345
vt -1.231044 1.778947
vt -1.277988 2.237259
vt -1.278091 1.779151
vt -1.321912 2.236004
vt -1.316942 1.779687
vt -1.347933 1.783026
vt -2.287704 1.899969
vt -2.246510 2.348081
vt -2.287799 2.345603
vt -2.327862 1.910343
vt -2.327682 2.343165
vt -2.366724 1.920377
vt -2.345654 2.342025
vt -2.384112 1.924922
vt 0.454616 3.165560
vt 0.454616 3.584442
vt 0.440752 3.586736
vt 0.440842 3.163388
vt 0.413321 3.591085
vt 0.413323 3.159129
vt 3.156291 2.084931
vt 3.156388 2.516884
vt 3.110744 2.520298
vt 3.110599 2.081920
vt 3.036716 2.519011
vt 3.036618 2.083032
vt 2.964711 2.514780
vt 2.964392 2.087025
vt 2.898760 2.507771
vt 2.898666 2.093500
vt 2.340240 -2.837849
vt 2.381761 -2.428546
vt 2.254684 -2.809183
vt 2.147502 -2.427390
vt 2.095421 -2.756500
vt 2.673126 0.283383
vt 2.776173 0.600286
vt 2.660155 -1.181823
vt 2.763113 -0.864745
vt 2.661762 -2.383981
vt 2.764706 -2.067106
vt 2.161834 -0.050482
vt 2.058743 -0.367403
vt 2.301859 1.246839
vt 2.198876 0.929941
vt 3.099566 1.186516
vt 3.099596 0.853320
vt -1.941471 1.308819
vt -1.941400 1.642029
vt -2.113055 1.639421
vt -2.113127 1.311332
vt -2.240857 1.624881
vt -2.240923 1.324823
vt 2.999286 -2.885695
vt 3.046219 -2.589334
vt 2.924514 -2.588490
vt 2.883558 -2.847006
vt 0.140011 3.154431
vt 0.137770 2.831505
vt 0.309947 2.835051
vt 0.312142 3.152972
vt 0.441357 2.868413
vt 0.443367 3.159130
vt -0.254447 -0.348065
vt -0.161789 -0.062659
vt -0.283730 -0.043563
vt -0.364738 -0.292487
vt -1.085059 1.762295
vt -1.313642 1.774556
vt -1.318915 1.602232
vt -1.093678 1.590168
vt -1.370195 1.468065
vt -1.164347 1.457026
vt 3.295778 0.100592
vt 3.295778 -0.199480
vt 3.501600 -0.166570
vt 3.415655 0.081413
vt 1.944009 -2.253877
vt 1.613382 -2.245207
vt 1.611752 -2.417575
vt 1.937354 -2.426114
vt 1.632068 -2.552269
vt 1.929703 -2.560077
vt 1.682057 -2.800302
vt 1.921316 -2.687823
vt 0.762712 0.811089
vt 0.776007 1.139732
vt 0.603749 1.143138
vt 0.590650 0.819553
vt 0.465683 1.146355
vt 0.453709 0.850407
vt 0.209434 1.152457
vt 0.321637 0.891440
vt 1.664817 2.935484
vt 1.935002 2.953069
vt 1.930950 3.124830
vt 1.664817 3.107508
vt 1.962760 3.254999
vt 1.719403 3.239159
vt -1.226912 3.238899
vt -1.226912 3.539013
vt -1.347927 3.521009
vt -1.347933 3.259199
vt 0.780371 1.709956
vt 0.776009 1.453351
vt 0.948164 1.447791
vt 0.952461 1.700492
vt 1.079487 1.404051
vt 1.083419 1.635145
vt 3.375764 0.796433
vt 3.328794 0.500031
vt 3.451773 0.501079
vt 3.492723 0.759608
vt 1.206914 1.545092
vt 1.319441 1.300417
vt 1.356641 1.461771
vt 1.668599 2.925631
vt 1.781341 2.704069
vt 1.818685 2.932515
vt 3.526787 0.063567
vt 2.198875 2.834710
vt 2.399264 2.906160
vt 2.398379 3.060577
vt 2.225313 2.998865
vt 1.912254 -2.841415
vt 0.164188 0.930274
vt 2.883601 -2.329934
vt -2.240923 1.909744
vt 2.999335 -2.292923
vt -2.113128 1.950904
vt 2.095391 -2.098226
vt -1.941469 1.958369
vt 2.337310 -2.020284
vt 2.898666 2.900959
vt 2.721809 3.400405
vt 2.605542 3.437113
vt 2.680859 3.141815
vt 1.360397 -2.552269
vt 2.558596 3.140692
vt 1.314659 -2.417574
vt 2.660148 -1.515021
vt 1.311763 -2.245207
vt 2.405514 -1.557106
vt 3.042551 -0.448795
vt 3.496611 -0.429265
vt -1.633479 1.471863
vt 3.388636 -0.484853
vt -1.606788 1.606393
vt 2.673196 -0.049884
vt -1.606015 1.778772
vt 2.420951 -0.090639
vt 3.424444 2.081822
vt 3.492723 0.242563
vt 1.079488 1.125145
vt 3.375757 0.203675
vt 0.948168 1.142807
vt 2.661767 -2.717172
vt 0.776008 1.143645
vt 2.406304 -2.759504
vt -1.978275 2.226688
vt 0.209423 1.383997
vt 0.465678 1.443059
vt 0.603752 1.467547
vt 2.301852 1.580012
vt 0.776008 1.469136
vt 2.559205 1.619251
vt 2.763113 -0.723465
vt -0.283833 0.218192
vt 0.443367 2.614777
vt -0.161696 0.237391
vt 0.312142 2.557609
vt 2.161745 0.282766
vt 0.140011 2.549908
vt 2.417575 0.323314
vt 1.435077 1.753662
vt -2.247696 0.878577
vt -2.481951 0.878807
vt -2.459131 0.541176
vt -2.704163 0.878618
vt -2.639654 0.541176
vt -2.269072 0.541089
vt -2.792721 0.541089
vt 2.344464 3.364417
vt 2.198875 3.312509
vt -0.143013 1.160040
vt -0.143014 1.347991
vt -0.150591 0.972417
vt 1.708998 -3.148119
vt 1.470010 -2.800313
vt 1.536813 -3.148120
vt 1.897538 -3.153066
vt 1.398126 -3.153066
vt 1.781289 2.506186
vt 2.124532 2.590602
vt 2.124540 2.751314
vt 2.127279 2.935484
vt -1.352274 1.177879
vt -1.492516 1.221219
vt -1.569286 0.874229
vt -1.697871 1.224373
vt -1.736146 0.876630
vt 1.319342 1.082731
vt 1.662323 1.057140
vt 1.662326 1.233904
vt -2.447603 0.144127
vt -2.606386 0.144127
vt -2.741220 0.144051
vt -2.280161 0.144051
vt 2.859379 1.312045
vt 2.854438 1.715415
vt 2.744697 1.302754
vt -2.439815 -0.347685
vt -2.584094 -0.347685
vt -2.706582 -0.347753
vt 2.777463 0.957620
vt 2.898667 0.819534
vt -2.287816 -0.347754
vt -2.120630 0.143906
vt -2.142983 -0.347885
vt -1.984630 0.143706
vt -2.019365 -0.348067
vt -2.283818 1.407183
vt -2.312802 1.899970
vt -2.433318 1.397481
vt -2.448518 1.891168
vt -2.598628 1.394148
vt -2.598752 1.888129
vt -2.763888 1.397482
vt -2.748762 1.891164
vt -2.912548 1.407185
vt -2.883858 1.899971
vt 1.880995 -1.365153
vt 1.847341 -0.872426
vt 1.739607 -1.369038
vt 1.718950 -0.875957
vt 1.577420 -1.371078
vt 1.571634 -0.877809
vt 1.410439 -1.371081
vt 1.419930 -0.877809
vt 1.254840 -1.369036
vt 1.278662 -0.875954
vt 1.126070 -1.365158
vt 1.161653 -0.872428
vt -0.239245 1.321737
vt -0.225034 1.815663
vt -0.361422 1.326137
vt -0.335927 1.819655
vt -0.512535 1.336979
vt -0.473272 1.829508
vt -0.677823 1.353203
vt -0.623338 1.844241
vt -0.841128 1.373210
vt -0.791035 1.716185
vt 2.794476 0.811091
vt -0.771567 1.862417
vt 2.808728 -1.935432
vt 2.883057 -1.951048
vt 0.413131 3.502946
vt 0.268113 3.482755
vt 0.268113 3.162261
vt 0.341262 3.159130
vt 2.989229 0.759937
vt 2.915574 0.770450
vt 3.299976 -2.270660
vt 3.451199 -2.256222
vt 3.440731 -1.964860
vt 3.365843 -1.958958
vt 1.376027 2.928971
vt 1.302990 2.936014
vt 3.640026 0.796433
vt 3.493288 0.770491
vt 3.625962 0.406462
vt 3.550730 0.405985
vt -2.384111 2.771916
vt -2.345653 2.787132
vt 3.099565 0.831067
vt 3.063040 0.811088
vt -0.928248 1.751463
vt -0.966983 1.735700
vt 3.234450 -1.930948
vt 3.198164 -1.951048
vt 1.435077 2.960626
vt 1.471781 2.980348
vt 3.561894 2.097308
vt 3.523634 2.081921
vt 3.099566 2.081919
vt 1.435077 1.709956
vt 3.234450 -0.680002
vt -1.085059 0.874228
vt -2.087921 0.540920
vt -1.933351 0.540697
vt -2.410853 0.994969
vt -2.241117 1.005980
vt -2.598766 0.991170
vt -2.786503 0.994953
vt -2.955374 1.005975
vt 1.769392 -1.768227
vt 1.930043 -1.763819
vt 1.585217 -1.770549
vt 1.395537 -1.770552
vt 1.218788 -1.768228
vt 1.072434 -1.763817
vt -0.363721 0.923688
vt -0.225034 0.918697
vt -0.535463 0.936010
vt -0.723166 0.954437
vt -0.908500 0.977171
vt -2.036213 0.845155
vt -1.984974 0.990823
vt 2.863003 -3.153066
vt 2.764707 -3.080219
vt -2.874382 0.845330
vt 2.724304 1.704821
vt 2.898667 2.034862
vt 2.764707 -2.096779
vt -2.955374 0.991049
vt 1.318475 -2.841414
vt 2.721809 2.883447
vt 1.233760 -2.687822
vt -2.113339 0.998494
vt -2.241117 1.038850
vt -1.941687 0.991171
vt 2.079421 -3.153067
vt 1.944009 -3.053490
vt -2.241117 2.151368
vt 2.863057 -2.025607
vt 1.141480 -2.560077
vt 2.605542 2.844493
vt 1.075075 -2.426116
vt 2.763113 -1.831903
vt 1.068520 -2.253878
vt 2.613621 -1.909271
vt -2.113339 2.215258
vt 1.944009 -1.801386
vt -1.941687 2.226688
vt 2.079476 -1.703207
vt 1.664816 1.380304
vt 2.533109 -1.951048
vt 2.152183 -1.650559
vt 2.599000 1.285202
vt 2.641931 0.941283
vt 2.558596 1.684919
vt -2.927346 3.243562
vt -2.931189 2.884930
vt -2.760218 3.270150
vt -2.725333 2.954488
vt -0.364738 0.467153
vt -2.725115 2.792317
vt 1.621579 -0.828214
vt 1.760666 -0.872428
vt 1.621573 -0.560915
vt -0.254462 0.522794
vt 1.932802 -0.870595
vt 1.760645 -0.579988
vt 2.058743 0.599718
vt 1.932802 -0.573761
vt 2.209624 0.676085
vt 2.291096 0.717275
vt 1.664817 0.867476
vt 1.356670 0.851985
vt 1.206914 0.839011
vt 1.083417 0.825686
vt 0.952463 0.815248
vt 2.764706 -3.034138
vt 0.780376 0.811089
vt 2.614294 -3.111311
vt 2.533122 -3.153066
vt -0.150591 1.517915
vt 0.164190 1.578824
vt 0.590822 3.256582
vt 0.712190 3.236382
vt 0.590821 3.518177
vt 0.321644 1.642344
vt 0.453716 1.711268
vt 0.712190 3.536281
vt 0.590659 1.761046
vt 2.198876 1.896893
vt 0.762714 1.767106
vt 2.349360 1.972454
vt 2.430584 2.013031
vt -1.922853 0.874229
vt -1.927880 1.186187
vt -1.928551 1.340044
vt -1.928260 1.468065
vt -1.929098 1.602244
vt 2.776173 -0.366769
vt -1.933351 1.774556
vt 2.627291 -0.443414
vt 2.547415 -0.484853
vt -0.926018 1.736486
vt -0.903440 1.882263
vt 3.146481 1.578948
vt 3.036618 2.932891
vt 3.280833 2.096997
vt 1.294497 1.709956
vt 2.899866 -0.484853
vt -2.119029 2.238631
vt 2.908302 -0.702129
vt -2.881543 3.709034
vt -2.881376 3.694909
vt -2.881376 3.723364
vt -2.926491 3.718697
vt -2.926293 3.694911
vt -2.926293 3.742570
vt -2.904247 3.713382
vt -2.904058 3.694910
vt -2.904058 3.731905
vt -2.924086 3.717944
vt -2.923891 3.694911
vt -2.923891 3.741027
vt -2.924661 3.718268
vt -2.924465 3.694911
vt -2.924465 3.741668
vt -2.908554 3.714377
vt -2.908364 3.694911
vt -2.908364 3.733867
vt -2.900706 3.712557
vt -2.900894 3.730313
vt -2.900894 3.694910
vt -0.949056 1.290162
vt -0.418542 3.191683
vt -2.917106 3.717266
vt -2.916924 3.694911
vt -2.916924 3.739768
vt 3.588346 0.405985
vt 3.182664 0.839450
vt 2.271632 3.338659
vt -1.287460 3.530238
vt 1.946984 3.189956
vt 1.933257 3.039011
vt 3.201405 2.056854
vt 3.274512 2.049252
vt 3.334355 2.052300
vt -0.418553 3.619772
vt -0.397937 3.616433
vt -1.076522 1.710217
vt -1.048634 1.718549
vt -1.009481 1.730001
vt 1.087925 -0.492853
vt 1.122848 -0.498479
vt 1.165795 -0.499472
vt 1.212606 -0.499471
vt 1.254611 -0.499025
vt 1.297659 -0.496710
vt 1.335971 -0.489948
vt -2.707796 -0.862800
vt -2.387985 -0.557391
vt -1.084382 1.782071
vt -1.122689 1.779752
vt -1.165745 1.779061
vt -1.207746 1.778772
vt -1.254556 1.778828
vt -1.297507 1.779192
vt -1.332430 1.781128
vt -2.307889 1.904942
vt -2.347232 1.915286
vt -2.375439 1.922507
vt 0.447814 3.164252
vt 0.427166 3.161038
vt 3.133457 2.083281
vt 3.073627 2.082334
vt 3.000523 2.084802
vt 2.931546 2.090109
vt -2.027470 0.994736
vt -2.177196 1.018560
vt 2.813715 -3.116812
vt -1.934480 1.729265
vt -1.934631 1.818529
vt -1.934631 1.640046
vt -2.326045 1.000313
vt -2.504966 0.992901
vt -2.692637 0.992912
vt -2.871038 1.000309
vt 1.935310 -0.695683
vt 1.935515 -0.600721
vt 1.935310 -0.505585
vt 1.933475 -0.929258
vt 1.933251 -1.024287
vt 1.933475 -1.119377
vt 1.490256 -1.770699
vt 1.307085 -1.769542
vt 1.145543 -1.766174
vt -0.294449 0.921040
vt -0.449585 0.929694
vt -0.629313 0.945070
vt -0.815937 0.965660
vt 3.883799 -0.442097
vt 3.883661 -0.368402
vt 3.883661 -0.515861
vt 2.813804 -2.061090
vt -2.177260 2.183421
vt -2.027556 2.221172
vt 2.011557 -1.752219
vt 2.115631 -1.676787
vt 0.427165 3.589040
vt 0.447737 3.585794
vt -2.336797 2.342754
vt -2.365025 2.779700
vt -1.254477 2.237515
vt -1.207667 2.237490
vt -1.165662 2.237305
vt -1.122612 2.236446
vt -1.084296 2.234113
vt -1.988762 -0.365478
vt -2.894673 3.710765
vt -2.894477 3.694911
vt -2.894477 3.726851
vt -2.907125 3.719408
vt -2.906977 3.694910
vt -2.906977 3.743969
vt -2.888296 3.713619
vt -2.888145 3.694910
vt -2.888145 3.732354
vt -2.905065 3.718185
vt -2.904914 3.694910
vt -2.904914 3.741488
vt -2.905482 3.718446
vt -2.905634 3.741961
vt -2.905634 3.694911
vt -2.923341 3.714373
vt -2.923571 3.733846
vt -2.923571 3.694911
vt -2.881616 3.712193
vt -2.881755 3.729598
vt -2.881755 3.694910
vt 3.485868 2.964257
vt 3.525233 2.954195
vt 3.553431 2.946970
vt -0.186521 2.989921
vt -0.165853 2.993179
vt -2.891554 3.718859
vt -2.891428 3.694911
vt -2.891428 3.742912
vt 0.304675 3.160551
vt 2.701851 0.638450
vt -1.089193 1.676274
vt 3.890594 0.628694
vt 3.890487 0.700141
vt 3.890487 0.557281
vt 3.355743 0.091151
vt 3.888870 3.510269
vt 3.888771 3.593626
vt 3.888771 3.426935
vt 1.937714 -0.671105
vt 1.937829 -0.824082
vt 1.937829 -0.518257
vt -1.652722 0.875233
vt -1.829581 0.875225
vt -1.928410 1.263067
vt -1.928509 1.404020
vt -1.928886 1.535111
vt -1.931450 1.688347
vt 2.701904 -0.405227
vt 2.587415 -0.464249
vt -0.165823 2.565169
vt -0.186445 2.568448
vt 3.514570 2.526675
vt 3.542729 2.089478
vt -2.901003 3.694910
vt -2.901003 3.741963
vt -2.901147 3.718426
vt 3.342373 -1.548739
vt 3.300669 -1.551899
vt 3.258291 -1.557457
vt -0.707538 -0.572664
vt -0.725125 -0.595767
vt -0.907318 2.742367
vt -0.870254 2.742140
vt -0.827701 2.741230
vt -0.785913 2.740353
vt -0.739247 2.739341
vt -0.696264 2.738347
vt -0.660504 2.737152
vt 3.054637 -1.079520
vt -2.697598 3.185580
vt 2.803543 0.344629
vt 2.952394 0.765386
vt 3.892126 1.398957
vt 3.892046 1.485104
vt 3.892046 1.312738
vt -2.940922 3.772621
vt -2.940996 3.850355
vt -2.940996 3.694911
vt 1.925645 -2.623926
vt 1.917006 -2.764587
vt 1.803267 -3.150791
vt 1.622911 -3.148318
vt 1.467400 -3.150795
vt 1.938930 -1.694510
vt 1.938930 -1.808758
vt 1.939160 -1.751632
vt 2.663751 2.863753
vt 1.108138 -2.493138
vt 3.885619 -2.859654
vt 3.885619 -3.032003
vt 3.885729 -2.945781
vt -2.697607 2.757581
vt -2.718286 2.760798
vt 3.135854 -1.510155
vt 3.216444 -1.941162
vt -0.744921 2.284359
vt -0.791589 2.285359
vt -0.833376 2.286499
vt -0.875902 2.288874
vt -0.912918 2.293864
vt -0.168742 -1.753479
vt -0.434847 -2.595599
vt -2.944388 3.719294
vt -2.944634 3.743552
vt -2.944634 3.694911
vt -2.893346 3.713573
vt -2.893511 3.732187
vt -2.893511 3.694910
vt -2.939477 3.718144
vt -2.939720 3.741316
vt -2.939720 3.694911
vt -2.942226 3.718412
vt -2.942475 3.741866
vt -2.942475 3.694910
vt -2.893072 3.714405
vt -2.892915 3.694910
vt -2.892915 3.733919
vt -2.917586 3.713150
vt -2.917359 3.694911
vt -2.917359 3.731198
vt -1.004919 2.618078
vt -0.965201 2.608270
vt -0.936907 2.601236
vt 2.159041 3.248206
vt 2.179635 3.251539
vt -2.903446 3.718757
vt -2.903593 3.742451
vt -2.903593 3.694911
vt 3.403314 -1.961719
vt 2.689578 -2.029162
vt -1.937979 1.639018
vt -1.937729 1.552877
vt -1.937729 1.725239
vt 3.881346 -0.823199
vt 3.881496 -0.897987
vt 3.881496 -0.748471
vt -0.926100 1.816128
vt -0.926018 1.655356
vt -0.926018 1.977026
vt 1.663770 1.307057
vt 1.662524 1.145464
vt 1.663772 0.962293
vt 1.281813 0.845356
vt 3.888771 3.075886
vt 3.888771 2.952383
vt 3.888905 3.014175
vt 1.017976 0.820329
vt 1.936271 -1.124015
vt 1.936271 -1.295549
vt 1.936458 -1.209734
vt 2.689622 -3.072846
vt 2.573776 -3.132409
vt -2.875843 3.721311
vt -2.875843 3.694911
vt -2.875732 3.708049
vt 2.158980 2.826739
vt -0.975556 2.180842
vt -0.947501 1.743382
vt 3.198145 -0.055598
vt 3.151382 -0.056651
vt 3.109463 -0.058249
vt 3.066682 -0.061769
vt -0.761793 -2.907845
vt -0.778290 -2.884176
vt 2.215419 2.833715
vt 2.253093 2.831655
vt 2.295913 2.830472
vt 2.337839 2.829737
vt 2.384606 2.828922
vt 2.427606 2.828390
vt 2.462996 2.828927
vt 2.919367 1.682464
vt 3.838746 2.511862
vt 1.197866 2.503090
vt 1.339504 2.932768
vt 2.134139 -0.405735
vt 0.226038 3.153884
vt 0.377721 3.156189
vt -0.309611 -0.320414
vt 3.882960 -1.902688
vt 3.883075 -1.994704
vt 3.883075 -1.810426
vt 2.126107 2.843355
vt 2.124733 2.670923
vt -2.843729 3.257075
vt -2.742599 3.112448
vt 3.888771 -1.443685
vt 3.888771 -1.581985
vt 3.888892 -1.512770
vt 3.891710 2.252124
vt 3.891710 2.101422
vt 3.891803 2.176757
vt 1.846673 -0.576725
vt 2.134093 0.638002
vt 2.250272 0.696813
vt 3.838711 2.083865
vt 3.818189 2.087112
vt 3.001184 1.251687
vt 3.081439 0.820918
vt 2.381550 2.384492
vt -2.930598 3.741059
vt -2.930598 3.694911
vt -2.930385 3.717979
vt -2.914947 3.731946
vt -2.914946 3.694911
vt -2.914734 3.713416
vt 2.250055 2.389112
vt 2.212399 2.395712
vt -2.051179 -3.055419
vt 0.743881 1.773896
vt 0.707704 1.769104
vt 0.665602 1.767468
vt 0.624072 1.767106
vt -2.918005 3.718418
vt -2.917827 3.694910
vt -2.917827 3.741949
vt 0.534764 1.767830
vt 0.498593 1.771794
vt 1.615211 2.109173
vt -1.687217 3.190135
vt 3.004019 -1.562758
vt 3.888273 -2.657927
vt 3.888500 -2.695451
vt 3.888500 -2.620476
vt 2.274030 0.891194
vt 0.676711 0.815147
vt 0.522208 0.834725
vt 0.387696 0.870769
vt 0.242943 0.910715
vt -1.936177 1.575195
vt -1.936077 1.414379
vt -1.936077 1.736107
vt -0.146998 1.066231
vt -0.143211 1.254013
vt -0.147007 1.433035
vt 0.006707 1.548521
vt 0.242865 1.610740
vt 0.651429 3.527435
vt 0.522138 1.736308
vt 1.936004 -0.497467
vt 1.936004 -0.669492
vt 1.936176 -0.583426
vt 2.273962 1.934835
vt 2.389825 1.992909
vt -1.687245 3.618170
vt -1.666686 3.614839
vt 1.533365 2.540248
vt 1.453294 2.970658
vt 0.586774 2.219756
vt 0.633208 2.219824
vt 0.674733 2.219873
vt 0.716795 2.219983
vt 0.752898 2.220035
vt -2.938127 -2.126456
vt 3.422051 3.210206
vt 3.422051 3.624244
vt 3.332815 3.610959
vt 3.156388 3.210207
vt 3.156389 2.815616
vt 3.222118 2.796152
vt 3.222118 3.203776
vt 3.294347 2.784377
vt 3.294347 3.199831
vt 3.368326 2.781032
vt 3.368328 3.198769
vt 3.414018 2.790258
vt 3.414018 3.201810
vt -0.191869 3.600313
vt -0.191869 3.168445
vt -0.164368 3.172684
vt -0.164380 3.595864
vt -0.150591 3.174840
vt -0.150608 3.593677
vt -0.052073 3.603418
vt -0.051995 3.184595
vt -0.034191 3.181723
vt -0.034305 3.606112
vt 0.005476 3.175312
vt 0.005360 3.612248
vt 0.046350 3.168445
vt 0.046350 3.618584
vt 1.342299 -1.804401
vt 1.342299 -2.233346
vt 1.373292 -2.243157
vt 1.373292 -1.807719
vt 1.412143 -2.244791
vt 1.412143 -1.808230
vt 1.459190 -2.245207
vt 1.459191 -1.808402
vt 1.505764 -2.244825
vt 1.505764 -1.808264
vt 1.543195 -2.244209
vt 1.543196 -1.807921
vt 1.591868 -2.240250
vt 1.591869 -1.806675
vt 1.619817 -2.230551
vt 1.619817 -1.803400
vt 0.046351 3.616697
vt 0.046351 3.168445
vt 0.082123 3.174044
vt 0.082132 3.610963
vt 0.134080 3.182131
vt 0.134061 3.602626
vt 3.377357 3.617763
vt 3.189235 3.207172
vt 3.258214 3.202061
vt 3.331319 3.199492
vt 3.391162 3.200464
vt -0.178097 3.598344
vt -0.157465 3.595023
vt -0.043265 3.604924
vt -0.014518 3.609445
vt 0.025808 3.615679
vt 1.357788 -1.805786
vt 1.392708 -1.807703
vt 1.435655 -1.808049
vt 1.482466 -1.808059
vt 1.524471 -1.807895
vt 1.567520 -1.807022
vt 1.605836 -1.804846
vt 0.064318 3.613990
vt 0.108122 3.607052
vt 0.134733 3.392354
vt 0.064315 3.171043
vt 1.605849 -2.235651
vt 1.567544 -2.242411
vt 1.524488 -2.244701
vt 1.482488 -2.245123
vt 1.435678 -2.245099
vt 1.392727 -2.244081
vt 1.357803 -2.238435
vt 0.025814 3.171566
vt -0.014417 3.178307
vt -0.043170 3.182960
vt -0.157410 3.173556
vt -0.178049 3.170358
vt 3.391183 2.785471
vt 3.331356 2.782452
vt 3.258250 2.790081
vt 3.189268 2.805701
vt 1.059193 -0.046920
vt 1.078250 -0.212262
vt 1.307196 0.019009
vt 1.315885 -0.215379
vt 1.058313 0.118294
vt 1.316806 0.341347
vt 1.070948 0.273628
vt 1.091501 0.402123
vt 1.340783 0.561271
vt 1.121183 0.517304
vt 1.161910 0.625546
vt 1.120444 -0.368092
vt 1.334285 -0.370898
vt 1.168644 -0.482408
vt 1.355139 -0.484853
vt 2.005344 1.767398
vt 1.898193 1.934430
vt 1.848589 1.869190
vt 1.793494 1.797110
vt 1.918915 1.707726
vt 1.894664 1.691077
vt 1.894322 1.690757
vt 1.793141 1.796863
vt 1.893790 1.690434
vt 1.342283 -2.200336
vt 1.342300 -2.053856
vt 1.341980 -2.053842
vt 1.341994 -2.200352
vt 1.340281 -2.053654
vt 1.340401 -2.200575
vt 1.325799 -2.051324
vt 1.325785 -2.202971
vt 1.292436 -2.046116
vt 1.292399 -2.208370
vt 1.233057 -2.037155
vt 1.233111 -2.218046
vt 0.204812 -1.711601
vt 0.399105 -1.770698
vt 0.413066 -1.665423
vt 0.250296 -1.615818
vt 1.140829 -2.023296
vt 1.140866 -2.233301
vt 1.069933 -2.012604
vt 1.095448 -2.240758
vt 1.068520 -2.245206
vt -2.090955 2.988678
vt -2.092621 3.205055
vt -2.127130 3.210626
vt -2.125429 2.990662
vt -2.187971 3.210338
vt -2.186270 2.989686
vt -2.241117 3.198070
vt -2.239466 2.983691
vt 1.858797 -2.245207
vt 1.894805 -2.017360
vt 1.838061 -2.017588
vt 1.804688 -2.227753
vt 1.722901 -2.201094
vt 1.643594 -2.017509
vt 1.619817 -2.167637
vt 0.431625 -1.526648
vt 0.310588 -1.489851
vt 0.558181 -1.524418
vt 1.373570 0.731167
vt 1.543270 0.731170
vt 0.583077 -1.662190
vt 1.557747 0.561347
vt 1.568667 0.341393
vt 1.573940 0.017629
vt 1.571046 -0.215376
vt 1.561464 -0.403252
vt 2.043723 1.583981
vt 2.122069 1.607304
vt 0.677736 -1.483065
vt 0.602183 -1.766886
vt 0.743744 -1.606452
vt 0.794050 -1.700351
vt 1.768415 0.563738
vt 1.813170 0.344845
vt 1.832887 0.021451
vt 1.818777 -0.212254
vt 1.786732 -0.368086
vt 2.110571 1.409296
vt 1.749812 -0.482403
vt 1.985671 1.566802
vt 2.005822 1.412108
vt 1.957587 1.558488
vt 1.976483 1.412905
vt 1.956938 1.558290
vt 1.975840 1.412923
vt 1.956506 1.558152
vt 1.975412 1.412934
vt -0.150951 1.621049
vt -0.150808 1.767500
vt -0.151229 1.767532
vt -0.151163 1.621016
vt -0.152782 1.767788
vt -0.152857 1.620750
vt -0.167283 1.770093
vt -0.167283 1.618475
vt 0.778658 -1.406800
vt 0.879505 -1.504068
vt 0.956155 -1.578068
vt 1.951999 0.569100
vt 2.026438 0.350160
vt 2.058700 0.027154
vt 2.034824 -0.206277
vt 1.981130 -0.362749
vt 1.919334 -0.477746
vt 2.032955 1.238910
vt 0.851019 -1.302944
vt 0.976902 -1.364657
vt 1.072434 -1.411526
vt -1.827070 0.710710
vt -1.897647 0.486317
vt -1.634205 0.694060
vt -1.673650 0.467298
vt -1.932188 0.162738
vt -1.693382 0.239001
vt -1.914680 -0.066607
vt -1.696141 0.075141
vt 0.887829 -1.181927
vt -1.583260 0.874228
vt -1.415426 0.867450
vt 1.026347 -1.201851
vt -1.419748 0.685617
vt -1.423534 0.516186
vt 0.885513 -1.055522
vt -1.247270 0.867450
vt 1.023153 -1.031800
vt -1.204806 0.685428
vt -1.179746 0.516181
vt -1.426320 0.384878
vt -1.169887 0.384873
vt 0.844183 -0.936026
vt -1.095258 0.874228
vt 0.967627 -0.871154
vt -1.010405 0.693915
vt -0.949626 0.467085
vt -1.165004 0.228283
vt -0.928186 0.143193
vt -1.168535 0.064476
vt -1.182796 -0.096215
vt -0.954287 -0.086025
vt -1.210736 -0.243282
vt -1.005021 -0.234104
vt 1.944009 -1.246061
vt 1.979994 -1.473270
vt 2.069175 -1.444834
vt 2.074949 -1.246826
vt 2.147222 -1.419654
vt 2.233618 -1.392045
vt 2.180400 -1.247298
vt 2.209764 -1.247400
vt 2.210430 -1.247403
vt 2.233795 -1.391857
vt 2.210902 -1.247405
vt 2.591909 -0.502634
vt 2.445658 -0.502628
vt 2.445489 -0.502938
vt 2.591956 -0.502931
vt 2.445317 -0.504553
vt 2.592222 -0.504563
vt 2.443056 -0.519056
vt 2.594530 -0.519060
vt 2.437555 -0.552447
vt 2.599690 -0.552438
vt 2.427829 -0.611677
vt 2.608678 -0.611664
vt 0.767860 -0.834952
vt 1.061383 -0.822253
vt 0.865034 -0.735366
vt 0.938862 -0.660064
vt 0.946010 -0.320644
vt 1.024522 -0.104749
vt 0.769193 -0.320594
vt 0.811036 -0.161870
vt 1.057962 0.216404
vt 0.829526 -0.034653
vt 0.840723 0.216766
vt 1.031939 0.451817
vt 0.974349 0.610571
vt 0.824143 0.452027
vt 0.908315 0.728191
vt 0.775285 0.644614
vt 2.147243 -1.074232
vt 2.069175 -1.048444
vt 0.664171 -0.762604
vt 0.742853 -0.603334
vt 0.543166 -0.725801
vt 0.568529 -0.550413
vt 0.567278 -0.275050
vt 0.545138 -0.446443
vt 0.362957 -0.446513
vt 0.338984 -0.274999
vt 0.416696 -0.728218
vt 0.392904 -0.591813
vt 0.138106 -0.320077
vt 0.375063 -0.488666
vt 0.329486 -0.161748
vt 0.086903 -0.104513
vt 0.322841 -0.034542
vt 0.318724 0.120015
vt 0.065109 0.216473
vt 0.318836 0.285421
vt 0.324790 0.452137
vt 0.082099 0.452026
vt 0.338031 0.610860
vt 0.119662 0.610760
vt 0.353369 0.728443
vt 0.162866 0.728356
vt 0.984067 2.437935
vt 0.899116 2.616975
vt 0.840645 2.558918
vt 0.797554 2.516086
vt 0.889153 2.389891
vt 0.776584 2.495321
vt 0.862852 2.376570
vt 0.776008 2.494817
vt 0.862251 2.376257
vt -1.935511 1.130449
vt -1.935511 0.991262
vt -1.935059 0.991291
vt -0.155496 0.512442
vt -0.155496 0.365963
vt -0.155043 0.512378
vt 1.350517 -0.536317
vt 1.350494 -0.682731
vt 1.350764 -0.682787
vt 1.350757 -0.536316
vt 1.352359 -0.683059
vt 1.352517 -0.535973
vt 1.366575 -0.685356
vt 1.367047 -0.533690
vt 1.400048 -0.690761
vt 1.400219 -0.528538
vt 1.458968 -0.700318
vt 1.459054 -0.519430
vt 0.297156 -0.769564
vt 0.232155 -0.647352
vt 0.161773 -0.514753
vt -0.037067 -0.320319
vt -0.116481 -0.104177
vt -0.150234 0.216491
vt -0.123827 0.451815
vt -0.046371 0.644355
vt 0.997565 2.251016
vt 1.145654 2.274210
vt 0.196207 -0.845844
vt 0.096477 -0.749936
vt -0.011828 -0.645849
vt 0.866283 -1.873365
vt 0.692250 -1.809810
vt 0.900825 -2.050565
vt 0.679238 -1.982848
vt 0.370435 -1.771341
vt 0.356183 -1.954535
vt 0.137423 -1.802581
vt -0.017278 -1.870659
vt 0.123634 -1.977739
vt -0.029687 -2.028197
vt 1.042273 2.068948
vt 1.172555 2.048351
vt 0.937227 2.241538
vt 0.937339 2.085569
vt 0.908244 2.236980
vt 0.908201 2.090175
vt 0.907489 2.236896
vt 0.907533 2.090288
vt 0.907177 2.236813
vt 0.907082 2.090369
vt -0.150753 1.317738
vt -0.150911 1.464213
vt -0.151128 1.464216
vt -0.150986 1.317665
vt -0.152791 1.464480
vt -0.152761 1.317446
vt -0.167283 1.466763
vt -0.167283 1.315144
vt 0.123779 -0.949513
vt -0.000902 -0.889337
vt -0.095187 -0.844025
vt 0.893262 -2.241270
vt 0.670432 -2.204115
vt 0.346670 -2.188830
vt 0.114785 -2.201886
vt -0.141256 -2.086059
vt -0.037648 -2.229887
vt -0.148199 -2.262001
vt 0.943430 1.909685
vt 1.017033 1.872296
vt 0.086916 -1.070515
vt 1.068520 -2.292199
vt 1.066489 -2.459210
vt -0.050467 -1.051963
vt 0.890980 -2.455013
vt 0.726003 -2.452461
vt 0.596075 -2.451450
vt 0.440049 -2.451058
vt 0.275224 -2.451595
vt 0.089291 -1.196930
vt 1.068520 -2.627939
vt -0.047273 -1.222015
vt 0.893900 -2.670636
vt 0.130626 -1.316578
vt -0.150591 -1.241207
vt 0.008358 -1.382854
vt -0.084135 -1.433303
vt 0.728947 -2.697067
vt 0.901359 -2.867412
vt 0.737500 -2.920298
vt 0.110846 -1.518449
vt 0.038282 -1.595298
vt 0.913180 -3.025669
vt 0.692736 -3.114687
vt 0.608209 -2.943664
vt 0.355993 -2.958338
vt 0.370271 -3.152929
vt 0.123650 -2.938064
vt 0.137434 -3.124181
vt -0.061775 -2.877199
vt -0.017258 -3.059904
vt -1.678813 1.974757
vt -1.652022 2.200388
vt -1.800030 2.024235
vt -1.800975 2.211349
vt -1.861544 2.215891
vt -1.898000 2.064384
vt -1.891127 2.218308
vt -1.925188 2.075488
vt -1.891520 2.218158
vt -1.925793 2.075749
vt -1.891992 2.218192
vt -1.926227 2.075997
vt 1.048609 2.849878
vt 1.048585 2.996132
vt 1.048288 2.996178
vt 1.048277 2.849712
vt 1.046654 2.996445
vt 1.046659 2.849540
vt 1.032151 2.998753
vt 1.032153 2.847280
vt 0.998823 3.003905
vt 0.998812 2.841771
vt 0.939702 3.012852
vt 0.939736 2.832015
vt 2.412669 -0.703710
vt 2.622469 -0.703723
vt 2.405100 -0.749061
vt 2.629256 -0.749033
vt -0.370372 2.519565
vt -0.299201 2.335969
vt -0.330205 2.544810
vt -0.263501 2.345908
vt -0.203789 2.355945
vt -0.250144 2.563195
vt -0.152265 2.357381
vt -0.197302 2.558738
vt -2.607902 2.504384
vt -2.679119 2.285180
vt -2.622821 2.276247
vt -2.538182 2.076916
vt -2.480712 2.439454
vt -2.431046 2.245686
vt -2.384111 2.390171
vt 0.775488 3.037440
vt 0.802826 2.809235
vt 0.776008 2.804712
vt 2.910556 -0.694684
vt 2.910542 -0.524746
vt 2.875480 -0.529322
vt 2.875576 -0.702109
vt 2.814783 -0.526160
vt 2.814782 -0.699442
vt 2.763113 -0.510273
vt 2.763113 -0.678624
vt -0.700383 -0.254516
vt -0.528783 -0.100700
vt -0.573101 -0.064788
vt -0.546372 0.150318
vt -0.778065 -0.134772
vt -0.723914 0.057702
vt -0.836987 -0.043748
vt 1.549969 -0.715475
vt 1.550188 -0.505455
vt 1.594818 -0.722936
vt 1.594990 -0.498614
vt 1.621573 -0.727276
vt 1.621573 -0.494552
vt -1.226912 3.460948
vt -1.226912 3.240088
vt -1.192930 3.242064
vt -1.192929 3.466761
vt -1.132114 3.242381
vt -1.132114 3.467654
vt -1.077953 3.238897
vt -1.077953 3.457800
vt 0.278554 2.549908
vt 0.173816 2.344430
vt 0.228140 2.326633
vt 0.324644 2.516337
vt 0.280673 2.116425
vt 0.394134 2.465846
vt 0.412874 2.266585
vt 0.481906 2.402016
vt 0.443241 -2.716448
vt 0.278411 -2.716569
vt 0.111735 -2.453007
vt 0.114792 -2.706751
vt 2.198876 1.179734
vt 2.088666 0.977797
vt 1.985300 1.057718
vt 1.976977 1.258819
vt 1.902382 1.121907
vt 1.949404 1.268641
vt 1.879101 1.139791
vt 1.948744 1.268892
vt 1.878685 1.140210
vt 1.948344 1.269036
vt 1.878264 1.140479
vt 2.356870 -0.547058
vt 2.210454 -0.547094
vt 2.210355 -0.547527
vt 2.356926 -0.547328
vt 2.210117 -0.549082
vt 2.357204 -0.548910
vt 2.207844 -0.563593
vt 2.359452 -0.563548
vt 2.202579 -0.596992
vt 2.364704 -0.596987
vt 2.193119 -0.656527
vt 2.374007 -0.656414
vt 2.178436 -0.749065
vt 2.395475 -0.794578
vt 2.171245 -0.794560
vt 1.963143 3.154278
vt 1.962760 2.954711
vt 1.993775 2.940496
vt 1.994236 3.147862
vt 2.029152 2.935484
vt 2.089653 2.938104
vt 2.089615 3.149645
vt 2.140213 2.954321
vt 2.140154 3.159707
vt 3.234449 -0.999283
vt 3.234449 -1.229914
vt 3.290618 -1.221008
vt 3.356316 -0.805900
vt 3.375449 -1.207588
vt 3.375515 -1.021619
vt 3.482538 -1.190627
vt 3.482557 -1.038612
vt 1.944009 -0.684183
vt 1.973169 -0.789656
vt 2.171076 -0.689803
vt 2.171163 -0.794561
vt 1.823099 0.964817
vt 1.868909 0.897113
vt 2.171245 -0.542725
vt 0.442547 -0.875373
vt 0.310612 -1.308990
vt 0.375167 -1.354370
vt 0.303846 -0.949360
vt 0.598252 -0.897069
vt 0.522093 -0.873868
vt 0.236661 -1.170353
vt 0.262705 -1.245625
vt 0.711511 -1.006223
vt 0.663501 -0.942660
vt 0.738974 -1.160887
vt 0.737453 -1.081302
vt 0.670269 -1.302294
vt 0.715823 -1.237062
vt 0.531568 -1.376282
vt 0.606793 -1.350280
vt 0.580465 0.452138
vt 0.568127 0.610860
vt 2.190258 -0.891638
vt 0.548442 0.765783
vt 0.586038 0.216547
vt 0.582286 -0.034503
vt 2.204829 -1.093169
vt 2.275636 -0.954310
vt 2.232743 -1.102303
vt 2.299613 -0.971753
vt 2.233366 -1.102515
vt 2.233795 -1.102733
vt 2.300283 -0.972256
vt -0.167283 1.615762
vt -0.167226 1.469326
vt -0.166879 1.469391
vt -0.166955 1.615836
vt -0.165286 1.469065
vt -0.165395 1.616016
vt -0.150781 1.466762
vt -0.150781 1.618475
vt 0.899095 1.709956
vt 0.840501 1.768124
vt 0.889207 1.937269
vt 0.797330 1.811048
vt 0.862838 1.950601
vt 0.776519 1.831855
vt 0.862137 1.950882
vt 0.776008 1.832320
vt -0.151939 0.995808
vt -0.151939 1.139785
vt -0.152361 1.139758
vt -0.151525 0.995888
vt -0.151525 1.142477
vt -0.151937 0.995993
vt 0.729262 3.004241
vt 0.760405 3.147375
vt 0.760126 3.147451
vt 0.728303 3.004256
vt 0.758610 3.148020
vt 0.744960 3.153319
vt 0.712600 3.005296
vt 0.713607 3.165471
vt 0.679016 3.007100
vt 0.658045 3.187056
vt 0.619630 3.010126
vt 0.572104 3.220085
vt 0.481914 3.017376
vt 0.529771 3.236381
vt -0.669710 3.310499
vt -0.669741 3.530736
vt -0.699179 3.539627
vt -0.699165 3.310877
vt -0.734001 3.543319
vt -0.733986 3.310683
vt -0.069542 -2.676733
vt -1.814627 2.385797
vt -1.734553 2.405319
vt 0.389084 2.116459
vt -2.431063 2.093698
vt -0.647602 0.189308
vt 0.412846 1.966341
vt 0.194776 2.116457
vt 0.228038 1.906294
vt 0.137770 2.116592
vt 0.173834 1.888790
vt 3.573384 3.171853
vt 3.573384 3.391634
vt 3.519223 3.388347
vt 3.519223 3.162128
vt 3.458407 3.388599
vt 3.458407 3.163045
vt 3.424425 3.390544
vt 3.424425 3.168693
vt -0.670300 2.930092
vt -0.670300 3.162895
vt -0.697005 3.158940
vt -0.697038 2.934595
vt -0.742079 3.152187
vt -0.742154 2.942106
vt -0.833756 3.138261
vt -0.892124 2.967184
vt -0.892654 3.129397
vt -0.615750 0.337921
vt -0.526558 0.517033
vt -0.466302 0.119319
vt -0.421742 0.327396
vt -0.413077 0.098882
vt -0.364738 0.324402
vt -0.370372 3.465397
vt -0.370372 3.236578
vt -0.317979 3.230021
vt -0.317979 3.465542
vt -0.257187 3.230025
vt -0.631380 0.489116
vt -0.692982 0.628086
vt -0.725372 0.824927
vt -0.443604 0.539069
vt -0.529785 0.733703
vt -0.388400 0.553859
vt -0.481863 0.764706
vt -0.364738 0.725096
vt -0.361265 0.522794
vt -0.309296 0.533138
vt -0.312866 0.741305
vt -0.794459 0.741298
vt -1.626094 3.314960
vt -1.485041 3.272647
vt -1.623910 3.493506
vt -1.529152 3.493872
vt 0.637494 2.830297
vt 0.548262 2.806003
vt -1.432641 0.064463
vt 2.275638 -1.540286
vt 2.299590 -1.522976
vt 2.299897 -1.522763
vt 3.305813 -0.779922
vt -0.370372 2.302791
vt -0.287841 2.105338
vt -0.257451 2.110008
vt -0.222631 2.115317
vt 3.492180 0.188390
vt 3.522335 0.405985
vt 3.492745 0.399455
vt -0.361268 0.883572
vt -0.309296 0.904446
vt 1.577991 3.413684
vt 1.472242 3.208716
vt 1.526396 3.190800
vt -0.252219 0.743653
vt -0.248569 0.906255
vt -0.217115 0.737946
vt -0.213621 0.897992
vt -1.887414 3.030583
vt -1.933338 2.802327
vt -1.906506 2.801265
vt -1.862088 3.021105
vt -1.819773 3.005278
vt -1.769251 2.795627
vt -1.677302 2.951999
vt -1.709819 2.793184
vt -1.902323 2.364565
vt -1.873712 2.371464
vt 0.727706 2.854334
vt 0.695100 2.845761
vt 0.872152 3.246771
vt 0.912909 3.226345
vt -1.435616 -0.096329
vt -1.438087 -0.243273
vt -1.241389 -0.348029
vt -1.439641 -0.348019
vt 0.114792 -2.706756
vt 0.278411 -2.716569
vt 0.443241 -2.716448
vt 0.310593 -1.489853
vt 0.250296 -1.615818
vt 0.204812 -1.711601
vt -0.050264 2.699210
vt -0.124472 2.476902
vt 0.101591 2.653817
vt 0.137769 2.763663
vt 0.076735 2.537472
vt -0.145930 2.153390
vt 0.061560 2.408262
vt 0.055413 2.252532
vt -0.107816 1.920814
vt 0.063182 2.087458
vt -0.039344 1.767106
vt 0.089115 1.923095
vt -1.799069 1.778772
vt 0.137770 1.769160
vt -1.870710 1.839277
vt -1.933351 1.892124
vt -0.257185 3.464847
vt -0.222369 3.233225
vt -0.222368 3.464198
vt -0.192960 3.240530
vt -0.192963 3.463108
vt -1.676293 2.791856
vt -1.646219 2.940425
vt -0.925924 3.124293
vt -0.925978 2.972580
vt 3.515314 3.615983
vt 3.515314 3.391634
vt 3.560294 3.399063
vt 0.431625 -1.526648
vt 0.531568 -1.376282
vt 0.324790 0.452137
vt 0.338031 0.610860
vt 0.353369 0.728443
vt 2.350349 -0.794560
vt 0.366662 0.811089
vt 0.318836 0.285421
vt 0.318723 0.120052
vt 0.322841 -0.034542
vt 0.329486 -0.161748
vt -0.040388 -2.455947
vt -0.150591 -2.459124
vt -1.881520 2.547421
vt -1.811275 2.590786
vt 0.111736 -2.453068
vt -1.933351 2.515479
vt -0.148199 -2.262001
vt -0.037648 -2.229887
vt 1.687782 0.811088
vt 1.664817 0.889803
vt -1.687790 -0.086012
vt -1.696141 0.075141
vt -1.665038 -0.234095
vt -1.869197 -0.216639
vt -1.914680 -0.066607
vt 1.619817 -1.867393
vt 1.722934 -1.833861
vt 0.481906 1.830785
vt 0.394166 1.767106
vt -0.926016 0.817464
vt -0.886914 0.918697
vt -2.384119 1.949126
vt -2.480691 1.899969
vt 0.995625 2.659938
vt 0.912863 2.616975
vt -0.889559 3.310483
vt -1.748499 2.615952
vt -1.837064 2.590790
vt 0.710347 2.664506
vt 0.760405 2.697120
vt -1.716628 3.188187
vt -1.644633 3.130589
vt -0.807068 2.742367
vt -0.889648 2.785329
vt 0.506896 -1.237000
vt 0.471309 -1.237610
vt 0.540168 -1.225479
vt 0.606793 -1.350280
vt 0.568246 -1.204280
vt 0.670268 -1.302263
vt 0.588570 -1.175084
vt 0.715823 -1.237062
vt 0.598924 -1.141453
vt 0.738955 -1.160895
vt 0.598244 -1.105918
vt 0.737453 -1.081302
vt 0.586722 -1.072506
vt 0.711515 -1.006235
vt 0.565307 -1.044158
vt 0.663501 -0.942660
vt 0.536153 -1.023775
vt 0.598252 -0.897069
vt 0.502461 -1.013647
vt 0.522093 -0.873868
vt 0.467088 -1.014202
vt 0.442559 -0.875373
vt 0.433897 -1.025847
vt 0.367337 -0.901360
vt 0.405435 -1.047154
vt 1.674758 1.895762
vt 1.665047 1.868047
vt 1.664817 1.867430
vt 0.677736 -1.483065
vt 0.558178 -1.524430
vt 0.851012 -1.302935
vt 0.778664 -1.406817
vt -2.432073 2.650640
vt -2.472273 2.691004
vt -0.926018 -0.293187
vt -0.911196 -0.348065
vt 1.164748 -1.803070
vt 1.140414 -1.790968
vt -2.125431 3.393019
vt -2.090955 3.384360
vt 3.441399 -0.593343
vt 3.481613 -0.633624
vt 3.768539 -2.278262
vt 3.816767 -2.055395
vt 3.768539 -2.037202
vt 1.492096 2.980767
vt -2.042647 3.591035
vt -2.090955 3.619931
vt -2.090911 3.411644
vt 1.435077 2.981112
vt 1.577991 2.980348
vt 2.018642 3.379638
vt 1.983405 3.377478
vt -0.631050 3.310809
vt -0.549439 3.303994
vt -0.610256 3.497822
vt -0.644241 3.503451
vt 1.007230 3.251279
vt 1.034056 3.246770
vt 1.007236 3.475655
vt 1.034056 3.479638
vt -0.549439 3.496938
vt 1.313176 3.562055
vt 1.252337 3.561649
vt 1.313172 3.379653
vt 1.252337 3.378801
vt -2.239466 3.375702
vt -2.186271 3.393179
vt 3.573279 2.984390
vt 3.519115 2.969182
vt 2.403143 -1.626803
vt 2.385914 -1.650559
vt -1.658730 2.641132
vt -1.644633 2.645086
vt -1.691102 2.632035
vt 1.349950 -0.844944
vt 1.402804 -0.872428
vt -0.226581 1.882263
vt -0.258022 1.885919
vt -0.213621 0.533854
vt 2.358753 3.597144
vt 2.358753 3.364416
vt 2.385471 3.368683
vt -0.781384 3.504044
vt -0.815904 3.497609
vt -0.794728 3.313883
vt -0.829036 3.310482
vt -0.734001 3.310482
vt 2.403143 -0.867780
vt 2.385914 -0.843820
vt 3.880343 2.063460
vt 3.880494 1.985180
vt 3.880494 2.141807
vt 1.106231 0.459695
vt 1.141444 0.571406
vt 0.227455 -1.663638
vt 0.280351 -1.552769
vt -2.872727 3.694911
vt -2.872727 3.765769
vt -2.872750 3.730326
vt 0.738155 -1.121122
vt 0.560218 -0.885691
vt 0.560231 -0.885441
vt 0.630954 -0.919827
vt 0.687591 -0.974395
vt 0.227669 -1.663766
vt 0.119798 2.708786
vt 0.089294 2.595704
vt 0.058582 2.330446
vt 0.076267 2.005342
vt 0.113607 1.846161
vt -2.949439 3.818972
vt -2.949439 3.694911
vt -2.949338 3.756919
vt -1.925531 2.075514
vt -1.926050 2.075768
vt 1.048448 2.849685
vt 1.039432 2.848300
vt 1.015518 2.844411
vt 1.282787 3.379116
vt -0.918725 -0.320669
vt 1.552310 3.085592
vt 1.535222 2.980419
vt 1.463764 2.980791
vt -0.764365 3.312028
vt -0.811887 3.312114
vt -2.948506 3.741837
vt -2.948638 3.788851
vt -2.948638 3.694910
vt -1.651599 2.643021
vt -2.873066 3.694910
vt -2.873066 3.730910
vt -2.873119 3.713012
vt -2.931064 3.694911
vt -2.931064 3.790192
vt -2.931169 3.742491
vt -2.878047 3.694911
vt -2.878047 3.725661
vt -2.878170 3.710247
vt -0.335263 0.527832
vt -0.416001 0.546328
vt -0.344185 3.465604
vt -0.287595 3.465417
vt -2.873568 3.712960
vt -2.873626 3.731051
vt -2.873626 3.694911
vt -2.872388 3.714027
vt -2.872425 3.733214
vt -2.872425 3.694911
vt -2.875494 3.694910
vt -2.875494 3.721927
vt -2.875602 3.708396
vt -0.239750 3.231439
vt -0.287548 3.229928
vt -0.344162 3.233196
vt 2.788942 -0.518032
vt 2.845124 -0.527562
vt 3.507543 0.402836
vt 0.892596 3.236768
vt 1.015522 3.001542
vt 1.039448 2.997810
vt 1.047516 2.996522
vt 1.048491 2.996364
vt -1.891762 2.218391
vt -1.907493 2.531673
vt -2.908364 3.742151
vt -2.908286 3.694910
vt -2.908286 3.789507
vt 3.881907 2.579523
vt 3.881822 2.707412
vt 3.881822 2.451502
vt 0.360771 -2.716389
vt 0.360861 -2.716616
vt 0.196647 -2.711767
vt 0.869705 1.738969
vt 0.776272 1.832034
vt -0.151784 0.995841
vt 0.711469 2.849962
vt -2.871585 3.694909
vt -2.871585 3.764438
vt -2.871594 3.729643
vt -2.872064 3.694911
vt -2.872064 3.731051
vt -2.872098 3.712971
vt -2.948063 3.931679
vt -2.948115 3.813391
vt -2.948063 3.694911
vt -0.716590 3.541620
vt -0.684461 3.535323
vt -2.931528 3.718531
vt -2.931743 3.741971
vt -2.931743 3.694911
vt 0.615079 3.203701
vt 0.685879 3.176300
vt 0.729271 3.159514
vt 0.751772 3.150789
vt 0.759431 3.147777
vt -0.152164 1.139890
vt 0.862583 1.950823
vt 0.907773 2.090152
vt 0.907319 2.090255
vt -0.150769 1.317632
vt -0.159928 1.316204
vt -0.160052 1.465687
vt -2.869199 3.695154
vt -2.869111 3.694910
vt -2.869111 3.695569
vt 0.922722 2.239322
vt 0.862669 2.376344
vt -0.155235 0.512478
vt 1.350700 -0.536201
vt 1.351601 -0.536078
vt 1.359657 -0.534823
vt -2.872625 3.694911
vt -2.872625 3.730236
vt -2.872669 3.712449
vt -2.886376 3.694911
vt -2.886376 3.766634
vt -2.886452 3.730655
vt -2.938717 3.694911
vt -2.938717 3.818342
vt -2.938806 3.756505
vt 1.572540 -0.501939
vt 1.608220 -0.496469
vt -1.209942 3.463938
vt -1.162532 3.467373
vt -1.105044 3.462887
vt 0.301686 2.533185
vt 0.359466 2.491150
vt 0.438097 2.433990
vt -2.892272 3.712924
vt -2.892441 3.731000
vt -2.892441 3.694911
vt -0.683690 2.932230
vt -0.926019 3.048350
vt -0.909345 3.126876
vt -2.872616 3.722682
vt -2.872616 3.694911
vt -2.872561 3.708805
vt 3.441395 3.389630
vt 3.488783 3.388681
vt 3.546293 3.390121
vt 0.166208 2.116743
vt -1.105023 3.240511
vt -1.162511 3.242161
vt -1.209921 3.240941
vt -2.877738 3.708807
vt -2.877871 3.722749
vt -2.877871 3.694910
vt 1.572433 -0.719282
vt 1.504416 -0.708032
vt 1.376307 -0.858782
vt 1.351586 -0.682972
vt 1.350552 -0.682846
vt -1.935274 0.991170
vt 0.776181 2.495105
vt 0.786960 2.505719
vt 0.818883 2.537511
vt -2.920760 3.736726
vt -2.920658 3.694910
vt -2.920658 3.778619
vt 0.345898 0.669673
vt 0.331614 0.531530
vt -2.935014 3.780066
vt -2.934951 3.694911
vt -2.934951 3.865270
vt 0.318924 0.202790
vt 0.326231 -0.098113
vt 0.326080 -0.098177
vt 0.320699 0.042712
vt 0.318620 0.202704
vt 0.321727 0.368736
vt 0.331340 0.531466
vt -2.906110 3.845431
vt -2.906110 3.694910
vt -2.906062 3.770153
vt 0.359879 0.769744
vt -2.874471 3.730923
vt -2.874471 3.694911
vt -2.874406 3.712805
vt -0.167108 1.615914
vt -0.166222 1.615950
vt -0.158096 1.617370
vt -2.880798 3.694911
vt -2.880768 3.770663
vt -2.880798 3.846627
vt -0.158082 1.467818
vt -0.166170 1.469034
vt -0.167091 1.469258
vt 2.233580 -1.102731
vt 2.233045 -1.102514
vt -2.871507 3.710915
vt -2.871490 3.694911
vt -2.871490 3.726913
vt 2.210108 -1.247186
vt 2.210687 -1.247189
vt 2.592145 -0.502749
vt 2.592300 -0.503703
vt 2.593587 -0.511768
vt 2.597319 -0.535694
vt 2.604392 -0.581986
vt 2.615781 -0.657627
vt 1.020609 3.477759
vt -0.627270 3.500672
vt -0.579880 3.497493
vt -2.452036 2.670996
vt -0.177995 2.356540
vt -2.875205 3.713177
vt -2.875129 3.694911
vt -2.875129 3.731320
vt 2.440194 -0.535737
vt 2.444076 -0.511778
vt -2.868583 3.695734
vt -2.868572 3.694911
vt -2.868572 3.696517
vt 2.445462 -0.502768
vt 2.394603 -1.638792
vt -1.439002 -0.295663
vt -1.767150 -0.225425
vt 3.888872 0.991948
vt 3.888772 1.074569
vt 3.888772 0.909186
vt -1.936365 1.578006
vt -1.936180 1.446148
vt -1.936180 1.710106
vt 1.676190 0.850405
vt 1.878891 1.139947
vt -2.868599 3.694911
vt -2.868599 3.695510
vt -2.868635 3.695190
vt 2.356985 -0.547117
vt 2.357114 -0.548144
vt 2.358366 -0.556249
vt 2.362165 -0.580191
vt -1.576569 3.493880
vt 2.000992 3.378683
vt 3.792660 -2.046199
vt 3.333075 -1.214385
vt 3.262582 -1.225557
vt -2.888044 3.722645
vt -2.888145 3.750299
vt -2.888145 3.694910
vt -2.907434 3.725325
vt -2.907314 3.694911
vt -2.907314 3.755760
vt 2.011470 2.937834
vt 1.978272 2.947444
vt 2.174744 -0.771764
vt -2.952828 3.748600
vt -2.952708 3.694910
vt -2.952708 3.802474
vt 2.197724 -0.626814
vt 2.205096 -0.580354
vt 2.208972 -0.556212
vt -2.869913 3.695830
vt -2.869852 3.694911
vt -2.869852 3.696524
vt 2.210338 -0.547276
vt 1.949196 1.268841
vt 1.963193 1.263816
vt -2.868893 3.694910
vt -2.868893 3.695582
vt -2.868972 3.695343
vt 1.975625 1.412864
vt -0.150941 1.620986
vt -0.152000 1.620819
vt -0.160063 1.619549
vt -0.159938 1.769031
vt -0.151910 1.767729
vt 1.956724 1.558296
vt 1.971631 1.562709
vt 1.894006 1.690515
vt 1.342101 -2.200458
vt 1.341251 -2.200516
vt 1.333154 -2.201834
vt -2.878560 3.694911
vt -2.878560 3.739092
vt -2.878653 3.716967
vt -2.875205 3.694911
vt -2.875205 3.723979
vt -2.875301 3.709423
vt -2.108170 2.989529
vt -2.155819 2.990001
vt -2.212856 2.986547
vt 1.831674 -2.236530
vt 1.763735 -2.214469
vt 1.671434 -2.184577
vt -2.877621 3.722801
vt -2.877687 3.750615
vt -2.877687 3.694910
vt 1.152647 -1.796937
vt 1.333156 -2.052297
vt 1.341176 -2.053641
vt 1.342193 -2.053750
vt 1.664825 1.867752
vt -2.925462 3.741842
vt -2.925562 3.788682
vt -2.925562 3.694911
vt 1.068639 -0.129631
vt 1.058609 0.035661
vt -1.625978 2.743289
vt -1.483466 2.662338
vt -1.490234 2.969764
vt -1.347933 2.888407
vt -1.626093 3.047563
vt -1.363537 3.201933
vt -1.503247 3.272653
vt -1.564684 3.160227
vt -1.433352 3.237479
vt -1.415647 2.775304
vt 3.886538 1.546216
vt 3.886647 1.463661
vt 3.886647 1.628882
vt 3.049666 0.796456
vt 3.042550 0.531119
vt 3.198687 0.532525
vt 3.205588 0.789932
vt 3.328790 0.539392
vt 3.198549 0.297690
vt 3.328664 0.315976
vt 3.120507 0.414313
vt -2.934836 3.773242
vt -2.934904 3.851510
vt -2.934904 3.694911
vt -0.536465 2.757850
vt -0.432347 2.982183
vt -0.545169 3.041265
vt -0.644093 2.828123
vt -0.644242 3.096893
vt -0.548236 3.303994
vt -0.441466 3.264971
vt -0.644241 2.962450
vt -1.936836 1.625359
vt -1.936837 1.853628
vt -1.936957 1.739463
vt -0.494827 3.284637
vt -0.436829 3.123667
vt -0.484339 2.869957
vt 3.881985 0.303689
vt 3.881821 0.370340
vt 3.881821 0.237015
vt -2.318601 2.787132
vt -2.318368 3.193259
vt -2.384112 3.173379
vt -2.246369 2.791319
vt -2.246135 3.205199
vt -2.384112 3.506938
vt 1.932596 -1.352683
vt 1.932596 -0.938485
vt 1.932473 -1.145494
vt -1.938229 1.151646
vt -1.938092 1.369623
vt -1.938229 1.587677
vt -2.282467 2.789044
vt 3.627761 -1.130774
vt 3.562631 -1.523094
vt 3.627761 -1.542392
vt 3.557536 -1.106649
vt 3.491137 -1.506501
vt 3.565401 -1.951048
vt 3.592664 -1.118524
vt 3.883852 0.034886
vt 3.883805 0.246270
vt 3.883805 -0.176614
vt 2.487577 3.504848
vt 2.473808 3.117791
vt 2.543556 3.137222
vt 2.413332 3.502815
vt 2.399264 3.108264
vt 2.543554 2.834710
vt 3.890910 -1.792637
vt 3.890910 -2.206789
vt 3.890947 -1.999824
vt 2.406267 3.305732
vt 2.450450 3.504064
vt 3.504483 -3.148142
vt 3.523304 -2.725657
vt 3.452235 -2.734341
vt 3.579285 -3.153066
vt 3.598501 -2.722463
vt 3.452236 -2.363617
vt 3.879864 -0.570088
vt 3.879864 -0.155937
vt 3.879804 -0.362910
vt 3.588924 -2.937886
vt 3.541886 -3.150869
vt 3.503775 2.046342
vt 3.432181 1.691918
vt 3.503775 1.704970
vt 3.430185 2.052384
vt 3.357210 1.691127
vt -0.225034 0.952177
vt -0.158832 0.918690
vt -0.158905 1.315145
vt 1.943632 -2.003856
vt 1.943632 -1.589623
vt 1.943563 -1.796643
vt 1.932172 -1.797647
vt 1.932292 -1.579730
vt 1.932172 -1.361634
vt 3.467016 2.049600
vt 1.941081 -0.940166
vt 1.941157 -1.151609
vt 1.941157 -0.728459
vt 3.771667 1.606886
vt 3.705766 1.237321
vt 3.771746 1.213605
vt 3.700924 1.632657
vt 3.633741 1.256042
vt 3.711249 0.811089
vt 3.880799 -0.886612
vt 3.880799 -1.300884
vt 3.880854 -1.093848
vt 3.882342 1.393743
vt 3.882293 1.175858
vt 3.882342 0.957706
vt -2.943626 3.732841
vt -2.943782 3.770834
vt -2.943782 3.694910
vt 3.771746 1.410393
vt 3.665681 -0.477679
vt 3.730330 -0.049124
vt 3.656721 -0.038859
vt 3.707796 -0.484853
vt 3.771504 -0.062469
vt 3.771503 -0.058092
vt 3.839010 -0.484853
vt 3.865396 -0.476370
vt 3.799256 -0.058194
vt 3.878702 -0.471910
vt 3.813181 -0.058233
vt -0.224972 1.743420
vt -0.225034 1.324595
vt -0.207108 1.321591
vt -0.207108 1.746174
vt -0.167283 1.315144
vt -0.167283 1.752277
vt 3.697672 0.349212
vt 3.771504 0.341075
vt 3.865454 0.359689
vt 3.878702 0.355349
vt 3.839068 0.368385
vt 3.677166 0.155266
vt 3.892449 0.004812
vt 3.892449 -0.069355
vt 3.892630 -0.032239
vt 3.852348 0.364235
vt 3.872175 0.357714
vt -0.187275 1.749429
vt -2.949210 3.694910
vt -2.949182 3.913467
vt -2.949210 4.132053
vt -0.187320 1.318304
vt -0.216098 1.322838
vt 3.872150 -0.474283
vt -2.875301 3.712788
vt -2.875380 3.730458
vt -2.875380 3.694911
vt 3.686703 -0.481531
vt 3.661155 -0.258479
vt 1.141088 3.463675
vt 1.093740 3.058960
vt 1.167391 3.049801
vt 1.095262 3.457686
vt 1.048609 3.058926
vt 3.864781 -1.524462
vt 3.797223 -1.097826
vt 3.770848 -1.106524
vt 3.836979 -1.524521
vt 3.757450 -1.110749
vt 3.822964 -1.524483
vt 2.536547 2.022307
vt 2.536695 2.441179
vt 2.518739 2.443849
vt 2.518680 2.019415
vt 2.478921 2.449988
vt 2.478921 2.013031
vt 1.122503 2.616975
vt 1.048609 2.623788
vt 3.770749 -1.942556
vt 3.757450 -1.938245
vt 3.797120 -1.951048
vt -1.934600 1.427201
vt -1.934600 0.991170
vt -1.934458 1.209150
vt 3.889642 -3.079073
vt 3.889642 -3.153066
vt 3.889862 -3.116045
vt 3.783723 -1.946914
vt 3.763976 -1.940565
vt 2.498868 2.016003
vt -2.900988 4.131876
vt -2.901003 3.913529
vt -2.900988 3.694910
vt 2.498913 2.447140
vt 2.527801 2.442735
vt 3.764116 -1.108494
vt 3.783916 -1.101968
vt 1.118188 3.460855
vt 3.765651 2.501497
vt 3.765651 2.854595
vt 3.691669 2.849335
vt 3.811338 2.491869
vt 3.811338 2.839869
vt 2.789293 3.684936
vt 2.721957 3.258283
vt 2.749709 3.258225
vt 2.815968 3.676228
vt 2.763534 3.258238
vt 2.829081 3.671955
vt -1.933351 3.622833
vt -1.933291 3.203957
vt -1.915716 3.201093
vt -1.915793 3.625604
vt 3.691670 2.498023
vt -1.876149 3.194752
vt -1.876259 3.631838
vt -1.835315 3.188184
vt -1.835315 3.638281
vt 2.558596 2.825804
vt 2.558596 2.463218
vt 2.589594 2.473246
vt 2.589595 2.841370
vt 2.628446 2.474865
vt 2.628447 2.843928
vt 2.675289 2.475229
vt 2.675494 2.844492
vt 2.809983 2.470106
vt 2.722067 2.843832
vt 2.759499 2.842875
vt 2.808169 2.836709
vt 2.835905 2.460295
vt 2.836112 2.821236
vt 3.694697 -2.278263
vt 3.600452 -2.716182
vt 3.728382 -2.291478
vt 3.687061 -2.721329
vt 3.765416 2.085374
vt 3.811106 2.081920
vt 3.728406 -3.139868
vt 3.677458 -3.153066
vt 2.807925 2.038365
vt 2.759252 2.039740
vt 2.721821 2.039985
vt 2.835871 2.034862
vt 2.829081 2.844493
vt -0.373372 3.602033
vt -0.391017 3.183504
vt -0.373372 3.179910
vt 3.889194 -0.123731
vt 3.889231 -0.342402
vt 3.889231 0.095093
vt 3.890268 0.230097
vt 3.890268 0.304434
vt 3.890057 0.267240
vt 3.788484 2.847398
vt 2.802700 3.680785
vt 2.822591 3.674296
vt -1.924709 3.624414
vt -1.895955 3.628950
vt -1.855820 3.635272
vt 2.574088 2.833753
vt -2.922248 3.694911
vt -2.922248 3.733917
vt -2.922472 3.714397
vt 2.651958 2.844377
vt 2.698769 2.844328
vt 2.740773 2.843519
vt 2.783822 2.839958
vt 2.822133 2.829215
vt 3.711628 -2.284652
vt 3.708338 -2.930508
vt 2.821904 2.036277
vt 2.783601 2.038779
vt 2.740546 2.039673
vt 2.609030 2.473906
vt 2.574102 2.468019
vt -1.855697 3.191267
vt -1.895900 3.197733
vt -0.382329 3.181492
vt 3.788271 2.083386
vt 2.942012 3.253077
vt 2.942008 2.932889
vt 3.016356 2.933596
vt 2.898666 3.267822
vt 2.898666 2.952422
vt 3.811494 0.811089
vt 3.879078 1.237565
vt 3.851219 1.237450
vt 3.785019 0.819571
vt 3.837265 1.237419
vt 3.771746 0.823838
vt -0.052073 3.184679
vt -0.052078 3.603404
vt -0.069888 3.606158
vt -0.069866 3.181771
vt 3.016356 3.252013
vt -0.109584 3.612267
vt -0.109580 3.175264
vt -0.150592 3.618508
vt -0.150592 3.168445
vt 3.295914 -3.138595
vt 3.300787 -2.809863
vt 3.267581 -2.819417
vt 3.262637 -3.153066
vt 3.228593 -2.818069
vt 3.223630 -3.152698
vt 3.181752 -2.814524
vt 3.176796 -3.149295
vt 3.049671 -2.796873
vt 3.130618 -3.144706
vt 3.093588 -3.140414
vt 3.046219 -3.129359
vt 3.354683 -3.153066
vt 3.452235 -2.708781
vt 3.430210 -2.707625
vt 3.334532 -3.145338
vt 3.300787 -3.132220
vt 3.341973 -2.702526
vt 2.956155 3.649780
vt 2.912602 3.658633
vt 3.300781 -2.284068
vt 3.351659 -2.270660
vt 3.071919 -2.385724
vt 3.119441 -2.392337
vt 3.156496 -2.395916
vt 3.046219 -2.377439
vt 3.771746 1.651217
vt -0.663376 3.193295
vt -0.645736 3.611863
vt -0.663376 3.615386
vt -2.933419 3.769238
vt -2.933419 3.694911
vt -2.933280 3.732102
vt -2.910650 3.742640
vt -2.910650 3.694911
vt -2.910492 3.718726
vt 3.798170 0.815115
vt 3.778286 0.821492
vt -0.060907 3.182999
vt -0.089661 3.178292
vt -0.130024 3.171627
vt -2.879543 3.694911
vt -2.879543 3.730514
vt -2.879665 3.712642
vt -2.905968 3.733917
vt -2.905968 3.694911
vt -2.905785 3.714430
vt -2.905785 3.741945
vt -2.905785 3.694911
vt -2.905634 3.718440
vt -2.900456 3.741434
vt -2.900456 3.694911
vt -2.900315 3.718180
vt -2.902343 3.732293
vt -2.902343 3.694910
vt -2.902159 3.713600
vt -2.903284 3.743754
vt -2.903284 3.694911
vt -2.903142 3.719323
vt 3.344492 -3.149516
vt 3.317561 -3.138989
vt 3.320736 -2.493256
vt 3.059076 -2.381441
vt 3.095686 -2.388790
vt 3.137977 -2.393888
vt 3.248087 -2.818546
vt 3.284188 -2.814437
vt -0.130033 3.615596
vt -0.089680 3.609421
vt -0.654485 3.613852
vt 2.934383 3.654442
vt -0.992071 3.438028
vt -1.002579 3.053540
vt -0.928248 3.051965
vt -1.036220 3.424628
vt -1.046579 3.045858
vt 3.835775 -2.726424
vt 3.768114 -2.299835
vt 3.741558 -2.308461
vt 3.807965 -2.726372
vt 3.728382 -2.312684
vt 3.793896 -2.726461
vt 2.193434 2.393617
vt 2.193434 2.812543
vt 2.175837 2.815255
vt 2.175666 2.390794
vt 2.136278 2.821512
vt 2.136193 2.384437
vt -0.928248 2.623622
vt -1.002579 2.622829
vt 3.741657 -3.144500
vt 3.728382 -3.140185
vt 3.768213 -3.153066
vt 3.890057 2.708477
vt 3.890057 2.272493
vt 3.890093 2.490445
vt -0.965395 2.623085
vt 3.754818 -3.148988
vt 3.734900 -3.142548
vt 2.155961 2.387442
vt 2.136181 2.603110
vt 2.155961 2.818674
vt 2.184637 2.814139
vt 3.734934 -2.310345
vt 3.754799 -2.303910
vt -2.905208 3.719506
vt -2.905065 3.694911
vt -2.905065 3.744242
vt 3.883545 -2.496794
vt 3.883498 -2.278309
vt 3.883498 -2.715571
vt 3.647649 2.969670
vt 3.647648 3.360134
vt 3.573385 3.357539
vt 3.689985 2.984644
vt 3.689996 3.369300
vt 3.759094 3.694911
vt 3.691633 3.268290
vt 3.719316 3.268284
vt 3.785497 3.686330
vt 3.733284 3.268314
vt 3.798831 3.682061
vt -1.626859 3.012940
vt -1.644632 2.594411
vt -1.626859 2.590789
vt 3.573385 2.969183
vt 3.680954 0.417619
vt 3.754335 0.405985
vt 3.754257 0.780828
vt 3.640027 0.440907
vt 3.712256 0.798787
vt 3.798831 2.854596
vt -1.934375 3.074080
vt -1.952143 2.655579
vt -1.934375 2.651998
vt 3.880397 -1.127271
vt 3.880397 -0.691235
vt 3.880342 -0.909116
vt 3.610480 3.359105
vt 3.668807 3.364893
vt 3.772552 3.690873
vt 3.792217 3.684382
vt -1.943299 2.653577
vt 3.733287 0.790006
vt -2.502201 2.873712
vt -2.414086 3.077524
vt -2.553783 3.083447
vt -2.646921 2.927267
vt -2.459094 2.857765
vt -0.193303 2.778316
vt -0.193303 2.995710
vt -0.221807 2.993411
vt -0.221078 2.767971
vt -0.256227 2.992645
vt -0.317096 2.992999
vt -0.317071 2.763042
vt -0.370372 2.995568
vt -0.370366 2.772089
vt -1.052814 2.853812
vt -1.052876 3.084447
vt -1.109000 3.075462
vt -1.109130 2.862873
vt -2.614094 3.086026
vt -1.300963 3.045091
vt -1.300885 2.893057
vt -2.647938 3.087496
vt -2.678147 2.938914
vt -1.347929 3.189667
vt -1.251384 3.238898
vt -2.574269 3.263199
vt -2.483950 3.288122
vt -2.605568 2.691003
vt -2.679119 2.748764
vt -1.251312 2.699291
vt -1.174789 2.660295
vt -1.347933 2.748507
vt -0.253255 2.563194
vt -0.218870 2.571106
vt 1.663272 2.578183
vt 1.663272 2.810958
vt 1.636011 2.806726
vt -0.314114 3.229926
vt -0.367482 3.225711
vt 2.142245 3.364417
vt 2.198875 3.587985
vt 2.142245 3.593027
vt -2.664968 3.238151
vt -2.679119 3.234215
vt -2.632384 3.247178
vt -2.642557 2.719796
vt -2.672148 3.236253
vt -2.648781 3.242723
vt -2.932787 3.802475
vt -2.932787 3.694911
vt -2.932692 3.748776
vt -2.879290 3.729027
vt -2.879290 3.694910
vt -2.879167 3.712034
vt -2.882401 3.730641
vt -2.882401 3.694911
vt -2.882264 3.712824
vt -1.213063 2.679697
vt -1.299638 2.723803
vt 2.170440 3.590696
vt -0.340805 3.227941
vt -0.207551 2.994692
vt -1.393820 3.280183
vt -1.393829 3.490058
vt -1.485060 3.476353
vt -1.348870 3.272653
vt -1.348870 3.496820
vt 3.156389 3.440726
vt 3.156389 3.216557
vt 3.183856 3.212447
vt 3.183856 3.445263
vt 3.217837 3.210486
vt 3.217837 3.447255
vt 3.278653 3.210208
vt 3.278653 3.447600
vt 3.332815 3.213469
vt 3.332815 3.444140
vt 1.806049 3.485672
vt 1.806045 3.254999
vt 1.862377 3.263774
vt 1.862445 3.476588
vt 1.947247 3.277169
vt -2.931194 3.694911
vt -2.931194 3.819450
vt -2.931274 3.757060
vt -1.371273 3.493667
vt 3.170122 3.443144
vt 3.200825 3.446409
vt 3.248213 3.447501
vt 3.305723 3.446032
vt 1.834230 3.481269
vt 1.904879 3.270390
vt 3.305745 3.211726
vt 3.248256 3.210311
vt 3.200847 3.211420
vt -2.886805 3.708329
vt -2.887010 3.721907
vt -2.887010 3.694911
vt -1.371373 3.276298
vt -1.439508 3.378185
vt 1.934592 -1.797647
vt 1.934592 -1.587520
vt 1.934398 -1.587903
vt -1.999021 3.208966
vt -1.953617 3.411644
vt -2.051843 3.406479
vt -2.090955 3.231921
vt -1.953617 3.197638
vt 3.629348 1.871874
vt 3.610718 2.051848
vt 3.552628 2.036739
vt 3.520998 1.878052
vt 3.519872 2.028239
vt 3.505697 2.024428
vt 3.504151 2.023932
vt 3.519199 1.878260
vt 3.503799 2.023961
vt 3.518865 1.878300
vt -0.154958 0.219423
vt -0.154958 0.365864
vt -0.155437 0.365869
vt -0.155496 0.219217
vt 3.591436 1.695001
vt 3.535358 1.716786
vt 3.503799 1.729026
vt -2.010724 2.983691
vt -2.881217 3.728474
vt -2.881146 3.694910
vt -2.881146 3.761894
vt -2.872884 3.711145
vt -2.872832 3.694910
vt -2.872832 3.727204
vt 3.519055 1.878166
vt -0.155189 0.219301
vt -0.155475 0.292550
vt -0.155149 0.365962
vt 3.503926 2.024042
vt -2.868465 3.696517
vt -2.868465 3.694911
vt -2.868461 3.695707
vt 3.512725 2.026426
vt 3.536201 2.032586
vt 3.581547 2.044469
vt -2.924205 3.788184
vt -2.924205 3.694911
vt -2.924109 3.741590
vt -2.924942 3.694911
vt -2.924900 3.806044
vt -2.924942 3.917154
vt -2.907158 3.694911
vt -2.907125 3.807045
vt -2.907158 3.919236
vt 3.554593 1.685868
vt 3.503801 1.672633
vt 3.626185 1.249408
vt 3.544844 1.254064
vt 3.589674 1.695000
vt -2.944611 2.733456
vt -2.955374 2.340460
vt -2.929014 2.348111
vt -2.918213 2.747153
vt -2.881246 2.351628
vt -2.870269 2.753104
vt -2.844078 2.352609
vt -2.833042 2.754464
vt -2.710526 2.353253
vt -2.786656 2.755537
vt -2.739689 2.755663
vt -2.700711 2.754014
vt -2.679119 2.346270
vt 3.503799 0.824271
vt 3.537591 0.811089
vt -2.929132 1.901002
vt -2.955374 1.899969
vt -2.797657 1.903176
vt -2.750690 1.903899
vt -2.711683 1.904333
vt -2.880122 3.705759
vt -2.879918 3.694911
vt -2.879918 3.716739
vt -2.916582 3.719513
vt -2.916419 3.694911
vt -2.916419 3.744193
vt -2.894840 3.713622
vt -2.894673 3.694911
vt -2.894673 3.732363
vt -2.809854 2.755217
vt -2.909780 3.718446
vt -2.909939 3.741963
vt -2.909939 3.694910
vt -2.720209 2.755151
vt -1.935939 1.218368
vt -1.936078 1.445183
vt -1.936078 0.991170
vt -2.731171 1.903880
vt -2.774156 1.903305
vt -2.942246 1.900344
vt 3.520669 0.817522
vt 3.572011 1.690624
vt 3.627832 -1.514032
vt 3.716244 -1.519471
vt 3.757450 -1.089578
vt 3.723748 -1.076309
vt -0.370372 2.324997
vt -0.370372 2.726149
vt -0.395026 2.740355
vt -0.393590 2.332987
vt -0.442000 2.748413
vt -0.478860 2.751572
vt -0.524851 2.754977
vt -0.524946 2.344692
vt -0.571542 2.757448
vt -0.571534 2.347370
vt -0.610497 2.757849
vt -0.610474 2.348906
vt -0.644242 2.747142
vt -0.644238 2.344250
vt 1.658859 2.980352
vt 1.658886 3.430413
vt 1.617778 3.424155
vt 1.617777 2.987150
vt 1.578013 3.418034
vt 1.578016 2.993648
vt 3.757444 -1.937951
vt 3.706702 -1.951048
vt -0.415067 1.883770
vt -0.462159 1.886665
vt -0.499033 1.888991
vt -0.390117 1.882263
vt -0.630626 1.897590
vt -0.591716 1.895054
vt -0.402601 1.882658
vt -0.438620 1.884943
vt -0.480606 1.887555
vt -0.611177 1.896057
vt 1.597845 2.990175
vt 1.577991 3.206055
vt 1.597819 3.421300
vt 1.638255 3.427490
vt -2.887194 3.729541
vt -2.887194 3.694911
vt -2.887033 3.712314
vt -2.901560 3.733842
vt -2.901560 3.694911
vt -2.901386 3.714397
vt -2.921643 3.741960
vt -2.921643 3.694910
vt -2.921460 3.718449
vt -2.920760 3.694910
vt -2.920760 3.741487
vt -2.920943 3.718190
vt -2.899725 3.694911
vt -2.899725 3.732355
vt -2.899900 3.713628
vt -2.921643 3.694910
vt -2.921643 3.743962
vt -2.921818 3.719446
vt -2.884346 3.694911
vt -2.884346 3.726718
vt -2.884510 3.710895
vt 3.740697 -1.082751
vt 3.737505 -1.728619
vt 3.640925 2.091094
vt 3.691648 2.104342
vt 3.569367 2.527576
vt 3.650436 2.522804
vt 3.605851 2.081920
vt -0.150592 3.168445
vt -0.150592 2.789562
vt -0.123426 2.774647
vt -0.123632 3.159255
vt -0.075394 2.767790
vt -0.075395 3.154647
vt -0.038179 2.765959
vt -0.038072 3.153119
vt 0.096083 2.765147
vt 0.008423 3.151705
vt 0.055457 3.150873
vt 0.094429 3.151348
vt 0.126372 2.778868
vt 3.691633 2.952632
vt 3.658041 2.965862
vt -2.708426 3.187524
vt -2.683776 3.201866
vt -2.708426 3.592771
vt -2.683784 3.601145
vt 3.450649 -2.362025
vt 3.584012 -2.362178
vt 3.558542 -1.955741
vt 3.511764 -1.956056
vt 3.472796 -1.955624
vt -0.137117 3.164067
vt -0.099524 3.157168
vt -0.056736 3.154143
vt -0.014829 3.152672
vt 0.031930 3.151505
vt -2.922248 3.714357
vt -2.922025 3.694911
vt -2.922025 3.733824
vt 3.492276 -1.955656
vt 3.535139 -1.955624
vt -2.696115 3.597147
vt 3.675002 2.959456
vt 3.671684 2.313626
vt 3.623549 2.086327
vt 3.577643 0.389975
vt 3.526938 0.376573
vt 3.649223 -0.046515
vt 3.568190 -0.041857
vt 3.612637 0.399191
vt -1.621414 2.644674
vt -1.625003 2.228010
vt -1.597850 2.232951
vt -1.594265 2.655889
vt -1.549609 2.235138
vt -1.545945 2.660580
vt -1.512606 2.235695
vt -1.508594 2.661510
vt -1.378836 2.235789
vt -1.462085 2.662239
vt -1.415040 2.662175
vt -1.376087 2.660615
vt -1.347933 2.231225
vt 3.526950 -0.471622
vt 3.560769 -0.484853
vt -1.595857 1.778868
vt -1.622986 1.780648
vt -1.463687 1.778772
vt -1.416645 1.779187
vt -1.377691 1.779797
vt -1.607845 2.650412
vt -1.570112 2.658399
vt -1.527274 2.661220
vt -1.485346 2.662068
vt -1.438572 2.662339
vt -1.395570 2.661578
vt -1.397153 1.779274
vt -1.440149 1.778772
vt -2.887229 3.694911
vt -2.887229 3.728729
vt -2.887394 3.711954
vt 3.543799 -0.478480
vt 3.546854 0.167335
vt 3.595118 0.394726
vt 3.537416 -0.593749
vt 3.489484 -0.596532
vt 3.530440 -1.043281
vt 3.567668 -1.043401
vt 3.574645 -0.593344
vt 3.482556 -1.043581
vt 3.614050 -1.043442
vt 3.590872 -1.043666
vt 3.549061 -1.043484
vt 3.506512 -1.043666
vt -2.906977 3.719577
vt -2.906830 3.694909
vt -2.906830 3.744321
vt 3.556029 -0.593343
vt 0.183219 3.159130
vt 0.230739 3.162948
vt 0.220822 3.564929
vt 0.183859 3.565502
vt 0.146224 3.159321
vt 0.268113 3.566467
vt 0.137770 3.566467
vt 3.882702 -1.850369
vt 3.882748 -2.079422
vt 3.882748 -1.621121
vt 0.160805 3.566341
vt 0.202334 3.565572
vt 0.244470 3.565885
vt 3.883498 1.959674
vt 3.883543 2.187036
vt 3.883498 2.414686
vt -2.926491 3.719311
vt -2.926687 3.743636
vt -2.926687 3.694910
vt -2.916335 3.713580
vt -2.916120 3.694910
vt -2.916120 3.732286
vt 3.064700 3.389843
vt 3.016393 3.387872
vt 3.064704 2.933120
vt 3.102057 2.933100
vt 3.102052 3.390241
vt 3.016393 2.933787
vt 3.148561 2.933093
vt 3.883705 -0.139275
vt 3.883661 0.089564
vt 3.883661 -0.368402
vt 3.125324 2.932889
vt 3.083394 2.932892
vt 3.040565 2.933238
vt 3.880849 1.870810
vt 3.880799 1.643449
vt 3.880849 1.415797
vt 3.040535 3.389039
vt 3.083375 3.390318
vt 3.798831 3.304605
vt 3.798831 2.854595
vt 3.839701 2.861180
vt 3.839584 3.298297
vt 3.879268 2.867566
vt 3.879091 3.292160
vt -1.627178 3.188320
vt -1.627178 3.630439
vt -1.659735 3.637441
vt -1.659730 3.188501
vt 3.859405 3.295448
vt 3.879210 3.079741
vt 3.859431 2.864320
vt 3.819366 2.857681
vt -1.643439 3.188185
vt -1.659754 3.413108
vt -1.643459 3.634135
vt 3.819184 3.301732
vt 3.503799 1.242798
vt 3.433559 1.687298
vt 3.393666 1.674558
vt 3.462293 1.242784
vt 3.355317 1.662146
vt 3.421762 1.242827
vt 3.805891 2.067515
vt 3.805879 1.666766
vt 3.839653 1.655822
vt 3.839653 2.062788
vt 3.393725 0.811089
vt 3.355317 0.823537
vt 3.374350 0.817143
vt 3.374432 1.668517
vt 3.413560 1.681115
vt 3.822734 2.065514
vt -1.939103 0.991170
vt -1.938961 1.219612
vt -1.939103 1.448127
vt -2.904495 3.712387
vt -2.904294 3.694909
vt -2.904294 3.729705
vt 2.112300 2.384437
vt 2.112300 1.934430
vt 2.153381 1.941002
vt 2.153648 2.378168
vt 2.193257 1.947403
vt 2.193433 2.371955
vt 3.870360 -1.041478
vt 3.870357 -0.592376
vt 3.838560 -0.587642
vt 3.838560 -1.043666
vt 2.173563 2.375254
vt 2.173414 1.944010
vt 2.132845 1.937465
vt 3.854472 -1.042789
vt 3.879859 -2.696113
vt 3.879804 -2.924454
vt 3.879859 -3.153066
vt 3.854459 -0.589722
vt 2.132997 2.381495
vt 1.939280 -1.810068
vt 1.894819 -2.238812
vt 1.939280 -2.245207
vt -2.386636 2.691005
vt -2.386636 3.122923
vt -2.414088 3.118509
vt 1.917034 -2.242258
vt -2.400500 2.904718
vt -2.400586 3.120987
vt 3.884264 -1.757571
vt 3.884219 -1.540063
vt 3.884219 -1.975356
vt 3.765340 1.655821
vt 3.805879 2.040215
vt 3.765315 2.059361
vt -1.077953 3.670693
vt -1.077953 3.238898
vt -1.050524 3.243140
vt -2.914348 3.694911
vt -2.914348 3.742859
vt -2.914511 3.718926
vt -1.064205 3.457129
vt -1.064177 3.240791
vt -1.934375 2.651998
vt -1.978275 2.229872
vt -1.934375 2.226688
vt 1.663493 2.146226
vt 1.663493 2.578183
vt 1.636012 2.573884
vt -1.956327 2.228137
vt 1.649609 2.576177
vt 3.881397 0.868854
vt 3.881346 1.086475
vt 3.881346 0.651121
vt 3.699770 -1.040105
vt 3.731511 -0.606207
vt 3.684561 -0.603168
vt 3.652843 -1.036747
vt 3.645693 -0.601971
vt 3.614050 -1.034537
vt 3.614050 -0.609728
vt 3.746208 -1.043666
vt 3.633437 -1.035910
vt 3.888272 1.069005
vt 3.888310 0.842012
vt 3.888310 1.296176
vt 3.629881 -0.605607
vt 3.665140 -0.602264
vt 3.708035 -0.604529
vt 3.880798 2.757401
vt 3.880847 2.986808
vt 3.880798 3.215922
vt 3.722986 -1.042076
vt 3.676304 -1.038623
vt 3.792718 -1.038810
vt 3.831609 -0.587292
vt 3.785072 -0.582682
vt 3.746208 -1.033776
vt 3.746208 -0.579536
vt 3.838560 -1.043666
vt 3.882294 2.459919
vt 3.882340 2.231290
vt 3.882340 2.688977
vt 3.765640 -0.580905
vt 3.808338 -0.584704
vt 3.880799 -1.860191
vt 3.880849 -1.630750
vt 3.880799 -1.401742
vt -2.908074 3.718162
vt -2.907916 3.694910
vt -2.907916 3.741447
vt 3.769446 -1.036474
vt 3.679782 2.053717
vt 3.646157 1.640180
vt 3.692860 1.635201
vt 3.726465 2.048524
vt 3.731788 1.632657
vt 3.765316 2.045009
vt 3.765272 1.641185
vt 3.633742 2.059365
vt 3.745912 2.047094
vt 3.748532 1.636772
vt 3.712327 1.633772
vt 3.669514 1.637540
vt 3.639929 1.849674
vt 3.656781 2.056869
vt 3.703144 2.051454
vt -2.814239 3.270151
vt -2.710432 3.342720
vt -2.814239 3.450960
vt -2.766284 3.514492
vt -2.790292 3.482784
vt -2.762305 3.306378
vt -2.471748 3.532138
vt -2.575327 3.459562
vt -2.471748 3.351678
vt -2.519607 3.288123
vt -2.495476 3.319821
vt 2.112300 2.434741
vt 1.986849 2.450821
vt 1.991571 2.301456
vt 1.913358 2.286682
vt 1.996063 2.160472
vt 1.929510 2.137681
vt 1.905759 2.111067
vt 1.886183 2.044006
vt 2.030983 2.156005
vt 2.062888 2.140753
vt 2.088721 2.116634
vt 2.105674 2.085561
vt 1.892805 2.009309
vt 1.909759 1.978236
vt 1.935490 1.953931
vt 2.112300 2.050865
vt 2.107765 2.015712
vt 1.967496 1.938865
vt 2.002617 1.934430
vt 2.092606 1.983639
vt 2.068407 1.957996
vt 2.037338 1.940937
vt 1.862551 2.427344
vt 1.755033 2.118569
vt 1.788839 2.190453
vt 1.664817 2.274428
vt 1.751657 2.366633
vt 2.046997 2.148470
vt 2.075893 2.128766
vt 2.097313 2.101151
vt 2.109042 2.068178
vt 2.100299 1.999729
vt 2.080560 1.970783
vt 2.052855 1.949347
vt 1.985014 1.936549
vt 1.901186 1.993711
vt 1.709839 2.196430
vt 1.708175 2.320575
vt 2.049642 2.442861
vt 3.293174 -2.059360
vt 3.166684 -2.058923
vt 3.189409 -2.206491
vt 3.268984 -2.206798
vt 3.113601 -2.230775
vt 3.177228 -2.356692
vt 3.148553 -2.377439
vt 3.049091 -2.277361
vt 3.046219 -2.097571
vt 3.229939 -2.058923
vt 3.281159 -2.133175
vt -2.679119 3.288123
vt -2.575330 3.360330
vt -2.679061 3.469087
vt -2.631069 3.532380
vt -2.655061 3.500853
vt -2.603111 3.446429
vt -2.891375 3.694911
vt -2.891327 3.757439
vt -2.891375 3.819922
vt 2.836165 2.472085
vt 2.836111 2.034862
vt 2.875753 2.041314
vt 2.875823 2.465916
vt 2.893544 2.044196
vt 2.884713 2.042553
vt 2.856007 2.037888
vt 2.836111 2.253578
vt 2.856035 2.469225
vt 2.893027 2.472086
vt 2.893310 2.909155
vt 2.853714 2.902994
vt 2.853527 2.478540
vt 2.836111 2.900303
vt 2.844757 2.689305
vt 2.844906 2.901899
vt 2.873417 2.906268
vt 2.893310 2.690584
vt 2.873254 2.475120
vt 0.776008 3.452690
vt 0.859366 3.431903
vt 0.859348 3.648688
vt 0.843232 3.246772
vt 0.851424 3.339360
vt 1.749619 3.476624
vt 1.664817 3.463209
vt 1.749665 3.263824
vt 1.806049 3.255000
vt 1.806049 3.485673
vt 1.172555 3.162661
vt 1.172555 2.936014
vt 1.224929 2.937425
vt 1.224933 3.170682
vt 1.285722 2.938198
vt 1.285764 3.170828
vt 1.230632 3.378801
vt 1.291403 3.378448
vt 1.320546 3.167139
vt 1.261008 3.378784
vt 1.943266 -2.127730
vt 1.943143 -2.010259
vt 1.943143 -2.245207
vt -2.874724 3.694911
vt -2.874724 3.755759
vt -2.874764 3.725304
vt 1.198756 2.936603
vt 1.707194 3.363418
vt 1.707227 3.470063
vt 1.777836 3.481302
vt -2.870536 3.491832
vt -2.955374 3.478489
vt -2.870518 3.278980
vt -2.814239 3.270151
vt -2.814239 3.500848
vt 0.859366 3.470622
vt 0.859367 3.261804
vt 0.911569 3.247768
vt 0.911569 3.462693
vt 0.972341 3.246771
vt 0.972341 3.461101
vt 1.007231 3.252595
vt 1.007231 3.463387
vt 0.885461 3.466781
vt 0.941947 3.462017
vt 0.989787 3.462451
vt -2.912985 3.378632
vt -2.912991 3.485278
vt -2.842417 3.496565
vt 3.771503 0.574403
vt 3.854935 0.553589
vt 3.854706 0.770279
vt 3.806336 0.800514
vt 3.838646 0.368384
vt 3.830549 0.785511
vt 3.854935 0.661949
vt 3.846889 0.460951
vt -2.954397 3.803151
vt -2.954337 3.694911
vt -2.954337 3.911594
vt 3.880342 3.485978
vt 3.880444 3.371645
vt 3.880444 3.600436
vt -2.386088 3.516733
vt -2.471748 3.524623
vt -2.438397 3.310496
vt -2.386088 3.288123
vt -2.412306 3.299237
vt -2.428881 3.520717
vt 0.443367 2.549908
vt 0.479334 2.555477
vt 0.443367 2.998094
vt 1.636012 1.709956
vt 1.663261 2.134445
vt 1.636012 2.146224
vt -2.880485 3.716713
vt -2.880485 3.694911
vt -2.880279 3.705746
vt 3.885146 2.595780
vt 3.885189 2.817975
vt 3.885146 3.039889
vt 0.461371 2.552502
vt -0.153565 0.684244
vt -0.153432 0.458300
vt -0.153432 0.910588
vt 3.871570 -2.704729
vt 3.835775 -2.710453
vt 3.871570 -3.153066
vt 0.479835 3.578865
vt 0.454616 3.173823
vt 0.479835 3.159130
vt -2.880769 3.716556
vt -2.880769 3.694910
vt -2.880559 3.705699
vt 3.853600 -2.707362
vt 3.890521 0.331447
vt 3.890487 0.557281
vt 3.890487 0.105188
vt 3.835775 -2.704729
vt 3.871490 -2.699125
vt 3.835775 -2.256474
vt -0.670300 2.742367
vt -0.645736 3.184859
vt -0.670300 3.193295
vt -0.658018 3.189193
vt 3.853643 -2.477684
vt 3.853727 -2.702096
vt 2.877411 3.341171
vt 2.849899 3.336710
vt 2.877411 2.909155
vt 2.849886 2.913399
vt 2.836112 3.334505
vt 2.863595 2.911072
vt 2.842944 3.335834
vt 2.863583 3.339170
vt -0.432347 2.757849
vt -0.404912 2.762176
vt -0.432046 3.189768
vt -0.404501 3.185327
vt -0.391017 2.764270
vt -0.418274 3.187789
vt -0.397720 2.974875
vt -0.397932 2.763050
vt -0.418501 2.759791
vt -0.432347 2.973981
vt 0.712190 3.236382
vt 0.739461 3.240733
vt 0.712190 3.668303
vt 0.739530 3.663959
vt 0.753233 3.242921
vt 0.725934 3.666338
vt 0.746471 3.453563
vt 0.746487 3.241631
vt 0.725968 3.238362
vt 1.320738 2.941266
vt 1.379513 3.168110
vt 1.320547 3.181964
vt 1.372045 2.936014
vt 1.429154 3.156449
vt 1.370067 3.410850
vt 1.429154 3.397510
vt 1.399594 3.404280
vt 3.884218 1.528838
vt 3.884301 1.646455
vt 3.884218 1.764215
vt -2.903399 3.694911
vt -2.903369 3.810126
vt -2.903399 3.925586
vt 1.346361 2.938486
vt 1.320598 3.061592
vt 2.836111 3.367111
vt 2.894473 3.549223
vt 2.836111 3.566388
vt 2.884666 3.341171
vt 2.865309 3.557893
vt 2.860355 3.354000
vt -0.927909 1.757968
vt -0.927794 1.639406
vt -0.927794 1.876604
vt 2.963698 -0.501294
vt 2.963689 -0.701993
vt 3.024540 -0.702069
vt 2.910555 -0.491451
vt 2.910555 -0.686351
vt 3.712247 -2.047643
vt 3.712247 -2.278262
vt 3.768425 -2.269331
vt 3.768421 -2.056516
vt 2.994146 -0.702129
vt 2.937132 -0.694281
vt 3.740317 -2.051973
vt 3.768539 -2.162971
vt 3.740457 -2.273886
vt 2.937117 -0.496254
vt 2.994152 -0.601613
vt 2.690109 -0.512817
vt 2.629261 -0.512524
vt 2.690102 -0.749061
vt 2.724526 -0.747863
vt 2.724535 -0.515519
vt 2.752999 -0.745207
vt 2.752999 -0.521409
vt 3.469742 3.615879
vt 3.469742 3.391636
vt 3.515160 3.398978
vt 3.515214 3.608900
vt -2.885975 3.708681
vt -2.885780 3.694910
vt -2.885780 3.722203
vt 3.492631 3.612564
vt 3.515315 3.503920
vt 3.492505 3.395201
vt 2.738761 -0.746685
vt -2.884290 3.731078
vt -2.884290 3.694910
vt -2.884147 3.713061
vt 2.659673 -0.512580
vt 2.707323 -0.514046
vt -2.090976 3.393185
vt -2.090968 3.617555
vt -2.136196 3.610747
vt -2.136193 3.400731
vt -2.907842 3.694910
vt -2.907842 3.865565
vt -2.907885 3.780344
vt 2.523804 2.454311
vt 2.523632 2.678602
vt 2.479002 2.671588
vt 2.479073 2.461601
vt 2.550346 2.449988
vt 2.550346 2.682795
vt 2.478921 2.566642
vt 2.501298 2.675201
vt -2.879330 3.694911
vt -2.879330 3.731282
vt -2.879447 3.713007
vt -2.878496 3.694911
vt -2.878475 3.788672
vt -2.878496 3.882498
vt 2.537089 2.452042
vt 2.501452 2.457870
vt -2.162544 3.400571
vt -2.136196 3.623341
vt -2.182222 3.621577
vt -2.136219 3.393179
vt -2.159185 3.622543
vt -2.149414 3.396749
vt 3.450381 3.614453
vt 3.424426 3.391635
vt 3.469741 3.393676
vt 3.424497 3.621652
vt 3.447042 3.392593
vt 3.437507 3.618150
vt -0.213621 0.690126
vt -0.154247 0.678668
vt -0.154247 0.854865
vt -0.159127 0.522794
vt -0.156581 0.600771
vt 3.884218 1.314262
vt 3.884330 1.226215
vt 3.884330 1.402277
vt -0.183972 0.772532
vt 3.712246 -2.105539
vt 3.651448 -2.105482
vt 3.684229 -2.278262
vt 3.626455 -2.259516
vt 3.627584 -1.951444
vt 3.599563 -1.960438
vt 3.621587 -2.105481
vt 3.598916 -1.960680
vt 3.598501 -1.960773
vt 3.620861 -2.105486
vt -0.154285 1.043395
vt -0.154285 1.189823
vt -0.154593 1.189908
vt -0.154652 1.043450
vt -0.154438 1.043317
vt -2.922715 3.841371
vt -2.922775 3.768047
vt -2.922715 3.694910
vt -0.154440 1.189986
vt 3.598691 -1.960608
vt 3.599209 -1.960549
vt 3.613601 -1.955721
vt 3.669948 -2.028389
vt 3.698290 -2.191917
vt 0.537632 3.579576
vt 0.481906 3.407639
vt 0.540871 3.398735
vt 0.590821 3.552988
vt 0.541103 3.236381
vt 0.574386 3.241825
vt 0.574178 3.393516
vt 0.588888 3.244130
vt 0.588713 3.391251
vt 0.590525 3.244384
vt 0.590310 3.391068
vt 0.590821 3.244431
vt 0.590642 3.390903
vt -0.158206 0.219090
vt -0.158851 0.072615
vt -0.158383 0.072541
vt -0.157725 0.219232
vt -0.157725 0.072436
vt 0.581460 3.392494
vt 0.590481 3.391096
vt -0.157979 0.219272
vt -2.868436 3.695530
vt -2.868436 3.694910
vt -2.868428 3.695199
vt -2.868457 3.694911
vt -2.868395 3.695001
vt 0.509743 3.493711
vt 0.564252 3.566392
vt 3.024583 -0.491451
vt 3.024592 -0.672382
vt 3.083838 -0.662561
vt 3.083784 -0.500424
vt 3.117175 -0.657208
vt 3.117197 -0.505482
vt 3.131668 -0.654950
vt 3.131692 -0.507812
vt 3.133343 -0.654604
vt 3.133284 -0.508148
vt 3.133651 -0.654519
vt 3.133651 -0.508093
vt -0.158224 0.365919
vt -0.158245 0.219488
vt -0.157725 0.219273
vt -0.157725 0.365934
vt 3.100530 -0.502852
vt 3.124495 -0.506549
vt -2.868452 3.695471
vt -2.868457 3.696022
vt -2.868457 3.694911
vt 3.133497 -0.508015
vt -0.158014 0.366027
vt -0.158032 0.219356
vt 3.133495 -0.654681
vt 3.132495 -0.654892
vt 3.124471 -0.656101
vt 3.100545 -0.659904
vt 3.054272 -0.667503
vt 3.024541 -0.581893
vt 3.054271 -0.495741
vt -2.241117 3.574069
vt -2.241117 3.393179
vt -2.182253 3.402570
vt -2.182358 3.564793
vt -2.182222 3.483615
vt -2.896082 3.728749
vt -2.896176 3.762792
vt -2.896176 3.694911
vt 3.076024 3.390318
vt 3.134803 3.561553
vt 3.076024 3.572008
vt 3.105388 3.566839
vt 3.105446 3.475867
vt 1.942150 -2.245207
vt 1.942294 -2.029042
vt 1.942150 -2.028855
vt 3.076024 3.390318
vt 3.076024 3.571234
vt 3.016469 3.561897
vt 3.016393 3.399710
vt 3.046153 3.566645
vt 3.046088 3.394924
vt -1.700996 3.361854
vt -1.735889 3.507315
vt -1.774570 3.331576
vt -1.700996 3.211153
vt -1.728036 3.188182
vt -1.835314 3.279996
vt 2.042428 3.555487
vt 1.989376 3.408808
vt 2.042428 3.379638
vt 2.013596 3.560976
vt 1.963744 3.422917
vt 2.012964 3.561096
vt 1.963153 3.423248
vt 2.012543 3.561176
vt 1.962761 3.423476
vt 2.525044 2.832694
vt 2.511275 2.686921
vt 2.511483 2.686867
vt 2.525488 2.832691
vt 2.513143 2.686438
vt 2.527057 2.832796
vt 2.527287 2.682796
vt 2.015785 3.394156
vt -2.868650 3.694910
vt -2.868650 3.695446
vt -2.868712 3.695146
vt 2.525285 2.832765
vt 2.526190 2.832843
vt 2.527287 2.757799
vt 2.520196 2.684533
vt 2.512292 2.686569
vt 2.511253 2.686837
vt 2.012770 3.561221
vt 2.013190 3.561141
vt 2.027925 3.558336
vt 3.887940 1.532786
vt 3.887842 1.620617
vt 3.887843 1.444829
vt 3.573448 3.375139
vt 3.626411 3.521925
vt 3.573385 3.551376
vt 3.602238 3.369519
vt 3.652114 3.507697
vt 3.602891 3.369391
vt 3.652678 3.507376
vt 3.603354 3.369301
vt 3.653059 3.507082
vt -0.501869 3.494650
vt -0.549418 3.356116
vt -0.549153 3.355975
vt -0.501521 3.494709
vt -0.547688 3.355206
vt -0.499933 3.494357
vt -0.534714 3.348339
vt -0.485469 3.491813
vt -0.504935 3.332404
vt -0.452218 3.485959
vt -0.452197 3.303995
vt 3.599939 3.536752
vt 3.652444 3.507636
vt 3.652931 3.507327
vt -0.501673 3.494790
vt -0.492689 3.493201
vt -0.468841 3.489007
vt -2.868406 3.695017
vt -2.868395 3.694911
vt -2.868395 3.695123
vt -2.868406 3.695246
vt -2.868412 3.695541
vt -2.868412 3.694910
vt 2.198918 3.370316
vt 2.252275 3.516855
vt 2.198876 3.546504
vt 2.227835 3.364645
vt 2.277928 3.502617
vt 2.228501 3.364522
vt 2.278667 3.502280
vt 2.228952 3.364444
vt 2.278872 3.502093
vt -0.876586 3.310525
vt -0.829059 3.449062
vt -0.829252 3.449206
vt -0.876791 3.310604
vt -0.830865 3.449988
vt -0.878494 3.310900
vt -0.843859 3.456880
vt -0.892902 3.313413
vt -0.873486 3.472662
vt -0.926019 3.319221
vt -0.926019 3.500678
vt -2.897562 3.761333
vt -2.897562 3.694911
vt -2.897465 3.728220
vt 2.265146 3.509810
vt -2.869287 3.695604
vt -2.869287 3.694910
vt -2.869200 3.695151
vt -0.877657 3.310667
vt -0.885715 3.312072
vt -0.909369 3.316213
vt 3.887062 -2.279553
vt 3.886964 -2.370353
vt 3.887062 -2.461029
vt -0.899629 3.486735
vt -0.858554 3.464827
vt -0.837245 3.453479
vt -0.830043 3.449670
vt -0.829037 3.449189
vt 2.228690 3.364417
vt 2.228229 3.364476
vt 2.213343 3.367428
vt 1.252287 3.554579
vt 1.199255 3.407937
vt 1.252337 3.378803
vt 1.223409 3.560075
vt 1.173409 3.422052
vt 1.222834 3.560122
vt 1.172929 3.422367
vt 1.222336 3.560243
vt 1.172555 3.422571
vt 3.186622 -0.679951
vt 3.234450 -0.541590
vt 3.234210 -0.541427
vt 3.186181 -0.679904
vt 3.232805 -0.540645
vt 3.184633 -0.679619
vt 3.219702 -0.533740
vt 3.170177 -0.677047
vt 3.189816 -0.517909
vt 3.136893 -0.671151
vt 3.136691 -0.489866
vt 1.225795 3.393238
vt 3.186412 -0.680003
vt -2.869975 3.696628
vt -2.869975 3.694910
vt -2.869914 3.695883
vt 3.177522 -0.678392
vt 3.153440 -0.674199
vt 3.136691 -0.580565
vt 3.163348 -0.503808
vt 3.204856 -0.525746
vt 3.226247 -0.537149
vt 3.233500 -0.540983
vt 3.234429 -0.541440
vt 1.222625 3.560220
vt 1.223168 3.560143
vt 1.237807 3.557433
vt 2.358547 3.540420
vt 2.305469 3.393819
vt 2.358753 3.364417
vt 2.329592 3.546001
vt 2.279562 3.408031
vt 2.328928 3.546136
vt 2.278872 3.408335
vt 2.328480 3.546232
vt -0.155059 1.041851
vt -0.155481 1.170231
vt -0.155481 1.041812
vt 2.480865 2.682960
vt 2.495108 2.828662
vt 2.494902 2.828739
vt 2.480579 2.682912
vt 2.493151 2.829197
vt 2.478964 2.682795
vt 2.478921 2.832903
vt 2.331909 3.379017
vt 2.292421 3.400836
vt 2.279118 3.408105
vt -0.155274 1.041712
vt 2.480783 2.682833
vt 2.479743 2.682808
vt 2.486166 2.831054
vt 2.494053 2.829004
vt 2.328695 3.546258
vt 2.329354 3.546166
vt 2.344062 3.543295
vt 2.358753 3.452464
vt -2.042569 3.417252
vt -1.989549 3.564077
vt -2.042647 3.593606
vt -2.013750 3.411644
vt -2.016040 3.578870
vt -2.871614 3.712389
vt -2.871594 3.694911
vt -2.871594 3.729846
vt -2.042647 3.505411
vt 2.042428 3.379638
vt 2.121805 3.385567
vt 2.089131 3.523081
vt 2.121805 3.536539
vt 2.082081 3.382524
vt 2.554615 2.013031
vt 2.554615 2.437543
vt 2.536696 2.434731
vt 2.545472 2.436351
vt -0.927730 1.298730
vt -0.927606 1.510887
vt -0.927730 1.723243
vt 2.545533 2.223792
vt -0.373261 3.176397
vt -0.391016 3.179910
vt -0.390893 2.757849
vt -0.391016 2.968756
vt -0.382199 3.178280
vt 3.883498 -0.513341
vt 3.883498 -0.932265
vt 3.883547 -0.722938
vt 2.877411 2.912804
vt 2.895114 2.909155
vt 2.895114 3.331160
vt 2.886180 2.910757
vt 0.770871 3.654894
vt 0.753233 3.658440
vt 0.753343 3.236382
vt 0.753233 3.447360
vt 0.762200 3.656807
vt 3.879805 -0.616039
vt 3.879805 -1.034923
vt 3.879864 -0.825543
vt -1.973903 3.423854
vt -1.942538 3.411643
vt -1.942538 3.572084
vt -1.957168 3.572884
vt -1.987788 3.429034
vt -1.958783 3.572987
vt -1.989228 3.429659
vt -1.959057 3.573014
vt -1.989550 3.429759
vt -0.157794 0.366146
vt -0.157794 0.512613
vt -0.158245 0.512584
vt -0.158244 0.366027
vt -0.155326 0.072444
vt -0.154751 0.219001
vt -0.155496 0.219174
vt -1.988491 3.429319
vt -1.989467 3.429632
vt -2.868819 3.695098
vt -2.868714 3.694911
vt -2.868714 3.695354
vt -0.155496 0.145880
vt -0.155146 0.219217
vt -0.158008 0.512721
vt -1.958017 3.572999
vt -1.949798 3.572598
vt -1.958375 3.417596
vt -1.980911 3.426348
vt -1.978196 2.803723
vt -1.978275 2.651999
vt -1.963747 2.654307
vt -1.963600 2.801250
vt -1.962170 2.654624
vt -2.886242 3.768326
vt -2.886279 3.841544
vt -2.886279 3.694911
vt -1.962881 2.654266
vt -1.970971 2.653052
vt -1.978275 2.727962
vt -1.970899 2.802607
vt 2.496939 2.686595
vt 2.511254 2.682796
vt 2.511254 2.832819
vt 2.509563 2.832813
vt 2.495378 2.686972
vt 2.509227 2.832814
vt 2.495109 2.687030
vt -0.153567 0.072581
vt -0.153567 0.219050
vt -0.154143 0.219020
vt -0.154174 0.072429
vt -0.154673 0.219249
vt -0.154643 0.072445
vt 2.495261 2.686877
vt -0.153764 0.072475
vt -0.154751 0.145784
vt -0.154355 0.219234
vt 2.509344 2.832910
vt 2.510365 2.832920
vt -2.916636 3.694910
vt -2.916582 3.770023
vt -2.916636 3.844939
vt 2.504046 2.684654
vt 2.496101 2.686736
vn 0.1601 -0.9871 -0.0082
vn -0.0043 -1.0000 0.0012
vn 0.0866 -0.9960 -0.0204
vn 0.2725 -0.9581 -0.0886
vn 0.5913 -0.7832 -0.1923
vn 0.6228 -0.7824 -0.0018
vn 0.8734 -0.3957 -0.2838
vn 0.9184 -0.3957 -0.0000
vn 0.9458 -0.1049 -0.3073
vn 0.9945 -0.1049 0.0000
vn 0.9507 -0.0264 -0.3089
vn 0.9997 -0.0264 0.0000
vn 0.9511 0.0012 -0.3089
vn 1.0000 0.0012 -0.0000
vn 0.9496 0.0554 -0.3085
vn 0.9985 0.0554 -0.0000
vn 0.8945 0.3397 -0.2906
vn 0.9405 0.3397 -0.0000
vn 0.6658 0.7141 -0.2163
vn 0.7001 0.7141 -0.0000
vn 0.4639 0.8729 -0.1508
vn 0.4871 0.8733 -0.0005
vn 0.3770 0.9181 -0.1224
vn 0.4010 0.9161 -0.0002
vn 0.9507 0.0333 -0.3084
vn 0.9960 -0.0092 -0.0886
vn 0.5176 -0.8390 -0.1681
vn 0.5416 -0.8407 -0.0012
vn 0.7648 -0.5944 -0.2485
vn 0.8042 -0.5944 0.0000
vn 0.9394 -0.1563 -0.3052
vn 0.9877 -0.1563 -0.0020
vn 0.9274 0.2215 -0.3013
vn 0.9610 0.2764 0.0036
vn 0.8522 0.4432 -0.2780
vn 0.8310 0.5560 -0.0155
vn 0.7156 0.6564 -0.2390
vn 0.0848 -0.9963 0.0161
vn 0.5667 0.8024 -0.1869
vn 0.5849 0.8111 0.0010
vn 0.0724 -0.9958 0.0563
vn 0.1071 -0.9851 0.1343
vn 0.2340 -0.9580 0.1659
vn 0.5043 -0.7826 0.3649
vn 0.3756 -0.7740 0.5098
vn 0.7430 -0.3957 0.5398
vn 0.5398 -0.3957 0.7429
vn 0.8046 -0.1049 0.5845
vn 0.5847 -0.1049 0.8045
vn 0.8087 -0.0264 0.5876
vn 0.5876 -0.0263 0.8087
vn 0.8090 0.0012 0.5878
vn 0.5878 0.0012 0.8090
vn 0.8066 0.0241 0.5906
vn 0.5849 0.0537 0.8093
vn 0.6301 0.5692 0.5282
vn 0.5465 0.3397 0.7655
vn 0.4093 0.7152 0.5665
vn 0.4631 0.8225 0.3301
vn 0.2871 0.8731 0.3941
vn 0.3205 0.9180 0.2335
vn 0.2349 0.9169 0.3227
vn 0.8084 0.0334 0.5877
vn 0.6571 -0.0041 0.7538
vn 0.4402 -0.8389 0.3200
vn 0.3202 -0.8399 0.4383
vn 0.6496 -0.5940 0.4745
vn 0.4728 -0.5944 0.6506
vn 0.7982 -0.1554 0.5821
vn 0.5824 -0.1519 0.7986
vn 0.7890 0.2198 0.5737
vn 0.5994 0.3234 0.7322
vn 0.7025 0.4722 0.5325
vn 0.5710 0.7030 0.4239
vn 0.4799 0.5956 0.6442
vn 0.0351 -0.9969 0.0709
vn 0.3468 0.8042 0.4828
vn -0.0015 -0.9957 0.0929
vn -0.0493 -0.9840 0.1713
vn 0.0032 -0.9580 0.2866
vn 0.0013 -0.7826 0.6225
vn -0.1920 -0.7733 0.6042
vn -0.0000 -0.3957 0.9184
vn -0.2841 -0.3957 0.8733
vn -0.0001 -0.1049 0.9945
vn -0.3073 -0.1049 0.9458
vn 0.0000 -0.0264 0.9997
vn -0.3087 -0.0264 0.9508
vn 0.0000 0.0012 1.0000
vn -0.3090 0.0012 0.9511
vn -0.0011 0.0268 0.9996
vn -0.3110 0.0538 0.9489
vn -0.0595 0.5738 0.8168
vn -0.2993 0.3392 0.8918
vn -0.2188 0.7157 0.6633
vn 0.0051 0.8279 0.5609
vn -0.1493 0.8734 0.4636
vn -0.0010 0.9180 0.3965
vn -0.1234 0.9158 0.3823
vn -0.0009 0.0334 0.9994
vn -0.2135 -0.0095 0.9769
vn -0.0002 -0.8390 0.5442
vn -0.1639 -0.8415 0.5149
vn -0.0011 -0.5939 0.8046
vn -0.2483 -0.5944 0.7649
vn -0.0015 -0.1547 0.9880
vn -0.3031 -0.1562 0.9401
vn -0.0010 0.2203 0.9754
vn -0.3005 0.2218 0.9277
vn -0.0049 0.4636 0.8860
vn -0.2748 0.4467 0.8514
vn 0.0013 0.7066 0.7076
vn -0.2339 0.6523 0.7210
vn -0.0231 -0.9982 0.0551
vn -0.1866 0.8041 0.5644
vn -0.0753 -0.9956 0.0552
vn -0.1984 -0.9775 0.0718
vn -0.2298 -0.9581 0.1711
vn -0.5028 -0.7826 0.3669
vn -0.6027 -0.7724 0.2003
vn -0.7430 -0.3957 0.5398
vn -0.8735 -0.3957 0.2837
vn -0.8046 -0.1049 0.5845
vn -0.9458 -0.1050 0.3073
vn -0.8088 -0.0264 0.5875
vn -0.9507 -0.0265 0.3089
vn -0.8091 0.0012 0.5877
vn -0.9511 0.0012 0.3090
vn -0.8103 0.0323 0.5851
vn -0.9503 0.0540 0.3067
vn -0.6879 0.5842 0.4306
vn -0.8975 0.3387 0.2824
vn -0.6652 0.7159 0.2121
vn -0.4473 0.8312 0.3301
vn -0.4640 0.8729 0.1508
vn -0.3212 0.9181 0.2324
vn -0.3771 0.9180 0.1225
vn -0.8085 0.0334 0.5875
vn -0.9505 0.0334 0.3088
vn -0.4405 -0.8388 0.3200
vn -0.5178 -0.8388 0.1682
vn -0.6511 -0.5947 0.4716
vn -0.7648 -0.5944 0.2485
vn -0.8000 -0.1549 0.5796
vn -0.9340 -0.1778 0.3098
vn -0.7879 0.2196 0.5753
vn -0.8851 0.3082 0.3489
vn -0.7219 0.4731 0.5050
vn -0.5797 0.7031 0.4118
vn -0.7567 0.6020 0.2551
vn -0.5664 0.8041 0.1806
vn -0.0280 -0.9995 -0.0171
vn -0.1627 -0.9814 -0.1019
vn -0.2736 -0.9580 -0.0854
vn -0.5926 -0.7825 -0.1910
vn -0.5163 -0.7726 -0.3696
vn -0.8734 -0.3957 -0.2838
vn -0.7431 -0.3957 -0.5397
vn -0.9458 -0.1049 -0.3073
vn -0.8045 -0.1050 -0.5846
vn -0.9507 -0.0264 -0.3089
vn -0.8087 -0.0265 -0.5876
vn -0.9511 0.0013 -0.3090
vn -0.8090 0.0012 -0.5878
vn -0.9499 0.0340 -0.3108
vn -0.8067 0.0543 -0.5884
vn -0.7840 0.5532 -0.2816
vn -0.7561 0.3385 -0.5601
vn -0.5625 0.7159 -0.4136
vn -0.5283 0.8324 -0.1671
vn -0.3947 0.8731 -0.2862
vn -0.3772 0.9179 -0.1230
vn -0.3239 0.9164 -0.2351
vn -0.9503 0.0332 -0.3094
vn -0.8691 -0.0026 -0.4946
vn -0.5175 -0.8390 -0.1683
vn -0.4378 -0.8412 -0.3173
vn -0.7644 -0.5942 -0.2501
vn -0.6507 -0.5943 -0.4726
vn -0.9391 -0.1546 -0.3068
vn -0.8003 -0.1699 -0.5750
vn -0.9285 0.2194 -0.2995
vn -0.7980 0.3197 -0.5108
vn -0.8346 0.4724 -0.2833
vn -0.6754 0.7029 -0.2231
vn -0.6490 0.6055 -0.4607
vn -0.0559 -0.9957 -0.0743
vn -0.4791 0.8043 -0.3515
vn -0.0165 -0.9970 -0.0757
vn -0.0140 -0.9841 -0.1772
vn -0.0914 -0.9581 -0.2713
vn -0.1938 -0.7826 -0.5916
vn -0.0042 -0.7723 -0.6352
vn -0.2838 -0.3957 -0.8734
vn -0.0001 -0.3957 -0.9184
vn -0.3073 -0.1049 -0.9458
vn 0.0000 -0.1049 -0.9945
vn -0.3088 -0.0264 -0.9508
vn -0.0002 -0.0264 -0.9997
vn -0.3089 0.0012 -0.9511
vn 0.0000 0.0012 -1.0000
vn -0.3077 0.0367 -0.9508
vn 0.0020 0.0543 -0.9985
vn -0.1931 0.5866 -0.7865
vn 0.0086 0.3384 -0.9409
vn 0.0038 0.7159 -0.6982
vn -0.1762 0.8322 -0.5258
vn -0.0000 0.8729 -0.4879
vn -0.1227 0.9180 -0.3771
vn 0.0000 0.9180 -0.3965
vn -0.3086 0.0334 -0.9506
vn -0.0003 0.0334 -0.9994
vn -0.1683 -0.8388 -0.5177
vn -0.0000 -0.8389 -0.5443
vn -0.2481 -0.5945 -0.7649
vn 0.0000 -0.5944 -0.8042
vn -0.3045 -0.1556 -0.9397
vn -0.0067 -0.1745 -0.9846
vn -0.3026 0.2191 -0.9276
vn -0.0570 0.3132 -0.9480
vn -0.2586 0.4732 -0.8422
vn -0.2151 0.7029 -0.6780
vn -0.0098 0.6025 -0.7981
vn 0.0241 -0.9958 -0.0884
vn 0.0029 0.8041 -0.5945
vn 0.0557 -0.9955 -0.0763
vn 0.0766 -0.9955 -0.0557
vn 0.1686 -0.9581 -0.2317
vn 0.2319 -0.9581 -0.1684
vn 0.3655 -0.7832 -0.5030
vn 0.5030 -0.7832 -0.3654
vn 0.5398 -0.3957 -0.7430
vn 0.7430 -0.3958 -0.5398
vn 0.5844 -0.1049 -0.8046
vn 0.8046 -0.1049 -0.5845
vn 0.5874 -0.0264 -0.8089
vn 0.8088 -0.0264 -0.5875
vn 0.5877 0.0012 -0.8091
vn 0.8090 0.0012 -0.5878
vn 0.5853 0.0725 -0.8075
vn 0.8068 0.0565 -0.5881
vn 0.5025 0.5686 -0.6512
vn 0.7631 0.3375 -0.5511
vn 0.5666 0.7150 -0.4095
vn 0.3253 0.8286 -0.4556
vn 0.3947 0.8729 -0.2867
vn 0.2331 0.9182 -0.3203
vn 0.3208 0.9180 -0.2331
vn 0.5876 0.0334 -0.8085
vn 0.8086 0.0334 -0.5874
vn 0.3201 -0.8388 -0.4404
vn 0.4404 -0.8388 -0.3200
vn 0.4730 -0.5948 -0.6500
vn 0.6506 -0.5944 -0.4727
vn 0.5815 -0.1548 -0.7987
vn 0.7991 -0.1564 -0.5805
vn 0.5740 0.2210 -0.7885
vn 0.7890 0.2214 -0.5731
vn 0.5231 0.4640 -0.7149
vn 0.7215 0.4478 -0.5282
vn 0.4137 0.7067 -0.5739
vn 0.6141 0.6509 -0.4462
vn 0.4831 0.8034 -0.3481
vn 0.4950 0.5332 -0.6861
vn 0.6795 0.5428 -0.4936
vn -0.2640 0.5334 -0.8036
vn 0.0000 0.5428 -0.8399
vn -0.8055 0.5331 -0.2587
vn -0.6784 0.5428 -0.4951
vn -0.6828 0.5331 0.4996
vn -0.7988 0.5428 0.2595
vn 0.0027 0.5334 0.8458
vn -0.2595 0.5428 0.7988
vn 0.6861 0.5331 0.4950
vn 0.4936 0.5428 0.6795
vn 0.7984 0.5425 -0.2613
vn 0.8400 0.5426 0.0030
vn 0.5531 0.3382 -0.7614
vn 0.7613 0.3382 -0.5532
vn 0.4556 0.6319 -0.6270
vn 0.6270 0.6320 -0.4554
vn 0.4893 0.5476 -0.6787
vn 0.6762 0.5494 -0.4908
vn -0.0001 0.3383 0.9410
vn -0.2908 0.3382 0.8950
vn 0.0001 0.6319 0.7751
vn -0.2460 0.6374 0.7302
vn -0.0003 0.5493 0.8357
vn -0.2476 0.6881 0.6820
vn -0.2908 0.3382 -0.8950
vn -0.0000 0.3382 -0.9411
vn -0.2395 0.6318 -0.7372
vn 0.0084 0.6374 -0.7705
vn -0.2580 0.5493 -0.7948
vn 0.0245 0.6880 -0.7253
vn -0.8951 0.3381 -0.2908
vn -0.7614 0.3381 -0.5532
vn -0.7371 0.6319 -0.2395
vn -0.6185 0.6374 -0.4596
vn -0.7946 0.5494 -0.2585
vn -0.5723 0.6881 -0.4461
vn 0.7613 0.3383 0.5532
vn 0.5531 0.3382 0.7614
vn 0.6269 0.6320 0.4555
vn 0.4461 0.6375 0.6282
vn 0.6759 0.5493 0.4913
vn 0.4066 0.6880 0.6011
vn 0.8950 0.3382 -0.2907
vn 0.9411 0.3382 -0.0030
vn 0.7270 0.6448 -0.2360
vn 0.7645 0.6446 -0.0008
vn 0.7043 0.6719 -0.2290
vn 0.7406 0.6719 0.0005
vn -0.7613 0.3382 0.5533
vn -0.8950 0.3382 0.2908
vn -0.6270 0.6320 0.4555
vn -0.7352 0.6375 0.2304
vn -0.6763 0.5493 0.4908
vn -0.6975 0.6883 0.1991
vn -0.8284 0.4852 0.2800
vn -0.2601 0.4856 0.8346
vn -0.0134 0.4832 -0.8754
vn 0.8247 0.4973 -0.2694
vn 0.8675 0.4974 0.0015
vn -0.7135 0.4855 -0.5051
vn 0.5227 0.4854 0.7008
vn 0.2531 0.5457 -0.7988
vn 0.2362 0.6343 -0.7362
vn 0.2908 0.3382 -0.8950
vn 0.2617 0.5260 -0.8093
vn 0.1499 0.7852 -0.6009
vn -0.8378 0.5459 0.0062
vn -0.7732 0.6342 0.0030
vn -0.9411 0.3382 0.0000
vn -0.8519 0.5237 0.0019
vn -0.6206 0.7828 0.0445
vn -0.4972 0.5461 -0.6742
vn -0.4569 0.6341 -0.6238
vn -0.5531 0.3383 -0.7614
vn -0.5007 0.5257 -0.6877
vn -0.3992 0.7851 -0.4736
vn -0.4875 0.5459 0.6814
vn -0.4521 0.6342 0.6273
vn -0.5532 0.3383 0.7613
vn -0.4982 0.5252 0.6899
vn -0.3329 0.7851 0.5223
vn 0.7987 0.5459 0.2531
vn 0.7362 0.6343 0.2361
vn 0.8950 0.3383 0.2909
vn 0.8097 0.5254 0.2612
vn 0.6003 0.7852 0.1522
vn 0.2647 0.5456 0.7951
vn 0.2416 0.6344 0.7343
vn 0.2909 0.3382 0.8950
vn 0.2643 0.5261 0.8083
vn 0.2298 0.7860 0.5739
vn 0.5648 0.2773 -0.7772
vn 0.2969 0.2774 -0.9137
vn 0.7791 0.2750 -0.5634
vn -0.0023 0.2727 -0.9621
vn 0.9158 0.2702 -0.2973
vn 0.9628 0.2702 0.0001
vn 0.7742 0.2795 0.5678
vn 0.9119 0.2839 0.2963
vn 0.5660 0.2702 0.7789
vn -0.9118 0.2794 -0.3008
vn -0.9588 0.2839 -0.0001
vn -0.7791 0.2700 -0.5657
vn -0.9105 0.2785 0.3055
vn 0.2962 0.2839 0.9120
vn -0.0043 0.2793 0.9602
vn -0.2974 0.2700 0.9158
vn -0.2900 0.2834 -0.9141
vn -0.5635 0.2839 -0.7758
vn -0.5636 0.2839 0.7757
vn -0.7793 0.2795 0.5609
vn 0.5817 0.1423 -0.8008
vn 0.3058 0.1423 -0.9414
vn -0.0009 0.1434 -0.9897
vn 0.8006 0.1423 -0.5820
vn -0.3057 0.1456 -0.9409
vn 0.5812 0.1022 -0.8073
vn 0.3033 0.1021 -0.9474
vn -0.0047 0.0954 -0.9954
vn -0.3122 0.0945 -0.9453
vn 0.8020 0.1020 -0.5886
vn 0.9414 0.1424 -0.3058
vn 0.9447 0.1021 -0.3117
vn 0.9898 0.1424 0.0000
vn 0.9948 0.1022 -0.0044
vn 0.9413 0.1424 0.3061
vn 0.9474 0.1022 0.3032
vn 0.8008 0.1424 0.5818
vn 0.8075 0.1021 0.5810
vn 0.5817 0.1425 0.8008
vn 0.5884 0.1021 0.8021
vn 0.3057 0.1424 0.9414
vn 0.3116 0.1020 0.9447
vn 0.0001 0.1423 0.9898
vn 0.0045 0.1020 0.9948
vn -0.3057 0.1424 0.9414
vn -0.3030 0.1020 0.9475
vn -0.5818 0.1424 0.8008
vn -0.5812 0.1021 0.8074
vn -0.8008 0.1424 0.5818
vn -0.8022 0.1021 0.5883
vn -0.9414 0.1424 0.3057
vn -0.9446 0.1022 0.3118
vn -0.9898 0.1424 0.0000
vn -0.9948 0.1021 0.0046
vn -0.9414 0.1424 -0.3057
vn -0.9475 0.1021 -0.3031
vn -0.8010 0.1423 -0.5815
vn -0.8067 0.0968 -0.5830
vn -0.5803 0.1430 -0.8017
vn -0.5787 0.0983 -0.8096
vn -0.2993 0.0750 -0.9512
vn -0.5917 0.0744 -0.8028
vn 0.2793 0.4461 0.8503
vn 0.3011 0.2210 0.9276
vn 0.2802 0.4499 -0.8480
vn 0.3099 0.2212 -0.9247
vn -0.5209 0.4501 -0.7253
vn -0.5664 0.2205 -0.7941
vn -0.8933 0.4494 -0.0032
vn -0.9751 0.2216 -0.0080
vn -0.5260 0.4451 0.7247
vn -0.5732 0.2218 0.7888
vn 0.9305 0.2424 0.2748
vn 0.8724 0.4232 0.2447
vn 0.1749 0.8663 -0.4679
vn 0.2316 0.7290 -0.6441
vn 0.1322 0.8655 0.4832
vn 0.1903 0.7293 0.6572
vn -0.3110 0.8662 0.3911
vn -0.4184 0.7293 0.5413
vn -0.4988 0.8665 -0.0209
vn -0.6839 0.7293 -0.0197
vn 0.4688 0.8647 0.1801
vn 0.6425 0.7294 0.2346
vn -0.2763 0.8664 -0.4160
vn -0.3858 0.7293 -0.5650
vn -0.2386 0.9125 0.3323
vn 0.1260 0.9148 0.3838
vn -0.2422 0.9126 -0.3295
vn 0.3855 0.9144 0.1238
vn 0.9156 0.2702 -0.2978
vn 0.9630 0.2697 0.0002
vn 0.9157 0.2702 0.2975
vn 0.7789 0.2702 0.5659
vn 0.5659 0.2702 0.7789
vn 0.2975 0.2702 0.9157
vn -0.0000 0.2702 0.9628
vn -0.2975 0.2702 0.9157
vn -0.5659 0.2702 0.7789
vn -0.7789 0.2702 0.5659
vn -0.9157 0.2702 0.2975
vn -0.9628 0.2702 -0.0000
vn -0.9157 0.2702 -0.2975
vn -0.7789 0.2702 -0.5659
vn -0.5660 0.2702 -0.7789
vn 0.8281 0.4855 -0.2802
vn 0.6973 0.6880 -0.2009
vn 0.7353 0.6374 -0.2302
vn 0.0036 0.4836 -0.8753
vn -0.2972 0.2703 -0.9158
vn 0.0008 0.6781 -0.7350
vn -0.8348 0.4816 0.2668
vn -0.6993 0.6781 0.2261
vn 0.8950 0.3382 -0.2908
vn 0.7994 0.5428 -0.2576
vn 0.5689 0.8014 -0.1847
vn 0.0000 0.6447 -0.7645
vn -0.7270 0.6447 0.2362
vn -0.8951 0.3380 0.2907
vn -0.8075 0.5342 0.2503
vn -0.5626 0.8093 0.1687
vn 0.0117 0.5356 -0.8444
vn 0.0089 0.8090 -0.5877
vn -0.7148 0.6564 0.2413
vn -0.0113 0.6555 -0.7551
vn -0.5818 0.1455 -0.8002
vn -0.5852 0.0919 -0.8057
vn -0.5656 0.2705 -0.7791
vn 0.5719 0.2788 0.7715
vn 0.5116 0.4814 0.7117
vn 0.4314 0.6780 0.5952
vn 0.4493 0.6447 0.6185
vn 0.4869 0.5357 0.6899
vn 0.3387 0.8090 0.4805
vn 0.4534 0.6557 0.6037
vn -0.2880 0.2786 0.9162
vn -0.2749 0.4817 0.8321
vn -0.2281 0.6780 0.6987
vn -0.2362 0.6447 0.7270
vn -0.2732 0.5349 0.7996
vn -0.1933 0.8087 0.5556
vn -0.2266 0.6555 0.7204
vn 0.9604 0.2786 -0.0092
vn 0.8764 0.4815 0.0047
vn 0.7350 0.6781 0.0011
vn 0.7645 0.6447 -0.0000
vn 0.9411 0.3382 0.0000
vn 0.8446 0.5352 0.0123
vn 0.5876 0.8091 0.0102
vn 0.7547 0.6560 -0.0110
vn -0.7827 0.2787 -0.5565
vn -0.7067 0.4814 -0.5185
vn -0.5941 0.6779 -0.4330
vn -0.6185 0.6447 -0.4493
vn -0.7614 0.3382 -0.5531
vn -0.6762 0.5357 -0.5057
vn -0.4705 0.8092 -0.3519
vn -0.6184 0.6559 -0.4329
vn -0.3076 0.0918 -0.9471
vn -0.3082 0.0746 -0.9484
vn 0.4842 0.8012 -0.3517
vn 0.3011 0.2226 -0.9272
vn -0.5731 0.2248 -0.7881
vn 0.3014 0.2182 0.9282
vn -0.9751 0.2219 0.0000
vn -0.5732 0.2216 0.7889
vn 0.9274 0.2211 0.3017
vn -0.0006 1.0000 -0.0003
vn 0.0025 1.0000 -0.0000
vn 0.0003 1.0000 0.0000
vn -0.0001 1.0000 -0.0000
vn 0.0004 1.0000 -0.0000
vn 0.0130 0.9999 0.0002
vn -0.0029 1.0000 0.0012
vn 0.0089 1.0000 -0.0005
vn 0.0121 0.9999 -0.0001
vn -0.0067 1.0000 0.0006
vn -0.0033 0.9996 -0.0295
vn 0.0161 0.9999 -0.0026
vn 0.0365 0.9982 0.0475
vn -0.0239 0.9997 0.0007
vn 0.0014 0.9999 0.0129
vn -0.0101 0.9999 0.0000
vn 0.0047 1.0000 0.0002
vn 0.0077 1.0000 0.0009
vn -0.0107 0.9999 0.0002
vn 0.0137 0.9999 0.0010
vn -0.0168 0.9999 0.0008
vn -0.0130 0.9999 0.0001
vn 0.0024 1.0000 -0.0003
vn 0.0033 1.0000 -0.0002
vn -0.0006 1.0000 0.0000
vn 0.0047 0.9999 0.0119
vn -0.0004 1.0000 -0.0000
vn 0.0004 1.0000 -0.0001
vn 0.0030 1.0000 0.0021
vn 0.0074 1.0000 0.0000
vn -0.0269 0.9996 0.0005
vn 0.0076 1.0000 0.0031
vn 0.0017 1.0000 -0.0001
vn -0.0013 1.0000 0.0002
vn -0.0001 1.0000 0.0001
vn -0.0027 1.0000 -0.0001
vn -0.0006 1.0000 -0.0002
vn 0.0079 1.0000 -0.0003
vn -0.0368 0.9993 -0.0046
vn 0.0075 1.0000 0.0004
vn 0.0003 1.0000 0.0009
vn -0.0140 0.9999 -0.0001
vn 0.0102 0.9999 -0.0001
vn 0.0012 1.0000 0.0004
vn 0.0120 0.9999 0.0011
vn -0.0195 0.9998 0.0010
vn 0.0013 1.0000 -0.0001
vn -0.0049 1.0000 -0.0007
vn -0.0114 0.9999 -0.0001
vn 0.0097 1.0000 0.0009
vn 0.0011 1.0000 0.0001
vn -0.0058 1.0000 -0.0028
vn 0.0026 1.0000 0.0026
vn -0.0006 1.0000 -0.0020
vn -0.0000 1.0000 -0.0004
vn -0.0000 1.0000 0.0011
vn 0.0011 1.0000 -0.0013
vn -0.0056 1.0000 0.0055
vn 0.0068 1.0000 -0.0035
vn -0.0038 1.0000 0.0006
vn -0.0108 0.9999 -0.0017
vn -0.0027 1.0000 -0.0013
vn 0.0007 1.0000 0.0010
vn 0.0000 1.0000 -0.0005
vn -0.0290 0.9996 -0.0042
vn -0.0199 0.9998 0.0048
vn -0.0031 1.0000 0.0009
vn -0.0085 1.0000 0.0008
vn -0.0065 1.0000 -0.0036
vn -0.0093 0.9999 0.0046
vn -0.0149 0.9999 0.0025
vn -0.0104 0.9999 -0.0001
vn -0.0122 0.9999 -0.0051
vn 0.0056 1.0000 0.0033
vn 0.0107 0.9999 0.0057
vn 0.0014 1.0000 0.0003
vn 0.0013 1.0000 -0.0021
vn 0.0007 1.0000 -0.0001
vn -0.0015 1.0000 -0.0035
vn 0.0208 0.9998 0.0003
vn 0.0018 1.0000 -0.0016
vn 0.0001 1.0000 0.0000
vn 0.0008 1.0000 -0.0005
vn 0.0008 1.0000 0.0005
vn 0.0020 1.0000 0.0006
vn -0.0045 1.0000 0.0036
vn -0.0108 0.9999 0.0031
vn -0.0023 1.0000 -0.0016
vn -0.0053 1.0000 0.0055
vn 0.0081 1.0000 -0.0047
vn -0.0187 0.9998 -0.0029
vn 0.0094 1.0000 -0.0033
vn -0.0001 1.0000 0.0017
vn -0.0159 0.9999 0.0065
vn 0.0040 1.0000 0.0003
vn 0.0183 0.9998 0.0009
vn 0.0092 0.9999 0.0057
vn 0.0275 0.9996 0.0000
vn 0.0101 0.9999 0.0022
vn 0.0013 1.0000 0.0025
vn -0.0002 1.0000 -0.0003
vn -0.0692 0.9910 0.1145
vn -0.0113 0.9999 0.0010
vn -0.0121 0.9999 0.0015
vn 0.0017 1.0000 0.0003
vn -0.0070 1.0000 0.0005
vn 0.0314 0.9995 0.0023
vn 0.0122 0.9999 0.0015
vn 0.0035 1.0000 0.0021
vn 0.0175 0.9998 0.0040
vn 0.0078 0.9999 0.0066
vn -0.0000 1.0000 -0.0002
vn 0.0105 0.9999 -0.0056
vn -0.0008 1.0000 -0.0002
vn -0.0015 1.0000 -0.0002
vn 0.0032 1.0000 0.0013
vn 0.0019 1.0000 0.0002
vn 0.0196 0.9998 -0.0034
vn 0.0038 1.0000 0.0001
vn -0.0009 1.0000 0.0003
vn -0.0000 1.0000 0.0000
vn 0.0005 1.0000 0.0001
vn -0.0009 1.0000 0.0002
vn 0.0130 0.9999 0.0013
vn 0.0069 1.0000 -0.0009
vn 0.0293 0.9996 -0.0002
vn 0.0045 1.0000 0.0009
vn 0.0078 1.0000 0.0019
vn -0.0067 0.9999 0.0112
vn -0.0018 1.0000 -0.0053
vn 0.0168 0.9999 0.0017
vn -0.0625 0.9954 0.0729
vn -0.0005 1.0000 -0.0003
vn 0.0117 0.9999 0.0019
vn 0.0095 1.0000 -0.0015
vn -0.0240 0.9911 -0.1308
vn -0.0173 0.9998 0.0006
vn 0.0026 1.0000 -0.0002
vn -0.0059 0.9995 -0.0307
vn -0.0143 0.9999 0.0008
vn -0.0114 0.9999 -0.0009
vn -0.0113 0.9999 -0.0004
vn -0.0063 1.0000 -0.0001
vn 0.0013 1.0000 -0.0054
vn 0.0014 1.0000 -0.0032
vn 0.0008 1.0000 0.0000
vn -0.0032 1.0000 0.0001
vn 0.0041 1.0000 -0.0001
vn 0.0144 0.9999 -0.0006
vn 0.0296 0.9996 0.0000
vn -0.0023 1.0000 0.0000
vn -0.0002 1.0000 -0.0000
vn 0.0002 1.0000 0.0000
vn -0.0003 1.0000 -0.0000
vn 0.0010 1.0000 -0.0000
vn 0.0006 1.0000 0.0001
vn 0.0015 1.0000 0.0004
vn 0.0037 1.0000 0.0004
vn 0.0068 1.0000 0.0005
vn 0.0114 0.9999 0.0002
vn -0.0006 1.0000 0.0004
vn 0.0067 1.0000 0.0000
vn -0.0039 1.0000 -0.0000
vn 0.0120 0.9999 -0.0006
vn 0.0016 1.0000 -0.0000
vn -0.0227 0.9996 -0.0194
vn 0.0076 0.9997 -0.0214
vn -0.0030 1.0000 0.0016
vn 0.0048 1.0000 -0.0046
vn -0.0003 1.0000 0.0013
vn -0.1273 0.9900 -0.0610
vn 0.0299 0.9996 -0.0013
vn 0.0002 0.9999 0.0103
vn 0.0003 1.0000 -0.0003
vn -0.0011 1.0000 -0.0029
vn -0.0070 1.0000 0.0054
vn 0.0233 0.9997 0.0015
vn 0.0023 1.0000 0.0006
vn 0.0067 1.0000 -0.0008
vn -0.0051 1.0000 -0.0013
vn -0.0034 1.0000 -0.0010
vn 0.0008 1.0000 0.0001
vn 0.0041 1.0000 -0.0006
vn -0.0013 1.0000 0.0005
vn -0.0064 1.0000 -0.0004
vn 0.0309 0.9995 -0.0012
vn 0.0082 1.0000 -0.0002
vn -0.0016 1.0000 0.0005
vn -0.0000 1.0000 0.0003
vn -0.0008 1.0000 -0.0004
vn 0.0051 1.0000 -0.0020
vn 0.0033 1.0000 0.0031
vn -0.0179 0.9998 -0.0009
vn -0.0053 1.0000 0.0008
vn 0.0013 1.0000 0.0007
vn 0.0006 1.0000 0.0007
vn 0.0001 1.0000 0.0008
vn 0.0190 0.9998 0.0020
vn -0.0142 0.9999 -0.0050
vn 0.1970 0.9792 0.0495
vn 0.0002 1.0000 -0.0014
vn 0.0001 1.0000 0.0003
vn 0.0004 1.0000 0.0017
vn 0.0807 0.9938 -0.0758
vn 0.0158 0.9999 0.0029
vn 0.0182 0.9998 0.0076
vn 0.0075 0.9999 -0.0089
vn -0.0041 1.0000 0.0004
vn -0.0012 1.0000 -0.0021
vn -0.0209 0.9998 -0.0010
vn 0.0083 1.0000 0.0042
vn -0.0008 1.0000 -0.0013
vn 0.0008 1.0000 -0.0015
vn -0.0092 1.0000 0.0000
vn 0.0006 1.0000 0.0003
vn -0.0103 0.9999 0.0017
vn -0.0029 1.0000 -0.0001
vn -0.0015 1.0000 -0.0011
vn 0.0063 1.0000 -0.0022
vn -0.0050 1.0000 0.0014
vn -0.0008 1.0000 0.0002
vn -0.0001 1.0000 0.0002
vn 0.0000 1.0000 0.0001
vn -0.0000 1.0000 0.0002
vn 0.0139 0.9999 0.0037
vn 0.0133 0.9999 0.0040
vn -0.0127 0.9999 0.0013
vn 0.0078 1.0000 0.0006
vn -0.0217 0.9998 -0.0026
vn -0.0020 1.0000 -0.0003
vn -0.0091 1.0000 -0.0018
vn -0.0123 0.9999 -0.0020
vn 0.0036 1.0000 -0.0037
vn 0.0092 1.0000 -0.0037
vn -0.0019 1.0000 -0.0020
vn 0.0085 1.0000 0.0043
vn 0.0057 1.0000 0.0009
vn -0.0137 0.9938 0.1104
vn -0.0005 0.9922 0.1245
vn 0.0155 0.9999 0.0003
vn 0.0148 0.9999 0.0001
vn 0.0009 1.0000 -0.0095
vn 0.0171 0.9999 -0.0000
vn 0.0176 0.9998 -0.0004
vn 0.0200 0.9998 -0.0015
vn 0.0026 1.0000 0.0023
vn -0.0068 1.0000 -0.0000
vn 0.0008 1.0000 -0.0010
vn -0.0045 1.0000 0.0041
vn -0.0058 0.9999 0.0115
vn -0.0028 1.0000 -0.0002
vn 0.0030 1.0000 0.0005
vn 0.0030 1.0000 0.0013
vn 0.7179 0.6557 -0.2338
vn 0.6107 0.6560 -0.4436
vn 0.4838 0.8016 -0.3513
vn 0.8515 0.4454 -0.2767
vn 0.7243 0.4454 -0.5263
vn 0.7889 0.2215 -0.5732
vn 0.7991 -0.1563 -0.5806
vn 0.6507 -0.5943 -0.4727
vn 0.5176 -0.8389 -0.1682
vn 0.4406 -0.8388 -0.3199
vn 0.9505 0.0332 -0.3089
vn 0.3771 0.9180 -0.1226
vn 0.4639 0.8730 -0.1507
vn 0.3947 0.8729 -0.2868
vn 0.5663 0.7141 -0.4115
vn 0.7609 0.3397 -0.5528
vn 0.8078 0.0555 -0.5869
vn 0.9511 0.0012 -0.3090
vn 0.8090 0.0013 -0.5878
vn 0.8087 -0.0264 -0.5876
vn 0.8045 -0.1049 -0.5846
vn 0.7431 -0.3956 -0.5397
vn 0.5914 -0.7832 -0.1921
vn 0.5031 -0.7832 -0.3654
vn 0.2722 -0.9581 -0.0888
vn 0.2318 -0.9581 -0.1683
vn 0.0898 -0.9955 -0.0290
vn 0.0767 -0.9955 -0.0557
vn 0.0542 0.9972 0.0506
vn 0.0130 0.9999 -0.0006
vn -0.0090 1.0000 -0.0008
vn 0.0025 1.0000 -0.0002
vn 0.0078 1.0000 0.0010
vn -0.0237 0.9997 0.0013
vn -0.0085 1.0000 -0.0003
vn -0.0009 1.0000 0.0010
vn 0.0035 1.0000 0.0005
vn -0.0108 0.9999 0.0012
vn -0.0047 1.0000 0.0024
vn 0.0072 0.9999 0.0070
vn 0.0055 1.0000 0.0080
vn 0.0080 0.9999 0.0099
vn 0.0009 1.0000 0.0003
vn -0.0058 1.0000 0.0006
vn -0.0233 0.9997 -0.0030
vn 0.0159 0.9999 0.0002
vn -0.0007 1.0000 0.0008
vn -0.0200 0.9997 0.0101
vn -0.0233 0.9997 -0.0017
vn 0.0064 1.0000 -0.0001
vn -0.0008 1.0000 -0.0000
vn 0.0023 1.0000 0.0000
vn -0.0033 1.0000 0.0003
vn -0.0045 1.0000 0.0003
vn -0.0075 1.0000 -0.0003
vn 0.0105 0.9999 -0.0008
vn 0.0084 1.0000 0.0002
vn 0.0243 0.9997 -0.0002
vn -0.0242 0.9997 -0.0001
vn -0.0017 1.0000 0.0000
vn -0.0035 1.0000 0.0002
vn -0.0186 0.9998 0.0000
vn -0.8011 -0.1256 0.5852
vn -0.7592 -0.3291 0.5615
vn -0.5831 -0.0195 0.8122
vn -0.5567 -0.3213 0.7660
vn -0.8029 0.0936 0.5888
vn -0.5534 0.3082 0.7738
vn -0.7857 0.2215 0.5776
vn -0.7428 0.3940 0.5413
vn -0.4755 0.5770 0.6640
vn -0.6883 0.5202 0.5056
vn -0.6082 0.6635 0.4357
vn -0.6812 -0.5394 0.4951
vn -0.4964 -0.5402 0.6795
vn -0.6099 -0.6591 0.4401
vn -0.4228 -0.6968 0.5794
vn -0.5310 -0.7501 0.3941
vn -0.3262 -0.9145 0.2394
vn -0.3783 -0.7790 0.5000
vn -0.2851 -0.8779 0.3848
vn -0.3988 -0.7972 0.4532
vn -0.4045 0.5984 0.6916
vn -0.5895 0.4189 0.6906
vn 0.1704 0.9777 -0.1229
vn 0.1240 0.9775 -0.1708
vn 0.1925 0.9714 -0.1393
vn 0.1383 0.9717 -0.1915
vn -0.1409 0.9847 0.1028
vn -0.1040 0.9846 0.1406
vn -0.3908 0.8753 0.2848
vn -0.2856 0.8754 0.3900
vn -0.5054 0.7803 0.3684
vn -0.3685 0.7803 0.5053
vn -0.3748 0.7666 0.5214
vn -0.5129 0.7734 0.3726
vn -0.5464 0.7367 0.3984
vn -0.3961 0.7419 0.5410
vn -0.6764 0.5471 0.4931
vn -0.4061 0.7235 0.5582
vn -0.4980 0.5274 0.6884
vn -0.7942 0.1936 0.5760
vn -0.5768 0.1907 0.7943
vn -0.7974 -0.1682 0.5796
vn -0.5794 -0.1682 0.7975
vn -0.5579 -0.7241 0.4056
vn -0.4081 -0.7233 0.5570
vn -0.1095 -0.9904 0.0845
vn -0.0967 -0.9879 0.1216
vn -0.0280 -0.9988 0.0404
vn -0.0499 -0.9978 0.0432
vn -0.0510 -0.9962 0.0701
vn -0.2683 0.8897 0.3694
vn -0.3691 0.8897 0.2685
vn -0.1411 0.8897 0.4341
vn -0.1988 0.7647 0.6129
vn -0.2526 0.5764 0.7771
vn -0.2950 0.3068 0.9049
vn -0.3076 -0.0174 0.9514
vn -0.2903 -0.3274 0.8992
vn -0.2523 -0.5746 0.7786
vn -0.2067 -0.7312 0.6501
vn 0.0001 0.8896 0.4567
vn 0.0000 0.7647 0.6444
vn -0.0002 0.5767 0.8170
vn -0.0010 0.3072 0.9516
vn 0.0012 -0.0168 0.9999
vn -0.0019 -0.3235 0.9462
vn -0.0003 -0.5394 0.8420
vn 0.0028 -0.6927 0.7212
vn -0.1846 -0.7880 0.5873
vn -0.0069 -0.7824 0.6227
vn -0.2419 -0.8398 0.4859
vn 0.0015 -0.8153 0.5791
vn -0.2118 -0.8115 0.5446
vn 0.0036 -0.7774 0.6290
vn -0.3113 0.1486 0.9386
vn 0.0024 0.3680 0.9298
vn 0.0455 0.9848 -0.1675
vn 0.0006 0.9777 -0.2101
vn 0.0730 0.9717 -0.2248
vn 0.0005 0.9715 -0.2371
vn -0.0533 0.9846 0.1664
vn -0.0000 0.9848 0.1736
vn 0.1410 0.8898 0.4341
vn 0.1988 0.7648 0.6128
vn 0.2520 0.5766 0.7772
vn 0.2935 0.3066 0.9055
vn 0.3056 -0.0159 0.9520
vn 0.2876 -0.3180 0.9034
vn 0.2602 -0.5579 0.7880
vn 0.2509 -0.7094 0.6587
vn 0.2685 0.8896 0.3695
vn 0.3787 0.7649 0.5211
vn 0.4803 0.5764 0.6611
vn 0.5494 0.3200 0.7719
vn 0.5734 0.1096 0.8119
vn 0.5921 -0.1226 0.7965
vn 0.3692 0.8898 0.2683
vn 0.5212 0.7649 0.3786
vn 0.6536 0.5853 0.4798
vn 0.7402 0.3999 0.5406
vn 0.4344 0.8896 0.1410
vn 0.6127 0.7648 0.1991
vn 0.7693 0.5879 0.2502
vn 0.8723 0.3969 0.2856
vn 0.7894 0.2288 0.5697
vn 0.9278 0.2254 0.2972
vn 0.4565 0.8897 0.0000
vn 0.6443 0.7648 0.0001
vn 0.8155 0.5788 -0.0032
vn 0.9506 0.3105 -0.0016
vn 0.9485 0.0901 0.3038
vn 0.9997 -0.0230 -0.0027
vn 0.9449 -0.1178 0.3055
vn 0.8982 -0.3322 0.2880
vn 0.9469 -0.3214 0.0001
vn 0.8009 -0.5392 0.2604
vn 0.8415 -0.5402 0.0021
vn 0.7139 -0.6602 0.2335
vn 0.7172 -0.6969 0.0014
vn 0.6310 -0.7501 0.1979
vn 0.4544 -0.8802 0.1371
vn 0.6270 -0.7789 0.0128
vn 0.5817 -0.8134 -0.0023
vn 0.6323 -0.7748 -0.0010
vn 0.1753 0.9618 0.2102
vn 0.9290 0.3701 0.0004
vn -0.1990 0.9779 -0.0647
vn -0.2102 0.9777 0.0003
vn -0.2256 0.9715 -0.0733
vn -0.2370 0.9715 -0.0000
vn 0.1656 0.9847 0.0538
vn 0.1741 0.9847 -0.0000
vn 0.4602 0.8752 0.1491
vn 0.4837 0.8752 0.0000
vn 0.5950 0.7803 0.1925
vn 0.6254 0.7803 0.0001
vn 0.4343 0.8896 -0.1412
vn 0.6090 0.7699 -0.1909
vn 0.7745 0.5837 -0.2439
vn 0.8712 0.4063 -0.2756
vn 0.9308 0.2066 -0.3017
vn 0.9503 -0.0290 -0.3101
vn 0.8981 -0.3273 -0.2936
vn 0.7779 -0.5751 -0.2534
vn 0.6476 -0.7311 -0.2146
vn 0.3746 0.8847 -0.2775
vn 0.5540 0.7293 -0.4015
vn 0.2775 0.8815 -0.3822
vn 0.4052 0.7304 -0.5499
vn 0.6730 0.5472 -0.4977
vn 0.4932 0.5396 -0.6823
vn 0.1472 0.8876 -0.4364
vn 0.1949 0.7714 -0.6058
vn 0.2486 0.5762 -0.7786
vn 0.5391 0.3936 -0.7447
vn 0.2873 0.3078 -0.9070
vn 0.5696 0.2218 -0.7914
vn 0.5819 0.0939 -0.8078
vn 0.3036 -0.0200 -0.9526
vn 0.5812 -0.1256 -0.8040
vn 0.5490 -0.3292 -0.7683
vn 0.2928 -0.3211 -0.9006
vn 0.4949 -0.5394 -0.6813
vn 0.2621 -0.5401 -0.7998
vn 0.4440 -0.6591 -0.6069
vn 0.2224 -0.6953 -0.6835
vn 0.3928 -0.7419 -0.5434
vn 0.3567 -0.7886 -0.5009
vn 0.1954 -0.7825 -0.5912
vn 0.3407 -0.8156 -0.4677
vn 0.1802 -0.8148 -0.5511
vn 0.3705 -0.7770 -0.5089
vn 0.1940 -0.7766 -0.5994
vn 0.5453 0.3696 -0.7524
vn 0.2881 0.3700 -0.8832
vn -0.1232 0.9779 0.1691
vn -0.0635 0.9777 0.2003
vn -0.1393 0.9712 0.1932
vn -0.0737 0.9715 0.2255
vn 0.1014 0.9848 -0.1408
vn 0.0539 0.9847 -0.1655
vn 0.2836 0.8761 -0.3900
vn 0.1495 0.8753 -0.4600
vn 0.3675 0.7804 -0.5059
vn 0.1932 0.7804 -0.5947
vn -0.0002 0.8897 -0.4565
vn -0.0000 0.7648 -0.6443
vn 0.0001 0.5762 -0.8173
vn 0.0008 0.3062 -0.9520
vn -0.0013 -0.0169 -0.9999
vn -0.0018 -0.3272 -0.9449
vn -0.0007 -0.5749 -0.8182
vn -0.0044 -0.7312 -0.6821
vn -0.1410 0.8897 -0.4342
vn -0.1991 0.7648 -0.6128
vn -0.2524 0.5763 -0.7773
vn -0.2933 0.3067 -0.9055
vn -0.3102 -0.0166 -0.9505
vn -0.2905 -0.3230 -0.9007
vn -0.2597 -0.5394 -0.8010
vn -0.2222 -0.6943 -0.6845
vn -0.0064 -0.7885 -0.6150
vn -0.1898 -0.7826 -0.5928
vn 0.0319 -0.7744 -0.6319
vn -0.1796 -0.8151 -0.5508
vn 0.0333 -0.8206 -0.5706
vn -0.1951 -0.7774 -0.5980
vn 0.2054 0.2963 -0.9327
vn -0.4943 0.6234 -0.6058
vn -0.0209 0.9946 0.1012
vn 0.0717 0.9750 0.2104
vn -0.0019 0.9754 0.2205
vn 0.0732 0.9726 0.2205
vn -0.0020 0.9856 -0.1691
vn -0.0533 0.9846 -0.1663
vn -0.2684 0.8896 -0.3696
vn -0.3786 0.7647 -0.5214
vn -0.4804 0.5762 -0.6613
vn -0.5537 0.3091 -0.7732
vn -0.5835 -0.0177 -0.8119
vn -0.5535 -0.3238 -0.7673
vn -0.4921 -0.5413 -0.6818
vn -0.4403 -0.6579 -0.6109
vn -0.3994 -0.7374 -0.5447
vn -0.3694 0.8897 -0.2683
vn -0.5212 0.7647 -0.3789
vn -0.6539 0.5849 -0.4799
vn -0.7402 0.3998 -0.5406
vn -0.7842 0.2226 -0.5792
vn -0.8024 0.0906 -0.5899
vn -0.8059 -0.1143 -0.5808
vn -0.4310 0.8896 -0.1510
vn -0.6142 0.7627 -0.2024
vn -0.7693 0.5879 -0.2502
vn -0.4952 0.8684 0.0267
vn -0.6528 0.7576 0.0001
vn -0.8090 0.5877 -0.0001
vn -0.8704 0.4028 -0.2831
vn -0.9155 0.4023 -0.0025
vn -0.6075 0.7687 0.2002
vn -0.7746 0.5809 0.2501
vn -0.9064 0.3056 0.2918
vn -0.9795 0.2010 0.0136
vn -0.9996 -0.0276 0.0074
vn -0.9525 -0.0178 0.3040
vn -0.9444 -0.3289 0.0000
vn -0.9007 -0.3259 0.2872
vn -0.8180 -0.5752 -0.0024
vn -0.8009 -0.5394 0.2600
vn -0.6845 -0.6942 0.2223
vn -0.6865 -0.7271 -0.0015
vn -0.6186 -0.7857 0.0037
vn -0.5934 -0.7822 0.1899
vn -0.4485 -0.8934 -0.0269
vn -0.5496 -0.8158 0.1802
vn -0.3399 -0.9402 -0.0243
vn -0.5988 -0.7770 0.1940
vn -0.9286 0.3710 0.0011
vn -0.8842 0.3695 0.2859
vn 0.2106 0.9776 0.0003
vn 0.2030 0.9773 -0.0613
vn 0.2378 0.9713 -0.0001
vn 0.2284 0.9712 -0.0685
vn -0.1741 0.9847 -0.0000
vn -0.1659 0.9847 0.0541
vn -0.4838 0.8752 0.0004
vn -0.4602 0.8752 0.1491
vn -0.6289 0.7775 0.0015
vn -0.5963 0.7795 0.1921
vn 0.6434 0.7367 0.2080
vn 0.6711 0.7414 0.0027
vn 0.7949 0.5481 0.2600
vn 0.7168 0.6973 -0.0036
vn 0.9240 0.3824 0.0021
vn 0.9345 0.1874 0.3027
vn 0.9406 -0.1635 0.2976
vn 0.9902 -0.1396 0.0028
vn 0.6740 -0.7072 0.2135
vn 0.6385 -0.7695 -0.0111
vn 0.1205 -0.9925 0.0195
vn 0.0451 -0.9981 0.0428
vn 0.0311 -0.9995 -0.0034
vn 0.1003 -0.9945 0.0316
vn 0.0867 -0.9962 0.0001
vn -0.8103 0.5836 0.0528
vn -0.6598 0.7311 0.1734
vn -0.8082 0.5278 0.2611
vn -0.9840 0.1780 0.0049
vn -0.9339 0.1900 0.3028
vn -0.9858 -0.1682 -0.0000
vn -0.9403 -0.1577 0.3016
vn -0.6960 -0.7180 -0.0072
vn -0.5244 -0.8460 0.0969
vn -0.0768 -0.9965 0.0315
vn -0.0514 -0.9985 -0.0191
vn -0.1028 -0.9946 0.0142
vn -0.1050 -0.9945 0.0010
vn -0.0826 -0.9962 0.0268
vn 0.3934 0.7429 -0.5415
vn 0.2068 0.7429 -0.6366
vn 0.4069 0.7217 -0.5600
vn 0.2140 0.7217 -0.6583
vn 0.4992 0.5282 -0.6869
vn 0.2624 0.5282 -0.8075
vn 0.5771 0.1906 -0.7941
vn 0.3033 0.1907 -0.9336
vn 0.5795 -0.1682 -0.7975
vn 0.3046 -0.1681 -0.9375
vn 0.4050 -0.7219 -0.5611
vn 0.2139 -0.7220 -0.6580
vn 0.0901 -0.9879 -0.1267
vn 0.0480 -0.9878 -0.1480
vn 0.0447 -0.9985 -0.0302
vn 0.0154 -0.9990 -0.0423
vn 0.0588 -0.9947 -0.0841
vn 0.0268 -0.9962 -0.0824
vn -0.9481 0.0785 -0.3081
vn -0.9453 -0.1095 -0.3072
vn -0.7622 -0.3347 -0.5541
vn -0.8959 -0.3353 -0.2913
vn 0.4840 -0.5554 0.6762
vn 0.4156 -0.6871 0.5959
vn 0.1986 -0.7930 0.5759
vn 0.3631 -0.7825 0.5059
vn 0.1758 -0.8102 0.5592
vn 0.3380 -0.8158 0.4692
vn 0.2016 -0.7839 0.5872
vn 0.3688 -0.7783 0.5081
vn 0.3008 0.4406 0.8458
vn 0.5481 0.3683 0.7509
vn -0.0651 0.9779 -0.1989
vn -0.1233 0.9776 -0.1703
vn -0.0737 0.9716 -0.2250
vn -0.1394 0.9714 -0.1922
vn 0.0538 0.9847 0.1655
vn 0.1023 0.9847 0.1408
vn 0.1495 0.8753 0.4600
vn 0.2840 0.8752 0.3916
vn 0.1934 0.7804 0.5947
vn 0.3676 0.7801 0.5063
vn 0.2069 0.7430 0.6365
vn 0.3747 0.7284 0.5737
vn 0.2136 0.7217 0.6584
vn 0.2623 0.5282 0.8076
vn 0.5122 0.3699 0.7751
vn 0.3279 0.1767 0.9280
vn 0.3226 -0.1548 0.9338
vn 0.5768 -0.0922 0.8117
vn 0.2138 -0.7221 0.6579
vn 0.3780 -0.7581 0.5314
vn 0.0508 -0.9878 0.1470
vn 0.2360 -0.9613 0.1424
vn 0.0132 -0.9990 0.0435
vn 0.0168 -0.9997 0.0198
vn 0.0268 -0.9962 0.0824
vn 0.0510 -0.9962 0.0702
vn 0.6776 -0.5421 0.4970
vn 0.6074 -0.6581 0.4450
vn 0.5483 -0.7379 0.3935
vn 0.7623 -0.3351 0.5538
vn 0.0835 0.9630 -0.2564
vn -0.3060 0.9435 0.1274
vn -0.2384 0.9540 0.1818
vn -0.0834 0.9629 -0.2567
vn 0.2185 0.9629 -0.1586
vn 0.1587 0.9630 -0.2180
vn -0.2567 0.9629 -0.0834
vn -0.2697 0.9629 -0.0001
vn 0.2705 0.9627 -0.0007
vn 0.2570 0.9627 -0.0842
vn 0.2185 0.9628 0.1587
vn 0.2568 0.9629 0.0834
vn 0.0834 0.9629 0.2568
vn 0.1586 0.9629 0.2183
vn -0.0834 0.9630 0.2565
vn 0.0001 0.9630 0.2694
vn 0.7679 -0.3258 -0.5515
vn 0.6816 -0.5394 -0.4944
vn 0.5823 -0.6944 -0.4228
vn 0.8100 -0.0266 -0.5858
vn 0.7919 0.2046 -0.5754
vn 0.5830 -0.7886 -0.1958
vn 0.5029 -0.7842 -0.3634
vn 0.5505 -0.8152 -0.1801
vn 0.6403 -0.6739 -0.3686
vn 0.5985 -0.7766 -0.1969
vn 0.8822 0.3699 -0.2912
vn 0.6817 0.4722 -0.5589
vn -0.1988 0.9779 0.0641
vn -0.1698 0.9776 0.1242
vn -0.2246 0.9717 0.0731
vn -0.1927 0.9713 0.1394
vn 0.1657 0.9847 -0.0538
vn 0.1410 0.9847 -0.1024
vn -0.6061 -0.6624 -0.4403
vn -0.5483 -0.7351 -0.3987
vn -0.3604 -0.7913 -0.4939
vn -0.4943 -0.7917 -0.3590
vn -0.3403 -0.8152 -0.4687
vn -0.4695 -0.8153 -0.3390
vn -0.3765 -0.7551 -0.5368
vn -0.5079 -0.7780 -0.3698
vn -0.1856 0.7432 -0.6428
vn -0.7601 0.3500 -0.5475
vn 0.1647 0.9640 0.2086
vn 0.1151 0.9897 0.0851
vn 0.1372 0.9717 0.1921
vn -0.1027 0.9849 -0.1397
vn -0.1369 0.9855 -0.1001
vn -0.2843 0.8753 -0.3912
vn -0.3911 0.8754 -0.2842
vn -0.3675 0.7804 -0.5059
vn -0.5062 0.7800 -0.3679
vn -0.3936 0.7429 -0.5414
vn -0.5322 0.7300 -0.4288
vn -0.4069 0.7217 -0.5600
vn -0.4990 0.5283 -0.6870
vn -0.6853 0.5284 -0.5012
vn -0.5770 0.1907 -0.7942
vn -0.7943 0.1906 -0.5769
vn -0.7765 -0.5780 -0.2510
vn -0.6624 -0.7175 -0.2153
vn 0.0634 -0.9969 -0.0461
vn 0.0667 -0.9966 0.0484
vn -0.0781 -0.9966 -0.0254
vn 0.1514 -0.9881 -0.0281
vn 0.1301 -0.9871 -0.0934
vn 0.1488 -0.9877 -0.0475
vn 0.5599 -0.7220 -0.4066
vn 0.6599 -0.7200 -0.2147
vn 0.7975 -0.1681 -0.5794
vn 0.9374 -0.1684 -0.3047
vn 0.7942 0.1907 -0.5770
vn 0.9336 0.1907 -0.3034
vn 0.6869 0.5283 -0.4991
vn 0.8075 0.5282 -0.2624
vn 0.5604 0.7219 -0.4061
vn 0.6583 0.7217 -0.2139
vn 0.5420 0.7430 -0.3927
vn 0.6251 0.7547 -0.1989
vn 0.5087 0.7790 -0.3666
vn 0.5165 0.8376 -0.1780
vn 0.3840 0.8753 -0.2939
vn -0.0826 -0.9948 -0.0600
vn -0.0279 -0.9985 -0.0476
vn -0.1491 -0.9876 -0.0500
vn -0.1252 -0.9881 -0.0894
vn -0.6576 -0.7219 -0.2154
vn -0.5610 -0.7220 -0.4050
vn -0.9375 -0.1682 -0.3046
vn -0.7975 -0.1682 -0.5794
vn -0.9336 0.1907 -0.3033
vn -0.0483 -0.9966 -0.0665
vn -0.0316 -0.9948 -0.0970
vn 0.0059 -0.9977 -0.0679
vn -0.0911 -0.9876 -0.1281
vn -0.0486 -0.9881 -0.1458
vn -0.4067 -0.7220 -0.5597
vn -0.2152 -0.7193 -0.6605
vn -0.5793 -0.1686 -0.7975
vn -0.3032 -0.1686 -0.9379
vn 0.0001 -0.9966 -0.0825
vn 0.5060 0.7801 0.3679
vn 0.5414 0.7430 0.3935
vn -0.5947 0.7803 -0.1934
vn -0.6361 0.7433 -0.2072
vn 0.8043 -0.1101 0.5840
vn 0.4996 -0.7873 0.3613
vn 0.3451 -0.8942 0.2852
vn 0.1107 -0.9784 0.1745
vn 0.5709 -0.7080 0.4156
vn 0.5598 0.7215 0.4076
vn 0.6874 0.5273 0.4995
vn 0.7946 0.1916 0.5761
vn -0.6565 0.7238 -0.2125
vn -0.8062 0.5284 -0.2662
vn -0.0000 -0.7221 -0.6918
vn -0.0011 -0.1689 -0.9856
vn 0.0000 -0.9879 -0.1554
vn -0.3022 0.1903 -0.9340
vn -0.0002 0.1910 -0.9816
vn -0.2624 0.5263 -0.8088
vn -0.0001 0.5283 -0.8491
vn -0.1515 0.7365 -0.6593
vn 0.0000 0.7220 -0.6919
vn 0.0042 0.7557 -0.6549
vn -0.1904 0.7791 -0.5973
vn -0.0087 0.8373 -0.5467
vn -0.1557 0.8751 -0.4582
vn -0.5528 -0.8139 -0.1791
vn -0.5815 -0.7914 -0.1884
vn -0.1663 0.9846 -0.0546
vn -0.4604 0.8749 -0.1503
vn -0.6398 0.7415 -0.2021
vn 0.7620 -0.3355 0.5539
vn 0.6814 -0.5393 0.4948
vn 0.6058 -0.6627 0.4403
vn -0.8970 -0.3390 -0.2835
vn -0.9442 -0.1254 -0.3047
vn -0.9446 0.0916 -0.3152
vn -0.3814 0.8908 0.2472
vn -0.5215 0.7691 0.3695
vn -0.6036 0.6684 0.4347
vn -0.6931 0.5206 0.4986
vn -0.7448 0.3935 0.5390
vn -0.7949 0.2196 0.5656
vn -0.8100 0.0964 0.5784
vn -0.7993 -0.1191 0.5891
vn -0.7622 -0.3353 0.5537
vn -0.6814 -0.5422 0.4916
vn -0.6133 -0.6558 0.4403
vn -0.5398 -0.7403 0.4008
vn -0.7942 0.1906 -0.5770
vn -0.8077 0.5281 -0.2623
vn -0.6869 0.5283 -0.4991
vn -0.6584 0.7217 -0.2135
vn -0.5601 0.7217 -0.4068
vn -0.0575 0.9850 -0.1625
vn 0.0025 0.9916 -0.1296
vn 0.1287 0.9859 -0.1067
vn 0.1220 0.9920 -0.0332
vn -0.6364 0.7432 -0.2064
vn -0.2626 0.8931 0.3653
vn -0.1016 0.9638 0.2465
vn 0.5537 -0.3354 -0.7622
vn 0.4962 -0.5420 -0.6783
vn 0.4464 -0.6560 -0.6086
vn 0.3890 -0.7405 -0.5481
vn 0.5773 -0.1188 -0.8079
vn 0.5907 0.0967 -0.8011
vn 0.5794 0.2260 -0.7831
vn 0.5433 0.3819 -0.7477
vn -0.6811 -0.5363 -0.4985
vn -0.6033 -0.6702 -0.4323
vn -0.5579 -0.7299 -0.3949
vn -0.7621 -0.3356 -0.5536
vn -0.4941 -0.7918 -0.3590
vn -0.4405 -0.6623 -0.6061
vn -0.4950 -0.5392 -0.6814
vn 0.7122 -0.6627 0.2314
vn 0.6446 -0.7352 0.2096
vn 0.5537 -0.3353 0.7622
vn 0.5843 -0.1095 0.8041
vn 0.4949 -0.5393 0.6813
vn 0.2602 -0.5394 0.8009
vn 0.2911 -0.3355 0.8959
vn -0.0756 -0.9971 0.0099
vn -0.0655 -0.9979 -0.0003
vn 0.0935 -0.9955 -0.0120
vn 0.0399 -0.9992 -0.0071
vn 0.0283 -0.9963 -0.0807
vn 0.0167 -0.9989 -0.0430
vn 0.0485 -0.9964 0.0701
vn 0.0249 -0.9989 0.0387
vn -0.5063 0.7801 0.3675
vn -0.5419 0.7428 0.3933
vn 0.3678 0.7808 -0.5051
vn -0.3675 0.7799 -0.5067
vn -0.3931 0.7431 -0.5416
vn -0.6251 0.7805 -0.0002
vn -0.4837 0.8753 -0.0000
vn 0.1845 0.7567 -0.6272
vn 0.1514 0.7641 -0.6271
vn 0.6549 0.7555 -0.0173
vn 0.6429 0.7645 -0.0465
vn -0.0487 0.9910 0.1248
vn -0.0772 0.9875 0.1377
vn -0.0000 0.9918 0.1275
vn 0.0001 0.9629 0.2699
vn 0.0396 0.9918 0.1216
vn 0.0833 0.9630 0.2565
vn 0.0749 0.9918 0.1036
vn 0.1588 0.9629 0.2184
vn 0.1034 0.9918 0.0751
vn 0.2182 0.9629 0.1585
vn 0.1216 0.9918 0.0397
vn 0.2563 0.9630 0.0833
vn 0.1277 0.9918 0.0000
vn 0.2697 0.9629 0.0001
vn 0.1216 0.9918 -0.0398
vn 0.2567 0.9629 -0.0835
vn 0.1035 0.9918 -0.0752
vn 0.2183 0.9629 -0.1586
vn 0.0750 0.9918 -0.1037
vn 0.1584 0.9630 -0.2182
vn 0.0397 0.9917 -0.1219
vn 0.0832 0.9630 -0.2562
vn 0.0001 0.9917 -0.1282
vn -0.0001 0.9630 -0.2696
vn -0.0388 0.9918 -0.1221
vn -0.5809 -0.7911 0.1913
vn -0.5527 -0.8145 0.1763
vn -0.6008 -0.7761 0.1917
vn 0.0001 0.8900 0.4560
vn -0.1411 0.8902 0.4332
vn 0.2681 0.8900 0.3688
vn 0.1411 0.8901 0.4334
vn 0.1756 -0.9843 -0.0192
vn 0.6442 -0.7426 -0.1833
vn -0.1156 -0.9893 0.0884
vn -0.5511 -0.7217 0.4188
vn -0.6576 0.7229 0.2121
vn -0.8087 0.5273 0.2607
vn -0.9333 0.1913 0.3039
vn 0.6596 -0.7207 0.2134
vn 0.1496 -0.9879 0.0415
vn 0.9377 -0.1677 0.3044
vn 0.0480 -0.9879 -0.1478
vn 0.2126 -0.7241 -0.6561
vn 0.0142 -0.9989 -0.0437
vn 0.7899 0.1912 0.5827
vn 0.6868 0.5287 0.4987
vn 0.9329 0.1869 -0.3079
vn 0.8028 0.5349 -0.2636
vn 0.6672 0.7164 -0.2038
vn 0.9375 -0.1682 -0.3046
vn -0.7941 0.1905 0.5772
vn -0.7974 -0.1682 0.5795
vn -0.6580 -0.7220 0.2138
vn -0.9376 -0.1679 0.3046
vn 0.6921 -0.7218 -0.0006
vn 0.9857 -0.1683 -0.0006
vn 0.3410 -0.8145 0.4693
vn 0.3590 -0.7918 0.4942
vn -0.1023 0.9847 -0.1408
vn 0.1392 0.9715 0.1917
vn -0.2843 0.8752 -0.3914
vn 0.3912 0.8753 -0.2842
vn 0.5061 0.7803 -0.3675
vn 0.4991 0.5282 0.6870
vn 0.4068 0.7217 0.5600
vn -0.4990 0.5282 -0.6870
vn -0.4070 0.7217 -0.5599
vn 0.2624 0.5282 -0.8076
vn 0.3045 -0.1681 -0.9376
vn 0.4239 -0.7976 -0.4292
vn 0.3419 -0.8158 -0.4665
vn 0.3612 -0.7915 -0.4930
vn -0.0020 1.0000 -0.0094
vn -0.0276 0.9996 0.0016
vn -0.0037 1.0000 0.0025
vn -0.0020 1.0000 0.0007
vn -0.1048 0.9728 -0.2064
vn 0.0070 0.9999 0.0137
vn 0.0023 1.0000 0.0026
vn 0.0001 1.0000 -0.0019
vn -0.0026 1.0000 -0.0040
vn -0.0055 1.0000 0.0005
vn 0.0721 0.9973 -0.0120
vn -0.0077 1.0000 -0.0010
vn 0.0122 0.9999 -0.0009
vn -0.0448 0.9945 -0.0942
vn 0.1485 0.9861 0.0739
vn 0.0227 0.9989 0.0398
vn -0.0143 0.9999 0.0002
vn 0.0642 0.9933 0.0965
vn 0.0040 1.0000 -0.0013
vn 0.0106 0.9999 0.0024
vn -0.0041 1.0000 -0.0018
vn 0.0145 0.9983 0.0573
vn -0.0120 0.9999 -0.0008
vn -0.0001 1.0000 -0.0036
vn 0.0101 0.9999 -0.0018
vn -0.0001 1.0000 -0.0016
vn 0.0076 1.0000 -0.0016
vn -0.0013 1.0000 -0.0002
vn -0.0000 1.0000 0.0034
vn 0.0348 0.9994 0.0024
vn -0.0042 1.0000 -0.0005
vn 0.0162 0.9999 -0.0041
vn 0.0156 0.9999 -0.0010
vn -0.0219 0.9998 0.0023
vn -0.0004 1.0000 -0.0002
vn 0.0054 1.0000 -0.0012
vn 0.0082 1.0000 -0.0024
vn 0.0068 1.0000 -0.0031
vn -0.0150 0.9998 0.0136
vn -0.0216 0.9992 0.0329
vn -0.0027 1.0000 0.0032
vn 0.0104 0.9999 0.0002
vn -0.0021 1.0000 -0.0001
vn 0.0057 1.0000 -0.0002
vn 0.0107 0.9999 0.0005
vn -0.0106 0.9999 -0.0017
vn 0.0095 1.0000 -0.0011
vn 0.0004 1.0000 0.0018
vn 0.0102 0.9999 -0.0006
vn -0.0305 0.9995 -0.0001
vn 0.1152 0.9809 -0.1569
vn -0.1209 0.9674 -0.2224
vn 0.0005 1.0000 -0.0003
vn -0.0000 1.0000 -0.0013
vn -0.0142 0.9999 -0.0000
vn 0.0416 0.9968 -0.0688
vn 0.0344 0.9994 -0.0051
vn -0.0360 0.9994 -0.0012
vn 0.0744 0.9861 -0.1489
vn 0.0212 0.9998 0.0000
vn -0.0180 0.9998 0.0080
vn -0.0024 1.0000 -0.0034
vn 0.0032 1.0000 0.0004
vn 0.0040 1.0000 -0.0024
vn -0.0145 0.9999 0.0023
vn -0.0017 1.0000 0.0065
vn -0.0069 0.9999 0.0110
vn 0.0188 0.9998 0.0004
vn 0.0086 1.0000 -0.0003
vn 0.0017 1.0000 0.0074
vn -0.0165 0.9937 0.1106
vn -0.0087 1.0000 0.0047
vn -0.0060 1.0000 -0.0053
vn 0.0081 1.0000 0.0020
vn 0.0040 0.9998 0.0200
vn 0.0584 0.9981 -0.0209
vn -0.5927 0.8054 -0.0105
vn -0.4245 0.9051 0.0231
vn 0.0140 0.9999 0.0093
vn -0.0037 1.0000 0.0006
vn 0.0075 0.9999 0.0100
vn 0.0073 1.0000 -0.0001
vn -0.0119 0.9999 -0.0097
vn 0.0275 0.9996 0.0110
vn 0.0214 0.9998 -0.0010
vn 0.0019 1.0000 -0.0036
vn -0.0344 0.9994 -0.0027
vn -0.0227 0.9997 -0.0069
vn 0.0217 0.9998 -0.0006
vn -0.0066 1.0000 -0.0005
vn -0.0004 1.0000 -0.0001
vn -0.0121 0.9999 0.0054
vn -0.0081 1.0000 0.0031
vn -0.0012 1.0000 0.0021
vn 0.0096 0.9999 0.0030
vn 0.0081 1.0000 -0.0002
vn 0.0125 0.9999 -0.0006
vn 0.0145 0.9998 -0.0102
vn -0.0087 1.0000 0.0016
vn -0.0132 0.9999 0.0004
vn -0.0022 1.0000 0.0071
vn -0.0034 1.0000 0.0008
vn -0.0044 1.0000 0.0006
vn 0.0010 1.0000 -0.0002
vn 0.0069 1.0000 0.0049
vn 0.0206 0.9998 0.0020
vn -0.0083 0.9999 0.0071
vn -0.0117 0.9999 -0.0001
vn 0.0392 0.9990 0.0201
vn 0.0022 0.9996 0.0265
vn -0.0000 1.0000 -0.0010
vn 0.0015 1.0000 -0.0008
vn -0.0109 0.9999 -0.0009
vn -0.0172 0.9998 -0.0053
vn 0.0064 1.0000 0.0018
vn 0.0421 0.9991 -0.0047
vn 0.0085 1.0000 0.0009
vn -0.0081 1.0000 -0.0008
vn 0.0167 0.9999 0.0031
vn -0.0001 1.0000 -0.0011
vn -0.2008 0.9777 -0.0614
vn 0.0031 1.0000 -0.0011
vn -0.0035 1.0000 -0.0016
vn 0.0011 1.0000 0.0011
vn -0.0146 0.9999 -0.0045
vn 0.2849 0.9540 0.0929
vn 0.3973 0.9087 0.1280
vn 0.0049 1.0000 0.0053
vn -0.0100 0.9999 -0.0071
vn 0.0051 1.0000 0.0023
vn -0.0436 0.9990 -0.0021
vn 0.0050 1.0000 -0.0046
vn 0.0095 0.9999 -0.0047
vn 0.0119 0.9999 -0.0016
vn 0.0000 1.0000 -0.0035
vn -0.0046 1.0000 -0.0000
vn 0.0007 1.0000 -0.0003
vn -0.0143 0.9998 -0.0154
vn -0.0137 0.9999 0.0005
vn -0.0191 0.9998 -0.0006
vn -0.0004 1.0000 0.0010
vn -0.0011 1.0000 -0.0001
vn -0.0002 1.0000 0.0006
vn 0.0106 0.9999 -0.0004
vn 0.0094 1.0000 0.0000
vn 0.0367 0.9993 -0.0008
vn -0.0072 1.0000 -0.0005
vn -0.0005 1.0000 0.0023
vn -0.0018 1.0000 -0.0000
vn 0.0136 0.9999 0.0018
vn -0.0077 1.0000 0.0006
vn 0.0006 1.0000 -0.0075
vn -0.0016 1.0000 -0.0008
vn 0.0014 1.0000 0.0000
vn -0.0012 0.9999 -0.0106
vn 0.0036 1.0000 0.0007
vn 0.0294 0.9996 0.0006
vn -0.0078 1.0000 0.0020
vn 0.0038 1.0000 0.0082
vn 0.0216 0.9998 -0.0054
vn 0.0021 1.0000 -0.0008
vn 0.0275 0.9996 -0.0008
vn 0.0354 0.9994 0.0042
vn -0.0205 0.9995 0.0242
vn -0.0000 1.0000 0.0025
vn 0.0023 0.9996 -0.0267
vn -0.0000 1.0000 -0.0078
vn -0.0171 0.9999 0.0017
vn -0.0281 0.9988 0.0400
vn 0.0077 1.0000 -0.0045
vn -0.0033 0.9996 0.0296
vn -0.0003 1.0000 -0.0003
vn -0.0172 0.9999 -0.0019
vn 0.0121 0.9999 -0.0043
vn 0.0011 1.0000 0.0009
vn -0.0081 1.0000 0.0020
vn -0.0054 1.0000 0.0006
vn -0.0030 1.0000 0.0067
vn 0.0001 1.0000 0.0060
vn 0.0146 0.9999 0.0004
vn -0.0035 1.0000 0.0024
vn 0.0205 0.9997 -0.0118
vn -0.0471 0.9986 0.0229
vn 0.0037 1.0000 -0.0002
vn 0.0263 0.9995 -0.0179
vn -0.0198 0.9997 0.0111
vn -0.0502 0.9987 -0.0038
vn -0.0089 0.9999 -0.0117
vn -0.0000 1.0000 0.0039
vn 0.0278 0.9996 -0.0062
vn -0.0043 1.0000 -0.0004
vn 0.0638 0.9977 0.0244
vn -0.0145 0.9999 -0.0031
vn -0.1603 0.9870 0.0126
vn 0.3298 0.9269 0.1793
vn 0.4266 0.8491 0.3117
vn 0.0025 1.0000 -0.0014
vn 0.0017 0.9999 -0.0128
vn -0.1585 0.9815 -0.1071
vn 0.1665 0.9800 0.1094
vn 0.0185 0.9998 0.0044
vn 0.0237 0.9997 0.0002
vn 0.0009 1.0000 -0.0000
vn 0.0206 0.9998 -0.0008
vn 0.0119 0.9999 -0.0004
vn 0.0016 1.0000 -0.0045
vn 0.0014 1.0000 -0.0011
vn 0.0119 0.9999 -0.0003
vn 0.0070 0.9997 -0.0230
vn 0.0034 1.0000 0.0012
vn 0.0252 0.9997 -0.0014
vn -0.0000 1.0000 -0.0009
vn 0.0106 0.9999 0.0015
vn 0.0235 0.9983 0.0540
vn -0.0089 1.0000 -0.0010
vn 0.0001 1.0000 -0.0002
vn 0.5865 0.0786 0.8062
vn 0.5843 -0.1093 0.8042
vn 0.8065 0.0789 0.5860
vn 0.8040 -0.1083 0.5847
vn 0.7868 0.2333 0.5714
vn 0.9479 0.0790 0.3086
vn 0.9247 0.2338 0.3004
vn 0.0130 0.9999 0.0081
vn -0.0026 1.0000 -0.0000
vn 0.3384 0.8772 0.3406
vn -0.0007 1.0000 0.0001
vn -0.8065 0.0787 -0.5860
vn -0.9481 0.0788 -0.3081
vn -0.9248 0.2338 -0.3003
vn -0.7868 0.2339 -0.5712
vn -0.8791 0.3816 -0.2855
vn -0.9723 0.2337 -0.0002
vn -0.9241 0.3821 -0.0005
vn 0.0456 0.9990 0.0030
vn 0.0080 0.9997 -0.0222
vn 0.9247 0.2338 -0.3004
vn 0.7866 0.2339 -0.5715
vn 0.7476 0.3821 -0.5432
vn 0.8789 0.3821 -0.2856
vn 0.6853 0.5314 -0.4979
vn 0.4979 0.5315 -0.6853
vn 0.5432 0.3821 -0.7476
vn 0.0298 0.9996 0.0003
vn 0.0036 1.0000 -0.0036
vn 0.0010 1.0000 -0.0019
vn 0.0175 0.9998 0.0006
vn -0.0097 0.9999 0.0050
vn -0.0024 1.0000 -0.0000
vn 0.5259 0.4453 -0.7246
vn 0.2775 0.4454 -0.8513
vn 0.2336 0.6550 -0.7186
vn 0.5730 0.2216 -0.7890
vn 0.3026 0.2222 -0.9269
vn -0.0002 0.6545 -0.7561
vn -0.0103 0.9979 0.0641
vn -0.0001 1.0000 0.0003
vn -0.0096 1.0000 -0.0002
vn -0.7244 0.4450 0.5266
vn -0.5268 0.4456 0.7238
vn -0.4441 0.6553 0.6110
vn -0.7888 0.2211 0.5735
vn -0.5736 0.2223 0.7884
vn -0.2333 0.6565 0.7173
vn -0.0013 0.9998 0.0173
vn 0.0072 1.0000 0.0044
vn -0.8518 0.4451 -0.2764
vn -0.8953 0.4454 -0.0007
vn -0.7559 0.6547 -0.0000
vn -0.9274 0.2216 -0.3013
vn -0.9750 0.2223 -0.0009
vn -0.7185 0.6551 0.2336
vn 0.4807 0.8736 -0.0760
vn 0.0477 0.9988 0.0077
vn 0.0088 1.0000 0.0005
vn 0.7246 0.4452 0.5261
vn 0.8512 0.4456 0.2774
vn 0.7187 0.6549 0.2336
vn 0.7889 0.2214 0.5732
vn 0.9269 0.2223 0.3023
vn 0.7540 0.6569 -0.0002
vn -0.2557 0.9659 -0.0408
vn 0.0315 0.9994 0.0159
vn -0.0051 1.0000 0.0007
vn -0.0000 0.4457 0.8952
vn 0.2758 0.4457 0.8516
vn 0.2331 0.6558 0.7181
vn 0.0000 0.2215 0.9752
vn 0.3002 0.2219 0.9277
vn 0.4437 0.6559 0.6107
vn 0.0029 1.0000 0.0054
vn -0.0000 1.0000 0.0005
vn -0.0092 1.0000 0.0003
vn -0.2768 0.4454 -0.8515
vn -0.5258 0.4456 -0.7246
vn -0.4437 0.6557 -0.6109
vn -0.3014 0.2214 -0.9274
vn -0.5730 0.2220 -0.7889
vn -0.6107 0.6559 -0.4437
vn -0.0064 1.0000 -0.0069
vn -0.0039 1.0000 -0.0083
vn 0.0000 1.0000 -0.0015
vn 0.0072 1.0000 -0.0015
vn 0.7990 -0.1564 0.5806
vn 0.9393 -0.1565 0.3053
vn 0.9275 0.2212 0.3014
vn 0.6505 -0.5945 0.4727
vn 0.7649 -0.5937 0.2499
vn 0.4404 -0.8388 0.3200
vn 0.5171 -0.8391 0.1687
vn 0.8086 0.0335 0.5874
vn 0.9508 0.0071 0.3098
vn 0.3207 0.9181 0.2331
vn 0.3770 0.9180 0.1226
vn 0.3947 0.8729 0.2868
vn 0.4640 0.8729 0.1508
vn 0.9752 0.2214 -0.0000
vn 0.9878 -0.1558 0.0005
vn 0.5444 -0.8388 0.0000
vn 0.9994 0.0333 -0.0007
vn 0.8043 -0.5942 -0.0000
vn -0.0140 0.9999 -0.0027
vn 0.0011 0.9999 -0.0137
vn -0.0144 0.9999 -0.0006
vn -0.0025 1.0000 0.0014
vn -0.0129 0.9999 -0.0003
vn -0.0165 0.9998 -0.0125
vn -0.0059 1.0000 -0.0048
vn -0.0042 1.0000 -0.0009
vn -0.0069 1.0000 -0.0006
vn -0.0026 1.0000 0.0081
vn 0.0167 0.9999 0.0009
vn -0.0246 0.9997 -0.0070
vn -0.7987 -0.1572 0.5809
vn -0.5805 -0.1572 0.7990
vn -0.5733 0.2204 0.7892
vn -0.6505 -0.5945 0.4727
vn -0.4738 -0.5939 0.6502
vn -0.4401 -0.8390 0.3200
vn -0.3201 -0.8393 0.4395
vn -0.8083 0.0333 0.5878
vn -0.5891 0.0058 0.8080
vn -0.3207 0.9180 0.2331
vn -0.2329 0.9182 0.3205
vn -0.3947 0.8729 0.2868
vn -0.2868 0.8729 0.3947
vn -0.3014 0.2214 0.9274
vn -0.3058 -0.1554 0.9393
vn -0.1683 -0.8389 0.5177
vn -0.3097 0.0332 0.9503
vn -0.2485 -0.5944 0.7648
vn 0.0446 0.9951 -0.0880
vn -0.0012 1.0000 0.0003
vn -0.0005 1.0000 -0.0022
vn 0.0155 0.9999 0.0027
vn -0.0065 1.0000 0.0007
vn -0.0211 0.9996 0.0196
vn -0.0005 1.0000 0.0005
vn 0.0083 1.0000 -0.0005
vn -0.0122 0.9999 -0.0013
vn -0.0378 0.9993 -0.0001
vn 0.0116 0.9999 0.0001
vn 0.3051 -0.1562 -0.9394
vn -0.0001 -0.1564 -0.9877
vn -0.0003 0.2211 -0.9752
vn 0.2475 -0.5935 -0.7659
vn 0.1670 -0.8395 -0.5172
vn 0.2312 0.1096 -0.9667
vn 0.0001 0.0333 -0.9994
vn 0.1212 0.9183 -0.3769
vn 0.3014 0.2209 -0.9276
vn 0.1508 0.8729 -0.4640
vn 0.2163 0.7141 -0.6658
vn 0.0000 0.7141 -0.7001
vn 0.2906 0.3397 -0.8945
vn 0.0000 0.3397 -0.9405
vn 0.3086 0.0554 -0.9496
vn -0.0002 0.0555 -0.9985
vn 0.3073 -0.0262 -0.9513
vn 0.0048 -0.0025 -1.0000
vn 0.2351 -0.2836 -0.9297
vn 0.0105 -0.0254 -0.9996
vn 0.0010 -0.1002 -0.9950
vn -0.0047 -0.3971 -0.9178
vn 0.0894 -0.9066 -0.4123
vn -0.0047 -0.7826 -0.6225
vn -0.0036 -0.9588 -0.2840
vn 0.0532 -0.9871 -0.1508
vn 0.5805 -0.1564 -0.7991
vn 0.4728 -0.5943 -0.6506
vn 0.0511 -0.9944 -0.0921
vn 0.1529 -0.9611 -0.2300
vn 0.5485 -0.3954 -0.7368
vn 0.5850 -0.1002 -0.8048
vn 0.5818 -0.0307 -0.8127
vn 0.3723 -0.7832 -0.4980
vn 0.5869 0.0315 -0.8091
vn 0.2331 0.9180 -0.3208
vn -0.0040 1.0000 -0.0012
vn -0.0085 1.0000 -0.0000
vn -0.0003 1.0000 -0.0018
vn 0.0018 1.0000 0.0018
vn 0.0010 1.0000 0.0003
vn 0.0059 1.0000 -0.0021
vn -0.0005 1.0000 -0.0027
vn 0.0037 1.0000 -0.0010
vn -0.0016 1.0000 0.0001
vn 0.0101 0.9999 0.0003
vn 0.0102 0.9999 -0.0002
vn 0.0127 0.9999 0.0000
vn 0.0110 0.9999 0.0000
vn -0.0091 1.0000 -0.0022
vn 0.0062 1.0000 -0.0004
vn 0.0561 0.9924 -0.1092
vn -0.0003 1.0000 0.0012
vn -0.0010 1.0000 0.0007
vn -0.0021 1.0000 0.0001
vn -0.0007 1.0000 0.0004
vn -0.0065 1.0000 -0.0025
vn -0.0003 1.0000 0.0084
vn 0.0093 1.0000 0.0005
vn 0.0012 1.0000 0.0001
vn 0.0061 1.0000 -0.0011
vn -0.9877 -0.1567 0.0001
vn -0.9394 -0.1564 0.3052
vn -0.9275 0.2213 0.3013
vn -0.8047 -0.5937 0.0012
vn -0.7648 -0.5945 0.2484
vn -0.5447 -0.8386 0.0010
vn -0.5175 -0.8390 0.1682
vn -0.9907 0.1117 0.0775
vn -0.9505 0.0332 0.3089
vn -0.3961 0.9182 0.0009
vn -0.9757 0.2193 0.0002
vn -0.4879 0.8729 -0.0000
vn -0.7001 0.7140 -0.0000
vn -0.6658 0.7141 0.2163
vn -0.9406 0.3396 -0.0000
vn -0.8945 0.3397 0.2905
vn -0.9985 0.0548 0.0013
vn -0.9496 0.0554 0.3085
vn -0.9997 -0.0263 0.0021
vn -0.9526 -0.0025 0.3043
vn -0.9550 -0.2943 0.0367
vn -0.9539 -0.0252 0.2990
vn -0.9465 -0.1003 0.3067
vn -0.8713 -0.3966 0.2891
vn -0.4623 -0.8865 0.0179
vn -0.5898 -0.7829 0.1978
vn -0.2690 -0.9588 0.0912
vn -0.1616 -0.9868 -0.0044
vn -0.9394 -0.1571 -0.3045
vn -0.7649 -0.5943 -0.2484
vn -0.1017 -0.9946 -0.0189
vn -0.2634 -0.9619 -0.0727
vn -0.8704 -0.3954 -0.2934
vn -0.9464 -0.1002 -0.3071
vn -0.9530 -0.0312 -0.3015
vn -0.5890 -0.7832 -0.1994
vn -0.9505 0.0316 -0.3091
vn -0.3770 0.9181 -0.1225
vn -0.0088 1.0000 -0.0001
vn -0.0120 0.9999 0.0009
vn -0.0184 0.9998 -0.0010
vn 0.0019 1.0000 -0.0002
vn 0.0027 1.0000 0.0002
vn -0.0026 1.0000 0.0002
vn -0.0042 1.0000 -0.0000
vn 0.0024 1.0000 0.0023
vn -0.0002 1.0000 -0.0001
vn -0.0065 1.0000 0.0001
vn 0.0004 1.0000 -0.0002
vn 0.0036 1.0000 0.0002
vn 0.0067 1.0000 0.0012
vn 0.0070 1.0000 0.0007
vn -0.0027 1.0000 0.0001
vn -0.0002 1.0000 0.0001
vn -0.0027 1.0000 0.0000
vn -0.0082 1.0000 -0.0006
vn -0.0083 1.0000 0.0003
vn 0.0028 1.0000 0.0012
vn 0.0105 0.9999 0.0011
vn -0.0013 1.0000 -0.0067
vn -0.3051 -0.1563 -0.9394
vn -0.5805 -0.1560 -0.7992
vn -0.5732 0.2214 -0.7889
vn -0.2485 -0.5944 -0.7648
vn -0.4717 -0.5932 -0.6524
vn -0.1681 -0.8389 -0.5177
vn -0.3187 -0.8394 -0.4403
vn -0.3091 0.0333 -0.9504
vn -0.5868 0.0067 -0.8097
vn -0.2330 0.9182 -0.3205
vn -0.1507 0.8729 -0.4640
vn -0.2868 0.8729 -0.3947
vn -0.7889 0.2214 -0.5732
vn -0.7989 -0.1559 -0.5809
vn -0.4404 -0.8389 -0.3200
vn -0.8111 0.0331 -0.5840
vn -0.6506 -0.5943 -0.4727
vn 0.0142 0.9998 0.0152
vn -0.0025 1.0000 -0.0002
vn 0.0023 1.0000 -0.0004
vn -0.0040 1.0000 0.0008
vn 0.0003 1.0000 0.0017
vn 0.0078 1.0000 0.0001
vn -0.0226 0.9997 -0.0033
vn -0.0086 1.0000 -0.0014
vn -0.0011 1.0000 0.0025
vn -0.0082 1.0000 -0.0052
vn -0.0180 0.9998 -0.0046
vn 0.3054 -0.1567 0.9393
vn 0.5805 -0.1564 0.7991
vn 0.5732 0.2214 0.7889
vn 0.2508 -0.5934 0.7649
vn 0.4725 -0.5944 0.6507
vn 0.1701 -0.8390 0.5169
vn 0.3206 -0.8385 0.4407
vn 0.3811 0.1098 0.9180
vn 0.5812 0.0384 0.8129
vn 0.1245 0.9186 0.3750
vn 0.3015 0.2206 0.9276
vn 0.0008 -0.1567 0.9876
vn 0.0002 -0.5940 0.8045
vn 0.0030 0.0313 0.9995
vn 0.0001 0.9180 0.3965
vn -0.0015 1.0000 -0.0030
vn 0.0004 1.0000 0.0004
vn 0.0094 1.0000 0.0013
vn 0.0011 1.0000 -0.0016
vn -0.0367 0.9987 0.0347
vn 0.0082 1.0000 0.0006
vn -0.0144 0.9999 0.0029
vn -0.2065 0.7559 0.6212
vn -0.0352 0.7441 0.6672
vn -0.0033 0.7793 0.6266
vn -0.1411 0.8312 0.5377
vn -0.2146 0.7215 0.6583
vn -0.2659 0.5294 0.8056
vn -0.0327 0.3921 0.9193
vn -0.2904 0.1799 0.9398
vn -0.2975 -0.1617 0.9409
vn -0.0089 -0.1030 0.9946
vn -0.2139 -0.7196 0.6607
vn -0.0010 -0.7267 0.6869
vn -0.0415 -0.9893 0.1401
vn -0.0121 -0.9910 0.1331
vn 0.0072 0.8752 0.4837
vn -0.0346 -0.9964 0.0777
vn 0.0059 -0.9979 0.0650
vn 0.0051 0.9851 0.1720
vn -0.0431 0.9921 0.1178
vn -0.0503 -0.9961 0.0719
vn -0.0246 -0.9990 0.0379
vn 0.1932 0.7805 0.5946
vn 0.2066 0.7431 0.6365
vn -0.3695 0.7565 0.5397
vn -0.3381 0.7641 0.5494
vn 0.0167 -0.9988 0.0460
vn 0.0421 -0.9878 0.1497
vn 0.3040 0.1864 0.9343
vn 0.2732 0.5278 0.8042
vn 0.2234 0.7217 0.6551
vn -0.5789 -0.1687 0.7978
vn -0.4067 -0.7220 0.5597
vn -0.0914 -0.9879 0.1257
vn 0.0538 0.9847 0.1656
vn -0.0731 0.9716 -0.2252
vn 0.1494 0.8753 0.4600
vn 0.0019 1.0000 -0.0014
vn 0.0016 1.0000 0.0011
vn -0.0257 0.9997 -0.0053
vn 0.0413 0.9991 -0.0017
vn -0.0155 0.9999 0.0010
vn 0.0081 1.0000 -0.0003
vn 0.0008 1.0000 -0.0009
vn 0.0007 1.0000 0.0006
vn -0.0013 1.0000 -0.0003
vn -0.0136 0.9999 0.0021
vn -0.2092 0.9732 -0.0958
vn 0.5416 0.7429 -0.3934
vn 0.3676 0.7804 -0.5059
vn 0.5600 0.7217 -0.4069
vn 0.4990 0.5282 -0.6870
vn 0.7941 0.1907 -0.5771
vn 0.5770 0.1907 -0.7942
vn 0.7975 -0.1681 -0.5795
vn 0.5794 -0.1681 -0.7975
vn 0.5587 -0.7220 -0.4082
vn 0.4066 -0.7220 -0.5598
vn 0.1255 -0.9879 -0.0912
vn 0.0916 -0.9878 -0.1259
vn 0.0372 -0.9989 -0.0270
vn 0.0076 1.0000 0.0036
vn -0.0047 1.0000 -0.0015
vn -0.0082 1.0000 -0.0019
vn 0.0005 1.0000 -0.0001
vn 0.0030 1.0000 -0.0002
vn 0.0020 1.0000 0.0037
vn 0.0007 1.0000 0.0018
vn -0.0227 0.9994 -0.0243
vn -0.0041 1.0000 0.0005
vn 0.0090 1.0000 0.0020
vn -0.0072 1.0000 0.0005
vn 0.0128 0.9999 -0.0011
vn 0.0218 0.9998 0.0021
vn -0.0005 1.0000 -0.0017
vn 0.5407 0.7426 -0.3952
vn -0.0010 1.0000 -0.0015
vn 0.5417 0.7430 0.3931
vn 0.6366 0.7430 0.2069
vn 0.5946 0.7804 0.1934
vn 0.4599 0.8174 0.3468
vn 0.5598 0.7219 0.4068
vn 0.4495 0.8781 0.1639
vn 0.0105 0.9938 0.1109
vn 0.1787 0.9822 0.0576
vn -0.2183 0.9707 -0.1001
vn -0.2021 0.9761 -0.0794
vn -0.4533 0.8498 -0.2689
vn 0.8835 0.3688 0.2888
vn 0.7530 0.3681 0.5455
vn 0.5981 -0.7773 0.1952
vn 0.5108 -0.7762 0.3696
vn 0.3823 0.8108 0.4432
vn 0.3517 0.8623 0.3643
vn 0.1358 0.9792 0.1505
vn 0.4084 0.7202 0.5608
vn -0.4731 0.8538 0.2172
vn -0.5880 0.7518 0.2984
vn 0.0050 1.0000 -0.0016
vn -0.0418 0.9990 -0.0185
vn 0.0160 0.9999 0.0007
vn 0.0000 1.0000 0.0027
vn 0.0040 0.9999 0.0158
vn 0.0022 1.0000 0.0034
vn -0.0175 0.9998 0.0003
vn 0.0097 1.0000 -0.0004
vn -0.0026 1.0000 0.0003
vn -0.0071 0.9999 0.0083
vn 0.0000 1.0000 0.0038
vn -0.0877 -0.9594 -0.2679
vn -0.0396 -0.9949 -0.0924
vn -0.3206 -0.8398 -0.4381
vn -0.0806 -0.9899 -0.1170
vn -0.1903 -0.7821 -0.5934
vn -0.5311 -0.4201 -0.7358
vn -0.5821 -0.1047 -0.8063
vn -0.3075 -0.1049 -0.9458
vn -0.5870 -0.0037 -0.8096
vn -0.3128 -0.0235 -0.9495
vn -0.5164 0.2256 -0.8261
vn -0.3155 -0.0007 -0.9489
vn -0.3085 0.0534 -0.9497
vn -0.2871 0.3418 -0.8948
vn -0.3917 0.7478 -0.5360
vn -0.2324 -0.9590 -0.1619
vn -0.5063 -0.7813 -0.3650
vn -0.7401 -0.3983 -0.5418
vn -0.8069 0.0035 -0.5907
vn -0.8079 0.0535 -0.5869
vn -0.7630 0.3394 -0.5502
vn -0.0063 1.0000 -0.0028
vn -0.0004 1.0000 0.0008
vn 0.0013 1.0000 -0.0004
vn 0.0005 1.0000 -0.0004
vn -0.0008 1.0000 -0.0003
vn -0.0020 1.0000 0.0001
vn 0.0002 1.0000 0.0004
vn 0.0003 1.0000 0.0032
vn 0.0030 1.0000 -0.0073
vn -0.0149 0.9999 0.0008
vn 0.0129 0.9999 -0.0009
vn 0.0014 1.0000 -0.0046
vn 0.4462 -0.8860 0.1260
vn 0.1540 -0.9865 0.0549
vn 0.2841 -0.9588 -0.0035
vn 0.6220 -0.7830 -0.0060
vn 0.9180 -0.3965 -0.0059
vn 0.9220 -0.2940 0.2519
vn 0.9950 -0.1002 0.0005
vn 0.9996 -0.0252 0.0102
vn 1.0000 -0.0023 0.0050
vn 0.9514 -0.0266 0.3068
vn 0.9985 0.0555 0.0001
vn 0.9506 0.0557 0.3054
vn 0.9406 0.3396 0.0001
vn 0.8943 0.3421 0.2886
vn 0.7001 0.7140 0.0001
vn 0.6665 0.7137 0.2155
vn 0.4879 0.8729 0.0001
vn 0.4648 0.8726 0.1505
vn 0.3965 0.9180 -0.0000
vn 0.3771 0.9180 0.1225
vn 0.0909 -0.9947 0.0488
vn 0.2278 -0.9621 0.1499
vn 0.7372 -0.3954 0.5479
vn 0.8052 -0.1002 0.5845
vn 0.8132 -0.0313 0.5811
vn 0.4985 -0.7832 0.3716
vn 0.7612 0.3393 0.5527
vn 0.8077 0.0554 0.5869
vn 0.0046 1.0000 0.0010
vn -0.0018 1.0000 0.0003
vn -0.0010 1.0000 0.0001
vn 0.0012 1.0000 0.0003
vn -0.0015 1.0000 0.0002
vn -0.0012 1.0000 -0.0003
vn 0.0025 1.0000 0.0003
vn -0.0007 1.0000 -0.0007
vn 0.0084 1.0000 -0.0002
vn 0.0023 1.0000 -0.0021
vn 0.0015 1.0000 0.0055
vn 0.0021 0.9999 0.0125
vn -0.0012 1.0000 0.0000
vn -0.0054 1.0000 0.0000
vn -0.0213 0.9998 0.0001
vn 0.0032 1.0000 0.0009
vn -0.0188 0.9998 -0.0099
vn 0.0005 -0.9593 0.2823
vn 0.0088 -0.9949 0.1007
vn 0.1701 -0.8384 0.5179
vn 0.0407 -0.9898 0.1362
vn -0.0022 -0.7820 0.6232
vn 0.2794 -0.4189 0.8640
vn 0.0002 -0.3958 0.9184
vn 0.3074 -0.1041 0.9459
vn 0.0002 -0.1048 0.9945
vn 0.3084 0.0017 0.9512
vn 0.0047 -0.0231 0.9997
vn 0.2349 0.2284 0.9448
vn 0.0080 -0.0007 1.0000
vn 0.0014 0.0534 0.9986
vn -0.0015 0.3403 0.9403
vn 0.2103 0.7420 0.6365
vn 0.1711 -0.9590 0.2259
vn 0.3688 -0.7813 0.5035
vn 0.5367 -0.3980 0.7440
vn 0.5841 0.0039 0.8117
vn 0.5859 0.0536 0.8086
vn 0.5544 0.3394 0.7599
vn -0.0113 0.9999 0.0002
vn -0.0015 1.0000 0.0000
vn -0.0009 1.0000 0.0000
vn -0.0000 1.0000 -0.0001
vn 0.0018 1.0000 -0.0007
vn -0.0025 1.0000 0.0034
vn 0.0056 1.0000 -0.0040
vn -0.0093 1.0000 -0.0002
vn 0.0113 0.9974 0.0707
vn 0.0020 1.0000 0.0014
vn -0.2281 -0.9593 0.1663
vn -0.0762 -0.9949 0.0663
vn -0.3184 -0.8390 0.4412
vn -0.0859 -0.9899 0.1124
vn -0.5055 -0.7821 0.3645
vn -0.5355 -0.4194 0.7330
vn -0.7429 -0.3958 0.5399
vn -0.5872 -0.1042 0.8027
vn -0.8046 -0.1048 0.5846
vn -0.5894 0.0034 0.8078
vn -0.8058 -0.0226 0.5918
vn -0.6092 0.2411 0.7555
vn -0.8035 -0.0009 0.5953
vn -0.8064 0.0535 0.5890
vn -0.7610 0.3394 0.5529
vn -0.4053 0.7254 0.5564
vn -0.0823 -0.9591 0.2710
vn -0.1907 -0.7814 0.5942
vn -0.2864 -0.3978 0.8716
vn -0.3148 0.0052 0.9491
vn -0.3108 0.0535 0.9490
vn -0.2897 0.3392 0.8950
vn -0.0094 1.0000 -0.0015
vn 0.0078 1.0000 -0.0002
vn -0.0011 1.0000 -0.0000
vn 0.0010 1.0000 -0.0001
vn 0.0007 1.0000 0.0000
vn 0.0002 1.0000 0.0002
vn 0.0152 0.9999 0.0003
vn -0.0037 1.0000 -0.0002
vn -0.0122 0.9999 0.0026
vn 0.0114 0.9999 -0.0007
vn -0.0116 0.9999 0.0115
vn -0.0115 0.9999 0.0019
vn -0.5844 -0.1049 -0.8046
vn -0.5397 -0.3958 -0.7430
vn -0.8046 -0.1048 -0.5845
vn -0.8088 -0.0264 -0.5875
vn -0.5875 -0.0263 -0.8088
vn -0.7430 -0.3957 -0.5397
vn -0.8090 0.0013 -0.5878
vn 0.0057 0.9999 -0.0110
vn 0.0020 1.0000 0.0003
vn 0.0018 1.0000 -0.0019
vn -0.0048 1.0000 -0.0011
vn -0.0008 1.0000 0.0005
vn 0.3074 -0.1049 0.9458
vn 0.2836 -0.3958 0.8735
vn 0.5845 -0.1049 0.8046
vn 0.5875 -0.0264 0.8088
vn 0.3092 -0.0264 0.9506
vn 0.5397 -0.3957 0.7430
vn 0.0116 0.9999 -0.0005
vn 0.0016 1.0000 0.0015
vn 0.0019 1.0000 0.0003
vn 0.0075 1.0000 0.0022
vn -0.0011 1.0000 0.0007
vn -0.5845 -0.1049 0.8046
vn -0.5397 -0.3956 0.7431
vn -0.3089 -0.0264 0.9507
vn -0.5875 -0.0262 0.8088
vn -0.2836 -0.3957 0.8735
vn -0.3089 0.0013 0.9511
vn -0.0000 1.0000 -0.0066
vn -0.0064 1.0000 -0.0005
vn 0.0005 1.0000 0.0021
vn -0.0047 1.0000 -0.0001
vn -0.0004 1.0000 0.0001
vn -0.4114 0.7141 -0.5664
vn -0.5664 0.7141 -0.4115
vn -0.3947 0.8729 -0.2868
vn -0.2867 0.8729 -0.3947
vn -0.3208 0.9180 -0.2330
vn -0.2331 0.9180 -0.3208
vn -0.5528 0.3397 -0.7609
vn -0.7610 0.3396 -0.5528
vn -0.0012 1.0000 -0.0014
vn -0.0002 1.0000 0.0005
vn 0.0123 0.9999 0.0036
vn 0.0083 1.0000 0.0000
vn -0.0089 1.0000 -0.0004
vn -0.0124 0.9998 -0.0122
vn 0.0012 1.0000 -0.0036
vn 0.0096 1.0000 0.0009
vn 0.2169 0.7147 0.6650
vn 0.4114 0.7141 0.5664
vn 0.2866 0.8730 0.3947
vn 0.1504 0.8732 0.4635
vn 0.2328 0.9179 0.3212
vn 0.1229 0.9178 0.3776
vn 0.2907 0.3395 0.8946
vn 0.5528 0.3397 0.7609
vn 0.0001 0.8728 0.4881
vn -0.0091 1.0000 0.0015
vn -0.0120 0.9999 0.0040
vn -0.0096 0.9999 -0.0035
vn -0.0066 1.0000 -0.0015
vn 0.0040 1.0000 0.0006
vn -0.4115 0.7141 0.5664
vn -0.2164 0.7141 0.6658
vn -0.1506 0.8726 0.4645
vn -0.1223 0.9177 0.3781
vn -0.2331 0.9181 0.3205
vn -0.5529 0.3397 0.7609
vn -0.2908 0.3397 0.8945
vn 0.0123 0.9999 -0.0015
vn 0.0887 0.9956 0.0317
vn 0.0104 0.9999 -0.0009
vn -0.0104 0.9999 0.0030
vn -0.0025 1.0000 0.0041
vn -0.0016 1.0000 -0.0005
vn 0.0034 1.0000 -0.0003
vn -0.4726 -0.5946 0.6504
vn -0.2486 -0.5944 0.7648
vn -0.3053 -0.1568 0.9393
vn -0.3201 -0.8388 0.4404
vn 0.0031 1.0000 -0.0012
vn 0.0103 0.9999 -0.0007
vn 0.0279 0.9995 -0.0113
vn 0.7647 -0.5947 0.2482
vn 0.8043 -0.5943 0.0002
vn 0.9877 -0.1561 0.0002
vn 0.5178 -0.8388 0.1682
vn -0.0052 0.9999 -0.0119
vn -0.0034 1.0000 0.0015
vn -0.0098 1.0000 -0.0010
vn -0.4727 -0.5947 -0.6503
vn -0.6502 -0.5945 -0.4731
vn -0.7987 -0.1574 -0.5807
vn -0.3202 -0.8388 -0.4403
vn -0.0279 0.9987 0.0421
vn 0.0160 0.9999 0.0022
vn 0.0041 1.0000 0.0089
vn 0.5879 0.0012 -0.8089
vn 0.3090 0.0012 -0.9511
vn 0.3087 0.0554 -0.9495
vn 0.5869 0.0555 -0.8078
vn 0.2908 0.3397 -0.8944
vn 0.5528 0.3397 -0.7609
vn 0.2163 0.7143 -0.6656
vn 0.5878 -0.0264 -0.8086
vn -0.0089 1.0000 -0.0013
vn 0.0052 1.0000 0.0022
vn 0.0049 1.0000 -0.0006
vn 0.0036 1.0000 -0.0001
vn 0.0021 1.0000 0.0035
vn 0.0001 1.0000 0.0001
vn 0.8091 0.0012 0.5877
vn 0.9510 0.0016 0.3091
vn 0.9496 0.0554 0.3086
vn 0.8079 0.0554 0.5867
vn 0.8945 0.3397 0.2907
vn 0.8088 -0.0261 0.5875
vn 0.0099 1.0000 0.0003
vn -0.0017 1.0000 -0.0035
vn -0.0008 0.9999 0.0111
vn 0.0166 0.9999 0.0039
vn -0.9511 0.0012 -0.3089
vn -1.0000 0.0012 -0.0000
vn -0.9985 0.0555 -0.0000
vn -0.9496 0.0554 -0.3085
vn -0.9406 0.3395 0.0001
vn -0.8947 0.3393 -0.2904
vn -0.7004 0.7138 0.0002
vn -0.9507 -0.0265 -0.3089
vn 0.0009 1.0000 0.0001
vn -0.0133 0.9997 0.0198
vn 0.0001 1.0000 0.0029
vn -0.0010 1.0000 -0.0052
vn -0.0248 0.9997 -0.0027
vn 0.4563 0.8898 0.0001
vn 0.4339 0.8899 -0.1407
vn 0.2568 0.9628 -0.0837
vn 0.2182 0.9629 -0.1585
vn -0.1148 0.9918 0.0555
vn 0.0018 1.0000 -0.0006
vn 0.3689 0.8900 -0.2679
vn 0.2680 0.8901 -0.3688
vn 0.1587 0.9629 -0.2184
vn 0.0834 0.9629 -0.2568
vn -0.1412 0.8899 -0.4337
vn -0.2681 0.8900 -0.3689
vn -0.1592 0.9627 -0.2187
vn -0.2138 0.9623 -0.1682
vn -0.0888 0.9846 -0.1505
vn -0.0608 0.9967 -0.0530
vn -0.2400 0.9676 0.0780
vn -0.1247 0.9884 0.0863
vn -0.0390 0.9876 -0.1522
vn 0.0048 0.9920 -0.1262
vn 0.0368 0.9940 -0.1034
vn 0.0606 0.9949 -0.0803
vn -0.0696 0.9921 0.1046
vn -0.0313 0.9940 0.1051
vn 0.0019 0.9950 0.0996
vn 0.0775 0.9955 -0.0543
vn 0.0873 0.9958 -0.0279
vn 0.0307 0.9956 0.0888
vn 0.0541 0.9958 0.0738
vn 0.0903 0.9959 0.0000
vn 0.0856 0.9959 0.0279
vn 0.0729 0.9959 0.0532
vn -0.3689 0.8900 -0.2681
vn -0.2563 0.9630 0.0835
vn -0.2708 0.9626 0.0001
vn -0.4563 0.8898 -0.0000
vn -0.4340 0.8898 -0.1409
vn -0.0000 1.0000 0.0037
vn 0.0000 1.0000 -0.0020
vn 0.0004 1.0000 0.0008
vn -0.0079 0.9999 0.0113
vn -0.1717 0.9848 0.0255
vn -0.0167 0.9999 -0.0034
vn -0.0013 1.0000 -0.0016
vn -0.1237 0.9611 -0.2468
vn 0.0324 0.9976 -0.0611
vn 0.0104 0.9999 -0.0000
vn -0.0059 1.0000 -0.0009
vn 0.0910 0.9792 0.1811
vn 0.1410 0.8898 -0.4340
vn 0.0001 0.8899 -0.4562
vn -0.0000 0.9628 -0.2702
vn 0.0832 0.9627 -0.2575
vn -0.0837 0.9628 -0.2568
vn -0.0410 0.9917 -0.1216
vn -0.0762 0.9917 -0.1036
vn -0.1589 0.9629 -0.2182
vn -0.1405 0.8899 -0.4339
vn -0.0211 0.9998 0.0018
vn 0.3692 0.8897 0.2685
vn 0.4343 0.8897 0.1410
vn 0.2570 0.9628 0.0831
vn 0.2698 0.9629 -0.0006
vn -0.2824 0.9582 -0.0462
vn 0.0163 0.9999 -0.0003
vn 0.0040 1.0000 0.0020
vn -0.4639 0.8730 -0.1508
vn -0.3965 0.9180 -0.0000
vn -0.9994 0.0334 0.0000
vn 0.0025 1.0000 -0.0007
vn -0.0040 1.0000 -0.0003
vn -0.0083 1.0000 -0.0023
vn 0.0189 0.9998 -0.0033
vn 0.2868 0.8729 -0.3947
vn 0.1507 0.8729 -0.4640
vn 0.1227 0.9180 -0.3771
vn 0.2331 0.9180 -0.3209
vn 0.3090 0.0333 -0.9505
vn -0.0006 1.0000 0.0027
vn 0.0183 0.9998 0.0006
vn -0.0177 0.9998 0.0016
vn 0.0079 1.0000 -0.0011
vn 0.1256 -0.9879 0.0912
vn 0.0372 -0.9989 0.0269
vn 0.1477 -0.9879 0.0480
vn 0.0270 -0.9990 0.0370
vn 0.0071 0.9999 0.0076
vn -0.0913 -0.9878 -0.1258
vn -0.0267 -0.9990 -0.0372
vn -0.1261 -0.9878 -0.0916
vn -0.5590 -0.7217 -0.4083
vn -0.4095 -0.7213 -0.5585
vn -0.7974 -0.1681 -0.5796
vn -0.5804 -0.1668 -0.7971
vn -0.7940 0.1899 -0.5774
vn -0.5765 0.1899 -0.7947
vn -0.3047 -0.1684 -0.9374
vn -0.3036 0.1906 -0.9336
vn -0.4979 0.5277 -0.6883
vn -0.0003 1.0000 -0.0001
vn -0.0021 1.0000 -0.0005
vn 0.0027 1.0000 -0.0005
vn 0.0103 0.9999 0.0006
vn -0.1013 0.9633 -0.2485
vn -0.0006 1.0000 0.0018
vn -0.0045 1.0000 0.0039
vn -0.1477 -0.9879 -0.0480
vn -0.0437 -0.9989 -0.0142
vn -0.1554 -0.9879 0.0000
vn -0.6919 -0.7220 -0.0036
vn -0.6580 -0.7221 -0.2138
vn -0.9857 -0.1683 -0.0028
vn -0.9375 -0.1682 -0.3047
vn -0.9817 0.1905 -0.0021
vn -0.9336 0.1907 -0.3034
vn -0.8491 0.5283 0.0001
vn -0.8075 0.5283 -0.2624
vn -0.0065 1.0000 -0.0007
vn 0.0030 1.0000 -0.0000
vn -0.0003 1.0000 -0.0002
vn 0.0110 0.9999 0.0051
vn -0.0094 1.0000 0.0030
vn 0.0000 -0.9989 -0.0459
vn -0.0480 -0.9879 -0.1477
vn -0.2138 -0.7220 -0.6580
vn -0.0075 1.0000 -0.0048
vn 0.0000 1.0000 0.0058
vn -0.0002 1.0000 0.0045
vn -0.0085 1.0000 0.0013
vn -0.0913 -0.9879 0.1255
vn -0.0271 -0.9989 0.0371
vn -0.0486 -0.9877 0.1485
vn -0.2137 -0.7217 0.6584
vn -0.0834 0.9960 -0.0323
vn -0.0024 1.0000 0.0069
vn 0.3654 -0.7832 -0.5030
vn 0.1684 -0.9581 -0.2318
vn 0.1921 -0.7832 -0.5914
vn 0.2838 -0.3958 -0.8734
vn 0.0028 1.0000 0.0032
vn 0.0022 1.0000 -0.0047
vn 0.0024 1.0000 0.0012
vn 0.0026 1.0000 0.0007
vn -0.5912 -0.7833 -0.1923
vn -0.2723 -0.9581 -0.0886
vn -0.6222 -0.7829 -0.0003
vn -0.9183 -0.3958 -0.0000
vn -0.0084 1.0000 -0.0001
vn -0.0182 0.9998 0.0039
vn -0.0009 1.0000 -0.0003
vn 0.5029 -0.7835 0.3652
vn 0.2319 -0.9581 0.1684
vn 0.5910 -0.7836 0.1915
vn 0.8734 -0.3961 0.2833
vn -0.0211 0.9983 0.0546
vn 0.0282 0.9995 0.0159
vn -0.0121 0.9999 -0.0010
vn -0.7652 -0.5940 -0.2482
vn -0.5181 -0.8386 -0.1683
vn -0.8041 -0.5945 0.0000
vn -0.5444 -0.8388 -0.0001
vn -0.9506 0.0339 -0.3087
vn -0.0090 1.0000 0.0012
vn -0.0057 0.9999 0.0124
vn 0.0145 0.9996 -0.0246
vn 0.3200 -0.8388 -0.4404
vn 0.2484 -0.5944 -0.7649
vn 0.1682 -0.8388 -0.5178
vn 0.5874 0.0333 -0.8086
vn 0.0071 1.0000 0.0011
vn -0.0010 1.0000 -0.0014
vn 0.0010 1.0000 0.0009
vn -0.0116 0.9999 0.0006
vn 0.0002 1.0000 -0.0019
vn 0.0003 -0.5941 0.8044
vn 0.0001 -0.8387 0.5446
vn 0.2485 -0.5944 0.7648
vn 0.1682 -0.8388 0.5177
vn 0.0001 0.0333 0.9994
vn 0.0016 1.0000 0.0013
vn 0.0004 1.0000 0.0025
vn -0.0059 1.0000 -0.0012
vn -0.0175 0.9998 0.0030
vn 0.5795 -0.1683 0.7974
vn 0.7975 -0.1683 0.5794
vn 0.7943 0.1901 0.5770
vn 0.4067 -0.7222 0.5595
vn 0.5597 -0.7221 0.4066
vn 0.9336 0.1910 0.3033
vn 0.9375 -0.1682 0.3046
vn 0.0025 1.0000 -0.0030
vn -0.0001 1.0000 0.0048
vn 0.0019 0.9999 0.0103
vn -0.0245 0.9997 0.0002
vn -0.0894 0.9908 -0.1011
vn 0.3047 -0.1681 -0.9375
vn 0.0008 -0.1672 -0.9859
vn -0.0000 0.1911 -0.9816
vn 0.2138 -0.7220 -0.6580
vn 0.0019 1.0000 0.0001
vn 0.0180 0.9998 -0.0074
vn 0.0241 0.9997 -0.0003
vn 0.0001 -0.1681 0.9858
vn 0.3046 -0.1682 0.9375
vn 0.3033 0.1907 0.9336
vn 0.0001 -0.7220 0.6919
vn 0.2138 -0.7220 0.6580
vn -0.0000 -0.9879 0.1554
vn 0.0480 -0.9879 0.1478
vn -0.0136 0.9999 0.0000
vn 0.0005 1.0000 -0.0005
vn 0.0083 1.0000 0.0023
vn 0.0000 1.0000 -0.0018
vn -0.0023 1.0000 0.0014
vn -0.0111 0.9999 0.0003
vn 0.0074 1.0000 0.0032
vn -0.5771 0.1906 0.7941
vn -0.5796 -0.1682 0.7974
vn -0.3039 0.1909 0.9334
vn -0.2624 0.5282 0.8075
vn -0.4991 0.5282 0.6869
vn -0.2139 0.7217 0.6583
vn -0.4069 0.7217 0.5600
vn -0.2068 0.7429 0.6366
vn -0.3935 0.7429 0.5415
vn -0.0102 0.9999 -0.0012
vn -0.0005 1.0000 -0.0000
vn -0.0019 1.0000 0.0030
vn 0.0067 1.0000 -0.0007
vn -0.0029 1.0000 -0.0006
vn -0.0178 0.9998 -0.0008
vn 0.6920 0.7219 -0.0006
vn 0.6583 0.7219 -0.2133
vn 0.6367 0.7430 -0.2064
vn 0.6693 0.7430 -0.0004
vn 0.2768 0.9600 -0.0429
vn 0.2139 0.7217 -0.6583
vn 0.0000 0.7217 -0.6922
vn -0.0000 0.7429 -0.6694
vn 0.2070 0.7429 -0.6366
vn 0.2622 0.5283 -0.8076
vn -0.0001 0.5282 -0.8491
vn 0.0002 1.0000 0.0014
vn -0.0069 1.0000 -0.0061
vn -0.0226 0.9997 -0.0026
vn 0.0035 0.9997 -0.0231
vn -0.0272 0.9996 0.0060
vn 0.0669 0.9977 0.0079
vn -0.0002 0.7212 0.6928
vn 0.2140 0.7218 0.6582
vn 0.2071 0.7430 0.6364
vn -0.0005 0.5276 0.8495
vn 0.0434 0.9988 -0.0215
vn -0.0858 0.9963 -0.0007
vn -0.2139 0.7218 -0.6582
vn -0.4067 0.7217 -0.5601
vn -0.3933 0.7430 -0.5416
vn -0.2625 0.5281 -0.8076
vn 0.0243 0.9993 -0.0271
vn -0.0050 1.0000 -0.0004
vn 0.5485 -0.7350 0.3986
vn 0.4947 -0.7911 0.3597
vn 0.6445 -0.7353 0.2096
vn 0.3594 -0.7915 0.4943
vn 0.0216 0.9995 0.0212
vn -0.0235 0.9894 -0.1434
vn 0.2819 0.9485 0.1447
vn -0.6447 -0.7352 -0.2094
vn -0.5839 -0.7889 -0.1916
vn -0.6779 -0.7352 0.0004
vn -0.6110 -0.7916 -0.0002
vn -0.4943 -0.7916 -0.3592
vn -0.4660 -0.8154 -0.3435
vn -0.3612 -0.9208 -0.1474
vn -0.5081 -0.7759 -0.3738
vn -0.7512 0.3702 -0.5465
vn -0.4830 0.8419 -0.2408
vn 0.1679 0.9779 0.1243
vn 0.1995 0.9778 0.0646
vn -0.0000 1.0000 -0.0012
vn 0.0000 1.0000 -0.0016
vn -0.0037 1.0000 0.0041
vn 0.0099 0.9999 -0.0033
vn -0.1202 0.9925 0.0235
vn -0.0028 1.0000 -0.0006
vn -0.0005 1.0000 0.0034
vn -0.0566 0.9983 -0.0098
vn -0.5059 0.7804 -0.3675
vn -0.5947 0.7804 -0.1932
vn -0.4600 0.8752 -0.1495
vn -0.3913 0.8752 -0.2843
vn -0.4832 0.8755 -0.0003
vn -0.1740 0.9847 -0.0002
vn -0.1654 0.9848 -0.0537
vn 0.2373 0.9714 0.0020
vn 0.2242 0.9721 0.0696
vn 0.2147 0.9767 0.0033
vn 0.2137 0.9752 0.0582
vn -0.9276 0.3735 0.0048
vn -0.8763 0.3847 -0.2900
vn -0.6308 -0.7759 -0.0050
vn -0.5993 -0.7767 -0.1938
vn -0.5807 -0.8141 -0.0111
vn 0.0089 1.0000 -0.0000
vn 0.0451 0.9987 -0.0239
vn 0.0108 0.9999 -0.0019
vn 0.0032 0.9673 -0.2536
vn 0.0888 0.9948 0.0502
vn 0.0082 1.0000 -0.0003
vn -0.5948 0.7803 0.1932
vn -0.5058 0.7804 0.3676
vn -0.3913 0.8753 0.2843
vn -0.4600 0.8752 0.1495
vn -0.1409 0.9847 0.1023
vn -0.1656 0.9847 0.0538
vn 0.1911 0.9717 -0.1392
vn 0.2254 0.9715 -0.0732
vn 0.1685 0.9779 -0.1238
vn 0.1994 0.9778 -0.0646
vn -0.7518 0.3711 0.5450
vn -0.8834 0.3671 0.2912
vn -0.5105 -0.7756 0.3713
vn -0.5940 -0.7805 0.1950
vn 0.0072 1.0000 0.0056
vn -0.0024 1.0000 -0.0046
vn -0.0029 0.9991 0.0421
vn -0.0000 1.0000 0.0019
vn -0.0329 0.9995 -0.0011
vn -0.0162 0.9999 0.0047
vn -0.0037 1.0000 -0.0035
vn -0.0156 0.9999 0.0015
vn -0.0066 0.9999 0.0075
vn -0.0415 0.9991 0.0061
vn 0.0914 0.9958 0.0019
vn 0.0115 0.9999 -0.0095
vn -0.0108 0.9999 0.0014
vn -0.1933 0.7804 -0.5947
vn -0.3677 0.7806 -0.5055
vn -0.2845 0.8753 -0.3911
vn -0.1496 0.8752 -0.4601
vn -0.0016 1.0000 -0.0069
vn 0.0702 0.9974 -0.0161
vn 0.5060 0.7801 -0.3679
vn 0.3674 0.7802 -0.5062
vn 0.2841 0.8753 -0.3913
vn -0.1014 0.9916 -0.0806
vn 0.0910 0.9922 -0.0847
vn 0.0576 0.9947 -0.0855
vn 0.0596 0.9954 -0.0746
vn 0.5283 0.7183 -0.4526
vn 0.0001 0.7805 0.6252
vn 0.1494 0.8752 0.4601
vn 0.0001 0.8752 0.4838
vn 0.0323 0.9994 -0.0150
vn 0.0324 0.9995 -0.0014
vn -0.2184 0.9629 -0.1584
vn -0.3689 0.8899 -0.2684
vn -0.2562 0.9630 -0.0836
vn -0.1210 0.9918 -0.0403
vn -0.1272 0.9919 -0.0010
vn -0.2698 0.9629 -0.0001
vn -0.0002 -0.7915 0.6112
vn 0.1889 -0.7914 0.5815
vn 0.2098 -0.7348 0.6450
vn -0.0030 -0.8151 0.5793
vn 0.2413 -0.8377 0.4899
vn -0.0025 -0.7776 0.6288
vn 0.2265 -0.7967 0.5604
vn 0.0006 0.3680 0.9298
vn 0.2837 0.3702 0.8846
vn -0.0012 0.9779 -0.2093
vn -0.0654 0.9777 -0.1998
vn -0.0013 0.9715 -0.2371
vn -0.0734 0.9715 -0.2254
vn -0.0000 0.9847 0.1741
vn -0.1330 0.9898 0.0512
vn 0.0145 0.9999 0.0073
vn -0.0056 1.0000 0.0017
vn -0.0047 1.0000 -0.0040
vn -0.0002 1.0000 -0.0008
vn 0.0032 1.0000 -0.0002
vn -0.0408 0.9992 0.0042
vn -0.0000 1.0000 0.0008
vn -0.0134 0.9999 0.0083
vn 0.0521 0.9986 -0.0093
vn -0.0341 0.9994 0.0021
vn -0.0195 0.9998 -0.0026
vn 0.6110 -0.7916 -0.0001
vn 0.5809 -0.7918 -0.1888
vn 0.6442 -0.7355 -0.2099
vn 0.5808 -0.8140 -0.0051
vn 0.5576 -0.8111 -0.1768
vn 0.6299 -0.7767 -0.0049
vn 0.6055 -0.7722 -0.1925
vn 0.9299 0.3679 -0.0007
vn 0.8836 0.3697 -0.2875
vn -0.2109 0.9775 0.0009
vn -0.2036 0.9772 0.0606
vn -0.2376 0.9714 0.0018
vn -0.2283 0.9712 0.0685
vn 0.1743 0.9847 -0.0007
vn 0.1660 0.9846 -0.0541
vn 0.4837 0.8752 -0.0011
vn 0.4601 0.8753 -0.1490
vn 0.6253 0.7804 -0.0001
vn 0.0668 0.9898 0.1259
vn -0.0262 0.9992 -0.0292
vn 0.0030 1.0000 -0.0007
vn -0.0025 1.0000 -0.0007
vn -0.0211 0.9987 -0.0474
vn 0.0247 0.9985 0.0483
vn 0.1884 -0.7912 -0.5819
vn 0.0001 -0.7915 -0.6111
vn 0.0002 -0.7352 -0.6778
vn 0.1789 -0.8150 -0.5511
vn -0.0487 -0.7480 -0.6620
vn 0.1933 -0.7774 -0.5986
vn -0.0566 -0.8606 -0.5062
vn 0.2864 0.3681 -0.8846
vn -0.2087 -0.0528 -0.9766
vn -0.0651 0.9779 0.1987
vn 0.0244 0.9948 0.0990
vn -0.0736 0.9714 0.2258
vn 0.0000 0.9715 0.2370
vn 0.0538 0.9847 -0.1656
vn -0.0000 0.9847 -0.1741
vn 0.0000 0.8753 -0.4836
vn 0.1933 0.7804 -0.5947
vn -0.0041 1.0000 0.0022
vn -0.0086 1.0000 -0.0042
vn 0.5364 0.8430 0.0402
vn -0.0017 1.0000 -0.0028
vn 0.0032 1.0000 0.0010
vn -0.0086 1.0000 -0.0011
vn 0.0158 0.9999 0.0006
vn 0.0194 0.9998 0.0012
vn 0.0009 1.0000 -0.0001
vn 0.0008 1.0000 -0.0006
vn -0.0113 0.9999 0.0098
vn 0.0000 1.0000 -0.0024
vn 0.0147 0.9998 -0.0138
vn -0.0004 1.0000 -0.0011
vn 0.2550 0.9656 0.0518
vn -0.3585 -0.7918 0.4946
vn -0.1913 -0.7897 0.5829
vn -0.2097 -0.7359 0.6438
vn -0.3412 -0.8149 0.4685
vn -0.0814 -0.9006 0.4270
vn -0.3692 -0.7775 0.5090
vn -0.1191 -0.8841 0.4519
vn -0.5456 0.3697 0.7521
vn -0.3014 0.4386 0.8466
vn 0.1236 0.9778 -0.1691
vn 0.0642 0.9777 -0.1999
vn 0.1394 0.9715 -0.1918
vn 0.0731 0.9715 -0.2254
vn -0.1023 0.9847 0.1408
vn -0.0538 0.9847 0.1656
vn -0.2843 0.8753 0.3913
vn -0.1495 0.8752 0.4600
vn -0.3676 0.7804 0.5059
vn 0.2600 0.9580 0.1206
vn -0.0050 1.0000 0.0008
vn -0.0179 0.9998 -0.0126
vn -0.0065 1.0000 -0.0048
vn -0.0098 1.0000 0.0010
vn -0.0005 1.0000 -0.0004
vn 0.0042 1.0000 0.0006
vn 0.0114 0.9999 0.0001
vn -0.0000 1.0000 0.0059
vn -0.0023 1.0000 0.0080
vn -0.0201 0.9998 -0.0039
vn -0.0000 0.9999 0.0103
vn 0.0157 0.9999 0.0058
vn -0.1889 -0.7915 -0.5812
vn -0.3591 -0.7915 -0.4946
vn -0.3982 -0.7350 -0.5488
vn -0.1794 -0.8151 -0.5509
vn -0.3408 -0.8153 -0.4682
vn -0.1961 -0.7765 -0.5989
vn -0.3715 -0.7765 -0.5090
vn -0.1998 0.3285 -0.9231
vn -0.5480 0.3728 -0.7488
vn 0.1212 0.9103 0.3959
vn 0.1222 0.9776 0.1711
vn 0.0778 0.9769 0.1992
vn 0.1378 0.9717 0.1916
vn -0.0544 0.9846 -0.1659
vn -0.0619 0.9974 0.0362
vn 0.0011 1.0000 0.0007
vn 0.0083 1.0000 -0.0025
vn 0.0064 1.0000 0.0002
vn -0.0000 1.0000 -0.0006
vn -0.0413 0.9991 -0.0093
vn -0.0905 0.9954 0.0306
vn 0.6044 0.7167 -0.3480
vn 0.0185 0.9998 0.0015
vn 0.0035 1.0000 0.0009
vn 0.0361 0.9993 0.0030
vn -0.0279 0.9912 -0.1294
vn 0.4945 -0.7915 -0.3592
vn 0.3594 -0.7915 -0.4944
vn 0.3985 -0.7351 -0.5485
vn 0.4690 -0.8148 -0.3407
vn 0.0097 0.9996 0.0263
vn -0.0761 0.9971 -0.0011
vn 0.0069 1.0000 -0.0065
vn -0.2568 0.9628 0.0837
vn -0.2184 0.9629 0.1586
vn -0.1030 0.9918 0.0755
vn -0.0749 0.9918 0.1036
vn 0.0010 1.0000 0.0017
vn -0.0000 0.9180 0.3965
vn 0.1225 0.9180 0.3771
vn 0.3088 0.0334 0.9505
vn -0.0018 1.0000 0.0008
vn -0.0001 1.0000 -0.0003
vn -0.0001 1.0000 0.0010
vn -0.5875 0.0334 0.8086
vn -0.2331 0.9180 0.3208
vn -0.3088 0.0301 0.9507
vn -0.0013 1.0000 -0.0040
vn 0.0014 1.0000 -0.0038
vn -0.0002 1.0000 -0.0005
vn 0.9504 0.0326 0.3094
vn 0.3776 0.9178 0.1227
vn 0.9995 0.0326 0.0001
vn -0.0088 0.9999 0.0082
vn -0.5915 0.0330 -0.8057
vn -0.2331 0.9180 -0.3209
vn -0.8086 0.0311 -0.5875
vn 0.0012 1.0000 0.0041
vn 0.0033 1.0000 -0.0043
vn 0.0021 1.0000 0.0034
vn 0.1409 0.9847 -0.1024
vn 0.1033 0.9847 -0.1406
vn -0.1392 0.9716 0.1912
vn -0.1917 0.9715 0.1394
vn -0.1450 0.9708 0.1909
vn -0.1700 0.9777 0.1229
vn 0.2447 0.7474 -0.6176
vn 0.7494 0.3675 -0.5508
vn 0.3714 -0.7672 -0.5230
vn 0.5050 -0.7791 -0.3716
vn 0.3380 -0.8161 -0.4687
vn 0.0022 0.9998 0.0184
vn 0.0363 0.9993 -0.0009
vn 0.0094 1.0000 0.0027
vn 0.0125 0.9984 0.0547
vn -0.0288 0.9995 -0.0121
vn 0.0785 0.9952 0.0590
vn -0.1408 0.9847 -0.1023
vn -0.1656 0.9847 -0.0538
vn 0.2250 0.9716 0.0732
vn 0.1915 0.9716 0.1391
vn 0.1989 0.9779 0.0646
vn 0.0022 1.0000 -0.0052
vn -0.0046 1.0000 -0.0009
vn -0.0066 1.0000 0.0011
vn 0.0076 0.9999 0.0066
vn -0.0011 1.0000 -0.0027
vn -0.1393 0.9715 -0.1916
vn 0.1023 0.9847 0.1409
vn -0.1936 0.9711 -0.1396
vn -0.1707 0.9776 -0.1234
vn -0.1240 0.9778 -0.1688
vn 0.7047 0.2804 0.6517
vn 0.5923 0.4178 0.6890
vn 0.5240 -0.7750 0.3532
vn 0.4006 -0.8008 0.4452
vn 0.4962 -0.7993 0.3390
vn 0.2149 -0.9414 0.2601
vn -0.0028 1.0000 0.0035
vn -0.4323 0.8615 0.2661
vn -0.0000 1.0000 0.0026
vn -0.0539 0.9961 0.0695
vn 0.0000 1.0000 0.0022
vn -0.0237 0.9997 -0.0004
vn 0.0001 1.0000 0.0035
vn -0.0000 1.0000 0.0047
vn -0.0016 1.0000 0.0086
usemtl woodlight0
s 1
f 1/1/1 2/2/2 3/3/3
f 1/1/1 3/3/3 4/4/4
f 1/1/1 4/4/4 5/5/5
f 1/1/1 5/5/5 6/6/6
f 6/7/6 5/8/5 7/9/7
f 6/7/6 7/9/7 8/10/8
f 8/10/8 7/9/7 9/11/9
f 8/10/8 9/11/9 10/12/10
f 10/12/10 9/11/9 11/13/11
f 10/12/10 11/13/11 12/14/12
f 12/14/12 11/13/11 13/15/13
f 12/14/12 13/15/13 14/16/14
f 14/16/14 13/15/13 15/17/15
f 14/16/14 15/17/15 16/18/16
f 16/18/16 15/17/15 17/19/17
f 16/18/16 17/19/17 18/20/18
f 18/20/18 17/19/17 19/21/19
f 18/20/18 19/21/19 20/22/20
f 20/23/20 19/24/19 21/25/21
f 20/23/20 21/25/21 22/26/22
f 22/26/22 21/25/21 23/27/23
f 22/26/22 23/27/23 24/28/24
f 24/28/24 23/27/23 25/29/25
f 24/28/24 25/29/25 26/30/26
f 26/31/26 25/32/25 27/33/27
f 26/31/26 27/33/27 28/34/28
f 28/34/28 27/33/27 29/35/29
f 28/34/28 29/35/29 30/36/30
f 30/37/30 29/38/29 31/39/31
f 30/37/30 31/39/31 32/40/32
f 32/40/32 31/39/31 33/41/33
f 32/40/32 33/41/33 34/42/34
f 34/42/34 33/41/33 35/43/35
f 34/42/34 35/43/35 36/44/36
f 36/44/36 35/43/35 37/45/37
f 2/2/2 1/1/1 38/46/38
f 36/47/36 37/48/37 39/49/39
f 36/47/36 39/49/39 40/50/40
f 2/2/2 38/46/38 41/51/41
f 2/2/2 41/51/41 42/52/42
f 42/52/42 41/51/41 43/53/43
f 42/52/42 43/53/43 44/54/44
f 42/52/42 44/54/44 45/55/45
f 45/56/45 44/57/44 46/58/46
f 45/56/45 46/58/46 47/59/47
f 47/59/47 46/58/46 48/60/48
f 47/59/47 48/60/48 49/61/49
f 49/61/49 48/60/48 50/62/50
f 49/61/49 50/62/50 51/63/51
f 51/63/51 50/62/50 52/64/52
f 51/63/51 52/64/52 53/65/53
f 53/65/53 52/64/52 54/66/54
f 53/65/53 54/66/54 55/67/55
f 55/67/55 54/66/54 56/68/56
f 55/67/55 56/68/56 57/69/57
f 57/69/57 56/68/56 58/70/58
f 58/71/58 56/72/56 59/73/59
f 58/71/58 59/73/59 60/74/60
f 60/74/60 59/73/59 61/75/61
f 60/74/60 61/75/61 62/76/62
f 62/76/62 61/75/61 63/77/63
f 62/76/62 63/77/63 64/78/64
f 64/79/64 63/80/63 65/81/65
f 64/79/64 65/81/65 66/82/66
f 66/82/66 65/81/65 67/83/67
f 66/82/66 67/83/67 68/84/68
f 68/85/68 67/86/67 69/87/69
f 68/85/68 69/87/69 70/88/70
f 70/88/70 69/87/69 71/89/71
f 70/88/70 71/89/71 72/90/72
f 72/90/72 71/89/71 73/91/73
f 72/90/72 73/91/73 74/92/74
f 72/90/72 74/92/74 75/93/75
f 2/2/2 42/52/42 76/94/76
f 75/95/75 74/96/74 77/97/77
f 2/2/2 76/94/76 78/98/78
f 2/2/2 78/98/78 79/99/79
f 79/99/79 78/98/78 80/100/80
f 79/99/79 80/100/80 81/101/81
f 79/99/79 81/101/81 82/102/82
f 82/103/82 81/104/81 83/105/83
f 82/103/82 83/105/83 84/106/84
f 84/106/84 83/105/83 85/107/85
f 84/106/84 85/107/85 86/108/86
f 86/108/86 85/107/85 87/109/87
f 86/108/86 87/109/87 88/110/88
f 88/110/88 87/109/87 89/111/89
f 88/110/88 89/111/89 90/112/90
f 90/112/90 89/111/89 91/113/91
f 90/112/90 91/113/91 92/114/92
f 92/114/92 91/113/91 93/115/93
f 92/114/92 93/115/93 94/116/94
f 94/116/94 93/115/93 95/117/95
f 95/118/95 93/119/93 96/120/96
f 95/118/95 96/120/96 97/121/97
f 97/121/97 96/120/96 98/122/98
f 97/121/97 98/122/98 99/123/99
f 99/123/99 98/122/98 100/124/100
f 99/123/99 100/124/100 101/125/101
f 101/126/101 100/127/100 102/128/102
f 101/126/101 102/128/102 103/129/103
f 103/129/103 102/128/102 104/130/104
f 103/129/103 104/130/104 105/131/105
f 105/132/105 104/133/104 106/134/106
f 105/132/105 106/134/106 107/135/107
f 107/135/107 106/134/106 108/136/108
f 107/135/107 108/136/108 109/137/109
f 109/137/109 108/136/108 110/138/110
f 109/137/109 110/138/110 111/139/111
f 111/139/111 110/138/110 112/140/112
f 111/139/111 112/140/112 113/141/113
f 2/2/2 79/99/79 114/142/114
f 113/143/113 112/144/112 115/145/115
f 2/2/2 114/142/114 116/146/116
f 2/2/2 116/146/116 117/147/117
f 117/147/117 116/146/116 118/148/118
f 117/147/117 118/148/118 119/149/119
f 117/147/117 119/149/119 120/150/120
f 120/150/120 119/149/119 121/151/121
f 120/150/120 121/151/121 122/152/122
f 122/153/122 121/154/121 123/155/123
f 122/153/122 123/155/123 124/156/124
f 124/156/124 123/155/123 125/157/125
f 124/156/124 125/157/125 126/158/126
f 126/158/126 125/157/125 127/159/127
f 126/158/126 127/159/127 128/160/128
f 128/160/128 127/159/127 129/161/129
f 128/160/128 129/161/129 130/162/130
f 130/162/130 129/161/129 131/163/131
f 130/162/130 131/163/131 132/164/132
f 132/164/132 131/163/131 133/165/133
f 133/166/133 131/167/131 134/168/134
f 133/166/133 134/168/134 135/169/135
f 135/169/135 134/168/134 136/170/136
f 135/169/135 136/170/136 137/171/137
f 137/171/137 136/170/136 138/172/138
f 137/171/137 138/172/138 139/173/139
f 139/174/139 138/175/138 140/176/140
f 139/174/139 140/176/140 141/177/141
f 141/177/141 140/176/140 142/178/142
f 141/177/141 142/178/142 143/179/143
f 143/180/143 142/181/142 144/182/144
f 143/180/143 144/182/144 145/183/145
f 145/183/145 144/182/144 146/184/146
f 145/183/145 146/184/146 147/185/147
f 147/185/147 146/184/146 148/186/148
f 147/185/147 148/186/148 149/187/149
f 147/185/147 149/187/149 150/188/150
f 150/189/150 149/190/149 151/191/151
f 2/2/2 152/192/152 153/193/153
f 153/193/153 152/192/152 154/194/154
f 153/193/153 154/194/154 155/195/155
f 153/193/153 155/195/155 156/196/156
f 156/197/156 155/198/155 157/199/157
f 156/197/156 157/199/157 158/200/158
f 158/200/158 157/199/157 159/201/159
f 158/200/158 159/201/159 160/202/160
f 160/202/160 159/201/159 161/203/161
f 160/202/160 161/203/161 162/204/162
f 162/204/162 161/203/161 163/205/163
f 162/204/162 163/205/163 164/206/164
f 164/206/164 163/205/163 165/207/165
f 164/206/164 165/207/165 166/208/166
f 166/208/166 165/207/165 167/209/167
f 166/208/166 167/209/167 168/210/168
f 168/210/168 167/209/167 169/211/169
f 169/212/169 167/213/167 170/214/170
f 169/212/169 170/214/170 171/215/171
f 171/215/171 170/214/170 172/216/172
f 171/215/171 172/216/172 173/217/173
f 173/217/173 172/216/172 174/218/174
f 173/217/173 174/218/174 175/219/175
f 175/220/175 174/221/174 176/222/176
f 175/220/175 176/222/176 177/223/177
f 177/223/177 176/222/176 178/224/178
f 177/223/177 178/224/178 179/225/179
f 179/226/179 178/227/178 180/228/180
f 179/226/179 180/228/180 181/229/181
f 181/229/181 180/228/180 182/230/182
f 181/229/181 182/230/182 183/231/183
f 183/231/183 182/230/182 184/232/184
f 183/231/183 184/232/184 185/233/185
f 183/231/183 185/233/185 186/234/186
f 2/2/2 153/193/153 187/235/187
f 186/236/186 185/237/185 188/238/188
f 2/2/2 187/235/187 189/239/189
f 2/2/2 189/239/189 190/240/190
f 190/240/190 189/239/189 191/241/191
f 190/240/190 191/241/191 192/242/192
f 190/240/190 192/242/192 193/243/193
f 193/243/193 192/242/192 194/244/194
f 193/243/193 194/244/194 195/245/195
f 195/246/195 194/247/194 196/248/196
f 195/246/195 196/248/196 197/249/197
f 197/249/197 196/248/196 198/250/198
f 197/249/197 198/250/198 199/251/199
f 199/251/199 198/250/198 200/252/200
f 199/251/199 200/252/200 201/253/201
f 201/253/201 200/252/200 202/254/202
f 201/253/201 202/254/202 203/255/203
f 203/255/203 202/254/202 204/256/204
f 203/255/203 204/256/204 205/257/205
f 205/257/205 204/256/204 206/258/206
f 206/259/206 204/260/204 207/261/207
f 206/259/206 207/261/207 208/262/208
f 208/262/208 207/261/207 209/263/209
f 208/262/208 209/263/209 210/264/210
f 210/264/210 209/263/209 211/265/211
f 210/264/210 211/265/211 212/266/212
f 212/267/212 211/268/211 213/269/213
f 212/267/212 213/269/213 214/270/214
f 214/270/214 213/269/213 215/271/215
f 214/270/214 215/271/215 216/272/216
f 216/273/216 215/274/215 217/275/217
f 216/273/216 217/275/217 218/276/218
f 218/276/218 217/275/217 219/277/219
f 218/276/218 219/277/219 220/278/220
f 220/278/220 219/277/219 221/279/221
f 220/278/220 221/279/221 222/280/222
f 220/278/220 222/280/222 223/281/223
f 2/2/2 190/240/190 224/282/224
f 223/283/223 222/284/222 225/285/225
f 2/2/2 224/282/224 226/286/226
f 3/3/3 2/2/2 227/287/227
f 2/2/2 226/286/226 227/287/227
f 227/287/227 226/286/226 228/288/228
f 227/287/227 228/288/228 229/289/229
f 229/289/229 228/288/228 230/290/230
f 229/289/229 230/290/230 231/291/231
f 231/292/231 230/293/230 232/294/232
f 231/292/231 232/294/232 233/295/233
f 233/295/233 232/294/232 234/296/234
f 233/295/233 234/296/234 235/297/235
f 235/297/235 234/296/234 236/298/236
f 235/297/235 236/298/236 237/299/237
f 237/299/237 236/298/236 238/300/238
f 237/299/237 238/300/238 239/301/239
f 239/301/239 238/300/238 240/302/240
f 239/301/239 240/302/240 241/303/241
f 241/303/241 240/302/240 242/304/242
f 241/303/241 242/304/242 243/305/243
f 243/305/243 242/304/242 244/306/244
f 244/307/244 242/308/242 245/309/245
f 244/307/244 245/309/245 246/310/246
f 246/310/246 245/309/245 247/311/247
f 246/310/246 247/311/247 248/312/248
f 248/312/248 247/311/247 249/313/249
f 248/312/248 249/313/249 250/314/250
f 250/315/250 249/316/249 251/317/251
f 250/315/250 251/317/251 252/318/252
f 252/318/252 251/317/251 253/319/253
f 252/318/252 253/319/253 254/320/254
f 254/321/254 253/322/253 255/323/255
f 254/321/254 255/323/255 256/324/256
f 256/324/256 255/323/255 257/325/257
f 256/324/256 257/325/257 258/326/258
f 258/326/258 257/325/257 259/327/259
f 258/326/258 259/327/259 260/328/260
f 260/328/260 259/327/259 261/329/261
f 260/328/260 261/329/261 262/330/262
f 262/331/262 261/332/261 263/333/263
f 263/333/263 261/332/261 264/334/264
f 263/333/263 264/334/264 265/335/265
f 225/285/225 222/284/222 266/336/266
f 225/285/225 266/336/266 267/337/267
f 188/238/188 185/237/185 268/338/268
f 188/238/188 268/338/268 269/339/269
f 151/191/151 149/190/149 270/340/270
f 151/191/151 270/340/270 271/341/271
f 115/145/115 112/144/112 272/342/272
f 115/145/115 272/342/272 273/343/273
f 77/97/77 74/96/74 274/344/274
f 77/97/77 274/344/274 275/345/275
f 40/50/40 39/49/39 276/346/276
f 40/50/40 276/346/276 277/347/277
f 265/348/265 264/349/264 278/350/278
f 265/348/265 278/350/278 279/351/279
f 279/351/279 278/350/278 280/352/280
f 279/351/279 280/352/280 281/353/281
f 281/354/281 280/355/280 282/356/282
f 281/354/281 282/356/282 283/357/283
f 273/358/273 272/359/272 284/360/284
f 273/358/273 284/360/284 285/361/285
f 285/361/285 284/360/284 286/362/286
f 285/361/285 286/362/286 287/363/287
f 287/364/287 286/365/286 288/366/288
f 287/364/287 288/366/288 289/367/289
f 267/368/267 266/369/266 290/370/290
f 267/368/267 290/370/290 291/371/291
f 291/371/291 290/370/290 292/372/292
f 291/371/291 292/372/292 293/373/293
f 293/374/293 292/375/292 294/376/294
f 293/374/293 294/376/294 295/377/295
f 269/378/269 268/379/268 296/380/296
f 269/378/269 296/380/296 297/381/297
f 297/381/297 296/380/296 298/382/298
f 297/381/297 298/382/298 299/383/299
f 299/383/299 298/382/298 300/384/300
f 299/383/299 300/384/300 301/385/301
f 275/386/275 274/387/274 302/388/302
f 275/386/275 302/388/302 303/389/303
f 303/389/303 302/388/302 304/390/304
f 303/389/303 304/390/304 305/391/305
f 305/391/305 304/390/304 306/392/306
f 305/391/305 306/392/306 307/393/307
f 277/394/277 276/395/276 308/396/308
f 277/394/277 308/396/308 309/397/309
f 309/397/309 308/396/308 310/398/310
f 309/397/309 310/398/310 311/399/311
f 311/400/311 310/401/310 312/402/312
f 311/400/311 312/402/312 313/403/313
f 271/404/271 270/405/270 314/406/314
f 271/404/271 314/406/314 315/407/315
f 315/407/315 314/406/314 316/408/316
f 315/407/315 316/408/316 317/409/317
f 317/410/317 316/411/316 318/412/318
f 317/410/317 318/412/318 319/413/319
f 319/414/319 318/415/318 320/416/320
f 289/417/289 288/418/288 321/419/321
f 295/377/295 294/376/294 322/420/322
f 313/421/313 312/422/312 323/423/323
f 313/421/313 323/423/323 324/424/324
f 301/385/301 300/384/300 325/425/325
f 307/393/307 306/392/306 326/426/326
f 282/356/282 280/355/280 327/427/327
f 280/352/280 278/350/278 328/428/328
f 327/427/327 280/355/280 328/429/328
f 278/350/278 264/349/264 329/430/329
f 328/428/328 278/350/278 329/430/329
f 264/334/264 261/332/261 330/431/330
f 329/430/329 264/349/264 330/432/330
f 330/431/330 261/332/261 331/433/331
f 261/329/261 259/327/259 331/434/331
f 300/435/300 298/436/298 332/437/332
f 298/382/298 296/380/296 333/438/333
f 332/437/332 298/436/298 333/439/333
f 296/380/296 268/379/268 334/440/334
f 333/438/333 296/380/296 334/440/334
f 268/338/268 185/237/185 335/441/335
f 334/440/334 268/379/268 335/442/335
f 335/441/335 185/237/185 336/443/336
f 185/233/185 184/232/184 336/444/336
f 294/376/294 292/375/292 337/445/337
f 292/372/292 290/370/290 338/446/338
f 337/445/337 292/375/292 338/447/338
f 290/370/290 266/369/266 339/448/339
f 338/446/338 290/370/290 339/448/339
f 266/336/266 222/284/222 340/449/340
f 339/448/339 266/369/266 340/450/340
f 340/449/340 222/284/222 341/451/341
f 222/280/222 221/279/221 341/452/341
f 318/412/318 316/411/316 342/453/342
f 316/408/316 314/406/314 343/454/343
f 342/453/342 316/411/316 343/455/343
f 314/406/314 270/405/270 344/456/344
f 343/454/343 314/406/314 344/456/344
f 270/340/270 149/190/149 345/457/345
f 344/456/344 270/405/270 345/458/345
f 345/457/345 149/190/149 346/459/346
f 149/187/149 148/186/148 346/460/346
f 306/392/306 304/390/304 347/461/347
f 304/390/304 302/388/302 348/462/348
f 347/461/347 304/390/304 348/462/348
f 302/388/302 274/387/274 349/463/349
f 348/462/348 302/388/302 349/463/349
f 274/344/274 74/96/74 350/464/350
f 349/463/349 274/387/274 350/465/350
f 350/464/350 74/96/74 351/466/351
f 74/92/74 73/91/73 351/467/351
f 288/366/288 286/365/286 352/468/352
f 286/362/286 284/360/284 353/469/353
f 352/468/352 286/365/286 353/470/353
f 284/360/284 272/359/272 354/471/354
f 353/469/353 284/360/284 354/471/354
f 272/342/272 112/144/112 355/472/355
f 354/471/354 272/359/272 355/473/355
f 355/472/355 112/144/112 356/474/356
f 112/140/112 110/138/110 356/475/356
f 283/476/283 282/477/282 357/478/357
f 282/477/282 327/479/327 358/480/358
f 357/478/357 282/477/282 358/480/358
f 283/476/283 357/478/357 359/481/359
f 358/480/358 327/479/327 360/482/360
f 324/424/324 323/423/323 361/483/361
f 324/424/324 361/483/361 362/484/362
f 326/426/326 306/392/306 363/485/363
f 306/392/306 347/461/347 364/486/364
f 363/485/363 306/392/306 364/486/364
f 326/426/326 363/485/363 365/487/365
f 325/425/325 300/384/300 366/488/366
f 300/384/300 332/489/332 367/490/367
f 366/488/366 300/384/300 367/490/367
f 325/425/325 366/488/366 368/491/368
f 367/490/367 332/489/332 369/492/369
f 288/418/288 352/493/352 370/494/370
f 321/419/321 288/418/288 371/495/371
f 288/418/288 370/494/370 371/495/371
f 321/419/321 371/495/371 372/496/372
f 322/497/322 294/498/294 373/499/373
f 294/498/294 337/500/337 374/501/374
f 373/499/373 294/498/294 374/501/374
f 318/415/318 342/502/342 375/503/375
f 320/416/320 318/415/318 376/504/376
f 318/415/318 375/503/375 376/504/376
f 359/481/359 357/478/357 377/505/377
f 357/478/357 358/480/358 378/506/378
f 377/505/377 357/478/357 378/506/378
f 358/480/358 360/482/360 379/507/379
f 378/506/378 358/480/358 379/507/379
f 359/481/359 377/505/377 380/508/380
f 379/509/379 360/510/360 381/511/381
f 380/508/380 377/505/377 382/512/382
f 377/505/377 378/506/378 383/513/383
f 382/512/382 377/505/377 383/513/383
f 378/506/378 379/507/379 384/514/384
f 383/513/383 378/506/378 384/514/384
f 379/509/379 381/511/381 385/515/385
f 384/516/384 379/509/379 385/515/385
f 380/508/380 382/512/382 386/517/386
f 380/508/380 386/517/386 387/518/387
f 387/518/387 386/517/386 388/519/388
f 387/518/387 388/519/388 389/520/389
f 389/520/389 388/519/388 390/521/390
f 389/522/389 390/523/390 391/524/391
f 391/524/391 390/523/390 392/525/392
f 391/524/391 392/525/392 393/526/393
f 393/526/393 392/525/392 394/527/394
f 393/526/393 394/527/394 395/528/395
f 395/528/395 394/527/394 396/529/396
f 395/528/395 396/529/396 397/530/397
f 397/530/397 396/529/396 398/531/398
f 397/532/397 398/533/398 399/534/399
f 399/534/399 398/533/398 400/535/400
f 399/534/399 400/535/400 401/536/401
f 401/536/401 400/535/400 402/537/402
f 401/536/401 402/537/402 403/538/403
f 403/538/403 402/537/402 404/539/404
f 403/538/403 404/539/404 405/540/405
f 405/540/405 404/539/404 406/541/406
f 405/540/405 406/541/406 407/542/407
f 407/542/407 406/541/406 408/543/408
f 407/544/407 408/545/408 409/546/409
f 409/546/409 408/545/408 410/547/410
f 409/546/409 410/547/410 411/548/411
f 411/548/411 410/547/410 412/549/412
f 411/548/411 412/549/412 413/550/413
f 413/550/413 412/549/412 414/551/414
f 413/550/413 414/551/414 415/552/415
f 415/552/415 414/551/414 416/553/416
f 384/516/384 385/515/385 417/554/417
f 416/553/416 414/551/414 418/555/418
f 72/90/72 75/93/75 419/556/419
f 72/90/72 419/556/419 420/557/420
f 220/558/220 223/559/223 421/560/421
f 220/558/220 421/560/421 422/561/422
f 183/231/183 186/234/186 423/562/423
f 183/231/183 423/562/423 424/563/424
f 147/564/147 150/565/150 425/566/425
f 147/564/147 425/566/425 426/567/426
f 111/139/111 113/141/113 427/568/427
f 109/137/109 111/139/111 428/569/428
f 111/139/111 427/568/427 428/569/428
f 34/570/34 36/571/36 430/572/429
f 36/571/36 429/573/430 430/572/429
f 245/309/245 242/308/242 431/574/431
f 431/574/431 242/308/242 432/575/432
f 96/120/96 93/119/93 433/576/433
f 433/576/433 93/119/93 434/577/434
f 134/168/134 131/167/131 435/578/435
f 435/578/435 131/167/131 436/579/436
f 170/214/170 167/213/167 437/580/437
f 437/580/437 167/213/167 438/581/438
f 59/73/59 56/72/56 439/582/439
f 439/582/439 56/72/56 440/583/440
f 207/261/207 204/260/204 441/584/441
f 441/584/441 204/260/204 442/585/442
f 99/123/99 101/125/101 443/586/443
f 62/76/62 64/78/64 444/587/444
f 173/217/173 175/219/175 445/588/445
f 24/28/24 26/30/26 446/589/446
f 359/481/359 380/508/380 447/590/447
f 380/508/380 387/518/387 447/590/447
f 387/518/387 389/520/389 448/591/448
f 447/590/447 387/518/387 448/591/448
f 389/522/389 391/524/391 449/592/449
f 448/593/448 389/522/389 449/592/449
f 391/524/391 393/526/393 450/594/450
f 449/592/449 391/524/391 450/594/450
f 393/526/393 395/528/395 451/595/451
f 450/594/450 393/526/393 451/595/451
f 395/528/395 397/530/397 452/596/452
f 451/595/451 395/528/395 452/596/452
f 397/532/397 399/534/399 453/597/453
f 452/598/452 397/532/397 453/597/453
f 399/534/399 401/536/401 454/599/454
f 453/597/453 399/534/399 454/599/454
f 401/536/401 403/538/403 455/600/455
f 454/599/454 401/536/401 455/600/455
f 403/538/403 405/540/405 456/601/456
f 455/600/455 403/538/403 456/601/456
f 405/540/405 407/542/407 457/602/457
f 456/601/456 405/540/405 457/602/457
f 407/544/407 409/546/409 458/603/458
f 457/604/457 407/544/407 458/603/458
f 409/546/409 411/548/411 459/605/459
f 458/603/458 409/546/409 459/605/459
f 411/548/411 413/550/413 460/606/460
f 459/605/459 411/548/411 460/606/460
f 413/550/413 415/552/415 461/607/461
f 460/606/460 413/550/413 461/607/461
f 283/476/283 359/481/359 462/608/462
f 359/481/359 447/590/447 462/608/462
f 283/476/283 462/608/462 463/609/463
f 281/354/281 283/357/283 464/610/464
f 283/357/283 463/611/463 464/610/464
f 360/482/360 327/479/327 465/612/465
f 381/511/381 360/510/360 466/613/466
f 360/510/360 465/614/465 466/613/466
f 327/427/327 328/429/328 467/615/467
f 465/612/465 327/479/327 467/616/467
f 369/492/369 332/489/332 468/617/468
f 332/437/332 333/439/333 469/618/469
f 468/617/468 332/489/332 469/619/469
f 279/351/279 281/353/281 470/620/470
f 281/353/281 464/621/464 470/620/470
f 265/348/265 279/351/279 471/622/471
f 279/351/279 470/620/470 471/622/471
f 263/333/263 265/335/265 472/623/472
f 265/335/265 471/624/471 472/623/472
f 328/428/328 329/430/329 473/625/473
f 467/615/467 328/429/328 473/626/473
f 333/438/333 334/440/334 474/627/474
f 469/618/469 333/439/333 474/628/474
f 334/440/334 335/442/335 475/629/475
f 474/627/474 334/440/334 475/629/475
f 335/441/335 336/443/336 476/630/476
f 475/629/475 335/442/335 476/631/476
f 476/630/476 336/443/336 477/632/477
f 329/430/329 330/432/330 478/633/291
f 473/625/473 329/430/329 478/633/291
f 330/431/330 331/433/331 479/634/478
f 478/633/291 330/432/330 479/635/478
f 479/634/478 331/433/331 480/636/479
f 320/416/320 376/504/376 481/637/457
f 477/632/477 336/443/336 482/638/480
f 480/636/479 331/433/331 483/639/481
f 381/511/381 466/613/466 484/640/482
f 385/515/385 381/511/381 485/641/483
f 381/511/381 484/640/482 485/641/483
f 484/640/482 466/613/466 486/642/484
f 370/643/370 352/644/352 487/645/485
f 487/645/485 352/644/352 488/646/486
f 352/468/352 353/470/353 489/647/487
f 488/646/486 352/644/352 489/648/487
f 353/649/353 354/650/354 490/651/488
f 489/647/487 353/470/353 490/652/488
f 354/650/354 355/653/355 491/654/303
f 490/651/488 354/650/354 491/654/303
f 355/472/355 356/474/356 492/655/489
f 491/654/303 355/653/355 492/656/489
f 492/655/489 356/474/356 493/657/490
f 493/657/490 356/474/356 494/658/491
f 375/503/375 342/502/342 495/659/492
f 495/659/492 342/502/342 496/660/493
f 342/502/342 343/454/343 497/661/494
f 496/660/493 342/502/342 497/661/494
f 343/454/343 344/456/344 498/662/495
f 497/661/494 343/454/343 498/662/495
f 344/456/344 345/458/345 499/663/285
f 498/662/495 344/456/344 499/663/285
f 345/457/345 346/459/346 500/664/496
f 499/663/285 345/458/345 500/665/496
f 500/664/496 346/459/346 501/666/497
f 501/666/497 346/459/346 502/667/498
f 364/486/364 347/461/347 503/668/499
f 503/668/499 347/461/347 504/669/500
f 347/670/347 348/671/348 505/672/501
f 504/669/500 347/461/347 505/673/501
f 348/462/348 349/463/349 506/674/502
f 505/672/501 348/671/348 506/675/502
f 349/463/349 350/465/350 507/676/503
f 506/674/502 349/463/349 507/676/503
f 350/464/350 351/466/351 508/677/504
f 507/676/503 350/465/350 508/678/504
f 508/677/504 351/466/351 509/679/505
f 509/679/505 351/466/351 510/680/506
f 374/501/374 337/500/337 511/681/507
f 511/681/507 337/500/337 512/682/508
f 337/500/337 338/446/338 513/683/509
f 512/682/508 337/500/337 513/683/509
f 338/446/338 339/448/339 514/684/510
f 513/683/509 338/446/338 514/684/510
f 339/448/339 340/450/340 515/685/511
f 514/684/510 339/448/339 515/685/511
f 340/449/340 341/451/341 516/686/512
f 515/685/511 340/450/340 516/687/512
f 516/686/512 341/451/341 517/688/513
f 517/688/513 341/451/341 518/689/514
f 416/553/416 418/555/418 519/690/515
f 519/690/515 418/555/418 520/691/516
f 39/49/39 37/48/37 521/692/517
f 257/325/257 255/323/255 522/693/518
f 219/277/219 217/275/217 523/694/519
f 108/136/108 106/134/106 524/695/520
f 182/230/182 180/228/180 525/696/521
f 146/184/146 144/182/144 526/697/522
f 71/89/71 69/87/69 527/698/523
f 528/699/524 6/700/6 8/701/8
f 530/702/525 8/703/8 10/704/10
f 532/705/526 10/706/10 12/707/12
f 534/708/526 12/709/12 14/710/14
f 536/711/527 14/712/14 16/713/16
f 538/714/528 16/715/16 18/716/18
f 540/717/529 18/718/18 20/719/20
f 542/720/530 20/23/20 22/26/22
f 548/721/531 28/34/28 30/36/30
f 550/722/532 30/723/30 32/724/32
f 553/725/533 430/572/429 429/573/430
f 558/726/534 40/50/40 277/347/277
f 362/484/362 361/483/361 565/727/535
f 312/402/312 310/401/310 573/728/536
f 310/398/310 308/396/308 575/729/537
f 308/396/308 276/395/276 577/730/538
f 35/43/35 33/41/33 583/731/539
f 33/41/33 31/39/31 585/732/540
f 31/39/31 29/38/29 587/733/541
f 29/35/29 27/33/27 589/734/542
f 27/33/27 25/32/25 591/735/543
f 25/29/25 23/27/23 593/736/544
f 23/27/23 21/25/21 595/737/545
f 21/25/21 19/24/19 597/738/546
f 19/21/19 17/19/17 599/739/547
f 17/19/17 15/17/15 601/740/548
f 15/17/15 13/15/13 603/741/549
f 13/15/13 11/13/11 605/742/550
f 11/13/11 9/11/9 607/743/526
f 9/11/9 7/9/7 609/744/551
f 7/9/7 5/8/5 611/745/552
f 5/5/5 4/4/4 613/746/553
f 615/747/554 229/289/229 231/291/231
f 617/748/555 231/292/231 233/295/233
f 619/749/556 233/295/233 235/297/235
f 621/750/557 235/297/235 237/299/237
f 623/751/558 237/299/237 239/301/239
f 625/752/526 239/301/239 241/303/241
f 627/753/559 241/303/241 243/305/243
f 629/754/560 243/305/243 244/306/244
f 631/755/561 244/307/244 246/310/246
f 633/756/562 246/310/246 248/312/248
f 635/757/563 248/312/248 250/314/250
f 637/758/564 250/315/250 252/318/252
f 639/759/565 252/318/252 254/320/254
f 641/760/566 254/321/254 256/324/256
f 643/761/567 256/324/256 258/326/258
f 645/762/568 258/326/258 260/328/260
f 647/763/569 260/328/260 262/330/262
f 652/764/570 471/622/471 470/620/470
f 654/765/571 470/620/470 464/621/464
f 656/766/572 464/610/464 463/611/463
f 658/767/573 463/768/463 462/769/462
f 449/592/449 662/770/574 448/593/448
f 450/594/450 664/771/575 449/592/449
f 451/595/451 666/772/576 450/594/450
f 452/596/452 668/773/577 451/595/451
f 453/774/453 670/775/578 452/776/452
f 454/777/454 672/778/579 453/779/453
f 455/600/455 674/780/580 454/599/454
f 456/601/456 676/781/581 455/600/455
f 457/602/457 678/782/582 456/601/456
f 458/603/458 680/783/583 457/604/457
f 459/605/459 682/784/584 458/603/458
f 460/606/460 684/785/585 459/605/459
f 461/607/461 686/786/586 460/606/460
f 690/787/587 519/788/515 520/789/516
f 467/615/467 473/626/473 701/790/588
f 473/625/473 478/633/291 703/791/589
f 478/633/291 479/635/478 705/792/590
f 479/634/478 480/636/479 707/793/591
f 480/636/479 483/639/481 709/794/592
f 253/319/253 251/317/251 717/795/593
f 251/317/251 249/316/249 719/796/594
f 249/313/249 247/311/247 721/797/595
f 431/574/431 432/575/432 725/798/596
f 240/302/240 238/300/238 729/799/597
f 238/300/238 236/298/236 731/800/598
f 236/298/236 234/296/234 733/801/599
f 234/296/234 232/294/232 735/802/600
f 232/294/232 230/293/230 737/803/601
f 230/290/230 228/288/228 739/804/602
f 741/805/603 193/806/193 195/807/195
f 743/808/604 195/809/195 197/810/197
f 745/811/605 197/812/197 199/813/199
f 747/814/606 199/815/199 201/816/201
f 749/817/607 201/818/201 203/819/203
f 751/820/608 203/821/203 205/822/205
f 753/823/609 205/824/205 206/825/206
f 755/826/610 206/259/206 208/262/208
f 757/827/611 208/262/208 210/264/210
f 759/828/612 210/264/210 212/266/212
f 761/829/613 212/267/212 214/270/214
f 763/830/614 214/270/214 216/272/216
f 765/831/615 216/832/216 218/833/218
f 768/834/616 422/561/422 421/560/421
f 773/835/617 225/285/225 267/337/267
f 775/836/618 267/368/267 291/371/291
f 777/837/619 291/838/291 293/839/293
f 779/840/620 293/374/293 295/377/295
f 781/841/621 295/842/295 322/843/322
f 783/844/622 322/845/322 373/846/373
f 373/499/373 374/501/374 786/847/623
f 374/501/374 511/681/507 789/848/624
f 512/682/508 513/683/509 794/849/625
f 513/683/509 514/684/510 796/850/626
f 514/684/510 515/685/511 798/851/627
f 515/685/511 516/687/512 800/852/628
f 516/686/512 517/688/513 802/853/629
f 517/688/513 518/689/514 804/854/630
f 215/271/215 213/269/213 812/855/631
f 213/269/213 211/268/211 814/856/632
f 211/265/211 209/263/209 816/857/633
f 441/584/441 442/585/442 820/858/634
f 202/859/202 200/860/200 824/861/635
f 200/252/200 198/250/198 826/862/636
f 198/250/198 196/248/196 828/863/637
f 196/248/196 194/247/194 830/864/638
f 194/244/194 192/242/192 832/865/639
f 192/242/192 191/241/191 834/866/640
f 836/867/641 156/197/156 158/200/158
f 838/868/642 158/200/158 160/202/160
f 840/869/643 160/202/160 162/204/162
f 842/870/644 162/204/162 164/206/164
f 844/871/645 164/206/164 166/208/166
f 846/872/646 166/208/166 168/210/168
f 848/873/647 168/210/168 169/211/169
f 850/874/648 169/212/169 171/215/171
f 856/875/649 177/223/177 179/225/179
f 858/876/650 179/226/179 181/229/181
f 861/877/651 424/563/424 423/562/423
f 867/878/652 269/879/269 297/880/297
f 869/881/653 297/882/297 299/883/299
f 871/884/654 299/383/299 301/385/301
f 873/885/655 301/385/301 325/425/325
f 368/491/368 366/488/366 876/886/656
f 366/488/366 367/490/367 880/887/657
f 367/490/367 369/492/369 882/888/658
f 468/889/468 469/890/469 887/891/659
f 469/618/469 474/628/474 889/892/660
f 474/627/474 475/629/475 891/893/661
f 475/894/475 476/895/476 893/896/662
f 178/224/178 176/222/176 903/897/663
f 176/222/176 174/221/174 905/898/664
f 174/218/174 172/216/172 907/899/665
f 437/580/437 438/581/438 911/900/666
f 165/207/165 163/205/163 915/901/667
f 163/205/163 161/203/161 917/902/668
f 161/203/161 159/201/159 919/903/669
f 159/201/159 157/199/157 921/904/670
f 157/199/157 155/198/155 923/905/671
f 155/195/155 154/194/154 925/906/672
f 927/907/673 120/150/120 122/152/122
f 929/908/674 122/909/122 124/910/124
f 931/911/675 124/912/124 126/913/126
f 933/914/676 126/915/126 128/916/128
f 935/917/677 128/918/128 130/919/130
f 937/920/678 130/921/130 132/922/132
f 939/923/679 132/924/132 133/925/133
f 941/926/680 133/166/133 135/169/135
f 943/927/681 135/169/135 137/171/137
f 945/928/682 137/171/137 139/173/139
f 947/929/683 139/174/139 141/177/141
f 949/930/684 141/177/141 143/179/143
f 951/931/685 143/932/143 145/933/145
f 954/934/686 426/567/426 425/566/425
f 959/935/687 151/191/151 271/341/271
f 961/936/688 271/937/271 315/938/315
f 963/939/689 315/940/315 317/941/317
f 967/942/690 320/943/320 481/944/457
f 481/637/457 376/504/376 969/945/691
f 376/504/376 375/503/375 973/946/692
f 375/503/375 495/659/492 975/947/693
f 496/660/493 497/661/494 980/948/694
f 497/949/494 498/950/495 982/951/695
f 498/662/495 499/663/285 984/952/696
f 499/953/285 500/954/496 986/955/697
f 500/664/496 501/666/497 988/956/698
f 501/666/497 502/667/498 990/957/699
f 142/958/142 140/959/140 998/960/700
f 140/176/140 138/175/138 1000/961/701
f 138/172/138 136/170/136 1002/962/702
f 435/578/435 436/579/436 1006/963/703
f 129/161/129 127/159/127 1010/964/704
f 127/159/127 125/157/125 1012/965/644
f 125/157/125 123/155/123 1014/966/705
f 123/155/123 121/154/121 1016/967/706
f 121/151/121 119/149/119 1018/968/707
f 119/149/119 118/148/118 1020/969/708
f 1022/970/709 82/103/82 84/106/84
f 1024/971/710 84/106/84 86/108/86
f 1026/972/711 86/108/86 88/110/88
f 1028/973/676 88/110/88 90/112/90
f 1030/974/712 90/112/90 92/114/92
f 1032/975/713 92/114/92 94/116/94
f 1034/976/714 94/116/94 95/117/95
f 1036/977/715 95/118/95 97/121/97
f 1042/978/716 103/129/103 105/131/105
f 1044/979/717 105/132/105 107/135/107
f 1047/980/718 428/569/428 427/568/427
f 1052/981/719 115/145/115 273/343/273
f 1054/982/720 273/358/273 285/361/285
f 1056/983/721 285/361/285 287/363/287
f 1058/984/722 287/364/287 289/367/289
f 1060/985/723 289/986/289 321/987/321
f 372/496/372 371/495/371 1063/988/724
f 371/495/371 370/494/370 1067/989/725
f 370/643/370 487/645/485 1069/990/726
f 487/645/485 488/646/486 1073/991/727
f 489/992/487 490/993/488 1076/994/728
f 490/995/488 491/996/303 1078/997/729
f 491/654/303 492/656/489 1080/998/730
f 492/655/489 493/657/490 1082/999/731
f 493/657/490 494/658/491 1084/1000/732
f 104/130/104 102/128/102 1092/1001/733
f 102/128/102 100/127/100 1094/1002/734
f 100/124/100 98/122/98 1096/1003/735
f 433/576/433 434/577/434 1100/1004/736
f 91/113/91 89/111/89 1104/1005/737
f 89/1006/89 87/1007/87 1106/1008/644
f 87/1009/87 85/1010/85 1108/1011/738
f 85/107/85 83/105/83 1110/1012/739
f 83/105/83 81/104/81 1112/1013/740
f 81/101/81 80/100/80 1114/1014/741
f 1116/1015/742 45/56/45 47/59/47
f 1118/1016/743 47/59/47 49/61/49
f 1120/1017/744 49/61/49 51/63/51
f 1122/1018/745 51/63/51 53/65/53
f 1124/1019/746 53/1020/53 55/1021/55
f 1126/1022/747 55/67/55 57/69/57
f 1128/1023/748 57/69/57 58/70/58
f 1130/1024/749 58/71/58 60/74/60
f 1136/1025/750 66/82/66 68/84/68
f 1138/1026/726 68/85/68 70/88/70
f 1141/1027/751 420/1028/420 419/1029/419
f 1146/1030/752 77/97/77 275/345/275
f 1148/1031/753 275/386/275 303/389/303
f 1150/1032/754 303/389/303 305/391/305
f 1152/1033/755 305/391/305 307/393/307
f 1154/1034/756 307/393/307 326/426/326
f 1156/1035/757 326/1036/326 365/1037/365
f 365/487/365 363/485/363 1158/1038/758
f 363/485/363 364/486/364 1162/1039/759
f 364/486/364 503/668/499 1164/1040/760
f 503/668/499 504/669/500 1168/1041/761
f 504/669/500 505/673/501 1170/1042/762
f 505/672/501 506/675/502 1172/1043/763
f 506/674/502 507/676/503 1174/1044/764
f 507/1045/503 508/1046/504 1176/1047/765
f 508/677/504 509/679/505 1178/1048/766
f 509/679/505 510/680/506 1180/1049/767
f 67/83/67 65/81/65 1188/1050/768
f 65/81/65 63/80/63 1190/1051/769
f 63/77/63 61/75/61 1192/1052/770
f 439/582/439 440/583/440 1196/1053/771
f 54/66/54 52/64/52 1200/1054/772
f 52/64/52 50/62/50 1202/1055/773
f 50/62/50 48/60/48 1204/1056/705
f 48/60/48 46/58/46 1206/1057/774
f 46/58/46 44/57/44 1208/1058/775
f 44/54/44 43/53/43 1210/1059/776
f 1212/1060/777 1213/1061/778 1214/1062/779
f 1213/1063/778 1212/1064/777 1215/1065/780
f 1213/1063/778 1215/1065/780 1216/1066/781
f 1216/1066/781 1215/1065/780 1217/1067/33
f 1216/1066/781 1217/1067/33 1218/1068/782
f 1218/1068/782 1217/1067/33 1219/1069/31
f 1218/1068/782 1219/1069/31 1220/1070/783
f 1220/1070/783 1219/1069/31 1221/1071/29
f 1220/1070/783 1221/1071/29 1222/1072/784
f 1222/1073/784 1221/1074/29 1223/1075/785
f 1222/1073/784 1223/1075/785 1224/1076/786
f 1224/1076/786 1223/1075/785 1225/1077/787
f 1224/1076/786 1225/1077/787 1226/1078/250
f 1226/1079/250 1225/1080/787 1227/1081/788
f 1226/1079/250 1227/1081/788 1228/1082/248
f 1228/1082/248 1227/1081/788 1229/1083/789
f 1228/1082/248 1229/1083/789 1230/1084/790
f 1230/1084/790 1229/1083/789 1231/1085/19
f 1230/1084/790 1231/1085/19 1232/1086/791
f 1232/1087/791 1231/1088/19 1233/1089/17
f 1232/1087/791 1233/1089/17 1234/1090/792
f 1234/1090/792 1233/1089/17 1235/1091/15
f 1234/1090/792 1235/1091/15 1236/1092/793
f 1236/1092/793 1235/1091/15 1237/1093/794
f 1236/1092/793 1237/1093/794 1238/1094/795
f 1238/1094/795 1237/1093/794 1239/1095/11
f 1238/1094/795 1239/1095/11 1240/1096/796
f 1240/1096/796 1239/1095/11 1241/1097/9
f 1240/1096/796 1241/1097/9 1242/1098/797
f 1242/1098/797 1241/1097/9 1243/1099/7
f 1242/1098/797 1243/1099/7 1244/1100/798
f 1244/1100/798 1243/1099/7 1245/1101/799
f 1244/1100/798 1245/1101/799 1246/1102/800
f 1246/1103/800 1245/1104/799 1247/1105/801
f 1246/1103/800 1247/1105/801 1248/1106/802
f 1248/1106/802 1247/1105/801 1249/1107/803
f 1248/1106/802 1249/1107/803 1250/1108/804
f 1214/1062/779 1213/1061/778 1253/1109/805
f 1213/1063/778 1216/1066/781 1256/1110/806
f 1216/1066/781 1218/1068/782 1258/1111/807
f 1218/1068/782 1220/1070/783 1260/1112/808
f 1220/1070/783 1222/1072/784 1262/1113/809
f 1222/1073/784 1224/1076/786 1264/1114/810
f 1224/1076/786 1226/1078/250 1266/1115/811
f 1226/1079/250 1228/1082/248 1268/1116/812
f 1228/1082/248 1230/1084/790 1270/1117/813
f 1230/1084/790 1232/1086/791 1272/1118/814
f 1232/1087/791 1234/1090/792 1274/1119/815
f 1234/1090/792 1236/1092/793 1276/1120/816
f 1236/1092/793 1238/1094/795 1278/1121/817
f 1238/1094/795 1240/1096/796 1280/1122/818
f 1240/1096/796 1242/1098/797 1282/1123/819
f 1242/1098/797 1244/1100/798 1284/1124/820
f 1244/1100/798 1246/1102/800 1286/1125/821
f 1246/1103/800 1248/1106/802 1288/1126/822
f 1248/1106/802 1250/1108/804 1290/1127/823
f 1249/1107/803 1293/1128/824 1250/1108/804
f 1295/1129/825 1247/1105/801 1245/1104/799
f 1297/1130/826 1245/1101/799 1243/1099/7
f 1299/1131/570 1243/1099/7 1241/1097/9
f 1301/1132/827 1241/1097/9 1239/1095/11
f 1303/1133/527 1239/1095/11 1237/1093/794
f 1305/1134/526 1237/1093/794 1235/1091/15
f 1307/1135/828 1235/1091/15 1233/1089/17
f 1309/1136/829 1233/1089/17 1231/1088/19
f 1311/1137/830 1231/1085/19 1229/1083/789
f 1313/1138/831 1229/1083/789 1227/1081/788
f 1315/1139/832 1227/1081/788 1225/1080/787
f 1317/1140/833 1225/1077/787 1223/1075/785
f 1319/1141/834 1223/1075/785 1221/1074/29
f 1321/1142/835 1221/1071/29 1219/1069/31
f 1323/1143/836 1219/1069/31 1217/1067/33
f 1325/1144/837 1217/1067/33 1215/1065/780
f 1327/1145/838 1215/1065/780 1212/1064/777
f 1331/1146/839 1332/1147/840 1333/1148/841
f 1333/1148/841 1332/1147/840 1334/1149/842
f 1331/1146/839 1333/1148/841 1335/1150/843
f 1335/1150/843 1333/1148/841 1336/1151/844
f 1335/1150/843 1336/1151/844 1337/1152/845
f 1337/1152/845 1336/1151/844 1338/1153/846
f 1338/1153/846 1336/1151/844 1339/1154/847
f 1338/1153/846 1339/1154/847 1340/1155/848
f 1340/1155/848 1339/1154/847 1341/1156/849
f 1334/1149/842 1332/1147/840 1342/1157/850
f 1334/1149/842 1342/1157/850 1343/1158/851
f 1343/1158/851 1342/1157/850 1344/1159/852
f 1343/1158/851 1344/1159/852 1345/1160/853
f 1345/1161/853 1344/1162/852 1346/1163/854
f 1345/1161/853 1346/1163/854 1347/1164/855
f 1345/1161/853 1347/1164/855 1348/1165/856
f 1348/1165/856 1347/1164/855 1349/1166/857
f 1349/1166/857 1347/1164/855 1350/1167/858
f 1350/1167/858 1347/1164/855 1351/1168/859
f 1350/1167/858 1351/1168/859 1352/1169/860
f 1352/1170/860 1351/1171/859 1353/1172/861
f 1352/1170/860 1353/1172/861 1354/1173/862
f 1354/1173/862 1353/1172/861 1355/1174/863
f 1354/1173/862 1355/1174/863 1356/1175/864
f 1356/1175/864 1355/1174/863 1357/1176/865
f 1356/1175/864 1357/1176/865 1358/1177/866
f 1358/1177/866 1357/1176/865 1359/1178/867
f 1358/1177/866 1359/1178/867 1360/1179/868
f 1360/1179/868 1359/1178/867 1361/1180/869
f 1360/1179/868 1361/1180/869 1362/1181/870
f 1341/1182/849 1339/1183/847 1363/1184/871
f 1341/1182/849 1363/1184/871 1364/1185/872
f 1362/1181/870 1361/1180/869 1365/1186/873
f 1362/1181/870 1365/1186/873 1366/1187/874
f 1366/1187/874 1365/1186/873 1367/1188/875
f 1366/1187/874 1367/1188/875 1368/1189/876
f 1368/1189/876 1367/1188/875 1369/1190/877
f 1369/1191/877 1367/1192/875 1370/1193/878
f 1369/1191/877 1370/1193/878 1371/1194/879
f 1371/1194/879 1370/1193/878 1372/1195/880
f 1371/1194/879 1372/1195/880 1373/1196/881
f 1373/1196/881 1372/1195/880 1374/1197/882
f 1373/1196/881 1374/1197/882 1375/1198/883
f 1375/1199/883 1374/1200/882 1376/1201/884
f 1375/1199/883 1376/1201/884 1377/1202/885
f 1377/1202/885 1376/1201/884 1378/1203/886
f 1378/1203/886 1376/1201/884 1379/1204/887
f 1378/1203/886 1379/1204/887 1380/1205/888
f 1364/1185/872 1363/1184/871 1381/1206/889
f 1364/1185/872 1381/1206/889 1382/1207/890
f 1381/1206/889 1363/1184/871 1383/1208/891
f 1363/1209/871 1339/1154/847 1384/1210/892
f 1383/1208/891 1363/1184/871 1384/1211/892
f 1384/1210/892 1339/1154/847 1385/1212/893
f 1339/1154/847 1336/1151/844 1385/1212/893
f 1385/1212/893 1336/1151/844 1386/1213/894
f 1336/1151/844 1333/1148/841 1386/1213/894
f 1386/1213/894 1333/1148/841 1387/1214/895
f 1333/1148/841 1334/1149/842 1387/1214/895
f 1334/1149/842 1343/1158/851 1388/1215/896
f 1387/1214/895 1334/1149/842 1388/1215/896
f 1343/1158/851 1345/1160/853 1389/1216/897
f 1388/1215/896 1343/1158/851 1389/1216/897
f 1345/1161/853 1348/1165/856 1390/1217/898
f 1389/1218/897 1345/1161/853 1390/1217/898
f 1383/1208/891 1384/1211/892 1391/1219/899
f 1384/1211/892 1385/1220/893 1392/1221/900
f 1391/1219/899 1384/1211/892 1392/1221/900
f 1392/1221/900 1385/1220/893 1393/1222/901
f 1385/1212/893 1386/1213/894 1393/1223/901
f 1393/1223/901 1386/1213/894 1394/1224/902
f 1386/1213/894 1387/1214/895 1394/1224/902
f 1394/1224/902 1387/1214/895 1395/1225/903
f 1387/1214/895 1388/1215/896 1395/1225/903
f 1388/1215/896 1389/1216/897 1396/1226/904
f 1395/1225/903 1388/1215/896 1396/1226/904
f 1396/1226/904 1389/1216/897 1397/1227/905
f 1389/1218/897 1390/1217/898 1398/1228/906
f 1397/1227/905 1389/1216/897 1398/1229/906
f 1398/1228/906 1390/1217/898 1399/1230/907
f 1398/1228/906 1399/1230/907 1400/1231/908
f 1400/1231/908 1399/1230/907 1401/1232/909
f 1400/1231/908 1401/1232/909 1402/1233/910
f 1402/1233/910 1401/1232/909 1403/1234/911
f 1402/1233/910 1403/1234/911 1404/1235/912
f 1404/1235/912 1403/1234/911 1405/1236/913
f 1404/1235/912 1405/1236/913 1406/1237/914
f 1406/1238/914 1405/1239/913 1407/1240/915
f 1406/1238/914 1407/1240/915 1408/1241/916
f 1408/1241/916 1407/1240/915 1409/1242/917
f 1408/1241/916 1409/1242/917 1410/1243/918
f 1410/1243/918 1409/1242/917 1411/1244/919
f 1410/1243/918 1411/1244/919 1412/1245/920
f 1391/1219/899 1392/1221/900 1413/1246/921
f 1392/1221/900 1393/1222/901 1414/1247/922
f 1413/1246/921 1392/1221/900 1414/1247/922
f 1414/1247/922 1393/1222/901 1415/1248/923
f 1393/1223/901 1394/1224/902 1415/1249/923
f 1415/1249/923 1394/1224/902 1416/1250/924
f 1394/1224/902 1395/1225/903 1416/1250/924
f 1416/1250/924 1395/1225/903 1417/1251/925
f 1395/1225/903 1396/1226/904 1417/1251/925
f 1396/1226/904 1397/1227/905 1418/1252/926
f 1417/1251/925 1396/1226/904 1418/1252/926
f 1397/1227/905 1398/1229/906 1419/1253/927
f 1418/1252/926 1397/1227/905 1419/1253/927
f 1419/1253/927 1398/1229/906 1420/1254/928
f 1398/1228/906 1400/1231/908 1420/1255/928
f 1413/1246/921 1414/1247/922 1421/1256/929
f 1414/1247/922 1415/1248/923 1422/1257/930
f 1421/1256/929 1414/1247/922 1422/1257/930
f 1422/1257/930 1415/1248/923 1423/1258/931
f 1415/1259/923 1416/1260/924 1423/1261/931
f 1423/1261/931 1416/1260/924 1424/1262/932
f 1416/1260/924 1417/1263/925 1424/1262/932
f 1424/1262/932 1417/1263/925 1425/1264/933
f 1417/1263/925 1418/1265/926 1426/1266/934
f 1425/1264/933 1417/1263/925 1426/1266/934
f 1421/1256/929 1422/1257/930 1427/1267/935
f 1422/1268/930 1423/1261/931 1428/1269/936
f 1427/1267/935 1422/1257/930 1428/1270/936
f 1428/1269/936 1423/1261/931 1429/1271/937
f 1423/1261/931 1424/1262/932 1429/1271/937
f 1429/1271/937 1424/1262/932 1430/1272/938
f 1427/1267/935 1428/1270/936 1431/1273/939
f 1428/1269/936 1429/1271/937 1432/1274/940
f 1431/1273/939 1428/1270/936 1432/1275/940
f 1432/1274/940 1429/1271/937 1433/1276/941
f 1429/1271/937 1430/1272/938 1433/1276/941
f 1433/1276/941 1430/1272/938 1434/1277/942
f 1424/1262/932 1425/1264/933 1435/1278/943
f 1430/1272/938 1424/1262/932 1435/1278/943
f 1434/1277/942 1430/1272/938 1435/1278/943
f 1434/1277/942 1435/1278/943 1436/1279/944
f 1431/1273/939 1432/1275/940 1437/1280/945
f 1432/1274/940 1433/1276/941 1438/1281/946
f 1437/1280/945 1432/1275/940 1438/1282/946
f 1438/1281/946 1433/1276/941 1439/1283/947
f 1433/1276/941 1434/1277/942 1439/1283/947
f 1434/1277/942 1436/1279/944 1440/1284/948
f 1439/1283/947 1434/1277/942 1440/1284/948
f 1440/1284/948 1436/1279/944 1441/1285/949
f 1440/1284/948 1441/1285/949 1442/1286/950
f 1442/1286/950 1441/1285/949 1443/1287/951
f 1442/1286/950 1443/1287/951 1444/1288/952
f 1442/1286/950 1444/1288/952 1445/1289/953
f 1445/1289/953 1444/1288/952 1446/1290/954
f 1445/1289/953 1446/1290/954 1447/1291/955
f 1447/1292/955 1446/1293/954 1448/1294/956
f 1447/1292/955 1448/1294/956 1449/1295/957
f 1449/1295/957 1448/1294/956 1450/1296/958
f 1449/1295/957 1450/1296/958 1451/1297/959
f 1449/1295/957 1451/1297/959 1452/1298/960
f 1452/1298/960 1451/1297/959 1453/1299/961
f 1453/1299/961 1451/1297/959 1454/1300/962
f 1454/1300/962 1451/1297/959 1455/1301/963
f 1454/1300/962 1455/1301/963 1456/1302/964
f 1456/1303/964 1455/1304/963 1457/1305/965
f 1456/1303/964 1457/1305/965 1458/1306/966
f 1458/1306/966 1457/1305/965 1459/1307/967
f 1458/1306/966 1459/1307/967 1460/1308/968
f 1460/1308/968 1459/1307/967 1461/1309/969
f 1460/1308/968 1461/1309/969 1462/1310/970
f 1462/1310/970 1461/1309/969 1463/1311/971
f 1462/1310/970 1463/1311/971 1464/1312/972
f 1464/1312/972 1463/1311/971 1465/1313/973
f 1464/1312/972 1465/1313/973 1466/1314/974
f 1437/1280/945 1438/1282/946 1467/1315/975
f 1438/1282/946 1439/1316/947 1468/1317/976
f 1467/1315/975 1438/1282/946 1468/1317/976
f 1468/1317/976 1439/1316/947 1469/1318/977
f 1439/1319/947 1440/1320/948 1469/1321/977
f 1469/1321/977 1440/1320/948 1470/1322/978
f 1440/1320/948 1442/1323/950 1471/1324/979
f 1470/1322/978 1440/1320/948 1471/1324/979
f 1471/1324/979 1442/1323/950 1472/1325/980
f 1442/1323/950 1445/1326/953 1472/1325/980
f 1445/1326/953 1447/1327/955 1473/1328/981
f 1472/1325/980 1445/1326/953 1473/1328/981
f 1447/1327/955 1449/1329/957 1474/1330/982
f 1473/1328/981 1447/1327/955 1474/1330/982
f 1449/1295/957 1452/1298/960 1475/1331/983
f 1474/1332/982 1449/1295/957 1475/1331/983
f 1467/1315/975 1468/1317/976 1476/1333/984
f 1468/1317/976 1469/1318/977 1477/1334/985
f 1476/1333/984 1468/1317/976 1477/1334/985
f 1476/1333/984 1477/1334/985 1478/1335/986
f 1478/1335/986 1477/1334/985 1479/1336/987
f 1469/1321/977 1470/1322/978 1480/1337/988
f 1477/1338/985 1469/1321/977 1480/1337/988
f 1479/1339/987 1477/1338/985 1480/1337/988
f 1479/1339/987 1480/1337/988 1481/1340/989
f 1478/1335/986 1479/1336/987 1482/1341/990
f 1482/1341/990 1479/1336/987 1483/1342/991
f 1479/1339/987 1481/1340/989 1484/1343/992
f 1483/1342/991 1479/1336/987 1484/1344/992
f 1484/1343/992 1481/1340/989 1485/1345/993
f 1484/1343/992 1485/1345/993 1486/1346/994
f 1486/1346/994 1485/1345/993 1487/1347/995
f 1486/1346/994 1487/1347/995 1488/1348/996
f 1486/1346/994 1488/1348/996 1489/1349/997
f 1489/1349/997 1488/1348/996 1490/1350/998
f 1489/1349/997 1490/1350/998 1491/1351/999
f 1489/1349/997 1491/1351/999 1492/1352/1000
f 1492/1352/1000 1491/1351/999 1493/1353/1001
f 1492/1352/1000 1493/1353/1001 1494/1354/1002
f 1494/1354/1002 1493/1353/1001 1495/1355/1003
f 1494/1354/1002 1495/1355/1003 1496/1356/1004
f 1496/1357/1004 1495/1358/1003 1497/1359/1005
f 1496/1357/1004 1497/1359/1005 1498/1360/1006
f 1496/1357/1004 1498/1360/1006 1499/1361/1007
f 1499/1361/1007 1498/1360/1006 1500/1362/1008
f 1499/1361/1007 1500/1362/1008 1501/1363/1009
f 1501/1363/1009 1500/1362/1008 1502/1364/1010
f 1501/1363/1009 1502/1364/1010 1503/1365/1011
f 1503/1366/1011 1502/1367/1010 1504/1368/1012
f 1503/1369/1011 1504/1370/1012 1505/1371/1013
f 1505/1372/1013 1504/1373/1012 1506/1374/1014
f 1505/1372/1013 1506/1374/1014 1507/1375/1015
f 1507/1375/1015 1506/1374/1014 1508/1376/1016
f 1507/1375/1015 1508/1376/1016 1509/1377/1017
f 1509/1377/1017 1508/1376/1016 1510/1378/1018
f 1509/1377/1017 1510/1378/1018 1511/1379/1019
f 1511/1379/1019 1510/1378/1018 1512/1380/1020
f 1511/1379/1019 1512/1380/1020 1513/1381/1021
f 1513/1381/1021 1512/1380/1020 1514/1382/1022
f 1513/1381/1021 1514/1382/1022 1515/1383/1023
f 1482/1341/990 1483/1342/991 1516/1384/1024
f 1483/1342/991 1484/1344/992 1517/1385/1025
f 1516/1384/1024 1483/1342/991 1517/1385/1025
f 1517/1385/1025 1484/1344/992 1518/1386/1026
f 1484/1343/992 1486/1346/994 1518/1387/1026
f 1518/1387/1026 1486/1346/994 1519/1388/1027
f 1486/1346/994 1489/1349/997 1519/1388/1027
f 1519/1388/1027 1489/1349/997 1520/1389/1028
f 1489/1349/997 1492/1352/1000 1520/1389/1028
f 1492/1352/1000 1494/1354/1002 1521/1390/1029
f 1520/1389/1028 1492/1352/1000 1521/1390/1029
f 1494/1354/1002 1496/1356/1004 1522/1391/1030
f 1521/1390/1029 1494/1354/1002 1522/1391/1030
f 1496/1357/1004 1499/1361/1007 1523/1392/1031
f 1522/1393/1030 1496/1357/1004 1523/1392/1031
f 1516/1384/1024 1517/1385/1025 1524/1394/1032
f 1517/1385/1025 1518/1386/1026 1525/1395/1033
f 1524/1394/1032 1517/1385/1025 1525/1395/1033
f 1525/1395/1033 1518/1386/1026 1526/1396/1034
f 1518/1397/1026 1519/1398/1027 1526/1399/1034
f 1526/1399/1034 1519/1398/1027 1527/1400/1035
f 1519/1398/1027 1520/1401/1028 1527/1400/1035
f 1527/1400/1035 1520/1401/1028 1528/1402/1036
f 1520/1401/1028 1521/1403/1029 1528/1402/1036
f 1521/1403/1029 1522/1404/1030 1529/1405/1037
f 1528/1402/1036 1521/1403/1029 1529/1405/1037
f 1529/1405/1037 1522/1404/1030 1530/1406/1038
f 1522/1393/1030 1523/1392/1031 1531/1407/1039
f 1530/1408/1038 1522/1393/1030 1531/1407/1039
f 1531/1407/1039 1523/1392/1031 1532/1409/1040
f 1531/1407/1039 1532/1409/1040 1533/1410/1041
f 1533/1410/1041 1532/1409/1040 1534/1411/1042
f 1533/1410/1041 1534/1411/1042 1535/1412/1043
f 1535/1412/1043 1534/1411/1042 1536/1413/1044
f 1535/1412/1043 1536/1413/1044 1537/1414/1045
f 1537/1414/1045 1536/1413/1044 1538/1415/1046
f 1537/1414/1045 1538/1415/1046 1539/1416/1047
f 1539/1417/1047 1538/1418/1046 1540/1419/1048
f 1539/1417/1047 1540/1419/1048 1541/1420/1049
f 1541/1420/1049 1540/1419/1048 1542/1421/1050
f 1541/1420/1049 1542/1421/1050 1543/1422/1051
f 1543/1422/1051 1542/1421/1050 1544/1423/1052
f 1543/1422/1051 1544/1423/1052 1545/1424/1053
f 1524/1394/1032 1525/1395/1033 1546/1425/1054
f 1525/1395/1033 1526/1396/1034 1547/1426/1055
f 1546/1425/1054 1525/1395/1033 1547/1426/1055
f 1547/1426/1055 1526/1396/1034 1548/1427/1056
f 1526/1399/1034 1527/1400/1035 1548/1428/1056
f 1548/1428/1056 1527/1400/1035 1549/1429/1057
f 1527/1400/1035 1528/1402/1036 1549/1429/1057
f 1549/1429/1057 1528/1402/1036 1550/1430/1058
f 1528/1402/1036 1529/1405/1037 1550/1430/1058
f 1529/1405/1037 1530/1406/1038 1551/1431/1059
f 1550/1430/1058 1529/1405/1037 1551/1431/1059
f 1530/1406/1038 1531/1432/1039 1552/1433/1060
f 1551/1431/1059 1530/1406/1038 1552/1433/1060
f 1552/1433/1060 1531/1432/1039 1553/1434/1061
f 1531/1407/1039 1533/1410/1041 1554/1435/1062
f 1553/1436/1061 1531/1407/1039 1554/1435/1062
f 1546/1425/1054 1547/1426/1055 1555/1437/1063
f 1547/1438/1055 1548/1428/1056 1556/1439/1064
f 1555/1437/1063 1547/1426/1055 1556/1440/1064
f 1556/1439/1064 1548/1428/1056 1557/1441/1065
f 1548/1428/1056 1549/1429/1057 1557/1441/1065
f 1557/1441/1065 1549/1429/1057 1558/1442/1066
f 1549/1429/1057 1550/1430/1058 1559/1443/1067
f 1558/1442/1066 1549/1429/1057 1559/1443/1067
f 1559/1443/1067 1550/1430/1058 1560/1444/1068
f 1550/1430/1058 1551/1431/1059 1561/1445/1069
f 1560/1444/1068 1550/1430/1058 1561/1445/1069
f 1555/1437/1063 1556/1440/1064 1562/1446/1070
f 1556/1439/1064 1557/1441/1065 1563/1447/1071
f 1562/1446/1070 1556/1440/1064 1563/1448/1071
f 1563/1447/1071 1557/1441/1065 1564/1449/1072
f 1557/1441/1065 1558/1442/1066 1564/1449/1072
f 1562/1446/1070 1563/1448/1071 1565/1450/1073
f 1563/1448/1071 1564/1451/1072 1566/1452/1074
f 1565/1450/1073 1563/1448/1071 1566/1452/1074
f 1566/1452/1074 1564/1451/1072 1567/1453/1075
f 1558/1442/1066 1559/1443/1067 1568/1454/1076
f 1564/1449/1072 1558/1442/1066 1568/1454/1076
f 1567/1455/1075 1564/1449/1072 1568/1454/1076
f 1567/1455/1075 1568/1454/1076 1569/1456/1077
f 1566/1452/1074 1567/1453/1075 1570/1457/1078
f 1565/1450/1073 1566/1452/1074 1570/1457/1078
f 1570/1457/1078 1567/1453/1075 1571/1458/1079
f 1567/1455/1075 1569/1456/1077 1571/1459/1079
f 1571/1459/1079 1569/1456/1077 1572/1460/1080
f 1572/1460/1080 1569/1456/1077 1573/1461/1081
f 1572/1460/1080 1573/1461/1081 1574/1462/1082
f 1572/1460/1080 1574/1462/1082 1575/1463/1083
f 1575/1463/1083 1574/1462/1082 1576/1464/1084
f 1575/1463/1083 1576/1464/1084 1577/1465/1085
f 1577/1465/1085 1576/1464/1084 1578/1466/1086
f 1577/1465/1085 1578/1466/1086 1579/1467/1087
f 1579/1468/1087 1578/1469/1086 1580/1470/1088
f 1580/1470/1088 1578/1469/1086 1581/1471/1089
f 1580/1470/1088 1581/1471/1089 1582/1472/1090
f 1580/1470/1088 1582/1472/1090 1583/1473/1091
f 1583/1473/1091 1582/1472/1090 1584/1474/1092
f 1583/1473/1091 1584/1474/1092 1585/1475/1093
f 1585/1475/1093 1584/1474/1092 1586/1476/1094
f 1585/1475/1093 1586/1476/1094 1587/1477/1095
f 1587/1477/1095 1586/1476/1094 1588/1478/1096
f 1587/1477/1095 1588/1478/1096 1589/1479/1097
f 1589/1480/1097 1588/1481/1096 1590/1482/1098
f 1589/1480/1097 1590/1482/1098 1591/1483/1099
f 1591/1483/1099 1590/1482/1098 1592/1484/1100
f 1591/1483/1099 1592/1484/1100 1593/1485/1101
f 1593/1485/1101 1592/1484/1100 1594/1486/1102
f 1593/1485/1101 1594/1486/1102 1595/1487/1103
f 1595/1487/1103 1594/1486/1102 1596/1488/1104
f 1595/1487/1103 1596/1488/1104 1597/1489/1105
f 1597/1489/1105 1596/1488/1104 1598/1490/1106
f 1597/1489/1105 1598/1490/1106 1599/1491/1107
f 1466/1314/974 1465/1313/973 1600/1492/1108
f 1466/1314/974 1600/1492/1108 1601/1493/1109
f 1601/1493/1109 1600/1492/1108 1602/1494/1110
f 1601/1493/1109 1602/1494/1110 1603/1495/1111
f 1603/1496/1111 1602/1497/1110 1604/1498/1112
f 1604/1498/1112 1602/1497/1110 1605/1499/1113
f 1604/1498/1112 1605/1499/1113 1606/1500/1114
f 1604/1498/1112 1606/1500/1114 1607/1501/1115
f 1607/1501/1115 1606/1500/1114 1608/1502/1116
f 1607/1501/1115 1608/1502/1116 1609/1503/1117
f 1609/1504/1117 1608/1505/1116 1610/1506/1118
f 1610/1506/1118 1611/1507/1119 1612/1508/1120
f 1612/1508/1120 1611/1507/1119 1613/1509/1121
f 1612/1508/1120 1613/1509/1121 1614/1510/1122
f 1599/1491/1107 1598/1490/1106 1615/1511/1123
f 1599/1491/1107 1615/1511/1123 1616/1512/1124
f 1616/1512/1124 1615/1511/1123 1617/1513/1125
f 1617/1514/1125 1615/1515/1123 1618/1516/1126
f 1617/1514/1125 1618/1516/1126 1619/1517/1127
f 1619/1517/1127 1618/1516/1126 1620/1518/1128
f 1619/1517/1127 1620/1518/1128 1621/1519/1129
f 1621/1519/1129 1620/1518/1128 1622/1520/1130
f 1621/1519/1129 1622/1520/1130 1623/1521/1131
f 1623/1522/1131 1622/1523/1130 1624/1524/1132
f 1623/1522/1131 1624/1524/1132 1625/1525/1133
f 1623/1522/1131 1625/1525/1133 1626/1526/1134
f 1626/1526/1134 1625/1525/1133 1627/1527/1135
f 1626/1526/1134 1627/1527/1135 1628/1528/1136
f 1515/1383/1023 1514/1382/1022 1629/1529/1137
f 1515/1383/1023 1629/1529/1137 1630/1530/1138
f 1630/1530/1138 1629/1529/1137 1631/1531/1139
f 1630/1530/1138 1631/1531/1139 1632/1532/1140
f 1632/1532/1140 1631/1531/1139 1633/1533/1141
f 1632/1532/1140 1633/1533/1141 1634/1534/1142
f 1634/1535/1142 1633/1536/1141 1635/1537/1143
f 1634/1535/1142 1635/1537/1143 1636/1538/1144
f 1636/1538/1144 1635/1537/1143 1637/1539/1145
f 1636/1538/1144 1637/1539/1145 1638/1540/1146
f 1638/1540/1146 1637/1539/1145 1639/1541/1147
f 1638/1540/1146 1639/1541/1147 1640/1542/1148
f 1640/1543/1148 1639/1544/1147 1641/1545/1149
f 1640/1543/1148 1641/1545/1149 1642/1546/1150
f 1642/1546/1150 1641/1545/1149 1643/1547/1151
f 1642/1546/1150 1643/1547/1151 1644/1548/1152
f 1644/1548/1152 1643/1547/1151 1645/1549/1153
f 1644/1548/1152 1645/1549/1153 1646/1550/1154
f 1560/1444/1068 1561/1445/1069 1647/1551/1155
f 1647/1551/1155 1561/1445/1069 1648/1552/1156
f 1551/1431/1059 1552/1433/1060 1649/1553/1157
f 1561/1445/1069 1551/1431/1059 1649/1553/1157
f 1648/1552/1156 1561/1445/1069 1649/1553/1157
f 1648/1552/1156 1649/1553/1157 1650/1554/1158
f 1419/1555/927 1420/1255/928 1651/1556/1159
f 1651/1556/1159 1420/1255/928 1652/1557/1160
f 1652/1557/1160 1420/1255/928 1653/1558/1161
f 1652/1557/1160 1653/1558/1161 1654/1559/1162
f 1654/1559/1162 1653/1558/1161 1655/1560/1163
f 1654/1559/1162 1655/1560/1163 1656/1561/1164
f 1656/1561/1164 1655/1560/1163 1657/1562/1165
f 1656/1561/1164 1657/1562/1165 1658/1563/1166
f 1658/1563/1166 1657/1562/1165 1659/1564/1167
f 1658/1563/1166 1659/1564/1167 1660/1565/1168
f 1660/1566/1168 1659/1567/1167 1661/1568/1169
f 1660/1566/1168 1661/1568/1169 1662/1569/1170
f 1662/1569/1170 1661/1568/1169 1663/1570/1171
f 1662/1569/1170 1663/1570/1171 1664/1571/1172
f 1664/1571/1172 1663/1570/1171 1665/1572/1173
f 1664/1571/1172 1665/1572/1173 1666/1573/1174
f 1666/1573/1174 1665/1572/1173 1667/1574/1175
f 1666/1573/1174 1667/1574/1175 1668/1575/1176
f 1668/1575/1176 1667/1574/1175 1669/1576/1177
f 1668/1575/1176 1669/1576/1177 1670/1577/1178
f 1670/1577/1178 1669/1576/1177 1671/1578/1179
f 1670/1577/1178 1671/1578/1179 1672/1579/1180
f 1672/1579/1180 1671/1578/1179 1673/1580/1181
f 1672/1581/1180 1673/1582/1181 1674/1583/1182
f 1672/1581/1180 1674/1583/1182 1675/1584/1183
f 1675/1584/1183 1674/1583/1182 1676/1585/1184
f 1675/1584/1183 1676/1585/1184 1677/1586/1185
f 1675/1584/1183 1677/1586/1185 1678/1587/1186
f 1678/1587/1186 1677/1586/1185 1679/1588/1187
f 1678/1587/1186 1679/1588/1187 1680/1589/1188
f 1680/1590/1188 1679/1591/1187 1681/1592/1189
f 1680/1590/1188 1681/1592/1189 1682/1593/1190
f 1682/1593/1190 1681/1592/1189 1683/1594/1191
f 1682/1593/1190 1683/1594/1191 1684/1595/1192
f 1684/1595/1192 1683/1594/1191 1685/1596/1193
f 1684/1595/1192 1685/1596/1193 1686/1597/1194
f 1651/1598/1159 1652/1599/1160 1687/1600/1195
f 1687/1600/1195 1652/1599/1160 1688/1601/1196
f 1652/1557/1160 1654/1559/1162 1689/1602/1197
f 1688/1603/1196 1652/1557/1160 1689/1602/1197
f 1651/1598/1159 1687/1600/1195 1690/1604/1198
f 1478/1335/986 1482/1341/990 1691/1605/1199
f 1692/1606/1200 1565/1450/1073 1693/1607/1201
f 1516/1384/1024 1524/1394/1032 1694/1608/1202
f 1467/1315/975 1476/1333/984 1695/1609/1203
f 1695/1609/1203 1476/1333/984 1696/1610/1204
f 1555/1437/1063 1562/1446/1070 1697/1611/1205
f 1697/1611/1205 1562/1446/1070 1698/1612/1206
f 1431/1273/939 1437/1280/945 1699/1613/1207
f 1699/1613/1207 1437/1280/945 1700/1614/1208
f 1421/1256/929 1427/1267/935 1701/1615/1209
f 1701/1615/1209 1427/1267/935 1702/1616/1210
f 1391/1219/899 1413/1246/921 1703/1617/1211
f 1703/1617/1211 1413/1246/921 1704/1618/1212
f 1381/1206/889 1383/1208/891 1705/1619/1213
f 1705/1619/1213 1383/1208/891 1706/1620/1214
f 1473/1328/981 1474/1330/982 1707/1621/1215
f 1707/1621/1215 1474/1330/982 1708/1622/1216
f 1474/1332/982 1475/1331/983 1709/1623/1217
f 1708/1622/1216 1474/1330/982 1709/1624/1217
f 1472/1325/980 1473/1328/981 1710/1625/1218
f 1473/1328/981 1707/1621/1215 1710/1625/1218
f 1471/1324/979 1472/1325/980 1711/1626/1219
f 1472/1325/980 1710/1625/1218 1711/1626/1219
f 1709/1623/1217 1475/1331/983 1712/1627/1220
f 1709/1623/1217 1712/1627/1220 1713/1628/1221
f 1713/1628/1221 1712/1627/1220 1714/1629/1222
f 1713/1628/1221 1714/1629/1222 1715/1630/1223
f 1715/1630/1223 1714/1629/1222 1716/1631/1224
f 1715/1630/1223 1716/1631/1224 1717/1632/1225
f 1715/1630/1223 1717/1632/1225 1718/1633/1226
f 1718/1634/1226 1717/1635/1225 1719/1636/1227
f 1718/1634/1226 1719/1636/1227 1720/1637/1228
f 1720/1637/1228 1719/1636/1227 1721/1638/1229
f 1720/1637/1228 1721/1638/1229 1722/1639/1230
f 1722/1639/1230 1721/1638/1229 1723/1640/1231
f 1722/1639/1230 1723/1640/1231 1724/1641/1232
f 1553/1436/1061 1554/1435/1062 1725/1642/1233
f 1725/1642/1233 1554/1435/1062 1726/1643/1234
f 1726/1643/1234 1554/1435/1062 1727/1644/1235
f 1726/1643/1234 1727/1644/1235 1728/1645/1236
f 1728/1645/1236 1727/1644/1235 1729/1646/1237
f 1728/1645/1236 1729/1646/1237 1730/1647/1238
f 1730/1647/1238 1729/1646/1237 1731/1648/1239
f 1730/1647/1238 1731/1648/1239 1732/1649/1240
f 1732/1650/1240 1731/1651/1239 1733/1652/1241
f 1732/1653/1240 1733/1654/1241 1734/1655/1242
f 1734/1656/1242 1733/1657/1241 1735/1658/1243
f 1734/1656/1242 1735/1658/1243 1736/1659/1244
f 1736/1659/1244 1735/1658/1243 1737/1660/1245
f 1736/1659/1244 1737/1660/1245 1738/1661/1246
f 1736/1659/1244 1738/1661/1246 1739/1662/1247
f 1739/1662/1247 1738/1661/1246 1740/1663/1248
f 1739/1662/1247 1740/1663/1248 1741/1664/1249
f 1741/1664/1249 1740/1663/1248 1742/1665/1250
f 1741/1664/1249 1742/1665/1250 1743/1666/1251
f 1743/1666/1251 1742/1665/1250 1744/1667/1252
f 1743/1666/1251 1744/1667/1252 1745/1668/1253
f 1745/1668/1253 1744/1667/1252 1746/1669/1254
f 1745/1670/1253 1746/1671/1254 1747/1672/1255
f 1745/1670/1253 1747/1672/1255 1748/1673/1256
f 1748/1673/1256 1747/1672/1255 1749/1674/1257
f 1748/1673/1256 1749/1674/1257 1750/1675/1258
f 1578/1466/1086 1576/1464/1084 1751/1676/1259
f 1581/1471/1089 1578/1469/1086 1752/1677/1260
f 1578/1469/1086 1751/1678/1259 1752/1677/1260
f 1645/1549/1153 1643/1547/1151 1753/1679/1261
f 1613/1509/1121 1611/1507/1119 1754/1680/1262
f 1627/1527/1135 1625/1525/1133 1755/1681/1263
f 1753/1679/1261 1643/1547/1151 1756/1682/1264
f 1643/1547/1151 1757/1683/1265 1758/1684/1266
f 1758/1684/1266 1757/1683/1265 1759/1685/1267
f 1758/1684/1266 1759/1685/1267 1760/1686/1268
f 1760/1687/1268 1759/1688/1267 1761/1689/1269
f 1760/1687/1268 1761/1689/1269 1762/1690/1270
f 1762/1690/1270 1761/1689/1269 1763/1691/1271
f 1762/1690/1270 1763/1691/1271 1764/1692/1272
f 1764/1692/1272 1763/1691/1271 1765/1693/1273
f 1764/1692/1272 1765/1693/1273 1766/1694/1274
f 1766/1695/1274 1765/1696/1273 1767/1697/1275
f 1766/1695/1274 1767/1697/1275 1768/1698/1276
f 1768/1698/1276 1767/1697/1275 1769/1699/1277
f 1768/1698/1276 1769/1699/1277 1770/1700/1278
f 1770/1700/1278 1769/1699/1277 1771/1701/1279
f 1770/1700/1278 1771/1701/1279 1772/1702/1280
f 1772/1702/1280 1771/1701/1279 1773/1703/1281
f 1755/1681/1263 1625/1525/1133 1774/1704/1282
f 1774/1704/1282 1625/1525/1133 1775/1705/1283
f 1775/1705/1283 1625/1525/1133 1776/1706/1284
f 1775/1705/1283 1776/1706/1284 1777/1707/1285
f 1777/1707/1285 1776/1706/1284 1778/1708/1286
f 1777/1707/1285 1778/1708/1286 1779/1709/1287
f 1779/1710/1287 1778/1711/1286 1780/1712/1288
f 1779/1710/1287 1780/1712/1288 1781/1713/1289
f 1781/1713/1289 1780/1712/1288 1782/1714/1290
f 1774/1704/1282 1775/1705/1283 1783/1715/1291
f 1783/1715/1291 1775/1705/1283 1784/1716/1292
f 1784/1716/1292 1775/1705/1283 1785/1717/1293
f 1785/1717/1293 1775/1705/1283 1786/1718/1294
f 1785/1717/1293 1786/1718/1294 1787/1719/1295
f 1787/1719/1295 1786/1718/1294 1788/1720/1296
f 1787/1719/1295 1788/1720/1296 1789/1721/1297
f 1789/1722/1297 1788/1723/1296 1790/1724/1298
f 1789/1722/1297 1790/1724/1298 1791/1725/1299
f 1784/1716/1292 1785/1717/1293 1792/1726/1300
f 1670/1727/1178 1672/1728/1180 1793/1729/1301
f 1793/1729/1301 1672/1728/1180 1794/1730/1302
f 1743/1666/1251 1745/1668/1253 1795/1731/1303
f 1795/1731/1303 1745/1668/1253 1796/1732/1304
f 1443/1287/951 1441/1285/949 1797/1733/1305
f 1451/1297/959 1450/1296/958 1798/1734/1306
f 1451/1297/959 1798/1734/1306 1799/1735/1307
f 1451/1297/959 1799/1735/1307 1800/1736/1308
f 1680/1590/1188 1682/1593/1190 1801/1737/1309
f 1602/1497/1110 1600/1738/1108 1802/1739/1310
f 1602/1497/1110 1802/1739/1310 1803/1740/1311
f 1605/1499/1113 1602/1497/1110 1804/1741/1312
f 1602/1497/1110 1803/1740/1311 1804/1741/1312
f 1615/1742/1123 1805/1743/1313 1806/1744/1314
f 1789/1722/1297 1791/1725/1299 1807/1745/1315
f 1807/1745/1315 1791/1725/1299 1808/1746/1316
f 1789/1747/1297 1807/1748/1315 1809/1749/1317
f 1808/1746/1316 1791/1725/1299 1810/1750/1318
f 1808/1746/1316 1810/1750/1318 1811/1751/1319
f 1811/1751/1319 1810/1750/1318 1812/1752/1320
f 1811/1751/1319 1812/1752/1320 1813/1753/1321
f 1813/1754/1321 1812/1755/1320 1814/1756/1322
f 1813/1754/1321 1814/1756/1322 1815/1757/1323
f 1815/1757/1323 1814/1756/1322 1816/1758/1324
f 1816/1758/1324 1814/1756/1322 1817/1759/1325
f 1816/1758/1324 1817/1759/1325 1818/1760/1326
f 1818/1760/1326 1817/1759/1325 1819/1761/1327
f 1584/1474/1092 1582/1472/1090 1820/1762/1328
f 1820/1762/1328 1582/1472/1090 1821/1763/1329
f 1739/1662/1247 1741/1664/1249 1822/1764/1330
f 1822/1764/1330 1741/1664/1249 1823/1765/1331
f 1805/1766/1313 1615/1511/1123 1825/1767/1332
f 1615/1511/1123 1598/1490/1106 1825/1767/1332
f 1444/1288/952 1443/1287/951 1826/1768/1333
f 1443/1287/951 1797/1733/1305 1826/1768/1333
f 1446/1290/954 1444/1288/952 1827/1769/1334
f 1444/1288/952 1826/1768/1333 1827/1769/1334
f 1448/1770/956 1446/1290/954 1828/1771/1335
f 1446/1290/954 1827/1769/1334 1828/1771/1335
f 1751/1676/1259 1576/1464/1084 1829/1772/1336
f 1576/1464/1084 1574/1462/1082 1829/1772/1336
f 1829/1772/1336 1574/1462/1082 1830/1773/1337
f 1574/1462/1082 1573/1461/1081 1831/1774/1338
f 1830/1773/1337 1574/1462/1082 1831/1774/1338
f 1693/1607/1201 1565/1450/1073 1832/1775/1339
f 1565/1450/1073 1570/1457/1078 1832/1775/1339
f 1570/1457/1078 1571/1458/1079 1833/1776/1340
f 1832/1775/1339 1570/1457/1078 1833/1776/1340
f 1833/1776/1340 1571/1458/1079 1834/1777/1341
f 1571/1778/1079 1572/1779/1080 1835/1780/1342
f 1834/1781/1341 1571/1778/1079 1835/1780/1342
f 1835/1780/1342 1572/1779/1080 1836/1782/1343
f 1572/1779/1080 1575/1783/1083 1837/1784/1344
f 1836/1782/1343 1572/1779/1080 1837/1784/1344
f 1837/1784/1344 1575/1783/1083 1838/1785/1345
f 1575/1783/1083 1577/1786/1085 1839/1787/1346
f 1838/1785/1345 1575/1783/1083 1839/1787/1346
f 1577/1786/1085 1579/1788/1087 1840/1789/1347
f 1839/1787/1346 1577/1786/1085 1840/1789/1347
f 1579/1468/1087 1580/1470/1088 1841/1790/1348
f 1840/1789/1347 1579/1788/1087 1841/1791/1348
f 1841/1790/1348 1580/1470/1088 1842/1792/1349
f 1580/1470/1088 1583/1473/1091 1843/1793/1350
f 1842/1792/1349 1580/1470/1088 1843/1793/1350
f 1781/1713/1289 1782/1714/1290 1844/1794/1351
f 1844/1794/1351 1782/1714/1290 1845/1795/1352
f 1844/1794/1351 1845/1795/1352 1846/1796/1353
f 1846/1796/1353 1845/1795/1352 1847/1797/1354
f 1846/1796/1353 1847/1797/1354 1848/1798/1355
f 1818/1760/1326 1819/1761/1327 1849/1799/1356
f 1818/1760/1326 1849/1799/1356 1850/1800/1357
f 1772/1702/1280 1773/1703/1281 1851/1801/1358
f 1772/1702/1280 1851/1801/1358 1852/1802/1359
f 1848/1803/1355 1847/1804/1354 1853/1805/1360
f 1693/1607/1201 1832/1775/1339 1854/1806/1361
f 1693/1607/1201 1854/1806/1361 1855/1807/1362
f 1707/1621/1215 1708/1622/1216 1856/1808/1363
f 1708/1622/1216 1709/1624/1217 1857/1809/1364
f 1856/1808/1363 1708/1622/1216 1857/1809/1364
f 1857/1809/1364 1709/1624/1217 1858/1810/1365
f 1709/1623/1217 1713/1628/1221 1859/1811/1366
f 1858/1810/1365 1709/1624/1217 1859/1812/1366
f 1710/1625/1218 1707/1621/1215 1860/1813/1367
f 1707/1621/1215 1856/1808/1363 1860/1813/1367
f 1710/1625/1218 1860/1813/1367 1861/1814/1368
f 1711/1626/1219 1710/1625/1218 1862/1815/1369
f 1710/1625/1218 1861/1814/1368 1862/1815/1369
f 1711/1626/1219 1862/1815/1369 1863/1816/1370
f 1751/1676/1259 1829/1772/1336 1864/1817/1371
f 1751/1676/1259 1864/1817/1371 1865/1818/1372
f 1752/1677/1260 1751/1678/1259 1866/1819/1373
f 1751/1678/1259 1865/1820/1372 1866/1819/1373
f 1864/1817/1371 1829/1772/1336 1867/1821/1374
f 1752/1677/1260 1866/1819/1373 1868/1822/1375
f 1865/1818/1372 1864/1817/1371 1869/1823/1376
f 1864/1817/1371 1867/1821/1374 1870/1824/1377
f 1869/1823/1376 1864/1817/1371 1870/1824/1377
f 1688/1603/1196 1689/1602/1197 1871/1825/1378
f 1871/1825/1378 1689/1602/1197 1872/1826/1379
f 1826/1768/1333 1797/1733/1305 1873/1827/1380
f 1873/1827/1380 1797/1733/1305 1874/1828/1381
f 1826/1768/1333 1873/1827/1380 1875/1829/1382
f 1875/1829/1382 1873/1827/1380 1876/1830/1383
f 1873/1827/1380 1874/1828/1381 1877/1831/1384
f 1876/1830/1383 1873/1827/1380 1877/1831/1384
f 1379/1204/887 1376/1201/884 1878/1832/1385
f 1878/1832/1385 1376/1201/884 1879/1833/1386
f 1756/1682/1264 1643/1547/1151 1880/1834/1387
f 1643/1547/1151 1758/1684/1266 1881/1835/1388
f 1880/1834/1387 1643/1547/1151 1881/1835/1388
f 1792/1726/1300 1785/1717/1293 1882/1836/1389
f 1882/1836/1389 1785/1717/1293 1883/1837/1390
f 1754/1680/1262 1611/1507/1119 1884/1838/1391
f 1884/1838/1391 1611/1507/1119 1885/1839/1392
f 1599/1491/1107 1616/1512/1124 1886/1840/1393
f 1886/1840/1393 1616/1512/1124 1887/1841/1394
f 1771/1701/1279 1769/1699/1277 1888/1842/1395
f 1817/1759/1325 1814/1756/1322 1889/1843/1396
f 1889/1843/1396 1814/1756/1322 1890/1844/1397
f 1795/1731/1303 1796/1732/1304 1891/1845/1398
f 1795/1731/1303 1891/1845/1398 1892/1846/1399
f 1816/1758/1324 1818/1760/1326 1893/1847/1400
f 1893/1847/1400 1818/1760/1326 1894/1848/1401
f 1770/1700/1278 1772/1702/1280 1895/1849/1402
f 1895/1849/1402 1772/1702/1280 1896/1850/1403
f 1693/1607/1201 1855/1807/1362 1898/1851/1404
f 1897/1852/1405 1693/1607/1201 1898/1851/1404
f 1898/1851/1404 1855/1807/1362 1899/1853/1406
f 1899/1853/1406 1855/1807/1362 1900/1854/1407
f 1899/1853/1406 1900/1854/1407 1901/1855/1408
f 1901/1855/1408 1900/1854/1407 1902/1856/1409
f 1901/1855/1408 1902/1856/1409 1903/1857/1410
f 1903/1857/1410 1902/1856/1409 1904/1858/1411
f 1903/1857/1410 1904/1858/1411 1905/1859/1412
f 1905/1859/1412 1904/1858/1411 1906/1860/1413
f 1905/1859/1412 1906/1860/1413 1907/1861/1414
f 1907/1861/1414 1906/1860/1413 1908/1862/1415
f 1907/1861/1414 1908/1862/1415 1909/1863/1416
f 1909/1863/1416 1908/1862/1415 1910/1864/1417
f 1909/1863/1416 1910/1864/1417 1911/1865/1418
f 1911/1865/1418 1910/1864/1417 1912/1866/1419
f 1911/1865/1418 1912/1866/1419 1913/1867/1420
f 1913/1867/1420 1912/1866/1419 1914/1868/1421
f 1913/1867/1420 1914/1868/1421 1915/1869/1422
f 1915/1869/1422 1914/1868/1421 1916/1870/1423
f 1915/1869/1422 1916/1870/1423 1917/1871/1424
f 1917/1871/1424 1916/1870/1423 1918/1872/1425
f 1917/1871/1424 1918/1872/1425 1919/1873/1426
f 1919/1873/1426 1918/1872/1425 1920/1874/1427
f 1919/1873/1426 1920/1874/1427 1921/1875/1428
f 1347/1164/855 1346/1163/854 1922/1876/1429
f 1347/1164/855 1922/1876/1429 1923/1877/1430
f 1347/1164/855 1923/1877/1430 1924/1878/1431
f 1902/1856/1409 1900/1854/1407 1925/1879/1432
f 1925/1879/1432 1900/1854/1407 1926/1880/1433
f 1906/1860/1413 1904/1858/1411 1927/1881/1434
f 1927/1881/1434 1904/1858/1411 1928/1882/1435
f 1610/1506/1118 1612/1508/1120 1929/1883/1436
f 1609/1504/1117 1610/1506/1118 1930/1884/1437
f 1610/1506/1118 1929/1883/1436 1930/1884/1437
f 1623/1522/1131 1626/1526/1134 1931/1885/1438
f 1623/1522/1131 1931/1885/1438 1932/1886/1439
f 1367/1188/875 1365/1186/873 1933/1887/1440
f 1367/1188/875 1933/1887/1440 1934/1888/1441
f 1370/1193/878 1367/1192/875 1935/1889/1442
f 1367/1192/875 1934/1890/1441 1935/1889/1442
f 1801/1737/1309 1682/1593/1190 1936/1891/1443
f 1936/1891/1443 1682/1593/1190 1937/1892/1444
f 1801/1893/1309 1936/1894/1443 1938/1895/1445
f 1809/1749/1317 1807/1748/1315 1939/1896/1446
f 1807/1897/1315 1808/1898/1316 1940/1899/1447
f 1939/1896/1446 1807/1748/1315 1940/1900/1447
f 1809/1749/1317 1939/1896/1446 1941/1901/1448
f 1675/1584/1183 1678/1587/1186 1942/1902/1449
f 1675/1584/1183 1942/1902/1449 1943/1903/1450
f 1604/1904/1112 1607/1905/1115 1944/1906/1451
f 1604/1904/1112 1944/1906/1451 1945/1907/1452
f 1603/1908/1111 1604/1909/1112 1946/1910/1453
f 1604/1909/1112 1945/1911/1452 1946/1910/1453
f 1944/1906/1451 1607/1905/1115 1947/1912/1454
f 1619/1913/1127 1621/1914/1129 1948/1915/1455
f 1948/1915/1455 1621/1914/1129 1949/1916/1456
f 1374/1197/882 1372/1195/880 1950/1917/1457
f 1950/1917/1457 1372/1195/880 1951/1918/1458
f 1760/1687/1268 1762/1690/1270 1952/1919/1459
f 1952/1919/1459 1762/1690/1270 1953/1920/1460
f 1799/1735/1307 1798/1734/1306 1954/1921/1461
f 1954/1921/1461 1798/1734/1306 1955/1922/1462
f 1849/1799/1356 1819/1761/1327 1956/1923/1463
f 1849/1799/1356 1956/1923/1463 1957/1924/1464
f 1956/1923/1463 1819/1761/1327 1958/1925/1465
f 1512/1380/1020 1510/1378/1018 1959/1926/1466
f 1512/1380/1020 1959/1926/1466 1960/1927/1467
f 1803/1740/1311 1802/1739/1310 1961/1928/1468
f 1961/1928/1468 1802/1739/1310 1962/1929/1469
f 1812/1752/1320 1810/1750/1318 1963/1930/1470
f 1812/1931/1320 1963/1932/1470 1964/1933/1471
f 1811/1934/1319 1813/1935/1321 1965/1936/1144
f 1965/1936/1144 1813/1935/1321 1966/1937/1472
f 1811/1934/1319 1965/1936/1144 1967/1938/1473
f 1715/1630/1474 1968/1939/1475 1969/1940/1476
f 1970/1941/1477 1335/1942/843 1337/1943/845
f 1973/1944/1478 1338/1153/846 1340/1155/848
f 1975/1945/1479 1340/1155/848 1341/1156/849
f 1977/1946/1480 1341/1182/849 1364/1185/872
f 1979/1947/1481 1364/1185/872 1382/1207/890
f 1703/1948/1211 1704/1949/1212 1989/1950/1482
f 1701/1615/1209 1702/1616/1210 1995/1951/1483
f 1695/1609/1203 1696/1610/1204 2006/1952/1484
f 1914/1868/1421 2033/1953/1485 1916/1870/1423
f 1912/1866/1419 2035/1954/1486 1914/1868/1421
f 1910/1864/1417 2037/1955/1487 1912/1866/1419
f 1833/1776/1340 1834/1777/1341 2053/1956/1488
f 1834/1781/1341 1835/1780/1342 2055/1957/1489
f 1835/1780/1342 1836/1782/1343 2057/1958/1490
f 1837/1784/1344 1838/1785/1345 2060/1959/1491
f 1839/1787/1346 1840/1789/1347 2063/1960/1492
f 1840/1789/1347 1841/1791/1348 2065/1961/1493
f 1841/1962/1348 1842/1963/1349 2067/1964/1494
f 1585/1475/1093 1587/1477/1095 2072/1965/1495
f 1587/1477/1095 1589/1479/1097 2074/1966/1496
f 1589/1480/1097 1591/1483/1099 2076/1967/1497
f 1593/1485/1101 1595/1487/1103 2079/1968/1498
f 1595/1487/1103 1597/1489/1105 2081/1969/1499
f 1948/1915/1455 1949/1916/1456 2090/1970/1500
f 1932/1886/1439 1931/1885/1438 2096/1971/1501
f 1941/1901/1448 2104/1972/1502 1809/1749/1317
f 2106/1973/678 1941/1901/1448 1939/1896/1446
f 2109/1974/1503 1939/1896/1446 1940/1900/1447
f 2114/1975/1504 1967/1938/1473 1965/1936/1144
f 2117/1976/1505 1965/1936/1144 1966/1937/1472
f 2123/1977/1506 1893/1978/1400 1894/1979/1401
f 1957/1924/1464 1956/1923/1463 2133/1980/1507
f 1956/1981/1463 1958/1982/1465 2136/1983/1508
f 1889/1984/1396 1890/1985/1397 2142/1986/1509
f 1964/1987/1471 1963/1988/1470 2147/1989/1510
f 1790/1724/1298 1788/1723/1296 2153/1990/1511
f 1788/1720/1296 1786/1718/1294 2155/1991/1512
f 2157/1992/1513 1779/1710/1287 1781/1713/1289
f 2159/1993/677 1781/1713/1289 1844/1794/1351
f 2161/1994/1514 1844/1995/1351 1846/1996/1353
f 2163/1997/1515 1846/1998/1353 1848/1999/1355
f 1847/2000/1354 1845/2001/1352 2171/2002/1516
f 1845/1795/1352 1782/1714/1290 2173/2003/737
f 1782/1714/1290 1780/1712/1288 2175/2004/1517
f 1780/1712/1288 1778/1711/1286 2177/2005/1518
f 2180/2006/1519 1622/1520/1130 1620/1518/1128
f 2182/2007/644 1620/1518/1128 1618/1516/1126
f 2185/2008/1520 1806/1744/1314 1805/1743/1313
f 2188/2009/1521 1805/1766/1313 1825/1767/1332
f 2192/2010/1522 1596/1488/1104 1594/1486/1102
f 2194/2011/676 1594/1486/1102 1592/1484/1100
f 2196/2012/1523 1592/1484/1100 1590/1482/1098
f 2198/2013/1524 1590/1482/1098 1588/1481/1096
f 2200/2014/1525 1588/1478/1096 1586/1476/1094
f 2209/2015/1526 1868/1822/1375 1866/1819/1373
f 2213/2016/1527 1869/2017/1376 1870/2018/1377
f 2216/2019/1528 1870/2020/1377 1867/2021/1374
f 2221/2022/1529 1830/1773/1337 1831/1774/1338
f 1647/1551/1155 1648/1552/1156 2227/2023/1530
f 1648/1552/1156 1650/1554/1158 2229/2024/1531
f 1725/1642/1233 1726/1643/1234 2235/2025/1532
f 1730/1647/1238 1732/1649/1240 2239/2026/1533
f 1732/1653/1240 1734/1655/1242 2241/2027/1534
f 1822/1764/1330 1823/1765/1331 2248/2028/1535
f 1892/2029/1399 1891/2030/1398 2255/2031/1536
f 1748/2032/1256 1750/2033/1258 2260/2034/1537
f 1749/2035/1257 2264/2036/1538 1750/2037/1258
f 2265/2038/1539 1749/1674/1257 1747/1672/1255
f 2268/2039/1540 1747/1672/1255 1746/1671/1254
f 2270/2040/1541 1746/2041/1254 1744/2042/1252
f 2272/2043/1542 1744/1667/1252 1742/1665/1250
f 2274/2044/1543 1742/1665/1250 1740/1663/1248
f 2276/2045/1544 1740/1663/1248 1738/1661/1246
f 2278/2046/1545 1738/1661/1246 1737/1660/1245
f 2280/2047/1546 1737/1660/1245 1735/1658/1243
f 2283/2048/1547 1733/1652/1241 1731/1651/1239
f 2285/2049/1548 1731/1648/1239 1729/1646/1237
f 1535/1412/1043 1537/1414/1045 2290/2050/1549
f 1537/1414/1045 1539/1416/1047 2292/2051/1550
f 1539/1417/1047 1541/1420/1049 2294/2052/1551
f 1543/1422/1051 1545/1424/1053 2297/2053/1552
f 2301/2054/1553 1544/1423/1052 1542/1421/1050
f 2307/2055/1554 1536/2056/1044 1534/2057/1042
f 2309/2058/1555 1534/1411/1042 1532/1409/1040
f 1501/1363/1009 1503/1365/1011 2313/2059/1556
f 1503/1369/1011 1505/1371/1013 2315/2060/1557
f 1505/1372/1013 1507/1375/1015 2317/2061/1558
f 1507/1375/1015 1509/1377/1017 2319/2062/1559
f 1509/1377/1017 1511/1379/1019 2321/2063/1560
f 1511/2064/1019 1513/2065/1021 2323/2066/1561
f 1513/2067/1021 1515/2068/1023 2325/2069/1562
f 1515/2070/1023 1630/2071/1138 2327/2072/1563
f 1630/1530/1138 1632/1532/1140 2329/2073/1564
f 1632/1532/1140 1634/1534/1142 2331/2074/1565
f 1634/1535/1142 1636/1538/1144 2333/2075/1566
f 1636/1538/1144 1638/1540/1146 2335/2076/1567
f 1638/1540/1146 1640/1542/1148 2337/2077/1568
f 1640/1543/1148 1642/1546/1150 2339/2078/1569
f 1642/1546/1150 1644/1548/1152 2341/2079/1570
f 1644/1548/1152 1646/1550/1154 2343/2080/1571
f 2352/2081/1572 1764/2082/1272 1766/2083/1274
f 2354/2084/1573 1766/1695/1274 1768/1698/1276
f 1852/1802/1359 1851/1801/1358 2361/2085/644
f 1851/1801/1358 1773/1703/1281 2367/2086/1574
f 1767/2087/1275 1765/2088/1273 2373/2089/1575
f 1765/1693/1273 1763/1691/1271 2375/2090/1576
f 1763/1691/1271 1761/1689/1269 2377/2091/527
f 1761/1689/1269 1759/1688/1267 2379/2092/1577
f 1759/1685/1267 1757/1683/1265 2381/2093/1578
f 2383/2094/1579 1639/1541/1147 1637/1539/1145
f 2385/2095/1580 1637/1539/1145 1635/1537/1143
f 2387/2096/1581 1635/1537/1143 1633/1536/1141
f 2389/2097/1582 1633/2098/1141 1631/2099/1139
f 2391/2100/1583 1631/1531/1139 1629/1529/1137
f 2393/2101/1584 1629/1529/1137 1514/1382/1022
f 2397/2102/1585 1960/1927/1467 1959/1926/1466
f 2402/2103/1586 1508/1376/1016 1506/1374/1014
f 2404/2104/1587 1506/1374/1014 1504/1373/1012
f 2406/2105/1588 1504/1368/1012 1502/1367/1010
f 2408/2106/1589 1502/1364/1010 1500/1362/1008
f 2410/2107/1590 1500/1362/1008 1498/1360/1006
f 2412/2108/1591 1498/1360/1006 1497/1359/1005
f 2414/2109/1592 1497/2110/1005 1495/2111/1003
f 2416/2112/1593 1495/1355/1003 1493/1353/1001
f 2418/2113/1594 1493/1353/1001 1491/1351/999
f 2420/2114/1595 1491/2115/999 1490/2116/998
f 2422/2117/1596 1490/1350/998 1488/1348/996
f 2425/2118/1597 1487/1347/995 1485/1345/993
f 1863/1816/1370 1862/1815/1369 2430/2119/1598
f 1862/1815/1369 1861/1814/1368 2433/2120/1599
f 1861/1814/1368 1860/1813/1367 2435/2121/1600
f 1860/1813/1367 1856/1808/1363 2437/2122/1601
f 1856/1808/1363 1857/1809/1364 2439/2123/1602
f 1857/2124/1364 1858/2125/1365 2441/2126/1603
f 1858/1810/1365 1859/1812/1366 2443/2127/1604
f 1969/2128/1476 1968/2129/1475 2448/2130/1605
f 1718/1634/1226 1720/1637/1228 2453/2131/1606
f 1720/1637/1228 1722/1639/1230 2455/2132/1607
f 1722/1639/1230 1724/1641/1232 2457/2133/725
f 1723/2134/1231 2461/2135/1608 1724/2136/1232
f 2462/2137/1609 1723/1640/1231 1721/1638/1229
f 2465/2138/1610 1721/1638/1229 1719/1636/1227
f 2467/2139/1611 1719/1636/1227 1717/1635/1225
f 2469/2140/1612 1717/1632/1225 1716/1631/1224
f 2471/2141/1613 1716/1631/1224 1714/1629/1222
f 2473/2142/1614 1714/2143/1222 1712/2144/1220
f 1453/1299/961 1454/1300/962 2477/2145/1615
f 1454/1300/962 1456/1302/964 2479/2146/1616
f 1456/1303/964 1458/1306/966 2481/2147/1617
f 1458/1306/966 1460/1308/968 2483/2148/1618
f 1460/1308/968 1462/1310/970 2485/2149/1619
f 1462/1310/970 1464/1312/972 2487/2150/1620
f 1464/1312/972 1466/1314/974 2489/2151/1621
f 1466/1314/974 1601/1493/1109 2491/2152/1622
f 1946/1910/1453 1945/1911/1452 2495/2153/1623
f 1945/1907/1452 1944/1906/1451 2497/2154/1624
f 1944/1906/1451 1947/1912/1454 2499/2155/1625
f 1930/1884/1437 1929/1883/1436 2505/2156/1626
f 2512/2157/1627 1608/1502/1116 1606/1500/1114
f 2517/2158/1628 1961/2159/1468 1962/2160/1469
f 2524/2161/1629 1463/1311/971 1461/1309/969
f 2526/2162/1630 1461/1309/969 1459/1307/967
f 2528/2163/1631 1459/2164/967 1457/2165/965
f 2530/2166/1632 1457/1305/965 1455/1304/963
f 2535/2167/1633 1954/1921/1461 1955/1922/1462
f 2541/2168/1634 1828/1771/1335 1827/1769/1334
f 1876/1830/1383 2547/2169/1635 1875/1829/1382
f 2548/2170/1636 1876/2171/1383 1877/2172/1384
f 2551/2173/1637 1877/2174/1384 1874/2175/1381
f 1871/1825/1378 1872/1826/1379 2564/2176/1638
f 1656/1561/1164 1658/1563/1166 2569/2177/1639
f 1658/2178/1166 1660/2179/1168 2571/2180/1640
f 1660/1566/1168 1662/1569/1170 2573/2181/1641
f 1662/1569/1170 1664/1571/1172 2575/2182/1642
f 1664/1571/1172 1666/1573/1174 2577/2183/1643
f 1666/1573/1174 1668/1575/1176 2579/2184/1644
f 1793/1729/1301 1794/1730/1302 2583/2185/1645
f 1943/1903/1450 1942/1902/1449 2588/2186/1646
f 1938/1895/1445 1936/1894/1443 2593/2187/1647
f 2600/2188/1648 1683/1594/1191 1681/1592/1189
f 2602/2189/1649 1681/1592/1189 1679/1591/1187
f 2604/2190/1650 1679/2191/1187 1677/2192/1185
f 2606/2193/1651 1677/2194/1185 1676/2195/1184
f 2608/2196/1652 1676/1585/1184 1674/1583/1182
f 2610/2197/1653 1674/1583/1182 1673/1582/1181
f 2612/2198/1654 1673/1580/1181 1671/1578/1179
f 2614/2199/1655 1671/2200/1179 1669/2201/1177
f 2616/2202/1656 1669/1576/1177 1667/1574/1175
f 2618/2203/1657 1667/1574/1175 1665/1572/1173
f 2620/2204/1658 1665/1572/1173 1663/1570/1171
f 2622/2205/1659 1663/2206/1171 1661/2207/1169
f 2624/2208/1660 1661/1568/1169 1659/1567/1167
f 2627/2209/1661 1657/1562/1165 1655/1560/1163
f 2629/2210/1662 1655/1560/1163 1653/1558/1161
f 1402/2211/910 1404/2212/912 2633/2213/1663
f 1404/1235/912 1406/1237/914 2635/2214/1664
f 1406/1238/914 1408/1241/916 2637/2215/1665
f 1408/1241/916 1410/1243/918 2639/2216/1666
f 1410/1243/918 1412/1245/920 2641/2217/1667
f 2645/2218/1668 1411/1244/919 1409/1242/917
f 2648/2219/1669 1409/1242/917 1407/1240/915
f 2651/2220/1670 1405/1236/913 1403/1234/911
f 2654/2221/1671 1401/1232/909 1399/1230/907
f 1350/1167/858 1352/1169/860 2659/2222/1672
f 1352/1170/860 1354/1173/862 2661/2223/1673
f 1354/1173/862 1356/1175/864 2663/2224/1674
f 1356/1175/864 1358/1177/866 2665/2225/1675
f 1366/2226/874 1368/2227/876 2670/2228/1676
f 1368/2229/876 1369/2230/877 2672/2231/1677
f 1369/1191/877 1371/1194/879 2674/2232/1678
f 1371/1194/879 1373/1196/881 2676/2233/1679
f 1373/1196/881 1375/1198/883 2678/2234/1680
f 1375/1199/883 1377/1202/885 2680/2235/1681
f 1377/1202/885 1378/1203/886 2682/2236/1682
f 1378/1203/886 1380/1205/888 2684/2237/1683
f 2688/2238/1684 1950/2239/1457 1951/2240/1458
f 2696/2241/1685 1934/1888/1441 1933/1887/1440
f 2702/2242/1686 1357/1176/865 1355/1174/863
f 2704/2243/1687 1355/1174/863 1353/1172/861
f 2706/2244/1688 1353/1172/861 1351/1171/859
f 2709/2245/1689 1924/1878/1431 1923/1877/1430
f 2715/2246/1690 1344/2247/852 1342/2248/850
f 2718/2249/1691 1332/1147/840 1331/1146/839
f 2720/2250/1692 1331/1146/839 1335/1150/843
f 2722/2251/1693 2723/2252/1694 2724/2253/1695
f 2724/2253/1695 2723/2252/1694 2725/2254/1696
f 2722/2251/1693 2724/2253/1695 2726/2255/1697
f 2724/2253/1695 2725/2254/1696 2727/2256/1698
f 2726/2255/1697 2724/2253/1695 2728/2257/1699
f 2724/2253/1695 2727/2256/1698 2728/2257/1699
f 2726/2255/1697 2728/2257/1699 2729/2258/1700
f 2728/2257/1699 2727/2256/1698 2734/2259/1701
f 2723/2252/1694 2739/2260/1702 2725/2254/1696
f 2740/2261/1703 2723/2262/1694 2722/2263/1693
f 2745/2264/1704 2746/2265/1705 2747/2266/1706
f 2745/2264/1704 2747/2266/1706 2748/2267/1707
f 2748/2267/1707 2747/2266/1706 2749/2268/1708
f 2747/2266/1706 2746/2265/1705 2750/2269/1709
f 2749/2268/1708 2747/2266/1706 2751/2270/1710
f 2747/2266/1706 2750/2269/1709 2751/2270/1710
f 2746/2265/1705 2758/2271/1711 2750/2269/1709
f 2763/2272/1712 2745/2273/1704 2748/2274/1707
f 2766/2275/1713 2767/2276/1714 2768/2277/1715
f 2766/2275/1713 2768/2277/1715 2769/2278/1716
f 2769/2278/1716 2768/2277/1715 2770/2279/1717
f 2770/2279/1717 2768/2277/1715 2771/2280/1718
f 2768/2277/1715 2767/2276/1714 2772/2281/1719
f 2771/2280/1718 2768/2277/1715 2772/2281/1719
f 2773/2282/1720 2769/2278/1716 2770/2279/1717
f 2770/2283/1717 2771/2284/1718 2776/2285/1721
f 2771/2280/1718 2772/2281/1719 2781/2286/1722
f 2767/2276/1714 2784/2287/1723 2772/2281/1719
f 2766/2275/1713 2787/2288/1724 2767/2276/1714
f 2788/2289/1725 2766/2290/1713 2769/2291/1716
f 2791/2292/1726 2792/2293/1727 2793/2294/1728
f 2792/2293/1727 2791/2292/1726 2794/2295/1729
f 2792/2293/1727 2794/2295/1729 2795/2296/1730
f 2793/2294/1728 2792/2293/1727 2796/2297/1731
f 2793/2298/1728 2796/2299/1731 2797/2300/1732
f 2794/2301/1729 2806/2302/1733 2795/2303/1730
f 2807/2304/1734 2794/2295/1729 2791/2292/1726
f 2812/2305/1735 2813/2306/1736 2814/2307/1737
f 2813/2306/1736 2812/2305/1735 2815/2308/1738
f 2813/2306/1736 2815/2308/1738 2816/2309/1739
f 2814/2307/1737 2813/2306/1736 2817/2310/1740
f 2826/2311/1741 2815/2308/1738 2812/2305/1735
f 2829/2312/1742 2812/2313/1735 2814/2314/1737
f 2832/2315/1743 2833/2316/1744 2834/2317/1745
f 2833/2316/1744 2832/2315/1743 2835/2318/1746
f 2833/2316/1744 2835/2318/1746 2836/2319/1747
f 2834/2317/1745 2833/2316/1744 2837/2320/1748
f 2834/2321/1745 2837/2322/1748 2839/2323/1749
f 2835/2318/1746 2845/2324/1750 2836/2319/1747
f 2848/2325/1751 2835/2318/1746 2832/2315/1743
f 2853/2326/1752 2854/2327/1753 2855/2328/1754
f 2854/2327/1753 2853/2326/1752 2856/2329/1755
f 2854/2327/1753 2856/2329/1755 2857/2330/1756
f 2855/2328/1754 2854/2327/1753 2858/2331/1757
f 2855/2332/1754 2858/2333/1757 2859/2334/1758
f 2856/2329/1755 2868/2335/1759 2857/2330/1756
f 2869/2336/1760 2856/2329/1755 2853/2326/1752
f 2874/2337/1761 2875/2338/1762 2876/2339/1763
f 2875/2338/1762 2874/2337/1761 2877/2340/1764
f 2875/2338/1762 2877/2340/1764 2878/2341/1765
f 2876/2342/1763 2875/2343/1762 2879/2344/1766
f 2876/2345/1763 2879/2346/1766 2880/2347/1767
f 2877/2348/1764 2889/2349/1768 2878/2350/1765
f 2890/2351/567 2877/2340/1764 2874/2337/1761
f 2893/2352/1769 2874/2353/1761 2876/2354/1763
f 2896/2355/1770 2897/2356/1771 2898/2357/1772
f 2897/2356/1771 2896/2355/1770 2899/2358/1773
f 2897/2356/1771 2899/2358/1773 2900/2359/1774
f 2898/2357/1772 2897/2356/1771 2901/2360/1775
f 2898/2361/1772 2901/2362/1775 2902/2363/1776
f 2899/2364/1773 2911/2365/1777 2900/2366/1774
f 2912/2367/1778 2899/2368/1773 2896/2369/1770
f 2915/2370/1779 2896/2355/1770 2898/2357/1772
f 2918/2371/1780 2919/2372/1781 2920/2373/1782
f 2919/2372/1781 2918/2371/1780 2921/2374/1783
f 2919/2372/1781 2921/2374/1783 2922/2375/1784
f 2922/2376/1784 2921/2377/1783 2923/2378/1785
f 2922/2376/1784 2923/2378/1785 2924/2379/1786
f 2924/2379/1786 2923/2378/1785 2925/2380/1787
f 2924/2379/1786 2925/2380/1787 2926/2381/1788
f 2926/2382/1788 2925/2383/1787 2927/2384/1789
f 2926/2382/1788 2927/2384/1789 2928/2385/1790
f 2928/2385/1790 2927/2384/1789 2929/2386/1791
f 2928/2385/1790 2929/2386/1791 2930/2387/1792
f 2920/2373/1782 2919/2372/1781 2931/2388/1793
f 2919/2372/1781 2922/2375/1784 2932/2389/1794
f 2931/2388/1793 2919/2372/1781 2932/2389/1794
f 2924/2379/1786 2926/2381/1788 2933/2390/1795
f 2933/2390/1795 2926/2381/1788 2934/2391/1796
f 2924/2379/1786 2933/2390/1795 2935/2392/1797
f 2920/2373/1782 2931/2388/1793 2936/2393/1798
f 2931/2394/1793 2932/2395/1794 2941/2396/1799
f 2935/2392/1797 2933/2390/1795 2946/2397/1800
f 2933/2390/1795 2934/2391/1796 2949/2398/1801
f 2928/2385/1790 2930/2387/1792 2954/2399/1802
f 2929/2400/1791 2958/2401/1803 2930/2402/1792
f 2959/2403/1804 2929/2386/1791 2927/2384/1789
f 2962/2404/1805 2927/2384/1789 2925/2383/1787
f 2964/2405/1806 2925/2380/1787 2923/2378/1785
f 2966/2406/1807 2923/2407/1785 2921/2408/1783
f 2968/2409/1808 2921/2374/1783 2918/2371/1780
f 2970/2410/1809 2918/2371/1780 2920/2373/1782
f 2973/2411/1810 2974/2412/1811 2975/2413/1812
f 2974/2412/1811 2973/2411/1810 2976/2414/1813
f 2974/2412/1811 2976/2414/1813 2977/2415/1814
f 2977/2416/1814 2976/2417/1813 2978/2418/1815
f 2977/2416/1814 2978/2418/1815 2979/2419/1816
f 2979/2419/1816 2978/2418/1815 2980/2420/1817
f 2979/2419/1816 2980/2420/1817 2981/2421/1818
f 2981/2422/1818 2980/2423/1817 2982/2424/1819
f 2981/2422/1818 2982/2424/1819 2983/2425/1820
f 2983/2425/1820 2982/2424/1819 2984/2426/1821
f 2983/2425/1820 2984/2426/1821 2985/2427/1822
f 2975/2413/1812 2974/2412/1811 2986/2428/1823
f 2974/2412/1811 2977/2415/1814 2987/2429/1824
f 2986/2428/1823 2974/2412/1811 2987/2429/1824
f 2979/2419/1816 2981/2421/1818 2988/2430/1825
f 2988/2430/1825 2981/2421/1818 2989/2431/1826
f 2979/2419/1816 2988/2430/1825 2990/2432/1827
f 2975/2433/1812 2986/2434/1823 2991/2435/1828
f 2986/2436/1823 2987/2437/1824 2996/2438/1829
f 2990/2432/1827 2988/2430/1825 3001/2439/1830
f 2988/2430/1825 2989/2431/1826 3004/2440/1831
f 2983/2425/1820 2985/2427/1822 3009/2441/1832
f 2984/2442/1821 3013/2443/1833 2985/2444/1822
f 3014/2445/1834 2984/2426/1821 2982/2424/1819
f 3017/2446/1835 2982/2424/1819 2980/2423/1817
f 3019/2447/1836 2980/2420/1817 2978/2418/1815
f 3021/2448/1837 2978/2418/1815 2976/2417/1813
f 3023/2449/1838 2976/2414/1813 2973/2411/1810
f 3027/2450/1839 3028/2451/1840 3029/2452/1841
f 3028/2451/1840 3027/2450/1839 3030/2453/1842
f 3028/2451/1840 3030/2453/1842 3031/2454/216
f 3031/2455/216 3030/2456/1842 3032/2457/1843
f 3031/2455/216 3032/2457/1843 3033/2458/214
f 3033/2458/214 3032/2457/1843 3034/2459/1844
f 3033/2458/214 3034/2459/1844 3035/2460/1845
f 3035/2461/1845 3034/2462/1844 3036/2463/1846
f 3035/2461/1845 3036/2463/1846 3037/2464/210
f 3027/2450/1839 3029/2452/1841 3038/2465/1847
f 3037/2464/210 3036/2463/1846 3039/2466/1848
f 3037/2464/210 3039/2466/1848 3040/2467/208
f 3040/2467/208 3039/2466/1848 3041/2468/1849
f 3040/2467/208 3041/2468/1849 3042/2469/1850
f 3042/2470/1850 3041/2471/1849 3043/2472/1851
f 3042/2470/1850 3043/2472/1851 3044/2473/1852
f 3044/2473/1852 3043/2472/1851 3045/2474/1853
f 3044/2473/1852 3045/2474/1853 3046/2475/1854
f 3046/2475/1854 3045/2474/1853 3047/2476/1855
f 3046/2475/1854 3047/2476/1855 3048/2477/1856
f 3048/2477/1856 3047/2476/1855 3049/2478/1857
f 3048/2477/1856 3049/2478/1857 3050/2479/1858
f 3050/2479/1858 3049/2478/1857 3051/2480/1859
f 3051/2480/1859 3049/2478/1857 3052/2481/1860
f 3052/2481/1860 3049/2478/1857 3053/2482/1861
f 3052/2481/1860 3053/2482/1861 3054/2483/1862
f 3054/2484/1862 3053/2485/1861 3055/2486/1863
f 3055/2486/1863 3053/2485/1861 3056/2487/1864
f 3027/2450/1839 3038/2465/1847 3057/2488/1865
f 3030/2453/1842 3027/2450/1839 3058/2489/1866
f 3027/2450/1839 3057/2488/1865 3058/2489/1866
f 3056/2487/1864 3053/2485/1861 3059/2490/1867
f 3059/2490/1867 3053/2485/1861 3060/2491/1868
f 3061/2492/1869 3049/2478/1857 3062/2493/1870
f 3049/2478/1857 3047/2476/1855 3063/2494/1871
f 3062/2493/1870 3049/2478/1857 3063/2494/1871
f 3049/2478/1857 3061/2492/1869 3064/2495/1872
f 3034/2459/1844 3032/2457/1843 3065/2496/1873
f 3034/2497/1844 3065/2498/1873 3066/2499/1874
f 3067/2500/1875 3057/2501/1865 3038/2502/1847
f 3029/2503/1841 3028/2504/1840 3074/2505/1876
f 3028/2451/1840 3031/2454/216 3076/2506/1877
f 3031/2455/216 3033/2458/214 3078/2507/1878
f 3033/2458/214 3035/2460/1845 3080/2508/1879
f 3035/2461/1845 3037/2464/210 3082/2509/1880
f 3037/2464/210 3040/2467/208 3084/2510/823
f 3040/2467/208 3042/2469/1850 3086/2511/1881
f 3042/2470/1850 3044/2473/1852 3088/2512/1882
f 3044/2513/1852 3046/2514/1854 3090/2515/1883
f 3046/2475/1854 3048/2477/1856 3092/2516/1884
f 3048/2477/1856 3050/2479/1858 3094/2517/1885
f 3050/2479/1858 3051/2480/1859 3096/2518/1886
f 3051/2480/1859 3052/2481/1860 3098/2519/1887
f 3052/2481/1860 3054/2483/1862 3100/2520/1888
f 3054/2484/1862 3055/2486/1863 3102/2521/1889
f 3059/2490/1867 3106/2522/1890 3056/2487/1864
f 3111/2523/1891 3064/2495/1872 3061/2492/1869
f 3114/2524/1892 3061/2492/1869 3062/2493/1870
f 3116/2525/1893 3062/2493/1870 3063/2494/1871
f 3120/2526/1894 3045/2474/1853 3043/2472/1851
f 3122/2527/1895 3043/2472/1851 3041/2471/1849
f 3124/2528/1896 3041/2468/1849 3039/2466/1848
f 3126/2529/1897 3039/2466/1848 3036/2463/1846
f 3130/2530/1898 3066/2499/1874 3065/2498/1873
f 3135/2531/1899 3058/2489/1866 3057/2488/1865
f 3138/2532/1900 3139/2533/1901 3140/2534/1902
f 3139/2533/1901 3138/2532/1900 3141/2535/1903
f 3139/2533/1901 3141/2535/1903 3142/2536/1904
f 3142/2537/1904 3141/2538/1903 3143/2539/1905
f 3142/2537/1904 3143/2539/1905 3144/2540/1906
f 3144/2540/1906 3143/2539/1905 3145/2541/1907
f 3144/2540/1906 3145/2541/1907 3146/2542/1908
f 3146/2543/1908 3145/2544/1907 3147/2545/1909
f 3146/2543/1908 3147/2545/1909 3148/2546/137
f 3138/2532/1900 3140/2534/1902 3149/2547/1910
f 3148/2546/137 3147/2545/1909 3150/2548/1911
f 3148/2546/137 3150/2548/1911 3151/2549/135
f 3151/2549/135 3150/2548/1911 3152/2550/1912
f 3151/2549/135 3152/2550/1912 3153/2551/1913
f 3153/2552/1913 3152/2553/1912 3154/2554/1914
f 3153/2552/1913 3154/2554/1914 3155/2555/1915
f 3155/2555/1915 3154/2554/1914 3156/2556/1916
f 3155/2555/1915 3156/2556/1916 3157/2557/1917
f 3157/2557/1917 3156/2556/1916 3158/2558/1918
f 3157/2557/1917 3158/2558/1918 3159/2559/1919
f 3159/2559/1919 3158/2558/1918 3160/2560/1920
f 3159/2559/1919 3160/2560/1920 3161/2561/1921
f 3161/2561/1921 3160/2560/1920 3162/2562/1922
f 3162/2562/1922 3160/2560/1920 3163/2563/1923
f 3163/2564/1923 3160/2565/1920 3164/2566/1924
f 3163/2564/1923 3164/2566/1924 3165/2567/1925
f 3165/2567/1925 3164/2566/1924 3166/2568/1926
f 3166/2568/1926 3164/2566/1924 3167/2569/1927
f 3138/2532/1900 3149/2547/1910 3168/2570/1928
f 3141/2535/1903 3138/2532/1900 3169/2571/1929
f 3138/2532/1900 3168/2570/1928 3169/2571/1929
f 3167/2569/1927 3164/2566/1924 3170/2572/1930
f 3170/2572/1930 3164/2566/1924 3171/2573/1931
f 3172/2574/1932 3160/2560/1920 3173/2575/1933
f 3160/2560/1920 3158/2558/1918 3174/2576/1934
f 3173/2575/1933 3160/2560/1920 3174/2576/1934
f 3160/2560/1920 3172/2574/1932 3175/2577/1935
f 3145/2541/1907 3143/2539/1905 3176/2578/1936
f 3145/2579/1907 3176/2580/1936 3177/2581/1937
f 3140/2582/1902 3139/2583/1901 3184/2584/1667
f 3139/2585/1901 3142/2586/1904 3186/2587/1938
f 3142/2537/1904 3144/2540/1906 3188/2588/1939
f 3144/2540/1906 3146/2542/1908 3190/2589/1940
f 3146/2543/1908 3148/2546/137 3192/2590/1941
f 3148/2546/137 3151/2549/135 3194/2591/1942
f 3151/2549/135 3153/2551/1913 3196/2592/701
f 3153/2593/1913 3155/2594/1915 3198/2595/1943
f 3155/2596/1915 3157/2597/1917 3200/2598/1944
f 3157/2599/1917 3159/2600/1919 3202/2601/1945
f 3159/2602/1919 3161/2603/1921 3204/2604/605
f 3161/2605/1921 3162/2606/1922 3206/2607/1946
f 3162/2608/1922 3163/2609/1923 3208/2610/1947
f 3163/2564/1923 3165/2567/1925 3210/2611/1948
f 3165/2567/1925 3166/2568/1926 3212/2612/1949
f 3170/2572/1930 3215/2613/1950 3167/2569/1927
f 3221/2614/1951 3175/2577/1935 3172/2574/1932
f 3224/2615/1952 3172/2574/1932 3173/2575/1933
f 3226/2616/1953 3173/2575/1933 3174/2576/1934
f 3230/2617/1954 3156/2556/1916 3154/2554/1914
f 3232/2618/1955 3154/2554/1914 3152/2553/1912
f 3234/2619/1956 3152/2550/1912 3150/2548/1911
f 3236/2620/1957 3150/2548/1911 3147/2545/1909
f 3240/2621/1958 3177/2581/1937 3176/2580/1936
f 3245/2622/1959 3169/2571/1929 3168/2570/1928
f 3248/2623/1960 3249/2624/1961 3250/2625/1962
f 3249/2624/1961 3248/2623/1960 3251/2626/1963
f 3249/2624/1961 3251/2626/1963 3252/2627/1964
f 3252/2628/1964 3251/2629/1963 3253/2630/1965
f 3252/2628/1964 3253/2630/1965 3254/2631/1966
f 3254/2631/1966 3253/2630/1965 3255/2632/1967
f 3254/2631/1966 3255/2632/1967 3256/2633/1968
f 3256/2634/1968 3255/2635/1967 3257/2636/209
f 3256/2634/1968 3257/2636/209 3258/2637/1969
f 3258/2637/1969 3257/2636/209 3259/2638/1970
f 3258/2637/1969 3259/2638/1970 3260/2639/1971
f 3250/2625/1962 3249/2624/1961 3261/2640/1972
f 3249/2624/1961 3252/2627/1964 3262/2641/1973
f 3261/2640/1972 3249/2624/1961 3262/2641/1973
f 3254/2631/1966 3256/2633/1968 3263/2642/1974
f 3263/2642/1974 3256/2633/1968 3264/2643/1975
f 3254/2631/1966 3263/2642/1974 3265/2644/1976
f 3250/2645/1962 3261/2646/1972 3266/2647/1977
f 3261/2640/1972 3262/2641/1973 3271/2648/1978
f 3265/2644/1976 3263/2642/1974 3276/2649/1979
f 3263/2642/1974 3264/2643/1975 3279/2650/1980
f 3258/2637/1969 3260/2639/1971 3284/2651/643
f 3259/2638/1970 3288/2652/1981 3260/2639/1971
f 3289/2653/1982 3259/2638/1970 3257/2636/209
f 3292/2654/1983 3257/2636/209 3255/2635/1967
f 3294/2655/1984 3255/2632/1967 3253/2630/1965
f 3296/2656/1985 3253/2630/1965 3251/2629/1963
f 3298/2657/1986 3251/2658/1963 3248/2659/1960
f 3300/2660/1987 3248/2661/1960 3250/2662/1962
f 3303/2663/1988 3304/2664/1989 3305/2665/1990
f 3304/2664/1989 3303/2663/1988 3306/2666/1991
f 3304/2664/1989 3306/2666/1991 3307/2667/1992
f 3307/2668/1992 3306/2669/1991 3308/2670/1993
f 3307/2668/1992 3308/2670/1993 3309/2671/1994
f 3309/2671/1994 3308/2670/1993 3310/2672/1995
f 3309/2671/1994 3310/2672/1995 3311/2673/1996
f 3311/2674/1996 3310/2675/1995 3312/2676/1997
f 3303/2663/1988 3305/2665/1990 3313/2677/1998
f 3303/2678/1988 3313/2679/1998 3314/2680/1999
f 3306/2681/1991 3303/2678/1988 3315/2682/2000
f 3303/2678/1988 3314/2680/1999 3315/2682/2000
f 3310/2672/1995 3308/2670/1993 3316/2683/2001
f 3310/2684/1995 3316/2685/2001 3317/2686/2002
f 3313/2687/1998 3305/2688/1990 3320/2689/2003
f 3305/2665/1990 3304/2664/1989 3325/2690/2004
f 3304/2664/1989 3307/2667/1992 3327/2691/2005
f 3307/2668/1992 3309/2671/1994 3329/2692/2006
f 3309/2671/1994 3311/2673/1996 3331/2693/2007
f 3338/2694/2008 3317/2686/2002 3316/2685/2001
f 3343/2695/2009 3315/2682/2000 3314/2680/1999
f 3346/2696/2010 3347/2697/2011 3348/2698/2012
f 3346/2696/2010 3348/2698/2012 3349/2699/2013
f 3347/2697/2011 3346/2696/2010 3350/2700/2014
f 3347/2701/2011 3350/2702/2014 3351/2703/2015
f 3347/2701/2011 3351/2703/2015 3352/2704/2016
f 3352/2704/2016 3351/2703/2015 3353/2705/2017
f 3352/2704/2016 3353/2705/2017 3354/2706/2018
f 3352/2704/2016 3354/2706/2018 3355/2707/2019
f 3355/2707/2019 3354/2706/2018 3356/2708/2020
f 3355/2707/2019 3356/2708/2020 3357/2709/2021
f 3357/2710/2021 3356/2711/2020 3358/2712/2022
f 3357/2710/2021 3358/2712/2022 3359/2713/2023
f 3349/2699/2013 3348/2698/2012 3360/2714/2024
f 3359/2713/2023 3361/2715/2025 3362/2716/2026
f 3349/2699/2013 3360/2714/2024 3363/2717/2027
f 3349/2699/2013 3363/2717/2027 3364/2718/2028
f 3361/2715/2025 3359/2713/2023 3365/2719/2029
f 3359/2713/2023 3358/2712/2022 3366/2720/2030
f 3365/2719/2029 3359/2713/2023 3366/2720/2030
f 3348/2698/2012 3347/2697/2011 3367/2721/2031
f 3367/2721/2031 3347/2697/2011 3368/2722/2032
f 3346/2696/2010 3349/2699/2013 3369/2723/2033
f 3369/2723/2033 3349/2699/2013 3370/2724/2034
f 3359/2713/2023 3362/2716/2026 3371/2725/2035
f 3359/2713/2023 3371/2725/2035 3372/2726/2036
f 3371/2725/2035 3362/2716/2026 3373/2727/1193
f 3352/2704/2016 3355/2707/2019 3374/2728/2037
f 3352/2704/2016 3374/2728/2037 3375/2729/2038
f 3352/2730/2016 3375/2731/2038 3376/2732/2039
f 3354/2706/2018 3353/2705/2017 3377/2733/2040
f 3356/2708/2020 3354/2706/2018 3378/2734/2041
f 3354/2706/2018 3377/2733/2040 3378/2734/2041
f 3356/2735/2020 3378/2736/2041 3379/2737/2042
f 3363/2717/2027 3360/2714/2024 3380/2738/2043
f 3363/2717/2027 3380/2738/2043 3381/2739/2044
f 3380/2738/2043 3360/2714/2024 3382/2740/2045
f 3383/2741/2046 3369/2723/2033 3370/2724/2034
f 3381/2739/2044 3380/2738/2043 3393/2742/2047
f 3380/2738/2043 3382/2740/2045 3396/2743/2048
f 3367/2744/2031 3368/2745/2032 3402/2746/2049
f 3376/2747/2039 3375/2748/2038 3407/2749/2050
f 3375/2750/2038 3374/2751/2037 3410/2752/2051
f 3372/2726/2036 3371/2725/2035 3416/2753/2052
f 3371/2725/2035 3373/2727/1193 3418/2754/2053
f 3423/2755/2054 3379/2737/2042 3378/2736/2041
f 3426/2756/2055 3378/2734/2041 3377/2733/2040
f 3430/2757/2056 3351/2703/2015 3350/2702/2014
f 3433/2758/2057 3434/2759/1137 3435/2760/2058
f 3434/2759/1137 3433/2758/2057 3436/2761/2059
f 3434/2759/1137 3436/2761/2059 3437/2762/1139
f 3437/2763/1139 3436/2764/2059 3438/2765/1273
f 3437/2763/1139 3438/2765/1273 3439/2766/2060
f 3439/2766/2060 3438/2765/1273 3440/2767/2061
f 3439/2766/2060 3440/2767/2061 3441/2768/2062
f 3441/2768/2062 3440/2767/2061 3442/2769/2063
f 3441/2768/2062 3442/2769/2063 3443/2770/2064
f 3443/2770/2064 3442/2769/2063 3444/2771/2065
f 3443/2770/2064 3444/2771/2065 3445/2772/2066
f 3445/2773/2066 3444/2774/2065 3446/2775/2067
f 3445/2773/2066 3446/2775/2067 3447/2776/2068
f 3447/2776/2068 3446/2775/2067 3448/2777/2069
f 3435/2778/2058 3434/2779/1137 3451/2780/2070
f 3434/2759/1137 3437/2762/1139 3454/2781/1495
f 3437/2763/1139 3439/2766/2060 3456/2782/2071
f 3439/2766/2060 3441/2768/2062 3458/2783/2072
f 3441/2768/2062 3443/2770/2064 3460/2784/2073
f 3443/2770/2064 3445/2772/2066 3462/2785/2074
f 3445/2773/2066 3447/2776/2068 3464/2786/2075
f 3468/2787/2076 3448/2777/2069 3446/2775/2067
f 3472/2788/2077 3444/2771/2065 3442/2769/2063
f 3474/2789/2078 3442/2769/2063 3440/2767/2061
f 3476/2790/2079 3440/2767/2061 3438/2765/1273
f 3478/2791/2080 3438/2792/1273 3436/2793/2059
f 3480/2794/2081 3436/2761/2059 3433/2758/2057
f 3482/2795/2082 3433/2758/2057 3435/2760/2058
f 3483/2796/2083 3433/2797/2084 3484/2798/2085
f 3486/2799/2086 3487/2800/2087 3488/2801/2088
f 3486/2799/2086 3488/2801/2088 3489/2802/2089
f 3487/2800/2087 3486/2799/2086 3490/2803/2090
f 3489/2804/2089 3488/2805/2088 3491/2806/2091
f 3489/2804/2089 3491/2806/2091 3492/2807/2092
f 3492/2807/2092 3491/2806/2091 3493/2808/2093
f 3492/2807/2092 3493/2808/2093 3494/2809/2094
f 3492/2807/2092 3494/2809/2094 3495/2810/2095
f 3492/2807/2092 3495/2810/2095 3496/2811/2096
f 3496/2811/2096 3495/2810/2095 3497/2812/2097
f 3496/2811/2096 3497/2812/2097 3498/2813/2098
f 3498/2814/2098 3497/2815/2097 3499/2816/2099
f 3498/2814/2098 3499/2816/2099 3500/2817/2100
f 3489/2804/2089 3492/2807/2092 3501/2818/2101
f 3501/2818/2101 3492/2807/2092 3502/2819/2102
f 3502/2819/2102 3492/2807/2092 3503/2820/2103
f 3490/2803/2090 3486/2799/2086 3504/2821/2104
f 3505/2822/2105 3501/2823/2101 3502/2824/2102
f 3508/2825/2106 3502/2826/2102 3503/2827/2103
f 3512/2828/2107 3496/2811/2096 3498/2813/2098
f 3514/2829/2108 3498/2814/2098 3500/2817/2100
f 3500/2817/2100 3499/2816/2099 3516/2830/644
f 3499/2816/2099 3497/2815/2097 3522/2831/2109
f 3497/2812/2097 3495/2810/2095 3524/2832/2110
f 3495/2833/2095 3494/2834/2094 3526/2835/2111
f 3494/2809/2094 3493/2808/2093 3528/2836/2112
f 3493/2808/2093 3491/2806/2091 3530/2837/2113
f 3491/2806/2091 3488/2805/2088 3532/2838/2114
f 3488/2839/2088 3487/2840/2087 3534/2841/2115
f 3490/2842/2090 3537/2843/2116 3487/2844/2087
f 3504/2845/2104 3540/2846/2117 3490/2847/2090
f 3544/2848/2118 3545/2849/2119 3546/2850/2120
f 3546/2850/2120 3545/2849/2119 3547/2851/2121
f 3544/2848/2118 3546/2850/2120 3548/2852/2122
f 3548/2853/2122 3546/2854/2120 3549/2855/2123
f 3548/2853/2122 3549/2855/2123 3550/2856/194
f 3550/2856/194 3549/2855/2123 3551/2857/2124
f 3550/2856/194 3551/2857/2124 3552/2858/2125
f 3552/2858/2125 3551/2857/2124 3553/2859/2126
f 3552/2858/2125 3553/2859/2126 3554/2860/2127
f 3554/2860/2127 3553/2859/2126 3555/2861/2128
f 3554/2860/2127 3555/2861/2128 3556/2862/2129
f 3556/2862/2129 3555/2861/2128 3557/2863/2130
f 3557/2863/2130 3555/2861/2128 3558/2864/2131
f 3558/2864/2131 3555/2861/2128 3559/2865/2132
f 3546/2850/2120 3547/2851/2121 3560/2866/2133
f 3546/2850/2120 3560/2866/2133 3561/2867/2134
f 3549/2855/2123 3546/2854/2120 3562/2868/2135
f 3546/2854/2120 3561/2869/2134 3562/2868/2135
f 3555/2861/2128 3553/2859/2126 3564/2870/2136
f 3563/2871/2137 3555/2861/2128 3564/2870/2136
f 3555/2861/2128 3563/2871/2137 3565/2872/2138
f 3566/2873/2139 3548/2874/2122 3550/2875/194
f 3568/2876/2140 3550/2877/194 3552/2878/2125
f 3570/2879/2141 3552/2880/2125 3554/2881/2127
f 3572/2882/2142 3554/2860/2127 3556/2862/2129
f 3574/2883/2143 3556/2884/2129 3557/2885/2130
f 3576/2886/2144 3557/2863/2130 3558/2864/2131
f 3578/2887/2145 3558/2888/2131 3559/2889/2132
f 3565/2872/2138 3563/2871/2137 3586/2890/2146
f 3563/2871/2137 3564/2870/2136 3588/2891/2147
f 3562/2868/2135 3561/2869/2134 3594/2892/2148
f 3561/2867/2134 3560/2866/2133 3596/2893/2149
f 3601/2894/2150 3544/2848/2118 3548/2852/2122
f 3603/2895/2151 3604/2896/2152 3605/2897/2153
f 3603/2895/2151 3605/2897/2153 3606/2898/2154
f 3603/2899/2151 3606/2900/2154 3607/2901/2155
f 3603/2899/2151 3607/2901/2155 3608/2902/2156
f 3608/2902/2156 3607/2901/2155 3609/2903/2157
f 3608/2902/2156 3609/2903/2157 3610/2904/2158
f 3608/2902/2156 3610/2904/2158 3611/2905/2159
f 3608/2902/2156 3611/2905/2159 3612/2906/2160
f 3612/2906/2160 3611/2905/2159 3613/2907/2161
f 3612/2906/2160 3613/2907/2161 3614/2908/2162
f 3614/2908/2162 3613/2907/2161 3615/2909/2163
f 3614/2908/2162 3615/2909/2163 3616/2910/2164
f 3616/2910/2164 3615/2909/2163 3617/2911/2165
f 3616/2910/2164 3617/2911/2165 3618/2912/2166
f 3618/2913/2166 3617/2914/2165 3619/2915/2167
f 3618/2913/2166 3619/2915/2167 3620/2916/2168
f 3620/2916/2168 3619/2915/2167 3621/2917/2169
f 3620/2916/2168 3621/2917/2169 3622/2918/2170
f 3604/2896/2152 3603/2895/2151 3623/2919/2171
f 3623/2919/2171 3603/2895/2151 3624/2920/2172
f 3625/2921/2173 3608/2902/2156 3626/2922/2174
f 3608/2902/2156 3612/2906/2160 3627/2923/2175
f 3626/2922/2174 3608/2902/2156 3627/2923/2175
f 3608/2902/2156 3625/2921/2173 3628/2924/2176
f 3616/2910/2164 3618/2912/2166 3629/2925/2177
f 3616/2910/2164 3629/2925/2177 3630/2926/2178
f 3632/2927/2179 3628/2924/2176 3625/2921/2173
f 3635/2928/2180 3625/2921/2173 3626/2922/2174
f 3637/2929/2181 3626/2922/2174 3627/2923/2175
f 3643/2930/2182 3630/2926/2178 3629/2925/2177
f 3648/2931/2183 3620/2916/2168 3622/2918/2170
f 3622/2918/2170 3621/2917/2169 3650/2932/2184
f 3621/2917/2169 3619/2915/2167 3656/2933/2185
f 3619/2915/2167 3617/2914/2165 3658/2934/2186
f 3617/2935/2165 3615/2936/2163 3660/2937/2187
f 3615/2938/2163 3613/2939/2161 3662/2940/2188
f 3613/2941/2161 3611/2942/2159 3664/2943/2189
f 3611/2944/2159 3610/2945/2158 3666/2946/2190
f 3610/2947/2158 3609/2948/2157 3668/2949/2191
f 3609/2950/2157 3607/2951/2155 3670/2952/2192
f 3607/2953/2155 3606/2954/2154 3672/2955/2193
f 3606/2898/2154 3605/2897/2153 3674/2956/2194
f 3623/2919/2171 3678/2957/2195 3604/2896/2152
f 3682/2958/2196 3683/2959/2197 3684/2960/2198
f 3684/2960/2198 3683/2959/2197 3685/2961/2199
f 3682/2958/2196 3684/2960/2198 3686/2962/2200
f 3686/2963/2200 3684/2964/2198 3687/2965/2201
f 3686/2963/2200 3687/2965/2201 3688/2966/2202
f 3688/2966/2202 3687/2965/2201 3689/2967/2203
f 3688/2966/2202 3689/2967/2203 3690/2968/2204
f 3690/2968/2204 3689/2967/2203 3691/2969/2205
f 3690/2968/2204 3691/2969/2205 3692/2970/2206
f 3692/2970/2206 3691/2969/2205 3693/2971/2207
f 3692/2970/2206 3693/2971/2207 3694/2972/2208
f 3694/2972/2208 3693/2971/2207 3695/2973/2209
f 3695/2973/2209 3693/2971/2207 3696/2974/2210
f 3696/2974/2210 3693/2971/2207 3697/2975/2211
f 3684/2960/2198 3685/2961/2199 3698/2976/2212
f 3684/2960/2198 3698/2976/2212 3699/2977/2213
f 3687/2978/2201 3684/2979/2198 3700/2980/2214
f 3684/2979/2198 3699/2981/2213 3700/2980/2214
f 3693/2982/2207 3691/2983/2205 3702/2984/2215
f 3701/2985/2216 3693/2982/2207 3702/2984/2215
f 3693/2982/2207 3701/2985/2216 3703/2986/2217
f 3704/2987/2218 3686/2963/2200 3688/2966/2202
f 3706/2988/2219 3688/2966/2202 3690/2968/2204
f 3708/2989/2220 3690/2968/2204 3692/2970/2206
f 3710/2990/1692 3692/2970/2206 3694/2972/2208
f 3712/2991/2221 3694/2972/2208 3695/2973/2209
f 3714/2992/1879 3695/2993/2209 3696/2994/2210
f 3703/2986/2217 3701/2985/2216 3723/2995/2222
f 3701/2985/2216 3702/2984/2215 3725/2996/2223
f 3700/2980/2214 3699/2981/2213 3731/2997/2224
f 3699/2977/2213 3698/2976/2212 3733/2998/2225
f 3683/2959/2197 3737/2999/2226 3685/2961/2199
f 3739/3000/2227 3682/2958/2196 3686/2962/2200
f 3741/3001/2228 3742/3002/2229 3743/3003/2230
f 3743/3003/2230 3742/3002/2229 3744/3004/2231
f 3741/3001/2228 3743/3003/2230 3745/3005/2232
f 3745/3006/2232 3743/3007/2230 3746/3008/2233
f 3745/3006/2232 3746/3008/2233 3747/3009/2234
f 3747/3009/2234 3746/3008/2233 3748/3010/2235
f 3747/3009/2234 3748/3010/2235 3749/3011/2236
f 3749/3011/2236 3748/3010/2235 3750/3012/2237
f 3749/3011/2236 3750/3012/2237 3751/3013/2238
f 3751/3013/2238 3750/3012/2237 3752/3014/2239
f 3751/3013/2238 3752/3014/2239 3753/3015/2240
f 3753/3015/2240 3752/3014/2239 3754/3016/2241
f 3754/3016/2241 3752/3014/2239 3755/3017/2242
f 3755/3017/2242 3752/3014/2239 3756/3018/2243
f 3743/3003/2230 3744/3004/2231 3757/3019/2244
f 3743/3003/2230 3757/3019/2244 3758/3020/2245
f 3746/3008/2233 3743/3007/2230 3759/3021/2246
f 3743/3007/2230 3758/3022/2245 3759/3021/2246
f 3752/3014/2239 3750/3012/2237 3761/3023/2247
f 3760/3024/2248 3752/3014/2239 3761/3023/2247
f 3752/3014/2239 3760/3024/2248 3762/3025/2249
f 3763/3026/2250 3745/3006/2232 3747/3009/2234
f 3765/3027/2251 3747/3009/2234 3749/3011/2236
f 3767/3028/2252 3749/3011/2236 3751/3013/2238
f 3769/3029/2253 3751/3013/2238 3753/3015/2240
f 3771/3030/2254 3753/3015/2240 3754/3016/2241
f 3773/3031/2255 3754/3016/2241 3755/3017/2242
f 3762/3025/2249 3760/3024/2248 3782/3032/2256
f 3760/3024/2248 3761/3023/2247 3784/3033/2257
f 3759/3034/2246 3758/3035/2245 3790/3036/2258
f 3758/3020/2245 3757/3019/2244 3792/3037/2259
f 3742/3002/2229 3795/3038/2260 3744/3004/2231
f 3797/3039/2261 3741/3001/2228 3745/3005/2232
f 3799/3040/2262 3800/3041/2263 3801/3042/2264
f 3799/3040/2262 3801/3042/2264 3802/3043/2265
f 3799/3040/2262 3802/3043/2265 3803/3044/2266
f 3801/3042/2264 3800/3041/2263 3804/3045/2267
f 3803/3044/2266 3802/3043/2265 3805/3046/2268
f 3805/3046/2268 3802/3043/2265 3810/3047/2269
f 3802/3043/2265 3801/3042/2264 3813/3048/2270
f 3801/3042/2264 3804/3045/2267 3815/3049/2271
f 3819/3050/2272 3800/3051/2263 3799/3052/2262
f 3822/3053/2273 3799/3040/2262 3803/3044/2266
f 3824/3054/2274 3825/3055/2275 3826/3056/2276
f 3824/3054/2274 3826/3056/2276 3827/3057/2277
f 3824/3054/2274 3827/3057/2277 3828/3058/2278
f 3826/3056/2276 3825/3055/2275 3829/3059/2279
f 3828/3058/2278 3827/3057/2277 3830/3060/53
f 3831/3061/2280 3828/3062/2278 3830/3063/53
f 3830/3060/53 3827/3057/2277 3836/3064/605
f 3827/3057/2277 3826/3056/2276 3839/3065/676
f 3826/3056/2276 3829/3059/2279 3841/3066/2281
f 3825/3067/2275 3845/3068/2282 3829/3069/2279
f 3846/3070/2283 3825/3071/2275 3824/3072/2274
f 3849/3073/2284 3824/3074/2274 3828/3075/2278
f 3851/3076/2285 3852/3077/2286 3853/3078/86
f 3851/3076/2285 3853/3078/86 3854/3079/2287
f 3851/3076/2285 3854/3079/2287 3855/3080/2288
f 3853/3078/86 3852/3077/2286 3856/3081/2289
f 3855/3080/2288 3854/3079/2287 3857/3082/2290
f 3858/3083/2291 3855/3084/2288 3857/3085/2290
f 3857/3082/2290 3854/3079/2287 3863/3086/1511
f 3854/3079/2287 3853/3078/86 3866/3087/607
f 3853/3078/86 3856/3081/2289 3868/3088/2292
f 3852/3089/2286 3872/3090/2293 3856/3091/2289
f 3873/3092/2294 3852/3077/2286 3851/3076/2285
f 3876/3093/2295 3851/3076/2285 3855/3080/2288
f 3878/3094/2296 3879/3095/2297 3880/3096/2298
f 3878/3094/2296 3880/3096/2298 3881/3097/2299
f 3881/3097/2299 3880/3096/2298 3882/3098/2300
f 3881/3097/2299 3882/3098/2300 3883/3099/2301
f 3879/3100/2297 3878/3101/2296 3884/3102/2302
f 3879/3100/2297 3884/3102/2302 3885/3103/2303
f 3886/3104/2304 3881/3097/2299 3883/3099/2301
f 3883/3099/2301 3882/3098/2300 3888/3105/2305
f 3882/3098/2300 3880/3096/2298 3894/3106/2306
f 3880/3096/2298 3879/3095/2297 3896/3107/2307
f 3879/3100/2297 3885/3103/2303 3898/3108/2308
f 3884/3102/2302 3902/3109/2309 3885/3103/2303
f 3903/3110/2310 3884/3102/2302 3878/3101/2296
f 3906/3111/2311 3878/3094/2296 3881/3097/2299
f 3908/3112/2312 3909/3113/2313 3910/3114/2314
f 3908/3112/2312 3910/3114/2314 3911/3115/2315
f 3911/3115/2315 3910/3114/2314 3912/3116/2316
f 3911/3115/2315 3912/3116/2316 3913/3117/2317
f 3909/3118/2313 3908/3119/2312 3914/3120/2318
f 3909/3118/2313 3914/3120/2318 3915/3121/2319
f 3911/3115/2315 3913/3117/2317 3916/3122/2320
f 3916/3122/2320 3913/3117/2317 3917/3123/2002
f 3918/3124/2321 3916/3122/2320 3917/3123/2002
f 3912/3116/2316 3910/3114/2314 3927/3125/2322
f 3910/3114/2314 3909/3113/2313 3929/3126/2323
f 3909/3118/2313 3915/3121/2319 3931/3127/2324
f 3914/3128/2318 3935/3129/1733 3915/3130/2319
f 3936/3131/2325 3914/3132/2318 3908/3133/2312
f 3940/3134/2326 3941/3135/2327 3942/3136/2328
f 3940/3134/2326 3942/3136/2328 3943/3137/1822
f 3943/3137/1822 3942/3136/2328 3944/3138/2329
f 3943/3137/1822 3944/3138/2329 3945/3139/2330
f 3941/3140/2327 3940/3141/2326 3946/3142/2331
f 3941/3140/2327 3946/3142/2331 3947/3143/2332
f 3948/3144/2333 3943/3137/1822 3945/3139/2330
f 3944/3138/2329 3942/3136/2328 3955/3145/2334
f 3942/3136/2328 3941/3135/2327 3957/3146/2335
f 3941/3140/2327 3947/3143/2332 3959/3147/2336
f 3946/3148/2331 3963/3149/2337 3947/3150/2332
f 3964/3151/2338 3946/3142/2331 3940/3141/2326
f 3967/3152/2339 3940/3134/2326 3943/3137/1822
f 3969/3153/2340 3970/3154/2341 3971/3155/2342
f 3970/3156/2341 3969/3157/2340 3972/3158/2343
f 3971/3155/2342 3970/3154/2341 3975/3159/2344
f 3972/3158/2343 3979/3160/644 3970/3156/2341
f 3981/3161/2345 3972/3158/2343 3969/3157/2340
f 3984/3162/2346 3969/3163/2340 3971/3164/2342
f 3987/3165/2347 3988/3166/2348 3989/3167/2349
f 3988/3168/2348 3987/3169/2347 3990/3170/2350
f 3989/3171/2349 3988/3172/2348 3993/3173/2351
f 3990/3170/2350 3997/3174/2352 3988/3168/2348
f 3999/3175/2353 3990/3170/2350 3987/3169/2347
f 4004/3176/2354 4005/3177/2355 4006/3178/2356
f 4005/3179/2355 4004/3180/2354 4007/3181/2357
f 4006/3178/2356 4005/3177/2355 4010/3182/2358
f 4015/3183/2359 4007/3181/2357 4004/3180/2354
f 4018/3184/2360 4004/3185/2354 4006/3186/2356
f 4021/3187/2361 4022/3188/2362 4023/3189/2363
f 4021/3187/2361 4023/3189/2363 4024/3190/2364
f 4024/3190/2364 4023/3189/2363 4025/3191/2365
f 4024/3190/2364 4025/3191/2365 4026/3192/2366
f 4026/3192/2366 4025/3191/2365 4027/3193/2367
f 4022/3188/2362 4021/3187/2361 4028/3194/2368
f 4029/3195/1511 4024/3190/2364 4026/3192/2366
f 4031/3196/2369 4026/3197/2366 4027/3198/2367
f 4027/3193/2367 4025/3191/2365 4036/3199/2370
f 4025/3191/2365 4023/3189/2363 4039/3200/2371
f 4023/3189/2363 4022/3188/2362 4041/3201/2372
f 4028/3202/2368 4044/3203/2373 4022/3204/2362
f 4046/3205/1829 4028/3194/2368 4021/3187/2361
f 4049/3206/2374 4021/3187/2361 4024/3190/2364
f 4051/3207/2375 4052/3208/2376 4053/3209/2377
f 4051/3207/2375 4053/3209/2377 4054/3210/2378
f 4054/3210/2378 4053/3209/2377 4055/3211/2379
f 4052/3208/2376 4051/3207/2375 4056/3212/2380
f 4057/3213/2381 4054/3214/2378 4055/3215/2379
f 4055/3211/2379 4053/3209/2377 4062/3216/2382
f 4053/3209/2377 4052/3208/2376 4065/3217/2383
f 4056/3218/2380 4068/3219/2384 4052/3220/2376
f 4070/3221/747 4056/3222/2380 4051/3223/2375
f 4073/3224/599 4051/3207/2375 4054/3210/2378
f 4075/3225/2385 4076/3226/2386 4077/3227/2387
f 4075/3225/2385 4077/3227/2387 4078/3228/2388
f 4078/3228/2388 4077/3227/2387 4079/3229/2389
f 4078/3228/2388 4079/3229/2389 4080/3230/2390
f 4080/3230/2390 4079/3229/2389 4081/3231/2391
f 4076/3226/2386 4075/3225/2385 4082/3232/2392
f 4083/3233/2393 4078/3228/2388 4080/3230/2390
f 4081/3231/2391 4079/3229/2389 4090/3234/2394
f 4079/3229/2389 4077/3227/2387 4092/3235/2395
f 4077/3227/2387 4076/3226/2386 4094/3236/2396
f 4082/3232/2392 4095/3237/2397 4076/3226/2386
f 4099/3238/676 4082/3232/2392 4075/3225/2385
f 4102/3239/2252 4075/3225/2385 4078/3228/2388
f 4104/3240/2398 4105/3241/2399 4106/3242/2400
f 4106/3242/2400 4105/3241/2399 4107/3243/2401
f 4106/3242/2400 4107/3243/2401 4108/3244/2402
f 4104/3240/2398 4116/3245/2403 4105/3241/2399
f 4120/3246/2404 4121/3247/2405 4122/3248/2406
f 4122/3248/2406 4121/3247/2405 4123/3249/2407
f 4122/3248/2406 4123/3249/2407 4124/3250/1733
f 4135/3251/2408 4136/3252/2409 4137/3253/2410
f 4137/3253/2410 4136/3252/2409 4138/3254/2411
f 4137/3253/2410 4138/3254/2411 4139/3255/2412
f 4139/3255/2412 4138/3254/2411 4140/3256/2413
f 4140/3256/2413 4141/3257/2414 4142/3258/2415
f 4139/3255/2412 4140/3256/2413 4143/3259/2416
f 4143/3259/2416 4140/3256/2413 4144/3260/2417
f 4144/3260/2417 4140/3256/2413 4145/3261/2418
f 4145/3261/2418 4140/3256/2413 4146/3262/2419
f 4140/3256/2413 4142/3258/2415 4147/3263/2420
f 4140/3256/2413 4147/3263/2420 4148/3264/2421
f 4140/3256/2413 4148/3264/2421 4149/3265/2422
f 4146/3262/2419 4140/3256/2413 4150/3266/2423
f 4150/3266/2423 4140/3256/2413 4151/3267/2424
f 4140/3256/2413 4149/3265/2422 4152/3268/2425
f 4140/3256/2413 4152/3268/2425 4153/3269/2426
f 4151/3267/2424 4140/3256/2413 4154/3270/2427
f 4154/3270/2427 4140/3256/2413 4155/3271/2428
f 4140/3256/2413 4153/3269/2426 4156/3272/2429
f 4155/3271/2428 4140/3256/2413 4156/3272/2429
f 4138/3254/2411 4136/3252/2409 4157/3273/2430
f 4142/3258/2415 4141/3257/2414 4159/3274/2431
f 4141/3257/2414 4158/3275/2432 4159/3274/2431
f 4159/3274/2431 4158/3275/2432 4160/3276/2433
f 4160/3276/2433 4158/3275/2432 4161/3277/2434
f 4144/3260/2417 4163/3278/2435 4143/3259/2416
f 4145/3261/2418 4165/3279/2436 4144/3260/2417
f 4146/3262/2419 4167/3280/2437 4145/3261/2418
f 4150/3266/2423 4169/3281/2438 4146/3262/2419
f 4154/3270/2427 4172/3282/2439 4151/3267/2424
f 4155/3271/2428 4174/3283/2440 4154/3270/2427
f 4156/3272/2429 4176/3284/2441 4155/3271/2428
f 4152/3268/2425 4179/3285/2442 4153/3269/2426
f 4147/3263/2420 4183/3286/2443 4148/3264/2421
f 4160/3276/2433 4186/3287/2444 4159/3274/2431
f 4161/3277/2434 4188/3288/2445 4160/3276/2433
f 4135/3251/2408 4197/3289/2446 4136/3252/2409
f 4201/3290/2447 4202/3291/2448 4203/3292/2449
f 4201/3290/2447 4203/3292/2449 4204/3293/2450
f 4203/3292/2449 4202/3291/2448 4205/3294/2451
f 4203/3292/2449 4205/3294/2451 4206/3295/2452
f 4206/3295/2452 4205/3294/2451 4207/3296/2453
f 4207/3296/2453 4205/3294/2451 4208/3297/2454
f 4208/3297/2454 4205/3294/2451 4209/3298/2455
f 4201/3290/2447 4222/3299/2221 4202/3291/2448
f 4223/3300/2456 4201/3290/2447 4204/3293/2450
f 4226/3301/2457 4227/3302/2458 4228/3303/2459
f 4228/3303/2459 4227/3302/2458 4229/3304/2460
f 4228/3303/2459 4229/3304/2460 4230/3305/2461
f 4227/3302/2458 4236/3306/2462 4229/3304/2460
f 4226/3307/2457 4239/3308/2463 4227/3309/2458
f 4243/3310/2464 4244/3311/1911 4245/3312/2465
f 4243/3310/2464 4245/3312/2465 4246/3313/1937
f 4246/3313/1937 4245/3312/2465 4247/3314/2466
f 4247/3314/2466 4245/3312/2465 4253/3315/2467
f 4245/3312/2465 4244/3311/1911 4255/3316/2468
f 4243/3310/2464 4257/3317/2469 4244/3311/1911
f 4260/3318/2470 4243/3310/2464 4246/3313/1937
f 4263/3319/2471 4264/3320/2472 4265/3321/2473
f 4263/3319/2471 4265/3321/2473 4266/3322/2474
f 4266/3322/2474 4265/3321/2473 4267/3323/2475
f 4268/3324/2476 4266/3322/2474 4267/3323/2475
f 4267/3323/2475 4265/3321/2473 4273/3325/2477
f 4265/3321/2473 4264/3320/2472 4276/3326/2478
f 4263/3319/2471 4280/3327/712 4264/3320/2472
f 4281/3328/2479 4263/3319/2471 4266/3322/2474
f 4284/3329/2480 4285/3330/2481 4286/3331/2482
f 4285/3330/2481 4284/3329/2480 4287/3332/2483
f 4287/3332/2483 4293/3333/2484 4285/3330/2481
f 4299/3334/2485 4300/3335/2486 4301/3336/2487
f 4299/3334/2485 4301/3336/2487 4302/3337/2488
f 4299/3334/2485 4302/3337/2488 4303/3338/2489
f 4303/3339/2489 4302/3340/2488 4304/3341/2490
f 4303/3339/2489 4304/3341/2490 4305/3342/2491
f 4305/3342/2491 4304/3341/2490 4306/3343/2492
f 4305/3342/2491 4306/3343/2492 4307/3344/2493
f 4305/3342/2491 4307/3344/2493 4308/3345/2494
f 4308/3345/2494 4307/3344/2493 4309/3346/2495
f 4309/3346/2495 4307/3344/2493 4310/3347/2496
f 4312/3348/2497 4308/3345/2494 4309/3346/2495
f 4315/3349/2498 4309/3350/2495 4310/3351/2496
f 4306/3352/2492 4304/3353/2490 4323/3354/2499
f 4304/3341/2490 4302/3340/2488 4325/3355/2500
f 4300/3335/2486 4329/3356/2501 4301/3336/2487
f 4331/3357/2502 4300/3335/2486 4299/3334/2485
f 4334/3358/2503 4299/3334/2485 4303/3338/2489
f 4336/3359/2504 4337/3360/2505 4338/3361/2506
f 4336/3359/2504 4338/3361/2506 4339/3362/2507
f 4336/3359/2504 4339/3362/2507 4340/3363/2508
f 4340/3364/2508 4339/3365/2507 4341/3366/2509
f 4340/3364/2508 4341/3366/2509 4342/3367/2510
f 4342/3367/2510 4341/3366/2509 4343/3368/2511
f 4342/3367/2510 4343/3368/2511 4344/3369/2512
f 4344/3369/2512 4343/3368/2511 4345/3370/2513
f 4344/3369/2512 4345/3370/2513 4346/3371/2514
f 4347/3372/2515 4340/3364/2508 4342/3367/2510
f 4349/3373/2516 4342/3367/2510 4344/3369/2512
f 4351/3374/2517 4344/3369/2512 4346/3371/2514
f 4337/3360/2505 4361/3375/2518 4338/3361/2506
f 4365/3376/735 4337/3360/2505 4336/3359/2504
f 4368/3377/2519 4336/3359/2504 4340/3363/2508
f 4370/3378/1317 4371/3379/2520 4372/3380/2521
f 4370/3378/1317 4372/3380/2521 4373/3381/2522
f 4371/3379/2520 4370/3378/1317 4374/3382/1448
f 4373/3381/2522 4372/3380/2521 4377/3383/2523
f 4371/3379/2520 4381/3384/605 4372/3380/2521
f 4374/3382/1448 4384/3385/2524 4371/3379/2520
f 4385/3386/2525 4374/3387/1448 4370/3388/1317
f 4389/3389/2526 4370/3390/1317 4373/3391/2522
f 4391/3392/2527 4392/3393/2528 4393/3394/2529
f 4391/3392/2527 4393/3394/2529 4394/3395/2530
f 4394/3395/2530 4393/3394/2529 4397/3396/2531
f 4402/3397/2532 4392/3393/2528 4391/3392/2527
f 4407/3398/2533 4408/3399/2534 4409/3400/2535
f 4407/3401/2533 4409/3402/2535 4410/3403/2536
f 4410/3404/2536 4409/3405/2535 4413/3406/2537
f 4408/3407/2534 4417/3408/2538 4409/3409/2535
f 4419/3410/2539 4408/3399/2534 4407/3398/2533
f 4422/3411/2540 4407/3412/2533 4410/3413/2536
f 4425/3414/2541 4426/3415/2542 4427/3416/2543
f 4425/3417/2541 4427/3418/2543 4428/3419/2544
f 4428/3420/2544 4427/3421/2543 4432/3422/2545
f 4436/3423/2546 4426/3415/2542 4425/3414/2541
f 4439/3424/2547 4425/3425/2541 4428/3426/2544
f 4442/3427/2548 4443/3428/2549 4444/3429/2550
f 4442/3430/2548 4444/3431/2550 4445/3432/2551
f 4445/3432/2551 4444/3431/2550 4448/3433/2552
f 4443/3428/2549 4452/3434/2553 4444/3429/2550
f 4454/3435/2554 4443/3428/2549 4442/3427/2548
f 4459/3436/2555 4460/3437/2556 4461/3438/2557
f 4461/3438/2557 4460/3437/2556 4462/3439/2558
f 4462/3439/2558 4460/3437/2556 4463/3440/2559
f 4461/3438/2557 4462/3439/2558 4466/3441/2560
f 4470/3442/2561 4463/3440/2559 4460/3437/2556
f 4473/3443/2562 4460/3437/2556 4459/3436/2555
f 4478/3444/1866 4479/3445/2563 4480/3446/2564
f 4480/3446/2564 4479/3445/2563 4481/3447/2565
f 4481/3447/2565 4479/3445/2563 4482/3448/2566
f 4480/3446/2564 4481/3447/2565 4485/3449/2567
f 4482/3448/2566 4488/3450/2568 4481/3447/2565
f 4490/3451/2569 4482/3448/2566 4479/3445/2563
f 4493/3452/2570 4479/3445/2563 4478/3444/1866
f 4478/3444/1866 4480/3446/2564 4495/3453/2571
f 4499/3454/2572 4500/3455/2573 4501/3456/2574
f 4501/3456/2574 4500/3455/2573 4502/3457/2575
f 4502/3457/2575 4500/3455/2573 4503/3458/2576
f 4501/3456/2574 4502/3457/2575 4506/3459/2577
f 4503/3458/2576 4509/3460/2578 4502/3457/2575
f 4511/3461/2579 4503/3458/2576 4500/3455/2573
f 4514/3462/2580 4500/3455/2573 4499/3454/2572
f 4519/3463/2581 4520/3464/2582 4521/3465/2583
f 4520/3464/2582 4519/3463/2581 4522/3466/2584
f 4520/3464/2582 4522/3466/2584 4523/3467/2585
f 4521/3465/2583 4520/3464/2582 4524/3468/2586
f 4520/3464/2582 4523/3467/2585 4525/3469/2587
f 4524/3468/2586 4520/3464/2582 4525/3469/2587
f 4524/3468/2586 4525/3469/2587 4530/3470/2588
f 4523/3471/2585 4533/3472/2589 4525/3473/2587
f 4522/3474/2584 4536/3475/2590 4523/3476/2585
f 4537/3477/2591 4522/3466/2584 4519/3463/2581
f 4540/3478/2592 4519/3463/2581 4521/3465/2583
f 4543/3479/2593 4544/3480/2594 4545/3481/2595
f 4544/3480/2594 4543/3479/2593 4546/3482/2596
f 4545/3481/2595 4544/3480/2594 4549/3483/2597
f 4554/3484/2598 4546/3482/2596 4543/3479/2593
f 4557/3485/2599 4543/3486/2593 4545/3487/2595
f 4560/3488/2600 4561/3489/2601 4562/3490/2602
f 4561/3489/2601 4560/3488/2600 4563/3491/2603
f 4561/3489/2601 4563/3491/2603 4564/3492/2604
f 4564/3493/2604 4563/3494/2603 4565/3495/2605
f 4564/3493/2604 4565/3495/2605 4566/3496/2606
f 4562/3490/2602 4561/3489/2601 4569/3497/2607
f 4561/3489/2601 4564/3492/2604 4572/3498/2608
f 4564/3493/2604 4566/3496/2606 4574/3499/2609
f 4565/3495/2605 4578/3500/2610 4566/3496/2606
f 4579/3501/2611 4565/3495/2605 4563/3494/2603
f 4582/3502/2612 4563/3491/2603 4560/3488/2600
f 4584/3503/2613 4560/3488/2600 4562/3490/2602
f 4587/3504/2614 4588/3505/2615 4589/3506/2616
f 4587/3504/2614 4589/3506/2616 4590/3507/2617
f 4587/3504/2614 4590/3507/2617 4591/3508/2618
f 4591/3508/2618 4590/3507/2617 4592/3509/2619
f 4591/3508/2618 4592/3509/2619 4593/3510/2620
f 4593/3511/2620 4592/3512/2619 4594/3513/2621
f 4593/3511/2620 4594/3513/2621 4595/3514/2622
f 4596/3515/2184 4591/3516/2618 4593/3517/2620
f 4598/3518/2623 4593/3511/2620 4595/3514/2622
f 4595/3514/2622 4594/3513/2621 4600/3519/2624
f 4594/3513/2621 4592/3512/2619 4606/3520/2625
f 4592/3509/2619 4590/3507/2617 4608/3521/2626
f 4590/3522/2617 4589/3523/2616 4610/3524/1660
f 4614/3525/2627 4588/3505/2615 4587/3504/2614
f 4617/3526/2628 4587/3504/2614 4591/3508/2618
f 4619/3527/2629 4620/3528/2630 4621/3529/2631
f 4619/3527/2629 4621/3529/2631 4622/3530/2632
f 4622/3531/2632 4621/3532/2631 4623/3533/2633
f 4634/3534/2634 4635/3535/2635 4636/3536/2636
f 4634/3534/2634 4636/3536/2636 4637/3537/2637
f 4635/3535/2635 4634/3534/2634 4638/3538/2638
f 4635/3535/2635 4638/3538/2638 4639/3539/2639
f 4637/3537/2637 4636/3536/2636 4640/3540/2640
f 4636/3536/2636 4635/3535/2635 4646/3541/2641
f 4635/3542/2635 4639/3543/2639 4648/3544/2642
f 4638/3545/2638 4652/3546/2643 4639/3547/2639
f 4653/3548/2644 4638/3538/2638 4634/3534/2634
f 4656/3549/2645 4634/3534/2634 4637/3537/2637
f 4658/3550/2646 4659/3551/2647 4660/3552/2648
f 4659/3551/2647 4658/3550/2646 4661/3553/2649
f 4660/3552/2648 4659/3551/2647 4664/3554/2650
f 4669/3555/2651 4661/3553/2649 4658/3550/2646
f 4674/3556/2652 4675/3557/2653 4676/3558/2654
f 4675/3557/2653 4674/3556/2652 4677/3559/2655
f 4676/3558/2654 4675/3557/2653 4680/3560/2656
f 4685/3561/2657 4677/3559/2655 4674/3556/2652
f 4690/3562/2658 4691/3563/2659 4692/3564/2660
f 4691/3563/2659 4690/3562/2658 4693/3565/2661
f 4693/3565/2661 4699/3566/2662 4691/3563/2659
f 4700/3567/2663 4693/3568/2661 4690/3569/2658
f 4690/3562/2658 4692/3564/2660 4704/3570/2664
f 4707/3571/2665 4708/3572/2666 4709/3573/2667
f 4709/3573/2667 4708/3572/2666 4710/3574/2668
f 4708/3572/2666 4707/3571/2665 4711/3575/2669
f 4708/3572/2666 4711/3575/2669 4712/3576/2670
f 4708/3572/2666 4712/3576/2670 4713/3577/2671
f 4713/3577/2671 4712/3576/2670 4714/3578/2672
f 4713/3577/2671 4714/3578/2672 4715/3579/2673
f 4713/3577/2671 4715/3579/2673 4716/3580/2674
f 4716/3581/2674 4715/3582/2673 4717/3583/2675
f 4716/3581/2674 4717/3583/2675 4718/3584/2676
f 4716/3581/2674 4718/3584/2676 4729/3585/2677
f 4717/3586/2675 4733/3587/2678 4718/3588/2676
f 4734/3589/2679 4717/3583/2675 4715/3582/2673
f 4737/3590/2680 4715/3579/2673 4714/3578/2672
f 4739/3591/2681 4714/3578/2672 4712/3576/2670
f 4741/3592/2682 4712/3576/2670 4711/3575/2669
f 4743/3593/2683 4711/3575/2669 4707/3571/2665
f 4707/3571/2665 4709/3573/2667 4746/3594/2684
f 4749/3595/2685 4750/3596/2686 4751/3597/2687
f 4749/3595/2685 4751/3597/2687 4752/3598/2688
f 4751/3597/2687 4750/3596/2686 4753/3599/2689
f 4751/3597/2687 4753/3599/2689 4754/3600/2690
f 4751/3597/2687 4754/3600/2690 4755/3601/2691
f 4755/3601/2691 4754/3600/2690 4756/3602/2692
f 4755/3601/2691 4756/3602/2692 4757/3603/2693
f 4757/3603/2693 4756/3602/2692 4758/3604/2694
f 4757/3603/2693 4758/3604/2694 4759/3605/2695
f 4759/3605/2695 4758/3604/2694 4760/3606/2696
f 4759/3605/2695 4760/3606/2696 4761/3607/2697
f 4761/3608/2697 4760/3609/2696 4762/3610/2698
f 4761/3608/2697 4762/3610/2698 4763/3611/2699
f 4763/3611/2699 4762/3610/2698 4764/3612/2700
f 4768/3613/2701 4755/3601/2691 4757/3603/2693
f 4771/3614/2702 4759/3605/2695 4761/3607/2697
f 4773/3615/2703 4761/3608/2697 4763/3611/2699
f 4762/3616/2698 4760/3617/2696 4781/3618/644
f 4760/3617/2696 4758/3619/2694 4783/3620/2704
f 4749/3595/2685 4791/3621/2705 4750/3596/2686
f 4792/3622/2706 4749/3595/2685 4752/3598/2688
f 4795/3623/2707 4796/3624/2708 4797/3625/2709
f 4795/3623/2707 4797/3625/2709 4798/3626/2710
f 4798/3626/2710 4797/3625/2709 4799/3627/2711
f 4798/3626/2710 4799/3627/2711 4800/3628/2712
f 4800/3628/2712 4799/3627/2711 4801/3629/2713
f 4800/3628/2712 4801/3629/2713 4802/3630/2714
f 4802/3630/2714 4801/3629/2713 4803/3631/2715
f 4802/3630/2714 4803/3631/2715 4804/3632/2716
f 4804/3632/2716 4803/3631/2715 4805/3633/2717
f 4804/3632/2716 4805/3633/2717 4806/3634/2718
f 4806/3635/2718 4805/3636/2717 4807/3637/2719
f 4806/3635/2718 4807/3637/2719 4808/3638/2720
f 4809/3639/2721 4798/3626/2710 4800/3628/2712
f 4811/3640/2722 4800/3628/2712 4802/3630/2714
f 4813/3641/2723 4802/3642/2714 4804/3643/2716
f 4815/3644/2724 4804/3632/2716 4806/3634/2718
f 4817/3645/2725 4806/3635/2718 4808/3638/2720
f 4807/3637/2719 4805/3636/2717 4824/3646/2726
f 4805/3633/2717 4803/3631/2715 4826/3647/2727
f 4803/3631/2715 4801/3629/2713 4828/3648/2728
f 4801/3629/2713 4799/3627/2711 4830/3649/2729
f 4799/3627/2711 4797/3625/2709 4832/3650/2730
f 4797/3625/2709 4796/3624/2708 4834/3651/2731
f 4795/3623/2707 4838/3652/2732 4796/3624/2708
f 4839/3653/2733 4795/3623/2707 4798/3626/2710
f 4842/3654/2734 4843/3655/2735 4844/3656/2736
f 4842/3654/2734 4844/3656/2736 4845/3657/2737
f 4845/3657/2737 4844/3656/2736 4846/3658/2738
f 4855/3659/2739 4842/3660/2734 4845/3661/2737
f 4858/3662/2740 4859/3663/2741 4860/3664/2742
f 4860/3664/2742 4859/3663/2741 4863/3665/2743
f 4858/3662/2740 4868/3666/2744 4859/3663/2741
f 3483/3667/2745 4870/3668/2746 4858/3669/2747
f 4872/3670/2748 4873/3671/2031 4874/3672/2749
f 4872/3670/2748 4874/3672/2749 4875/3673/2750
f 4874/3672/2749 4873/3671/2031 4881/3674/2751
f 4885/3675/2752 4872/3670/2748 4875/3673/2750
f 4888/3676/2753 4889/3677/2754 4890/3678/2755
f 4888/3676/2753 4890/3678/2755 4891/3679/2756
f 4891/3679/2756 4890/3678/2755 4892/3680/2757
f 4892/3680/2757 4890/3678/2755 4893/3681/2758
f 4904/3682/2759 4905/3683/2760 4906/3684/2761
f 4905/3683/2760 4904/3682/2759 4907/3685/2762
f 4905/3683/2760 4907/3685/2762 4908/3686/2763
f 4908/3686/2763 4907/3685/2762 4909/3687/2764
f 4908/3686/2763 4909/3687/2764 4910/3688/2765
f 4910/3688/2765 4909/3687/2764 4911/3689/2766
f 4910/3688/2765 4911/3689/2766 4912/3690/2767
f 4912/3691/2767 4911/3692/2766 4913/3693/2768
f 4912/3691/2767 4913/3693/2768 4914/3694/2769
f 4914/3694/2769 4913/3693/2768 4915/3695/2770
f 4914/3694/2769 4915/3695/2770 4916/3696/2771
f 4916/3696/2771 4915/3695/2770 4917/3697/2772
f 4906/3684/2761 4905/3683/2760 4920/3698/2773
f 4910/3699/2765 4912/3700/2767 4925/3701/2774
f 4912/3691/2767 4914/3694/2769 4927/3702/2775
f 4914/3694/2769 4916/3696/2771 4929/3703/2776
f 4917/3697/2772 4932/3704/2777 4916/3696/2771
f 4934/3705/2778 4917/3697/2772 4915/3695/2770
f 4937/3706/2779 4915/3695/2770 4913/3693/2768
f 4939/3707/2780 4913/3693/2768 4911/3692/2766
f 4941/3708/2781 4911/3689/2766 4909/3687/2764
f 4943/3709/2782 4909/3687/2764 4907/3685/2762
f 4945/3710/2783 4907/3685/2762 4904/3682/2759
f 4947/3711/2784 4904/3712/2759 4906/3713/2761
f 4950/3714/2785 4951/3715/2786 4952/3716/2787
f 4951/3715/2786 4950/3714/2785 4953/3717/2788
f 4951/3715/2786 4953/3717/2788 4954/3718/2789
f 4954/3718/2789 4953/3717/2788 4955/3719/2790
f 4954/3718/2789 4955/3719/2790 4956/3720/2791
f 4956/3720/2791 4955/3719/2790 4957/3721/2792
f 4956/3720/2791 4957/3721/2792 4958/3722/2793
f 4958/3723/2793 4957/3724/2792 4959/3725/2794
f 4958/3723/2793 4959/3725/2794 4960/3726/2795
f 4960/3726/2795 4959/3725/2794 4961/3727/2796
f 4960/3726/2795 4961/3727/2796 4962/3728/2797
f 4962/3728/2797 4961/3727/2796 4963/3729/2798
f 4962/3728/2797 4963/3729/2798 4964/3730/2799
f 4964/3730/2799 4963/3729/2798 4965/3731/2800
f 4964/3730/2799 4965/3731/2800 4966/3732/2801
f 4966/3732/2801 4965/3731/2800 4967/3733/2802
f 4952/3716/2787 4951/3715/2786 4970/3734/2803
f 4954/3718/2789 4956/3720/2791 4974/3735/2804
f 4956/3720/2791 4958/3722/2793 4976/3736/2805
f 4958/3723/2793 4960/3726/2795 4978/3737/2806
f 4962/3728/2797 4964/3730/2799 4981/3738/2807
f 4964/3730/2799 4966/3732/2801 4983/3739/2808
f 4992/3740/644 4959/3741/2794 4957/3742/2792
f 4994/3743/644 4957/3744/2792 4955/3745/2790
f 5000/3746/2809 5001/3747/2810 5002/3748/2811
f 5001/3747/2810 5000/3746/2809 5003/3749/2812
f 5001/3747/2810 5003/3749/2812 5004/3750/2813
f 5004/3750/2813 5003/3749/2812 5005/3751/2814
f 5004/3750/2813 5005/3751/2814 5006/3752/2815
f 5006/3752/2815 5005/3751/2814 5007/3753/2816
f 5006/3752/2815 5007/3753/2816 5008/3754/2817
f 5008/3755/2817 5007/3756/2816 5009/3757/2818
f 5008/3755/2817 5009/3757/2818 5010/3758/2819
f 5010/3758/2819 5009/3757/2818 5011/3759/2820
f 5010/3758/2819 5011/3759/2820 5012/3760/2821
f 5012/3760/2821 5011/3759/2820 5013/3761/2822
f 5012/3760/2821 5013/3761/2822 5014/3762/2823
f 5014/3762/2823 5013/3761/2822 5015/3763/1021
f 5014/3762/2823 5015/3763/1021 5016/3764/2824
f 5016/3764/2824 5015/3763/1021 5017/3765/2825
f 5002/3766/2811 5001/3767/2810 5020/3768/2826
f 5001/3747/2810 5004/3750/2813 5023/3769/2827
f 5004/3770/2813 5006/3771/2815 5025/3772/2828
f 5010/3758/2819 5012/3760/2821 5029/3773/2829
f 5012/3760/2821 5014/3762/2823 5031/3774/2830
f 5014/3762/2823 5016/3764/2824 5033/3775/2831
f 5017/3776/2825 5036/3777/2832 5016/3778/2824
f 5038/3779/2833 5017/3765/2825 5015/3763/1021
f 5041/3780/2834 5015/3763/1021 5013/3761/2822
f 5043/3781/2835 5013/3761/2822 5011/3759/2820
f 5045/3782/2836 5011/3759/2820 5009/3757/2818
f 5047/3783/2837 5009/3757/2818 5007/3756/2816
f 5049/3784/2838 5007/3753/2816 5005/3751/2814
f 5051/3785/2839 5005/3751/2814 5003/3749/2812
f 5053/3786/2840 5003/3749/2812 5000/3746/2809
f 5057/3787/2841 5058/3788/2842 5059/3789/2843
f 5058/3788/2842 5057/3787/2841 5060/3790/2844
f 5058/3788/2842 5060/3790/2844 5061/3791/2845
f 5061/3791/2845 5060/3790/2844 5062/3792/2846
f 5061/3791/2845 5062/3792/2846 5063/3793/2847
f 5063/3793/2847 5062/3792/2846 5064/3794/2848
f 5063/3793/2847 5064/3794/2848 5065/3795/2849
f 5065/3796/2849 5064/3797/2848 5066/3798/2850
f 5065/3796/2849 5066/3798/2850 5067/3799/2851
f 5067/3799/2851 5066/3798/2850 5068/3800/2852
f 5067/3799/2851 5068/3800/2852 5069/3801/2853
f 5069/3801/2853 5068/3800/2852 5070/3802/2854
f 5069/3801/2853 5070/3802/2854 5071/3803/2855
f 5071/3803/2855 5070/3802/2854 5072/3804/2856
f 5071/3803/2855 5072/3804/2856 5073/3805/2857
f 5073/3805/2857 5072/3804/2856 5074/3806/2858
f 5059/3789/2843 5058/3788/2842 5077/3807/2859
f 5065/3796/2849 5067/3799/2851 5083/3808/2860
f 5067/3809/2851 5069/3810/2853 5085/3811/2861
f 5069/3801/2853 5071/3803/2855 5087/3812/2862
f 5071/3803/2855 5073/3805/2857 5089/3813/2863
f 5074/3806/2858 5092/3814/2864 5073/3805/2857
f 5094/3815/2865 5074/3806/2858 5072/3804/2856
f 5097/3816/2866 5072/3804/2856 5070/3802/2854
f 5099/3817/2867 5070/3802/2854 5068/3800/2852
f 5101/3818/2868 5068/3800/2852 5066/3798/2850
f 5103/3819/1505 5066/3798/2850 5064/3797/2848
f 5105/3820/2869 5064/3794/2848 5062/3792/2846
f 5107/3821/2870 5062/3792/2846 5060/3790/2844
f 5109/3822/2871 5060/3790/2844 5057/3787/2841
f 5113/3823/2872 5114/3824/2873 5115/3825/2874
f 5114/3824/2873 5113/3823/2872 5116/3826/2875
f 5114/3824/2873 5116/3826/2875 5117/3827/2876
f 5117/3827/2876 5116/3826/2875 5118/3828/2877
f 5117/3827/2876 5118/3828/2877 5119/3829/2878
f 5119/3829/2878 5118/3828/2877 5120/3830/2879
f 5119/3831/2878 5120/3832/2879 5121/3833/2880
f 5121/3834/2880 5120/3835/2879 5122/3836/2881
f 5121/3834/2880 5122/3836/2881 5123/3837/2882
f 5123/3837/2882 5122/3836/2881 5124/3838/2883
f 5123/3837/2882 5124/3838/2883 5125/3839/2884
f 5125/3839/2884 5124/3838/2883 5126/3840/2885
f 5115/3825/2874 5114/3824/2873 5129/3841/2886
f 5114/3824/2873 5117/3827/2876 5132/3842/2887
f 5117/3827/2876 5119/3829/2878 5134/3843/2888
f 5119/3831/2878 5121/3833/2880 5136/3844/2889
f 5121/3834/2880 5123/3837/2882 5138/3845/2890
f 5123/3837/2882 5125/3839/2884 5140/3846/2891
f 5144/3847/2892 5126/3840/2885 5124/3838/2883
f 5147/3848/2893 5124/3838/2883 5122/3836/2881
f 5150/3849/2894 5120/3830/2879 5118/3828/2877
f 5152/3850/2895 5118/3828/2877 5116/3826/2875
f 5154/3851/2896 5116/3826/2875 5113/3823/2872
f 5156/3852/2897 5113/3823/2872 5115/3825/2874
f 5159/3853/2898 5160/3854/2899 5161/3855/2900
f 5160/3854/2899 5159/3853/2898 5162/3856/2901
f 5161/3855/2900 5160/3854/2899 5165/3857/2902
f 5170/3858/2903 5162/3859/2901 5159/3860/2898
f 5173/3861/2904 5159/3853/2898 5161/3855/2900
f 5176/3862/2905 5177/3863/2906 5178/3864/2907
f 5178/3864/2907 5177/3863/2906 5179/3865/2908
f 5176/3862/2905 5185/3866/2909 5177/3863/2906
f 5189/3867/2910 5190/3868/2911 5191/3869/2912
f 5191/3869/2912 5190/3868/2911 5194/3870/2913
f 5189/3871/2910 5199/3872/2914 5190/3873/2911
f 5200/3874/2915 5189/3867/2910 5191/3869/2912
f 5204/3875/2916 5205/3876/2917 5206/3877/2918
f 5205/3876/2917 5210/3878/2919 5206/3877/2918
f 5212/3879/2920 5205/3876/2917 5204/3875/2916
f 5204/3880/2916 5206/3881/2918 5215/3882/2921
f 5219/3883/2922 5220/3884/2923 5221/3885/2924
f 5226/3886/2925 5220/3884/2923 5219/3883/2922
f 5232/3887/2926 5233/3888/2927 5234/3889/2928
f 5233/3888/2927 5238/3890/2929 5234/3889/2928
f 5240/3891/2930 5233/3888/2927 5232/3887/2926
f 5232/3892/2926 5234/3893/2928 5243/3894/2931
f 5247/3895/2932 5248/3896/1466 5249/3897/2933
f 5247/3895/2932 5249/3897/2933 5250/3898/2934
f 5247/3895/2932 5250/3898/2934 5251/3899/2935
f 5251/3899/2935 5250/3898/2934 5252/3900/2936
f 5251/3899/2935 5252/3900/2936 5253/3901/2937
f 5253/3901/2937 5252/3900/2936 5254/3902/2938
f 5253/3901/2937 5254/3902/2938 5255/3903/2939
f 5255/3904/2939 5254/3905/2938 5256/3906/2940
f 5255/3904/2939 5256/3906/2940 5257/3907/2941
f 5257/3908/2941 5256/3909/2940 5258/3910/2942
f 5259/3911/2943 5251/3899/2935 5253/3901/2937
f 5261/3912/578 5253/3901/2937 5255/3903/2939
f 5263/3913/2944 5255/3914/2939 5257/3915/2941
f 5265/3916/644 5257/3908/2941 5258/3910/2942
f 5258/3910/2942 5256/3909/2940 5270/3917/2945
f 5256/3906/2940 5254/3905/2938 5273/3918/2946
f 5252/3900/2936 5250/3898/2934 5276/3919/2947
f 5250/3898/2934 5249/3897/2933 5278/3920/2948
f 5282/3921/2706 5248/3896/1466 5247/3895/2932
f 5285/3922/2221 5247/3895/2932 5251/3899/2935
f 5287/3923/2949 5288/3924/2950 5289/3925/2951
f 5287/3923/2949 5289/3925/2951 5290/3926/2952
f 5290/3926/2952 5289/3925/2951 5291/3927/2953
f 5292/3928/2954 5290/3929/2952 5291/3930/2953
f 5291/3927/2953 5289/3925/2951 5297/3931/2955
f 5289/3925/2951 5288/3924/2950 5300/3932/2956
f 5287/3923/2949 5304/3933/2957 5288/3924/2950
f 5305/3934/2958 5287/3923/2949 5290/3926/2952
f 5308/3935/2959 5309/3936/2960 5310/3937/2961
f 5308/3935/2959 5310/3937/2961 5311/3938/2962
f 5308/3935/2959 5311/3938/2962 5312/3939/2963
f 5312/3939/2963 5311/3938/2962 5313/3940/2964
f 5312/3939/2963 5313/3940/2964 5314/3941/2965
f 5314/3942/2965 5313/3943/2964 5315/3944/2966
f 5314/3942/2965 5315/3944/2966 5316/3945/2967
f 5316/3945/2967 5315/3944/2966 5317/3946/2968
f 5316/3945/2967 5317/3946/2968 5318/3947/2969
f 5319/3948/2970 5312/3939/2963 5314/3941/2965
f 5321/3949/2971 5314/3942/2965 5316/3945/2967
f 5318/3947/2969 5317/3946/2968 5324/3950/2972
f 5317/3946/2968 5315/3944/2966 5330/3951/2973
f 5313/3940/2964 5311/3938/2962 5333/3952/2974
f 5311/3938/2962 5310/3937/2961 5335/3953/2975
f 5309/3954/2960 5338/3955/2976 5310/3956/2961
f 5340/3957/2977 5309/3936/2960 5308/3935/2959
f 5343/3958/2978 5308/3935/2959 5312/3939/2963
l 5288 5301
l 1405 2652
l 1642 2340
l 5252 5275
l 1351 2708
l 3990 4000
l 5288 5302
l 5288 5303
l 5309 5339
l 5309 5341
l 2769 2774
l 2769 2775
l 5309 5342
l 2855 2860
l 4123 4127
l 4123 4128
l 4123 4129
l 3697 3718
l 2855 2861
l 4155 4175
l 4209 4218
l 16 539
l 4024 4030
l 32 552
l 1831 2223
l 313 563
l 324 564
l 4302 4326
l 235 622
l 1695 2007
l 1695 2008
l 250 638
l 3056 3105
l 5317 5328
l 5317 5329
l 3043 3123
l 452 669
l 4410 4412
l 1918 2031
l 484 696
l 1854 2050
l 1854 2051
l 3144 3189
l 1839 2062
l 1593 2078
l 1886 2083
l 1886 2084
l 4893 4896
l 3173 3227
l 1809 2103
l 1966 2119
l 1966 2120
l 1966 2121
l 374 790
l 516 801
l 3260 3287
l 191 835
l 3312 3334
l 3312 3335
l 1780 2176
l 162 843
l 4229 4233
l 4229 4234
l 4229 4235
l 177 857
l 5013 5044
l 297 870
l 468 886
l 5160 5167
l 2745 2764
l 3376 3405
l 3376 3406
l 1650 2230
l 1650 2231
l 1650 2232
l 1823 2249
l 1823 2250
l 1823 2251
l 4709 4720
l 4709 4721
l 3260 3285
l 3260 3286
l 3446 3471
l 3487 3536
l 1542 2304
l 3501 3506
l 500 987
l 436 1007
l 436 1008
l 119 1019
l 90 1031
l 3550 3569
l 4795 4840
l 4795 4841
l 105 1045
l 1765 2374
l 4858 4869
l 4858 4871
l 1757 2382
l 1502 2409
l 4445 4446
l 4445 4447
l 1488 2424
l 4917 4933
l 4917 4935
l 4917 4936
l 3609 3669
l 1724 2458
l 1724 2459
l 1724 2460
l 420 1142
l 420 1143
l 4959 4993
l 4909 4944
l 3599 3744
l 61 1193
l 1847 2170
l 4762 4780
l 1463 2525
l 46 1207
l 3990 3998
l 5005 5052
l 3990 4001
l 3152 3235
l 5058 5079
l 1634 2332
l 1226 1267
l 5074 5093
l 5074 5095
l 5074 5096
l 1242 1283
l 3827 3838
l 1794 2584
l 1794 2585
l 5126 5143
l 5126 5145
l 5126 5146
l 1679 2605
l 3881 3887
l 1665 2621
l 4676 4679
l 3915 3932
l 3915 3933
l 3943 3949
l 1950 2689
l 1950 2690
l 1934 2697
l 3312 3336
l 2727 2735
l 2727 2736
l 2745 2765
l 3802 3812
l 4078 4084
l 4545 4550
l 4209 4217
l 2814 2818
l 2814 2819
l 4209 4219
l 3487 3535
l 4343 4358
l 4147 4184
l 4593 4599
l 2898 2903
l 2898 2904
l 4201 4225
l 2932 2942
l 2932 2943
l 4893 4898
l 8 531
l 4893 4897
l 2984 3015
l 2984 3016
l 4310 4320
l 1703 1990
l 1703 1991
l 1870 2217
l 243 630
l 1870 2218
l 258 646
l 3064 3110
l 3064 3112
l 3064 3113
l 1657 2628
l 4310 4319
l 460 685
l 1910 2038
l 1926 2047
l 1926 2048
l 1926 2049
l 4445 4449
l 1585 2071
l 1359 2701
l 3623 3679
l 3035 3081
l 1894 2126
l 1894 2127
l 1958 2137
l 1958 2138
l 1958 2139
l 4566 4575
l 4566 4576
l 4566 4577
l 213 813
l 198 827
l 3304 3326
l 169 851
l 4636 4644
l 4636 4645
l 4716 4728
l 366 881
l 476 894
l 3368 3403
l 3368 3404
l 4676 4681
l 1732 2240
l 3697 3719
l 3915 3934
l 2976 3024
l 3438 3479
l 1534 2310
l 4754 4786
l 3564 3589
l 142 997
l 3564 3590
l 3494 3527
l 127 1011
l 1495 2417
l 82 1023
l 4803 4827
l 97 1038
l 4410 4411
l 3557 3577
l 1773 2368
l 428 1048
l 428 1049
l 3501 3507
l 273 1055
l 289 1061
l 4873 4882
l 4873 4883
l 4873 4884
l 492 1081
l 524 1088
l 524 1089
l 524 1090
l 4410 4414
l 1862 2432
l 4545 4547
l 3615 3661
l 4545 4548
l 444 1133
l 444 1134
l 444 1135
l 4951 4972
l 305 1153
l 4967 4986
l 4967 4987
l 1601 2492
l 3697 3720
l 4310 4318
l 508 1177
l 1614 2508
l 4967 4988
l 54 1199
l 1831 2224
l 1455 2532
l 3756 3777
l 3756 3778
l 3756 3779
l 1218 1259
l 4201 4224
l 1687 2561
l 1234 1275
l 3376 3408
l 5066 5104
l 1250 1291
l 1250 1292
l 1942 2589
l 1942 2590
l 3854 3865
l 5118 5153
l 4676 4678
l 1673 2613
l 5160 5168
l 5310 5336
l 2770 2778
l 5289 5299
l 4104 4117
l 4104 4118
l 4104 4119
l 3447 3466
l 2925 2965
l 2856 2870
l 2856 2871
l 1406 2636
l 1352 2660
l 3908 3939
l 1368 2671
l 1879 2686
l 1879 2687
l 3969 3985
l 3757 3794
l 1696 2009
l 1696 2010
l 1696 2011
l 4370 4390
l 4391 4405
l 4391 4406
l 453 671
l 485 694
l 485 695
l 3565 3585
l 1840 2064
l 251 718
l 3161 3205
l 4459 4476
l 4459 4477
l 236 732
l 1887 2085
l 1887 2086
l 4478 4496
l 4478 4498
l 3174 3228
l 3174 3229
l 206 756
l 4499 4516
l 4499 4517
l 4499 4518
l 3502 3509
l 4243 4261
l 4243 4262
l 4263 4282
l 4677 4686
l 4263 4283
l 4284 4297
l 33 584
l 2815 2828
l 17 600
l 3057 3068
l 3057 3069
l 4344 4352
l 3028 3075
l 3803 3807
l 178 902
l 1725 2233
l 1725 2234
l 437 909
l 437 910
l 1824 2243
l 163 916
l 3377 3428
l 3377 3429
l 120 928
l 4710 4722
l 4710 4723
l 4710 4724
l 135 944
l 4952 4969
l 3447 3465
l 1740 2277
l 2815 2827
l 375 976
l 4763 4775
l 4156 4177
l 501 989
l 3488 3533
l 4796 4836
l 1766 2355
l 4796 4835
l 4796 4837
l 4284 4298
l 421 771
l 421 772
l 1967 2115
l 1967 2116
l 3261 3269
l 3261 3270
l 4135 4198
l 5253 5262
l 517 803
l 1951 2692
l 1781 2160
l 4594 4604
l 4594 4605
l 1620 2183
l 3305 3324
l 1594 2195
l 1824 2245
l 469 888
l 1608 2513
l 5310 5337
l 3751 3770
l 4303 4311
l 4763 4776
l 5059 5075
l 5059 5076
l 5059 5078
l 1871 2562
l 1871 2563
l 3828 3832
l 3828 3833
l 1666 2578
l 1243 1300
l 1935 2695
l 1227 1316
l 2899 2913
l 2899 2914
l 3882 3892
l 4717 4735
l 3565 3584
l 3551 3591
l 4859 4866
l 4859 4867
l 1635 2388
l 5006 5026
l 1863 2431
l 91 1103
l 4051 4074
l 47 1119
l 3624 3681
l 4960 4979
l 3692 3711
l 2728 2732
l 1464 2488
l 2746 2761
l 5318 5326
l 4079 4091
l 4519 4541
l 4519 4542
l 3624 3680
l 4148 4182
l 4135 4200
l 1704 1993
l 3855 3859
l 3882 3893
l 3916 3919
l 3916 3920
l 5161 5164
l 4637 4642
l 1360 2667
l 3944 3953
l 3944 3954
l 4135 4199
l 1951 2691
l 1951 2693
l 1935 2694
l 4459 4475
l 4004 4019
l 4004 4020
l 2728 2733
l 4025 4038
l 5318 5325
l 5318 5327
l 4336 4369
l 3051 3097
l 4874 4879
l 3036 3128
l 3065 3133
l 3065 3134
l 461 687
l 461 688
l 415 689
l 1927 2040
l 1927 2041
l 4425 4440
l 4425 4441
l 3544 3602
l 3350 3432
l 3044 3089
l 4717 4736
l 3153 3197
l 3166 3213
l 3166 3214
l 228 740
l 199 748
l 3969 3986
l 4859 4865
l 214 764
l 4202 4220
l 4202 4221
l 2933 2948
l 4478 4497
l 429 556
l 429 557
l 40 559
l 2985 3010
l 2985 3011
l 2985 3012
l 1340 1976
l 25 592
l 1382 1981
l 1382 1982
l 1382 1983
l 9 608
l 1704 1992
l 1704 1994
l 525 901
l 4677 4687
l 155 924
l 128 936
l 3439 3457
l 1747 2269
l 143 952
l 1733 2284
l 1535 2289
l 4755 4769
l 1511 2322
l 4804 4816
l 1503 2314
l 1895 2357
l 1895 2358
l 4910 4924
l 4546 4553
l 4546 4555
l 4546 4556
l 3253 3297
l 1788 2154
l 4677 4684
l 3305 3323
l 1848 2165
l 1848 2166
l 445 853
l 445 854
l 445 855
l 4874 4880
l 1543 2296
l 4637 4641
l 4637 4643
l 1586 2202
l 5067 5084
l 3369 3384
l 3369 3385
l 367 883
l 477 895
l 525 899
l 525 900
l 3698 3734
l 3698 3735
l 3757 3793
l 3803 3806
l 1658 2570
l 1943 2586
l 1943 2587
l 1235 1308
l 5119 5135
l 3313 3321
l 3855 3860
l 2770 2777
l 3313 3322
l 1219 1324
l 1967 2113
l 5161 5163
l 5161 5166
l 1824 2244
l 1959 2400
l 1959 2401
l 493 1083
l 1375 2679
l 5014 5032
l 98 1097
l 1863 2428
l 1863 2429
l 83 1111
l 55 1127
l 70 1140
l 4952 4968
l 1717 2470
l 4952 4971
l 1456 2480
l 2746 2762
l 509 1179
l 4244 4259
l 18 541
l 4264 4278
l 4264 4279
l 4285 4291
l 4285 4292
l 4304 4324
l 3029 3072
l 3029 3073
l 4345 4356
l 237 624
l 4560 4585
l 252 640
l 4371 4382
l 4371 4383
l 1697 2019
l 470 655
l 3045 3121
l 4392 4403
l 4392 4404
l 454 673
l 1920 2029
l 1920 2030
l 3058 3137
l 486 697
l 486 698
l 486 699
l 3146 3191
l 1841 2066
l 4460 4474
l 4080 4086
l 1595 2080
l 3175 3220
l 3175 3222
l 3175 3223
l 4500 4515
l 5162 5172
l 1407 2650
l 3503 3510
l 3503 3511
l 1697 2020
l 3970 3978
l 1353 2707
l 5290 5294
l 5120 5151
l 5311 5334
l 4052 4066
l 4052 4067
l 4244 4256
l 2771 2779
l 2771 2780
l 2791 2810
l 4244 4258
l 2816 2823
l 2816 2824
l 2857 2865
l 2857 2867
l 4157 4193
l 2874 2894
l 2874 2895
l 107 1046
l 1888 2369
l 1888 2370
l 1767 2372
l 4860 4862
l 4860 4864
l 4264 4277
l 3625 3636
l 3970 3977
l 1490 2423
l 4638 4655
l 1856 2438
l 3610 3667
l 1968 2450
l 4860 4861
l 3917 3922
l 3917 3923
l 77 1147
l 5290 5293
l 4797 4833
l 4961 4991
l 2857 2866
l 63 1191
l 4718 4730
l 1465 2523
l 48 1205
l 4026 4033
l 1228 1269
l 1872 2565
l 1872 2566
l 1872 2567
l 1244 1285
l 5060 5110
l 4875 4876
l 3829 3842
l 3829 3843
l 3829 3844
l 1936 2595
l 4638 4654
l 1212 1329
l 1212 1330
l 3883 3889
l 1667 2619
l 3883 3891
l 422 769
l 422 770
l 267 776
l 3945 3951
l 3262 3272
l 3262 3273
l 1896 2360
l 518 805
l 518 806
l 518 807
l 4560 4586
l 3314 3318
l 3314 3319
l 2978 3022
l 4595 4601
l 4595 4602
l 4595 4603
l 192 833
l 1782 2174
l 164 845
l 1825 2190
l 179 859
l 4479 4494
l 299 872
l 325 875
l 1726 2236
l 438 912
l 438 913
l 4690 4705
l 3378 3427
l 4149 4181
l 1796 2258
l 5007 5050
l 5068 5102
l 3448 3467
l 3448 3469
l 3448 3470
l 315 964
l 1888 2371
l 376 974
l 1544 2302
l 1544 2303
l 4764 4778
l 502 991
l 502 992
l 502 993
l 136 1003
l 1636 2334
l 121 1017
l 1952 2347
l 1952 2348
l 92 1033
l 3552 3571
l 3699 3732
l 2934 2951
l 2934 2952
l 10 533
l 446 545
l 446 546
l 446 547
l 2986 2994
l 2986 2995
l 430 554
l 430 555
l 5162 5171
l 1705 1984
l 1705 1985
l 229 616
l 3037 3083
l 4337 4364
l 4337 4366
l 4337 4367
l 244 632
l 260 648
l 462 660
l 3066 3129
l 3066 3131
l 3066 3132
l 2934 2950
l 1912 2036
l 1928 2042
l 1928 2043
l 1928 2044
l 1833 2052
l 478 704
l 1681 2603
l 1587 2073
l 2791 2811
l 3167 3216
l 3154 3233
l 3917 3921
l 1399 2656
l 3945 3950
l 3945 3952
l 2918 2971
l 2918 2972
l 1361 2700
l 5015 5042
l 5254 5274
l 4345 4357
l 4005 4013
l 4026 4032
l 4426 4435
l 4005 4012
l 4426 4437
l 4426 4438
l 4080 4085
l 3909 3930
l 1504 2407
l 4105 4114
l 4105 4115
l 2816 2825
l 3495 3525
l 2832 2851
l 2832 2852
l 2900 2909
l 4136 4196
l 2900 2908
l 2900 2910
l 3558 3579
l 3558 3580
l 1759 2380
l 3545 3600
l 4875 4877
l 4875 4878
l 1960 2396
l 1960 2398
l 1960 2399
l 494 1085
l 494 1086
l 494 1087
l 1659 2626
l 1497 2415
l 1628 2099
l 4690 4706
l 3617 3659
l 4911 4942
l 1718 2452
l 3604 3677
l 3058 3136
l 275 1149
l 1968 2451
l 307 1155
l 4764 4777
l 1944 2498
l 4953 4997
l 510 1181
l 510 1182
l 510 1183
l 3685 3736
l 3883 3890
l 1457 2531
l 4764 4779
l 3758 3791
l 4805 4825
l 1220 1261
l 3804 3816
l 1236 1277
l 4619 4633
l 3856 3869
l 3856 3870
l 3856 3871
l 1674 2611
l 5162 5169
l 291 778
l 215 811
l 200 825
l 156 837
l 4587 4618
l 171 852
l 4711 4744
l 4619 4632
l 4711 4745
l 368 877
l 368 878
l 368 879
l 4658 4672
l 4658 4673
l 3357 3413
l 1734 2242
l 1825 2191
l 3804 3817
l 1748 2259
l 3804 3818
l 4718 4731
l 4718 4732
l 3440 3477
l 320 968
l 3370 3387
l 4157 4194
l 4157 4195
l 1536 2308
l 4756 4785
l 4392 4401
l 526 994
l 526 995
l 526 996
l 3370 3386
l 129 1009
l 1644 2342
l 84 1025
l 1896 2359
l 3046 3091
l 4904 4948
l 4372 4379
l 4372 4380
l 5189 5201
l 471 653
l 1698 2021
l 1698 2023
l 1921 2027
l 455 675
l 519 691
l 519 692
l 4461 4464
l 4461 4465
l 1842 2068
l 253 716
l 3162 3207
l 1341 1978
l 4719 4725
l 4480 4483
l 4480 4484
l 238 730
l 4719 4726
l 193 742
l 4501 4504
l 4501 4505
l 208 758
l 3176 3243
l 3176 3244
l 4245 4254
l 2927 2963
l 4265 4275
l 4286 4289
l 4286 4290
l 361 569
l 361 570
l 1969 2446
l 4027 4034
l 35 582
l 19 598
l 4346 4353
l 4346 4354
l 4346 4355
l 4 614
l 4053 4064
l 2772 2782
l 4106 4109
l 4106 4110
l 5204 5216
l 2935 2944
l 2858 2863
l 2772 2783
l 3700 3730
l 3910 3928
l 1354 2662
l 1369 2673
l 5219 5230
l 5219 5231
l 3971 3974
l 3971 3976
l 5016 5035
l 5291 5295
l 5291 5296
l 5291 5298
l 2722 2744
l 5312 5320
l 3694 3713
l 439 1194
l 439 1195
l 3753 3772
l 4427 4433
l 4639 4651
l 1213 1255
l 5061 5080
l 1426 2556
l 1426 2557
l 3971 3973
l 5219 5229
l 5255 5264
l 3830 3834
l 1668 2580
l 1245 1298
l 1229 1314
l 1937 2596
l 1937 2597
l 1937 2598
l 5113 5157
l 3830 3835
l 3139 3185
l 1637 2386
l 487 1071
l 487 1072
l 5016 5034
l 3626 3638
l 4888 4902
l 1921 2028
l 49 1121
l 1969 2447
l 1969 2449
l 4561 4571
l 3605 3675
l 4904 4949
l 1712 2475
l 4204 4211
l 4659 4666
l 4962 4980
l 1466 2490
l 503 1166
l 503 1167
l 4691 4697
l 4691 4698
l 165 914
l 3379 3424
l 3379 3425
l 3351 3431
l 122 930
l 5113 5158
l 137 946
l 1742 2275
l 4712 4742
l 1727 2288
l 3433 3485
l 1545 2298
l 1545 2299
l 1545 2300
l 2722 2743
l 2901 2907
l 1505 2316
l 3884 3904
l 4749 4793
l 3038 3070
l 4749 4794
l 3884 3905
l 4798 4810
l 3490 3539
l 3504 3542
l 3504 3543
l 1953 2349
l 1953 2351
l 1768 2356
l 4521 4526
l 4521 4527
l 5189 5203
l 3263 3278
l 1889 2140
l 1889 2141
l 1622 2181
l 3315 3344
l 3315 3345
l 3805 3809
l 1596 2193
l 423 864
l 423 865
l 1335 1971
l 5247 5286
l 3052 3099
l 463 659
l 1897 2026
l 4427 4434
l 3168 3178
l 3168 3179
l 1834 2054
l 479 706
l 3155 3199
l 431 723
l 431 724
l 230 738
l 5189 5202
l 201 750
l 5176 5186
l 216 766
l 2935 2947
l 1953 2350
l 4393 4399
l 5204 5218
l 2987 2997
l 2987 2998
l 308 576
l 276 578
l 27 590
l 1706 1986
l 1706 1987
l 11 606
l 3038 3071
l 3805 3808
l 4338 4362
l 4338 4363
l 3805 3811
l 4081 4087
l 4081 4088
l 4081 4089
l 1850 2129
l 2817 2820
l 2817 2821
l 2817 2822
l 4393 4400
l 4150 4170
l 2858 2862
l 2901 2905
l 2901 2906
l 2858 2864
l 4204 4210
l 4204 4212
l 4286 4288
l 5176 5187
l 5176 5188
l 5204 5217
l 3059 3107
l 1362 2668
l 1377 2681
l 3946 3965
l 5232 5245
l 5232 5246
l 3946 3966
l 4006 4009
l 4006 4011
l 5232 5244
l 4027 4035
l 4027 4037
l 2748 2752
l 2748 2753
l 3700 3729
l 1929 2506
l 1929 2507
l 527 1184
l 527 1185
l 527 1186
l 1804 2515
l 1804 2516
l 1961 2518
l 1961 2519
l 3745 3764
l 3830 3837
l 5000 5055
l 5000 5056
l 3759 3788
l 3759 3789
l 5069 5086
l 1690 2558
l 1690 2559
l 1690 2560
l 1660 2572
l 1237 1306
l 5121 5137
l 1408 2638
l 3857 3861
l 3857 3862
l 1221 1322
l 3504 3541
l 3559 3581
l 3559 3582
l 3559 3583
l 115 1053
l 1629 2394
l 5008 5027
l 100 1095
l 3147 3238
l 85 1109
l 1698 2022
l 4912 4926
l 57 1129
l 3605 3676
l 4888 4903
l 1719 2468
l 4954 4973
l 3686 3705
l 1458 2482
l 1945 2496
l 1857 2440
l 172 908
l 3371 3417
l 157 922
l 2935 2945
l 130 938
l 4719 4727
l 1749 2266
l 1749 2267
l 1850 2128
l 3441 3459
l 145 953
l 1735 2282
l 1537 2291
l 4757 4770
l 495 977
l 495 978
l 3496 3513
l 1706 1988
l 3490 3538
l 1513 2324
l 4806 4818
l 1881 2345
l 1881 2346
l 3857 3864
l 511 791
l 511 792
l 1850 2130
l 3255 3295
l 1790 2151
l 1790 2152
l 3379 3422
l 3307 3328
l 4588 4613
l 4588 4615
l 4588 4616
l 4620 4629
l 4620 4630
l 4620 4631
l 1588 2201
l 4639 4649
l 4639 4650
l 369 884
l 369 885
l 4659 4667
l 4006 4008
l 4522 4539
l 3264 3280
l 3264 3281
l 4562 4567
l 4562 4568
l 4562 4570
l 1890 2143
l 1890 2144
l 3248 3301
l 3248 3302
l 209 817
l 4246 4248
l 194 831
l 5017 5040
l 3947 3962
l 166 847
l 3316 3342
l 181 860
l 424 862
l 424 863
l 5233 5241
l 269 868
l 301 874
l 3364 3388
l 3364 3389
l 3364 3390
l 3380 3395
l 1699 2002
l 3264 3282
l 1728 2237
l 4692 4696
l 4713 4719
l 5190 5197
l 3434 3453
l 151 960
l 4889 4901
l 317 965
l 4028 4047
l 4750 4789
l 138 1001
l 3491 3531
l 3039 3127
l 1638 2336
l 123 1015
l 4799 4831
l 94 1035
l 3554 3573
l 4266 4270
l 285 1057
l 488 1074
l 1506 2405
l 4889 4899
l 4889 4900
l 1491 2421
l 4905 4922
l 3372 3415
l 1858 2442
l 3611 3665
l 3560 3597
l 4373 4375
l 326 1157
l 4963 4990
l 504 1169
l 65 1189
l 440 1197
l 440 1198
l 50 1203
l 5009 5048
l 1954 2536
l 1954 2537
l 1827 2544
l 1214 1251
l 1214 1252
l 1214 1254
l 1874 2554
l 1874 2555
l 4660 4662
l 1230 1271
l 4306 4321
l 1246 1287
l 4428 4429
l 5114 5131
l 1938 2591
l 1938 2592
l 1938 2594
l 1669 2617
l 4287 4296
l 4750 4790
l 1661 2625
l 4522 4538
l 4481 4487
l 1409 2649
l 5190 5198
l 5220 5227
l 5220 5228
l 4428 4431
l 3972 3982
l 3972 3983
l 5248 5283
l 1342 2717
l 2723 2741
l 2723 2742
l 4054 4058
l 4054 4059
l 5062 5108
l 2793 2798
l 2793 2799
l 4107 4111
l 4107 4112
l 4107 4113
l 5190 5196
l 4143 4162
l 4502 4508
l 2876 2881
l 4266 4269
l 5248 5281
l 4246 4249
l 20 543
l 4287 4294
l 4287 4295
l 362 566
l 362 567
l 362 568
l 2980 3020
l 4306 4322
l 4842 4856
l 1699 2001
l 239 626
l 4373 4376
l 4028 4045
l 254 642
l 3060 3108
l 3060 3109
l 472 650
l 472 651
l 4028 4048
l 4394 4395
l 4394 4396
l 456 677
l 520 693
l 2920 2938
l 3148 3193
l 4462 4467
l 4462 4468
l 1843 2069
l 1843 2070
l 1597 2082
l 4481 4486
l 1355 2705
l 3031 3077
l 4502 4507
l 5070 5100
l 3177 3239
l 3177 3241
l 3177 3242
l 3169 3246
l 3169 3247
l 293 780
l 512 793
l 3140 3182
l 3140 3183
l 3947 3960
l 202 823
l 4589 4611
l 158 839
l 1776 2179
l 4621 4628
l 1805 2189
l 2749 2754
l 1866 2212
l 4660 4663
l 4660 4665
l 3316 3341
l 3372 3414
l 4159 4185
l 4807 4823
l 1750 2261
l 1750 2262
l 1750 2263
l 3442 3475
l 5220 5225
l 4842 4857
l 496 979
l 1538 2306
l 4758 4784
l 3497 3523
l 1630 2328
l 5017 5037
l 3972 3980
l 1646 2344
l 4807 4822
l 86 1027
l 1851 2365
l 1851 2366
l 5017 5039
l 1761 2378
l 321 1062
l 3560 3598
l 370 1070
l 1514 2395
l 1498 2413
l 1485 2427
l 3619 3657
l 4913 4940
l 3606 3673
l 1720 2454
l 1946 2493
l 3701 3724
l 4955 4996
l 1930 2503
l 1930 2504
l 1546 2018
l 5001 5022
l 1962 2520
l 1962 2521
l 1962 2522
l 1459 2529
l 43 1211
l 3760 3783
l 5233 5239
l 1222 1263
l 1238 1279
l 3885 3900
l 2876 2882
l 3885 3901
l 5122 5149
l 1676 2609
l 1946 2494
l 3627 3639
l 3885 3899
l 1653 2631
l 5177 5183
l 4373 4378
l 5177 5184
l 5313 5332
l 1401 2655
l 5205 5214
l 4692 4694
l 3947 3961
l 5233 5242
l 2988 3003
l 5256 5272
l 1922 2713
l 1922 2714
l 4007 4014
l 4007 4016
l 4007 4017
l 5248 5284
l 2749 2755
l 4082 4098
l 4082 4100
l 4082 4101
l 2834 2838
l 2834 2840
l 4151 4171
l 4394 4398
l 4692 4695
l 2920 2937
l 3627 3640
l 1736 1824
l 5205 5211
l 5205 5213
l 12 535
l 4589 4612
l 28 549
l 277 560
l 309 561
l 231 618
l 4339 4360
l 246 634
l 1691 2012
l 1691 2013
l 1691 2014
l 262 649
l 464 657
l 448 661
l 4621 4627
l 1914 2034
l 2928 2953
l 4428 4430
l 1683 2601
l 1835 2056
l 480 708
l 1589 2075
l 432 726
l 432 727
l 3156 3231
l 4693 4701
l 4693 4702
l 4693 4703
l 124 932
l 1891 2257
l 3435 3449
l 3435 3450
l 3435 3452
l 139 948
l 1744 2273
l 4714 4740
l 425 957
l 425 958
l 1729 2287
l 3688 3707
l 1507 2318
l 2973 3025
l 2973 3026
l 4800 4812
l 4523 4534
l 3265 3274
l 3265 3275
l 3265 3277
l 2766 2789
l 4563 4583
l 441 818
l 441 819
l 1923 2712
l 1844 2162
l 3317 3337
l 3317 3339
l 3317 3340
l 1539 2293
l 3381 3391
l 3381 3394
l 5010 5028
l 3754 3774
l 1955 2538
l 1955 2539
l 1955 2540
l 1828 2542
l 1828 2543
l 1875 2545
l 1875 2546
l 3799 3823
l 4247 4252
l 1247 1296
l 3702 3727
l 5115 5127
l 5115 5128
l 5115 5130
l 1231 1312
l 4407 4424
l 1215 1328
l 3149 3180
l 3443 3461
l 4843 4852
l 4843 4853
l 4843 4854
l 3702 3726
l 5206 5207
l 1639 2384
l 489 1075
l 5123 5139
l 3628 3631
l 3628 3633
l 3628 3634
l 4906 4918
l 4906 4919
l 4299 4335
l 80 1115
l 1378 2683
l 1859 2444
l 1859 2445
l 51 1123
l 66 1137
l 4340 4348
l 1647 2226
l 1714 2474
l 1453 2476
l 4964 4982
l 3695 3715
l 363 1163
l 505 1171
l 4055 4060
l 4055 4063
l 1891 2256
l 4160 4187
l 4226 4240
l 2794 2808
l 4622 4626
l 2794 2809
l 4144 4164
l 3048 3093
l 4160 4189
l 2877 2892
l 4906 4921
l 3912 3925
l 3912 3926
l 1356 2664
l 5221 5224
l 5234 5235
l 4247 4251
l 5234 5236
l 5249 5279
l 5249 5280
l 1700 2003
l 1700 2004
l 1700 2005
l 4374 4386
l 4374 4387
l 4374 4388
l 3061 3115
l 457 679
l 5063 5081
l 473 702
l 3149 3181
l 4442 4457
l 4442 4458
l 4463 4469
l 4463 4471
l 4463 4472
l 3163 3209
l 240 728
l 4482 4489
l 4482 4491
l 4482 4492
l 195 744
l 4503 4510
l 4503 4512
l 4503 4513
l 210 760
l 2877 2891
l 4226 4241
l 4247 4250
l 2929 2960
l 2929 2961
l 4267 4271
l 4267 4272
l 4267 4274
l 521 579
l 521 580
l 521 581
l 1337 1972
l 4661 4670
l 1364 1980
l 21 596
l 5206 5208
l 3851 3877
l 5 612
l 174 906
l 5206 5209
l 3373 3419
l 159 920
l 132 940
l 1737 2281
l 481 970
l 481 971
l 481 972
l 4759 4772
l 497 981
l 3498 3515
l 1515 2326
l 4808 4819
l 3987 4003
l 4808 4821
l 3878 3907
l 513 795
l 3257 3293
l 1963 2149
l 1963 2150
l 3309 3330
l 4590 4609
l 5191 5192
l 1939 2110
l 4622 4624
l 4622 4625
l 1806 2186
l 1806 2187
l 1590 2199
l 188 866
l 1820 2203
l 1820 2204
l 4075 4103
l 1867 2219
l 1867 2220
l 5191 5193
l 1647 2225
l 5191 5195
l 5002 5018
l 5002 5019
l 5002 5021
l 3747 3766
l 4120 4134
l 4120 4132
l 3761 3785
l 3761 3786
l 5071 5088
l 1662 2574
l 1239 1304
l 3824 3850
l 1223 1320
l 4661 4668
l 1852 2362
l 1852 2363
l 1852 2364
l 1371 2675
l 3561 3595
l 3547 3599
l 371 1068
l 1631 2392
l 5314 5322
l 102 1093
l 433 1098
l 433 1099
l 3620 3649
l 87 1107
l 4914 4928
l 58 1131
l 1721 2466
l 4956 4975
l 1460 2484
l 1947 2500
l 1947 2501
l 1947 2502
l 2750 2760
l 4226 4242
l 3940 3968
l 4152 4180
l 2766 2790
l 1410 2640
l 4120 4133
l 2835 2849
l 2835 2850
l 4021 4050
l 4523 4535
l 5178 5180
l 1402 2632
l 1349 2657
l 5234 5237
l 5257 5266
l 5257 5267
l 3987 4002
l 2750 2759
l 3054 3101
l 1692 2024
l 1692 2025
l 449 663
l 4661 4671
l 5221 5222
l 4407 4423
l 5221 5223
l 4808 4820
l 4055 4061
l 1836 2058
l 3157 3201
l 247 722
l 3170 3217
l 232 736
l 1931 2097
l 203 752
l 1883 2100
l 1883 2101
l 1883 2102
l 218 767
l 4206 4213
l 2921 2969
l 1931 2098
l 2989 3005
l 2989 3006
l 2989 3007
l 310 574
l 29 588
l 3381 3392
l 13 604
l 3040 3085
l 4844 4851
l 287 1059
l 490 1077
l 1508 2403
l 4891 4894
l 1493 2419
l 3629 3647
l 1860 2436
l 3613 3663
l 303 1151
l 364 1165
l 506 1173
l 5258 5269
l 67 1187
l 52 1201
l 1800 2533
l 1540 2305
l 5258 5271
l 1876 2549
l 1216 1257
l 1232 1273
l 3800 3820
l 3800 3821
l 5064 5106
l 1248 1289
l 1671 2615
l 1940 2111
l 1940 2112
l 225 774
l 3250 3267
l 3250 3268
l 1815 2122
l 4543 4559
l 1956 2135
l 4564 4573
l 211 815
l 2990 2999
l 442 821
l 442 822
l 196 829
l 1845 2172
l 168 849
l 4634 4657
l 474 890
l 3382 3399
l 4674 4689
l 1730 2238
l 3366 3421
l 1892 2252
l 1892 2253
l 1892 2254
l 426 955
l 426 956
l 4161 4190
l 271 962
l 319 966
l 3436 3481
l 4161 4192
l 4752 4766
l 4752 4767
l 1532 2311
l 3941 3958
l 140 999
l 3493 3529
l 2896 2916
l 1640 2338
l 125 1013
l 95 1037
l 3556 3575
l 2896 2917
l 4227 4237
l 2930 2956
l 4300 4330
l 6 529
l 22 544
l 3366 3420
l 1853 2169
l 2982 3018
l 4308 4313
l 2767 2785
l 4121 4131
l 1701 1996
l 1701 1997
l 241 628
l 3382 3397
l 4227 4238
l 3382 3398
l 256 644
l 3062 3117
l 4801 4829
l 458 681
l 2930 2955
l 2930 2957
l 4443 4453
l 4443 4455
l 4443 4456
l 1632 2330
l 522 713
l 522 714
l 522 715
l 3879 3897
l 4707 4748
l 3150 3237
l 2878 2887
l 2878 2888
l 1663 2623
l 1411 2646
l 1411 2647
l 3913 3924
l 1344 2716
l 1800 2534
l 1357 2703
l 5250 5277
l 1331 2721
l 4907 4946
l 2725 2738
l 4022 4042
l 4022 4043
l 4056 4069
l 4056 4071
l 4076 4096
l 4076 4097
l 2795 2803
l 2795 2805
l 5003 5054
l 2812 2830
l 2812 2831
l 4161 4191
l 4145 4166
l 2878 2886
l 103 1043
l 3852 3874
l 3852 3875
l 1763 2376
l 3562 3592
l 3562 3593
l 372 1064
l 372 1065
l 372 1066
l 1500 2411
l 3762 3781
l 1487 2426
l 434 1101
l 434 1102
l 3621 3654
l 3621 3655
l 4915 4938
l 3607 3671
l 1722 2456
l 4674 4688
l 3703 3721
l 3703 3722
l 2725 2737
l 4957 4995
l 3689 3728
l 4524 4528
l 4524 4529
l 1461 2527
l 44 1209
l 3762 3780
l 3748 3787
l 1964 2145
l 1224 1265
l 5072 5098
l 1876 2550
l 1240 1281
l 4965 4989
l 3825 3847
l 3825 3848
l 5124 5148
l 1677 2607
l 3988 3995
l 295 782
l 322 784
l 322 785
l 514 797
l 3258 3283
l 1964 2146
l 1964 2148
l 4591 4597
l 3682 3740
l 1853 2167
l 1853 2168
l 160 841
l 1778 2178
l 4056 4072
l 1821 2205
l 1821 2206
l 1821 2207
l 1868 2208
l 1868 2210
l 1868 2211
l 5011 5046
l 482 896
l 482 897
l 482 898
l 1648 2228
l 3374 3411
l 3374 3412
l 4543 4558
l 2853 2873
l 3629 3646
l 5116 5155
l 4707 4747
l 3444 3473
l 4308 4314
l 4207 4214
l 498 983
l 4760 4782
l 3499 3520
l 3499 3521
l 118 1021
l 88 1029
l 3548 3567
l 1908 2039
l 14 537
l 30 551
l 2990 3000
l 2990 3002
l 311 562
l 3142 3187
l 4300 4332
l 4300 4333
l 4341 4359
l 233 620
l 4752 4765
l 248 636
l 3041 3125
l 450 665
l 4408 4418
l 4408 4420
l 1916 2032
l 1837 2059
l 2795 2804
l 4408 4421
l 1591 2077
l 3171 3218
l 3171 3219
l 1948 2088
l 1948 2089
l 3033 3079
l 1932 2094
l 1932 2095
l 1655 2630
l 5179 5181
l 5179 5182
l 5315 5331
l 1403 2653
l 5258 5268
l 3988 3996
l 1924 2710
l 1924 2711
l 2751 2756
l 2751 2757
l 4844 4850
l 2767 2786
l 3741 3798
l 4121 4130
l 1617 2087
l 2836 2844
l 2836 2846
l 2836 2847
l 4153 4178
l 2853 2872
l 4950 4999
l 3683 3738
l 5012 5030
l 3755 3775
l 3755 3776
l 1686 2599
l 1877 2552
l 1877 2553
l 3742 3796
l 5065 5082
l 4309 4316
l 3801 3814
l 1656 2568
l 1249 1294
l 4675 4682
l 1233 1310
l 2879 2885
l 1217 1326
l 1838 2061
l 443 1040
l 443 1041
l 4845 4849
l 427 1050
l 427 1051
l 3251 3299
l 491 1079
l 4892 4895
l 3630 3642
l 3630 3644
l 3630 3645
l 4908 4923
l 1861 2434
l 81 1113
l 53 1125
l 68 1139
l 1716 2472
l 1454 2478
l 365 1159
l 365 1160
l 365 1161
l 3696 3717
l 507 1175
l 4950 4998
l 3914 3938
l 154 926
l 126 934
l 3437 3455
l 141 950
l 4715 4738
l 1731 2286
l 4753 4787
l 4753 4788
l 1509 2320
l 4802 4814
l 3853 3867
l 3151 3195
l 443 1039
l 4525 4531
l 4525 4532
l 1893 2124
l 1893 2125
l 4544 4551
l 4544 4552
l 1957 2131
l 1957 2132
l 1957 2134
l 523 808
l 523 809
l 523 810
l 4565 4580
l 1786 2156
l 1846 2164
l 4635 4647
l 475 892
l 3367 3400
l 3367 3401
l 4675 4683
l 3050 3095
l 4845 4847
l 4845 4848
l 2837 2843
l 3063 3118
l 3063 3119
l 459 683
l 1925 2046
l 4444 4450
l 4444 4451
l 4916 4931
l 3165 3211
l 197 746
l 212 762
l 1941 2105
l 1941 2107
l 1941 2108
l 2931 2940
l 1358 2666
l 5057 5111
l 5057 5112
l 4309 4317
l 1338 1974
l 23 594
l 7 610
l 1702 1998
l 1702 1999
l 1702 2000
l 4077 4093
l 2796 2800
l 2796 2801
l 2796 2802
l 4958 4977
l 5125 5141
l 4146 4168
l 2879 2883
l 2879 2884
l 3880 3895
l 1412 2642
l 1412 2643
l 1412 2644
l 3914 3937
l 1373 2677
l 4228 4232
l 1933 2699
l 1332 2719
l 5073 5091
l 2726 2730
l 2726 2731
l 4023 4040
l 4872 4886
l 1885 2509
l 1885 2510
l 1885 2511
l 1606 2514
l 5004 5024
l 3749 3768
l 5073 5090
l 1664 2576
l 1793 2582
l 1241 1302
l 1225 1318
l 3563 3587
l 1633 2390
l 4301 4327
l 4301 4328
l 5125 5142
l 104 1091
l 89 1105
l 3622 3651
l 3622 3652
l 3622 3653
l 4916 4930
l 45 1117
l 5159 5175
l 60 1132
l 3614 3641
l 1723 2463
l 1723 2464
l 1746 2271
l 419 1144
l 419 1145
l 2931 2939
l 1830 2222
l 4228 4231
l 3690 3709
l 1462 2486
l 176 904
l 1933 2698
l 161 918
l 1822 2246
l 1822 2247
l 133 942
l 3445 3463
l 1738 2279
l 1925 2045
l 1541 2295
l 4761 4774
l 499 985
l 1501 2312
l 3500 3517
l 3500 3518
l 3500 3519
l 435 1004
l 435 1005
l 1764 2353
l 1965 2118
l 373 787
l 373 788
l 515 799
l 3259 3290
l 3259 3291
l 3159 3203
l 1779 2158
l 3311 3332
l 3311 3333
l 1618 2184
l 1592 2197
l 1793 2581
l 1869 2214
l 1869 2215
l 3375 3409
l 3055 3103
l 3055 3104
l 1694 2015
l 1694 2016
l 1694 2017
l 451 667
l 4409 4416
l 4409 4415
l 467 700
l 483 710
l 483 711
l 483 712
l 249 720
l 3826 3840
l 234 734
l 1949 2091
l 1949 2092
l 1949 2093
l 205 754
l 4208 4215
l 4208 4216
l 4592 4607
l 2923 2967
l 2975 2992
l 2975 2993
l 323 571
l 312 572
l 1380 2685
l 4565 4581
l 31 586
l 15 602
l 4342 4350
l 4966 4984
l 5316 5323
l 3042 3087
l 5308 5344
l 4122 4125
l 4122 4126
l 2837 2841
l 2837 2842
l 5117 5133
l 4154 4173
l 3942 3956
l 3172 3225
l 5159 5174
l 1404 2634
l 1350 2658
l 1366 2669
l 4872 4887
l 5251 5260
l 2983 3008
l 3989 3991
l 3989 3992
l 3989 3994
l 4966 4985
l 5287 5306
l 5287 5307
l 3696 3716
