# Blender v3.1.2 OBJ File: ''
# www.blender.org
mtllib chess_tour.mtl
o Spiral_Rook
v -6.823000 -0.000001 6.048004
v -5.302000 -0.000001 3.772004
v -7.222000 -0.000001 7.365004
v -0.340000 -0.000000 1.716004
v -7.357000 -0.000001 8.734004
v -7.222000 -0.000002 10.103004
v -2.991253 9.329863 11.087451
v -2.914408 9.015155 11.015698
v 1.068734 19.896444 9.010985
v -1.331064 19.400864 8.929811
v -1.392183 19.854170 8.887054
v 2.806000 22.743998 7.431008
v 2.469098 22.976486 7.230398
v 2.782000 22.971998 8.114008
v 3.000000 22.743998 8.070008
v -3.556453 14.458428 8.445918
v -3.481621 14.526990 8.588556
v -3.415288 14.700901 9.145349
v -3.330801 14.538666 8.654911
v 1.927000 23.200998 7.522008
v 2.013851 14.331603 10.166189
v -1.739886 14.625136 7.081320
v -1.628291 14.867821 6.821161
v 1.910000 22.971998 6.484008
v 0.030959 15.492557 8.140413
v 1.922310 15.071604 10.485971
v 2.046863 15.249124 10.120170
v 2.019491 14.589584 10.240294
v -3.226855 14.481499 8.588657
v 2.136600 22.092136 6.255287
v 1.598000 22.059000 5.833008
v 1.603000 22.287001 5.826008
v -1.682604 14.231307 7.204090
v -2.010828 14.423204 7.492847
v 2.560000 22.058998 6.796008
v -5.340823 6.997491 6.662723
v -5.650706 6.997468 7.681582
v -2.603689 15.494124 6.501316
v -2.420405 15.487354 6.471681
v 2.568000 22.286999 6.790008
v -5.642000 4.853999 5.191005
v -5.952000 4.436999 4.984005
v -6.576000 4.436999 6.151005
v 2.293000 21.601997 6.975008
v 1.899000 21.601997 6.495008
v -3.105879 14.289326 7.998897
v 2.207299 21.502943 7.254221
v -3.454821 9.682174 10.953916
v -3.469782 9.423076 10.670837
v -3.021305 9.615427 11.246344
v 2.892000 22.286999 7.395008
v 3.081000 22.058998 8.053008
v 2.883000 22.058998 7.399008
v 3.091000 22.286999 8.051008
v 2.586000 21.601997 7.522007
v 2.766000 21.601997 8.116008
v -3.359033 9.164611 10.609130
v -2.417103 14.748910 9.123585
v -2.285699 14.971795 9.557977
v -2.334128 15.475243 9.695249
v -6.595000 4.853999 7.490005
v -6.960000 4.436998 7.417005
v -2.267645 14.167377 9.377697
v -6.232000 4.853999 6.293005
v -2.178648 14.440241 9.620693
v -5.674000 5.269999 6.525005
v -6.003000 5.269999 7.608005
v -2.096991 15.166001 9.889413
v -2.631911 15.308049 6.259500
v -4.440000 0.480000 2.598004
v -5.559000 0.479999 3.516004
v -5.643000 0.748999 3.430004
v -4.507000 0.749000 2.498004
v -2.445745 15.534451 6.644721
v -2.304853 15.490850 6.772531
v -5.633000 1.823999 3.441004
v -4.498000 1.824000 2.510004
v 1.345062 21.503124 9.012625
v 2.579058 21.502958 8.337659
v 2.540183 21.503000 9.306614
v 1.444725 21.502954 6.390670
v 1.419000 21.601997 6.101007
v -3.844894 9.485888 10.267510
v -3.953914 9.631872 10.407565
v 1.220050 21.503010 6.957552
v 1.339153 21.503073 7.570683
v -1.845708 15.296691 6.495680
v -4.177550 9.574546 10.076514
v -1.256645 19.597494 9.125500
v -3.053780 14.893139 9.827064
v -2.859222 14.805271 9.867131
v -2.495235 15.054693 10.444303
v -2.563390 14.740737 10.113882
v -1.179258 19.829649 9.230311
v -3.545802 9.824287 11.110782
v 1.593166 24.000000 4.897424
v 0.903000 23.951000 4.635008
v 0.911792 24.000000 4.624153
v -0.369859 24.000008 4.442838
v 0.197033 24.000002 4.472242
v -3.800576 9.226978 9.981896
v 0.333602 23.948057 4.516530
v -3.548176 9.931127 11.573165
v -6.125000 4.019999 4.869004
v 0.422576 14.453120 9.607828
v 0.340023 14.926592 9.534885
v -1.165608 19.057053 9.229171
v 0.387744 15.144783 9.211608
v 0.484777 14.700667 9.213339
v -5.260000 4.020000 3.814005
v -6.175000 3.603999 4.835004
v -1.072284 19.438122 9.292446
v -6.823000 3.603999 6.048005
v -2.724070 15.681937 7.306358
v -2.343043 15.395962 7.144948
v -6.768000 4.019999 6.071004
v 1.104000 23.951000 4.757008
v 1.306000 23.851000 4.760008
v 0.499000 23.851000 4.515008
v 0.184621 14.675950 9.889735
v 0.220369 15.389979 9.667911
v 0.493713 23.530239 4.544168
v -6.121000 3.186999 4.871005
v -5.950000 2.770999 4.986004
v -6.573000 2.770999 6.152004
v -6.764000 3.186999 6.073004
v -4.078397 9.724409 10.927399
v -3.826332 9.798945 10.942235
v -2.760322 15.696259 7.163548
v -3.244575 15.944803 7.776248
v -0.482924 23.997999 5.479710
v -3.697343 23.997997 8.172086
v 0.309546 23.997999 5.529213
v 0.463941 15.095259 9.571415
v 1.336643 20.274334 9.010920
v 1.319591 21.015343 9.010819
v -3.153636 15.821251 7.383802
v 0.508094 15.028024 9.272394
v 0.542212 14.485174 9.270004
v -3.171226 15.743802 7.206926
v 0.378058 15.056499 9.821812
v -1.810289 19.811256 9.272649
v -3.309784 9.966776 11.519435
v -3.106221 9.817624 11.359835
v -3.210709 15.530876 6.896851
v -1.884921 19.538412 8.901969
v -6.957000 2.770999 7.418005
v -5.666000 2.353999 5.175004
v -6.237000 2.177999 4.793005
v -6.892000 2.177999 6.020004
v -2.028723 19.725840 8.874444
v -7.255000 1.823999 5.869004
v -6.258000 2.353999 6.283004
v -1.732702 19.435410 9.109051
v -7.681000 1.823999 7.274004
v -7.296000 2.177999 7.351005
v -6.622000 2.353999 7.484004
v -3.598332 9.651386 12.031445
v -3.837307 9.226948 12.046176
v -4.134245 9.482794 11.403123
v -7.087000 2.770998 8.734004
v -7.159000 3.186999 7.378005
v -7.357000 3.603999 8.734005
v -7.223000 3.603999 7.365005
v 1.228000 23.257000 4.947008
v 0.460000 23.257000 4.714008
v -7.164000 4.019999 7.377005
v -3.271935 15.254356 6.675896
v -3.629560 15.422374 7.261134
v 0.895000 23.200998 6.422008
v 0.963000 22.743999 5.588008
v 0.324000 22.743999 5.394008
v 0.038048 22.973040 5.561247
v -7.158000 0.479999 5.909004
v -6.475000 0.479999 4.634004
v -6.182000 0.445999 4.830004
v -6.831000 0.445999 6.045004
v -6.576000 0.748999 4.567004
v -6.564000 1.823999 4.575005
v 0.342726 22.105440 5.297083
v 0.998000 22.287001 5.502008
v 0.995000 22.059000 5.511008
v 1.207222 19.306189 9.011008
v 0.928301 19.255848 9.011007
v -0.340000 22.287001 5.236008
v 0.278000 21.601999 5.628007
v 1.147728 23.997999 5.800840
v 1.716363 23.997997 6.137776
v 1.108543 19.969448 9.011039
v 1.209327 22.974518 5.942248
v 1.937000 23.257000 5.326008
v -0.961000 22.972000 5.612008
v 0.872000 21.601999 5.808007
v 0.354770 21.503033 5.867715
v 1.111984 19.890459 9.202144
v 1.171841 20.025299 9.333119
v 1.054576 21.502525 6.635489
v 0.882400 21.502829 6.451397
v -3.223086 16.025225 8.120831
v -3.005013 15.877249 7.845778
v 1.224640 20.770220 7.304259
v -7.269000 0.748999 5.864004
v -7.578000 0.479999 7.295004
v -3.349406 9.402170 12.464886
v -5.355000 2.177999 3.719004
v -6.175000 -0.000001 4.835004
v -4.249899 9.216730 11.461342
v -5.308000 0.445999 3.766004
v -7.231000 0.445999 7.363004
v -7.825000 1.823999 8.734004
v -7.696000 0.748999 7.271004
v -7.840000 0.748999 8.734004
v -7.719000 0.479999 8.734004
v -3.056079 14.558057 9.199578
v -5.650681 6.997523 9.786392
v -5.752752 6.997647 8.734006
v -2.813079 14.518934 9.588441
v -5.848000 6.554998 8.734005
v -5.742000 6.554998 9.809005
v -5.742000 6.554998 7.659005
v -5.628000 6.120998 7.682005
v -1.995111 14.596880 9.898969
v -0.807250 20.529982 9.320607
v -2.706566 15.619832 7.673642
v -5.369717 6.998940 8.770247
v -5.429000 6.554998 10.842005
v -5.340888 6.997374 10.805317
v -2.687432 14.260635 9.563779
v -2.491973 14.451962 9.984689
v 1.260494 20.429090 9.439761
v -3.853721 9.733205 11.536143
v -3.216946 9.925274 12.175984
v -5.628000 6.120998 9.786005
v -5.732000 6.120998 8.734005
v -2.969861 9.815609 12.527551
v -2.436505 15.283666 7.565970
v -3.192307 10.026515 11.979126
v -5.466000 5.903998 7.714005
v -5.566000 5.903998 8.734005
v -2.665725 15.476308 8.018282
v -6.595000 4.853999 9.978005
v -6.718000 4.853999 8.734005
v -7.090000 4.436998 8.734005
v -6.960000 4.436998 10.051005
v -7.164000 4.019999 10.091005
v -2.886265 15.786846 8.113353
v -6.114000 5.269999 8.734005
v -6.003000 5.269999 9.860005
v -2.211199 14.645234 10.342112
v 0.055396 15.175443 9.947958
v 1.334919 21.049742 9.348796
v -2.258009 14.245620 10.133991
v -2.782435 15.646329 8.449204
v -0.945670 20.313606 9.347478
v -0.857721 19.932358 9.329474
v -3.634416 14.664218 9.626981
v -3.649304 14.579706 10.056480
v -5.674000 5.269998 10.943006
v -6.232000 4.853998 11.175005
v -6.576000 4.436998 11.317005
v -5.642000 4.853998 12.277005
v -5.952000 4.436998 12.484005
v -4.850000 4.853998 13.243005
v 1.121699 20.235300 9.501712
v -6.768000 4.019998 11.397005
v -7.223000 3.603998 10.103005
v -7.298000 4.019999 8.734005
v -3.394706 14.858873 10.285480
v -7.159000 3.186998 10.090005
v -6.764000 3.186998 11.395005
v -7.293000 3.186999 8.734005
v 1.068631 20.545677 9.719321
v -7.433000 2.177999 8.734004
v -6.746000 2.353999 8.734004
v -3.796779 14.440429 9.551957
v -3.733490 14.472426 8.925314
v -7.296000 2.177998 10.117004
v -3.870115 14.301426 9.018086
v -6.957000 2.770998 10.050004
v -3.499493 14.725989 9.302560
v -6.622000 2.353998 9.984004
v -6.823000 3.603998 11.420005
v 1.023086 21.502964 6.983684
v 0.593062 21.503000 6.273315
v -0.742272 20.035749 9.577992
v 1.061195 19.787531 9.879292
v 1.120808 20.210812 9.996659
v -0.013948 21.503000 6.272506
v -0.715038 20.023165 9.264192
v 0.288001 21.503000 6.216073
v 0.195804 21.036179 6.353153
v 0.493170 20.750546 6.475751
v 1.088187 19.759808 9.514977
v 0.213371 15.297249 10.183005
v 0.205091 14.847250 10.097541
v 0.692176 20.795805 6.541502
v 0.350715 14.667658 9.853055
v 0.986210 19.584280 9.906755
v 0.368081 21.503000 6.386546
v 0.101793 21.502604 6.407652
v 0.601709 21.502525 6.465093
v 0.372991 21.118000 6.504037
v -0.772120 19.861675 9.307220
v -6.892000 2.177998 11.448004
v -6.258000 2.353998 11.185004
v -5.666000 2.353998 12.293004
v -6.573000 2.770998 11.316004
v -7.366000 0.445999 8.734004
v -7.578000 0.479998 10.173004
v -7.696000 0.748998 10.197004
v -3.391207 14.879056 9.890866
v -0.523347 20.147429 9.305577
v -7.681000 1.823998 10.194004
v -7.231000 0.445998 10.105004
v -7.158000 0.479998 11.559004
v -7.255000 1.823998 11.599004
v -6.237000 2.177998 12.675004
v 0.823460 19.571215 10.373418
v -0.513378 20.514286 9.395454
v -7.269000 0.748998 11.604004
v -3.186844 14.875582 9.710061
v -3.213959 14.672429 9.177247
v 0.839076 19.443548 10.223550
v -6.182000 0.445998 12.638004
v -6.475000 0.479998 12.834003
v -0.594081 20.156303 9.449654
v -6.576000 0.748998 12.901004
v -6.831000 0.445998 11.423004
v -6.823000 -0.000002 11.420004
v -6.175000 -0.000002 12.633004
v -5.256000 3.186998 13.651005
v -6.175000 3.603998 12.633005
v -6.121000 3.186998 12.597005
v 0.384195 15.771174 10.082565
v 0.450031 15.549859 9.803616
v 0.879898 20.386938 6.866367
v 0.501022 14.363354 9.513077
v -3.086967 15.055840 10.244551
v 0.816880 21.502777 6.634165
v -0.238455 21.502911 6.626622
v -2.474935 9.520179 11.531260
v -2.162798 9.290963 11.588197
v 0.971031 20.358528 7.406071
v 0.804282 20.805147 6.877174
v -2.466736 9.807208 11.686995
v -2.559559 9.153913 11.332942
v -5.950000 2.770998 12.482004
v -2.723760 10.180171 12.171692
v -2.468164 10.222560 12.455342
v -5.111000 2.770998 13.505004
v -6.125000 4.019998 12.599005
v -2.529259 15.148685 8.085733
v -5.302000 3.603998 13.696005
v -5.260000 4.019998 13.654005
v -0.457691 16.216251 10.415076
v -0.453120 15.537720 10.323979
v -6.564000 1.823998 12.893003
v -5.355000 2.177998 13.749004
v -5.559000 0.479998 13.952003
v -0.726637 15.458240 10.411288
v -0.853327 15.967251 10.501544
v -5.643000 0.748998 14.038004
v -5.633000 1.823998 14.027004
v -2.868925 10.084130 11.838658
v -5.308000 0.445998 13.702003
v -1.005584 16.337288 10.600535
v -2.358976 10.207523 12.113437
v 0.991404 19.961884 9.980746
v -3.496542 15.973046 7.968161
v -0.664919 16.532938 10.577333
v -1.709000 -0.000003 15.617004
v 6.542000 -0.000002 10.103004
v -0.340000 -0.000003 15.752005
v 0.795081 19.929405 10.362761
v 0.719547 6.996265 14.042977
v 1.768000 6.554997 13.823005
v 1.733951 6.997463 13.734408
v 0.734000 6.554997 14.137005
v 0.946261 20.419647 10.057894
v -0.046445 16.136192 10.964599
v 3.410000 4.436997 14.346004
v 2.243000 4.436997 14.970005
v 3.525000 4.019998 14.519005
v 0.783334 20.359783 10.348098
v 3.203000 4.853998 14.037005
v 2.101000 4.853998 14.626005
v -3.770333 15.920910 8.283455
v -0.107296 15.934163 10.828182
v 0.712000 6.120997 14.022005
v -0.255750 16.147324 11.233517
v -0.537588 15.916827 11.137708
v 0.904000 4.853998 14.990005
v -3.568307 15.727546 7.568817
v 0.976000 4.436997 15.354005
v 1.870000 5.269998 14.068006
v 0.787000 5.269998 14.397005
v -3.832177 15.558840 7.785152
v -0.181113 16.199560 11.313892
v 3.827000 0.748998 14.970004
v 4.963000 0.748998 14.038004
v 4.953000 1.823998 14.027004
v 4.879000 0.479998 13.952003
v 5.896000 0.748998 12.901004
v 5.884000 1.823998 12.893003
v -3.957108 15.701340 8.343841
v 4.675000 2.177998 13.749004
v 4.576000 3.186998 13.651005
v 4.622000 3.603998 13.696005
v 3.559000 3.603998 14.569005
v 2.323000 4.019998 15.163005
v 2.345000 3.603998 15.218005
v -1.057624 20.054028 9.313199
v 1.018000 4.019998 15.558005
v 3.523000 3.186998 14.515005
v 1.135479 19.204735 8.430973
v 2.321000 3.186998 15.158005
v 2.374000 2.177998 15.287004
v 3.601000 2.177998 14.631004
v 3.219000 2.353998 14.061005
v -0.629459 15.010081 10.375344
v 1.405045 19.187347 8.279572
v 2.242000 2.770998 14.968004
v 0.976000 2.770998 15.351004
v 2.111000 2.353998 14.652004
v 3.408000 2.770998 14.345004
v 1.121000 1.823997 16.076004
v 1.044000 2.177997 15.690004
v -0.018013 15.751354 10.624728
v 0.114363 15.547994 10.395463
v 0.910000 2.353998 15.017004
v -0.340000 2.353998 15.140004
v -0.234923 15.333167 10.625212
v 1.029000 3.603997 15.617005
v -2.044667 10.152208 12.073965
v -0.322345 15.587202 10.781678
v 1.017000 3.186997 15.553004
v -2.687485 9.959013 11.718536
v 2.484000 0.479997 15.552004
v 2.530000 0.748997 15.663004
v 0.209684 20.535465 6.722569
v 0.374683 20.032001 6.954971
v 0.520483 20.601276 6.735816
v 1.339339 19.116140 8.644155
v 0.238431 14.198232 9.985399
v 1.672760 18.938190 8.493089
v 0.609352 19.906885 7.132349
v -2.813094 15.088374 6.177545
v 0.868870 20.260754 7.245310
v -3.089013 14.822645 6.219616
v -0.918700 19.582773 9.339839
v -2.109104 15.092616 7.176947
v -1.040477 15.272344 10.422053
v -1.859552 9.588032 11.782629
v 1.320150 20.532129 8.047771
v -2.974386 9.087661 10.351120
v -3.535492 14.989061 6.774773
v -2.779894 9.351839 10.637569
v -3.569319 14.570445 6.585366
v -4.029112 14.790278 7.453880
v 1.323024 21.502975 8.171697
v -2.879145 8.392162 10.508918
v -2.678551 8.653722 10.734521
v -0.660811 15.419041 10.873710
v -0.634356 15.683436 11.006086
v 1.122640 19.055477 8.738111
v 1.263565 19.851353 8.245921
v -0.957384 15.742506 11.173579
v 3.760000 0.479998 14.870005
v 3.818000 1.823998 14.958004
v 2.525000 1.823997 15.649004
v -0.006945 13.977040 10.262271
v 0.165314 14.371961 10.129043
v -1.137182 15.462578 11.014519
v 1.031000 0.445997 15.625004
v 2.345000 -0.000002 15.218004
v 2.349000 0.445998 15.226004
v 3.563000 0.445998 14.576004
v 3.559000 -0.000002 14.569004
v 1.046121 20.775839 7.424079
v 1.076373 20.387585 7.873186
v -0.070378 14.475895 10.354844
v 1.123000 0.748997 16.091003
v 1.100000 0.479997 15.972004
v 1.091455 21.502981 7.888988
v 1.025339 21.502789 8.507971
v 1.106770 21.503084 7.424002
v 1.029000 -0.000003 15.617004
v -0.340000 6.554997 14.242005
v -0.339999 6.996960 14.147817
v -1.414000 6.554997 14.137005
v -1.399547 6.996265 14.042977
v -2.448000 6.554997 13.823005
v -2.413906 6.997106 13.734675
v -0.810918 20.304302 9.677811
v -0.932515 19.764311 9.608830
v -1.085523 20.330645 9.779059
v -1.005368 20.061275 9.682901
v 1.567151 18.882717 9.134328
v 1.092014 21.012375 8.423772
v -0.340000 6.120997 14.126005
v -1.392000 6.120997 14.022005
v -0.340000 5.903997 13.960005
v -1.359000 5.903997 13.860005
v 0.679000 5.903997 13.860005
v -2.399580 8.756645 10.997297
v -2.548053 9.443383 10.881686
v -1.656000 4.436997 15.354005
v -0.340000 4.436997 15.484005
v -1.584000 4.853998 14.990005
v -0.340000 4.853998 15.112004
v -0.340000 4.019998 15.692005
v -0.340000 5.269998 14.508005
v -1.467000 5.269998 14.397005
v 1.032501 20.095165 7.236083
v -2.403000 6.120997 13.715005
v 0.683191 19.578142 7.129285
v 0.288000 20.353998 6.609007
v 0.083000 20.389997 6.624007
v -0.133426 20.793451 6.552100
v -1.991994 8.896185 11.264046
v -4.090000 4.436997 14.346004
v -2.923000 4.436997 14.970005
v -3.883000 4.853998 14.037005
v -2.781000 4.853998 14.626005
v -2.550000 5.269998 14.068006
v -0.936752 20.777452 9.924929
v -1.709000 3.603997 15.617005
v -0.340000 3.186997 15.687005
v -0.340000 3.603997 15.752006
v -1.697000 3.186997 15.553004
v -2.746332 8.133154 10.979589
v -2.731649 8.706272 11.085925
v -1.698000 4.019998 15.558005
v 0.426736 14.190335 9.764298
v -0.340000 2.770997 15.482004
v -1.590000 2.353998 15.017004
v -1.724000 2.177997 15.690004
v -1.656000 2.770998 15.351004
v -3.066330 8.286858 10.213895
v -0.054428 14.947208 10.389150
v -3.001000 3.186998 15.158005
v -2.772779 7.890937 10.752596
v -0.340000 2.177997 15.827003
v -3.025000 3.603998 15.218005
v -3.003000 4.019998 15.163005
v -2.922000 2.770998 14.968004
v 0.128000 20.042997 6.975008
v 2.093078 15.584208 10.623482
v 2.086268 16.351374 10.614090
v 2.235492 15.637059 10.235893
v 2.141763 14.950221 10.285732
v 0.747382 20.035532 7.191342
v -0.553955 19.728268 9.342568
v 1.902650 16.156393 10.985814
v 1.633817 16.001759 11.377083
v 1.761041 15.588609 11.214023
v 0.413915 19.143932 6.486167
v 0.118373 19.549116 6.545482
v 1.240749 18.768276 9.504727
v 0.859777 19.517101 7.341243
v -3.840848 14.196713 6.834504
v 1.561488 16.051250 10.764830
v 1.323223 16.376167 10.819458
v 1.186051 16.009157 11.199530
v 0.837029 16.156788 11.362405
v -2.193837 14.870154 7.498008
v 0.546149 19.598804 6.936656
v 1.341398 18.777958 9.543117
v -2.241161 14.588684 7.798436
v 0.920011 19.244343 6.982373
v 1.901095 18.609852 8.729039
v 1.798637 18.748072 8.282440
v -2.464182 8.028019 11.051717
v 0.286719 19.743738 6.894275
v -1.962234 8.222183 11.374397
v 0.486130 19.653433 6.978555
v 1.952083 18.421362 8.249071
v -2.791000 2.353998 14.652004
v -2.399551 8.254064 11.272388
v -4.088000 2.770998 14.345004
v -3.899000 2.353998 14.061005
v 1.756317 18.766178 9.019225
v -3.054000 2.177998 15.287004
v 1.823485 15.993711 10.362906
v -1.801000 1.823997 16.076004
v -0.340000 1.823997 16.219004
v -1.780000 0.479997 15.972004
v -1.803000 0.748997 16.091003
v -3.210000 0.748997 15.663004
v -0.340000 0.479997 16.114004
v -0.340000 0.748997 16.234005
v -2.453450 14.808500 8.267275
v -1.461284 15.609859 10.393996
v -1.404345 16.116035 10.522882
v -1.184104 15.775636 10.474629
v -3.025000 -0.000002 15.218004
v -1.711000 0.445997 15.625004
v -0.340000 0.445997 15.760004
v -3.029000 0.445998 15.226004
v -3.164000 0.479997 15.552004
v -3.205000 1.823997 15.649004
v -3.165862 8.510339 10.577871
v -2.988668 8.005068 10.703139
v -4.243000 0.445998 14.576004
v -4.239000 -0.000002 14.569004
v -3.910638 15.184290 7.508624
v 1.835958 15.295479 11.080582
v -4.089156 15.346614 8.190753
v -4.870000 2.353998 13.264004
v -4.281000 2.177998 14.631004
v -4.498000 1.823998 14.958004
v -4.239000 3.603998 14.569005
v -4.205000 4.019998 14.519005
v -4.203000 3.186998 14.515005
v 1.772756 14.954377 10.796414
v 1.513277 15.268654 11.123914
v -4.440000 0.479998 14.870005
v -3.300222 14.328149 7.899908
v -4.507000 0.748998 14.970004
v 1.938682 18.474100 9.186543
v 2.087748 18.225933 8.922710
v -1.749579 15.918381 10.352057
v -1.958255 16.229040 10.363698
v 6.143000 -0.000001 6.048004
v 6.542000 -0.000001 7.365004
v -5.302000 -0.000002 13.696004
v 1.099904 18.905787 9.010104
v 6.677000 -0.000001 8.734004
v 5.495000 -0.000001 4.835004
v 4.622000 -0.000001 3.772004
v 2.345000 -0.000000 2.250004
v 3.559000 -0.000000 2.899004
v -1.709000 -0.000000 1.851004
v -3.025000 -0.000000 2.250004
v -4.239000 -0.000000 2.899004
v 6.143000 -0.000002 11.420004
v 5.495000 -0.000002 12.633004
v 4.622000 -0.000002 13.696004
v 1.029000 -0.000000 1.851004
v -1.269610 13.478625 4.985623
v -1.009391 13.875668 5.050157
v 4.675000 2.177999 3.719004
v 4.190000 2.353999 4.204004
v 5.557000 2.177999 4.793005
v -0.510775 13.312602 4.923935
v 3.408000 2.770999 3.123004
v 4.576000 3.186999 3.817004
v 4.431000 2.770999 3.963005
v -0.899654 12.803394 4.864839
v 1.431956 18.737736 9.648318
v -0.258114 13.705088 5.041121
v -3.328357 8.818657 10.464550
v -1.607712 14.010385 5.175119
v -1.865542 13.612465 5.153741
v -1.401573 12.795833 4.930530
v -1.987028 13.078506 5.121486
v 4.953000 1.823999 3.441004
v 4.963000 0.748999 3.430004
v 3.827000 0.749000 2.498004
v 1.314175 15.719963 11.207735
v -1.120862 14.297417 5.197207
v 4.628000 0.445999 3.766004
v 0.082905 19.859320 6.871804
v 4.986000 2.353999 5.175004
v 6.212000 2.177999 6.020004
v -0.281435 14.099966 5.175096
v -0.080450 19.845903 6.685037
v 5.270000 2.770999 4.986004
v 5.893000 2.770999 6.152004
v -0.437335 14.458996 5.333649
v 1.811334 15.577397 10.584727
v -1.106109 14.621002 5.361719
v 3.219000 2.354000 3.407005
v 5.942000 2.353999 7.484004
v 6.616000 2.177999 7.351005
v -0.985628 13.350925 5.785217
v 5.578000 2.353999 6.283004
v 6.277000 2.770999 7.418005
v 0.290151 15.947147 10.369885
v 6.151000 0.445999 6.045004
v 6.478000 0.479999 5.909004
v 6.551000 0.445999 7.363004
v 6.575000 1.823999 5.869004
v 5.502000 0.445999 4.830004
v 5.795000 0.479999 4.634004
v 0.448047 19.338316 7.416645
v 0.207715 19.563829 7.229565
v -0.522849 13.235588 6.082204
v 5.896000 0.748999 4.567004
v 6.589000 0.748999 5.864004
v 5.884000 1.823999 4.575005
v 4.879000 0.479999 3.516004
v 6.686000 0.445999 8.734004
v 6.898000 0.479999 7.295004
v 7.016000 0.748999 7.271004
v -2.071322 14.123362 5.348965
v 0.749169 18.870577 8.553384
v 0.866971 19.112720 8.566450
v 0.747045 19.087261 8.026251
v 0.330305 16.179548 10.514392
v -1.840047 13.598435 6.042946
v -2.081475 13.530668 5.981952
v 0.303891 16.393707 10.944648
v 7.001000 1.823999 7.274004
v 3.601000 2.177999 2.837004
v 1.011963 19.599697 8.492295
v 0.817681 16.631704 10.772510
v 0.561511 19.386353 6.743647
v 2.374000 2.178000 2.181004
v 2.242000 2.770999 2.500005
v 2.111000 2.354000 2.816005
v 0.392242 16.396433 11.249458
v -0.340000 1.824000 1.249004
v -0.340000 2.178000 1.641004
v 1.044000 2.178000 1.778004
v 1.160377 19.939899 7.648296
v -1.405029 13.337250 5.709937
v 0.910000 2.354000 2.451005
v 1.121357 19.320036 8.164536
v 0.976000 2.771000 2.117004
v 1.121000 1.824000 1.392004
v 2.525000 1.824000 1.819004
v 3.760000 0.480000 2.598004
v 2.484000 0.480000 1.916004
v 2.530000 0.749000 1.805004
v 3.818000 1.824000 2.510004
v 3.563000 0.446000 2.892004
v -2.009675 15.490002 11.097224
v 1.017067 19.463142 7.656035
v 2.349000 0.446000 2.242004
v -1.863124 13.663886 6.205657
v 1.092115 20.229692 8.335583
v -4.171045 8.054604 11.970054
v -4.121680 8.628012 11.927252
v -3.866873 8.138688 12.294109
v -3.717637 8.737860 12.347292
v -0.992955 13.396967 5.916944
v 0.805923 19.577208 7.616228
v 0.923885 19.481623 8.050923
v -2.026653 8.379160 11.489575
v -2.293739 8.873338 11.421433
v 0.433112 16.385496 10.620341
v -1.159511 13.429134 6.146462
v -4.192037 11.853282 8.396475
v -4.228721 12.080614 8.645929
v 1.100000 0.480000 1.496004
v 1.031000 0.446000 1.843004
v -1.343999 15.726213 11.308331
v -1.933372 15.333476 10.910135
v 1.123000 0.749000 1.377004
v -0.340000 0.446000 1.708004
v -1.724000 2.178000 1.778004
v -0.340000 2.354000 2.328004
v -0.340000 2.771000 1.986004
v -0.683722 19.490341 9.322428
v -1.348648 15.582705 11.132933
v 0.602824 19.176712 7.673371
v -1.590000 2.354000 2.451005
v -1.656000 2.771000 2.117004
v 1.025150 19.385454 7.328131
v -1.573694 15.268715 10.911312
v -4.271091 12.175570 9.021411
v 1.357781 16.631794 11.572384
v 1.384097 16.063089 11.644079
v -4.212735 12.019336 9.062381
v -3.899000 2.354000 3.407005
v -4.088000 2.770999 3.123004
v -2.922000 2.770999 2.500005
v -3.054000 2.178000 2.181004
v -4.281000 2.177999 2.837004
v -2.791000 2.354000 2.816005
v 0.602000 18.694998 8.460007
v 0.448505 18.558216 8.521806
v 0.602045 18.645451 9.009524
v -1.780000 0.480000 1.496004
v -0.340000 0.480000 1.354004
v -1.409843 15.435903 11.973205
v -0.953124 15.571380 12.019040
v -1.255456 15.227393 12.129161
v -1.281285 15.663860 11.850514
v -0.824406 15.928170 11.700047
v -1.711000 0.446000 1.843004
v -3.210000 0.749000 1.805004
v -1.803000 0.749000 1.377004
v -0.475390 19.454086 9.213198
v -0.666794 19.587528 9.466368
v 0.123318 13.171742 4.997409
v -0.380756 12.580606 4.849107
v -4.166308 11.843328 8.183228
v 0.992907 15.906477 11.980754
v 0.288000 18.538998 8.452007
v 1.336153 15.427227 11.709054
v -0.893813 12.036590 4.854357
v -1.801000 1.824000 1.392004
v 0.994208 15.143972 11.992678
v 0.520520 18.751392 8.126351
v -0.340000 0.749000 1.234004
v 0.288000 18.669998 8.131007
v 0.754702 18.520926 9.011137
v 0.745431 18.845966 9.011007
v 0.136688 12.591488 4.925282
v 0.933387 18.766865 9.011173
v -3.029000 0.446000 2.242004
v -4.243000 0.446000 2.892004
v -3.164000 0.480000 1.916004
v -3.205000 1.824000 1.819004
v 0.928882 18.569185 9.440028
v -4.870000 2.353999 4.204004
v -5.111000 2.770999 3.963005
v -1.898297 12.258738 5.076925
v -1.396079 12.024378 4.939404
v -4.169336 12.342937 9.737828
v -1.586407 12.434012 5.312002
v -4.128897 12.151920 9.642653
v -4.192379 12.470814 9.485816
v 1.166475 15.278971 11.487925
v -1.652206 15.675986 11.422971
v -1.922047 15.580675 11.406421
v 6.753000 2.177999 8.734004
v 6.066000 2.353999 8.734004
v 6.616000 2.177998 10.117004
v 7.145000 1.823999 8.734004
v 5.942000 2.353998 9.984004
v -1.736902 15.624450 11.563169
v -2.145801 15.386788 11.573954
v 0.278553 18.484934 9.009727
v 0.550443 18.063227 9.010746
v 0.448000 18.534998 9.011007
v 0.083000 18.022999 9.011007
v 0.288000 17.971998 9.011007
v 0.127934 18.527262 9.009350
v 0.128000 18.578999 8.454007
v -0.110614 18.738985 9.010616
v -4.115041 11.261832 10.200024
v -4.400324 11.194946 9.928677
v 1.729985 18.577459 9.620126
v -4.247790 10.733818 7.875063
v -4.454963 11.067533 9.319319
v -4.341136 11.015372 9.134163
v 0.776313 16.444313 12.048484
v 0.488841 15.791693 12.286618
v -4.556116 10.860004 8.398126
v 6.407000 2.770998 8.734004
v -1.269721 15.799622 11.633177
v -4.671540 10.956104 9.047783
v 6.277000 2.770998 10.050004
v 6.212000 2.177998 11.448004
v 0.481142 16.243628 11.445765
v 0.222854 15.935869 11.761791
v -0.066000 16.048845 11.717546
v 5.557000 2.177998 12.675004
v 6.575000 1.823998 11.599004
v -1.002886 19.300837 9.335743
v 5.578000 2.353998 11.185004
v 4.986000 2.353998 12.293004
v 5.893000 2.770998 11.316004
v -0.092971 16.177589 11.556642
v -1.138854 15.841763 11.432616
v -0.993218 12.447029 5.230788
v -1.107342 12.794002 5.359552
v 0.769235 15.847304 11.574430
v -2.054435 12.204985 5.422649
v -1.669294 12.936954 5.496892
v 0.288000 19.183998 7.516007
v 0.055431 19.223808 7.554184
v -1.734854 13.221888 5.655095
v -4.230958 10.999143 9.237251
v -4.037061 10.690901 8.599133
v 0.092183 16.248743 12.374267
v 0.524054 15.327781 12.289952
v 7.039000 0.479999 8.734004
v 6.898000 0.479998 10.173004
v 0.953674 18.949284 6.800780
v 7.160000 0.748999 8.734004
v 1.251605 18.471291 6.882567
v 7.016000 0.748998 10.197004
v -2.082899 12.907804 5.609515
v 1.408700 18.756845 7.242723
v 1.249483 18.049135 6.740580
v -1.093833 13.052837 5.490987
v 1.130753 18.768471 9.381436
v 0.204302 18.836861 6.265481
v -0.001352 19.281733 6.347668
v -0.540254 12.914140 5.449751
v -0.523021 12.649560 5.316524
v 0.724490 18.665274 6.488798
v -1.241055 20.400324 9.262115
v 1.490234 18.653633 9.799140
v -0.284194 12.281028 5.221866
v 1.015513 18.540594 9.921705
v 0.768943 18.215193 6.404631
v 0.125695 12.746212 5.530591
v 0.268002 12.461258 5.426565
v -1.415225 19.961533 9.617362
v -1.562584 20.166046 9.657448
v 1.504039 18.330753 10.379980
v -1.214863 19.809206 9.620234
v -0.777505 13.169497 5.605431
v -0.760756 15.369331 12.145305
v -0.400777 15.737428 11.966163
v 0.360710 15.705587 11.836012
v -0.576786 15.883249 11.843036
v -0.465920 15.139469 12.224619
v -0.181375 15.539875 12.047415
v 0.313140 12.979284 6.238678
v 0.809292 15.526350 11.685567
v -4.857905 10.823435 9.163872
v -0.748780 15.953156 11.335466
v 7.001000 1.823998 10.194004
v -0.281351 13.005155 6.305184
v 1.867945 18.274900 9.855830
v -5.040967 10.548809 9.015616
v 6.551000 0.445998 10.105004
v -5.007147 10.410435 8.274076
v -4.816835 10.630532 8.175347
v 0.017489 13.075599 5.823580
v -0.141281 13.002877 5.634018
v -5.194532 10.231615 9.030158
v 6.478000 0.479998 11.559004
v 5.502000 0.445998 12.638004
v 6.151000 0.445998 11.423004
v -0.411801 16.114416 11.512457
v 0.336952 18.353247 6.200193
v -0.301756 18.549330 6.046942
v 1.824725 14.752738 10.975445
v 6.589000 0.748998 11.604004
v 4.190000 2.353998 13.264004
v 5.270000 2.770998 12.482004
v 4.431000 2.770998 13.505004
v 1.428428 19.160551 7.862141
v 4.628000 0.445998 13.702003
v 1.346946 19.051067 7.415125
v 5.795000 0.479998 12.834003
v 0.914661 18.409006 10.372912
v 1.017509 18.407177 10.511713
v -4.007150 10.883380 9.384800
v 1.625778 18.885218 7.867250
v 1.297406 18.460186 10.340113
v 1.079952 19.405148 7.909477
v 0.666135 19.309381 10.483581
v -3.049886 13.917963 5.860534
v -2.503754 14.236101 5.581688
v -2.540731 14.655266 5.761043
v -1.963188 19.977386 9.262388
v -1.798333 20.227165 9.593368
v -2.439192 13.754318 5.420342
v 0.750621 18.301086 9.436775
v 0.764247 18.295837 10.016334
v -2.794025 13.124951 5.555556
v -3.277226 13.366966 5.973732
v -1.959432 20.331287 9.651051
v -2.091321 20.302204 9.596229
v -4.709556 10.990376 9.995285
v -4.403989 11.231301 10.345377
v -2.655456 13.210818 6.034091
v -2.501173 13.443002 6.074157
v 0.617248 19.848419 10.786065
v 0.884588 20.655415 10.589582
v 0.663747 20.449026 10.841151
v 0.926761 20.041071 10.389757
v -4.007548 11.220292 10.157274
v -3.196383 12.911306 5.880481
v -2.352752 13.004573 5.282293
v -4.895387 10.743710 10.030656
v -5.075959 10.393858 9.926846
v 4.660800 6.997534 10.805275
v 1.747472 14.308025 10.914597
v -3.952341 11.443985 11.021454
v 2.014999 14.466114 10.339133
v 4.962000 4.853998 12.277005
v 5.896000 4.436998 11.317005
v 5.552000 4.853998 11.175005
v 5.915000 4.853999 9.978005
v 4.994000 5.269998 10.943006
v 1.602872 14.605266 11.073275
v 5.272000 4.436998 12.484005
v 5.445000 4.019998 12.599005
v -4.086349 11.292854 11.360154
v 4.433000 4.436997 13.507005
v 4.580000 4.019998 13.654005
v -4.148695 11.075990 11.579626
v -4.525908 10.938576 10.981092
v 6.088000 4.019998 11.397005
v 6.143000 3.603998 11.420005
v 6.543000 3.603998 10.103005
v 1.263006 14.706526 11.480170
v -4.198372 10.774695 11.784808
v 6.084000 3.186998 11.395005
v -4.489645 11.124635 10.638507
v 6.479000 3.186998 10.090005
v 5.495000 3.603998 12.633005
v 5.441000 3.186998 12.597005
v -4.593785 10.640657 11.180964
v 5.896000 4.436999 6.151005
v 5.272000 4.436999 4.984005
v 4.962000 4.853999 5.191005
v -4.850928 10.529787 10.639510
v 4.170000 4.854000 4.225005
v 4.461000 5.269999 5.526005
v -4.972272 10.135678 10.685286
v -4.642913 10.270874 11.365724
v 0.565109 20.071051 10.641840
v 0.265852 19.983622 10.898601
v 0.181948 20.425718 10.891073
v 4.994000 5.269999 6.525005
v 5.323000 5.269999 7.608005
v 5.915000 4.853999 7.490005
v 5.552000 4.853999 6.293005
v -1.562523 20.473820 9.848315
v -4.103453 10.438425 12.102137
v 6.280000 4.436998 7.417005
v 6.038000 4.853999 8.734005
v 6.088000 4.019999 6.071004
v -4.181772 9.984269 12.164112
v 5.445000 4.019999 4.869004
v 4.580000 4.020000 3.814005
v 6.143000 3.603999 6.048005
v 5.495000 3.603999 4.835004
v 4.622000 3.603999 3.772004
v 5.441000 3.186999 4.871005
v 6.084000 3.186999 6.073004
v 6.484000 4.019999 7.377005
v 6.677000 3.603999 8.734005
v 6.543000 3.603999 7.365005
v 6.618000 4.019999 8.734005
v 0.556976 20.688475 10.954018
v 0.246720 20.247650 11.170950
v -0.429904 14.783567 10.324121
v -5.143847 10.063146 8.101274
v -5.325438 9.797805 8.842827
v -1.231725 20.501909 9.867752
v 1.425543 15.133180 11.602260
v 0.436967 19.709139 10.777444
v -1.201598 20.781466 10.036462
v 6.479000 3.186999 7.378005
v 6.280000 4.436998 10.051005
v 6.410000 4.436998 8.734005
v 1.282693 14.532387 11.652076
v 5.434000 5.269999 8.734005
v 5.323000 5.269999 9.860005
v 4.575000 5.686998 8.734005
v 4.480000 5.686998 9.693005
v 4.786000 5.903998 9.754004
v 4.886000 5.903998 8.734005
v 4.786000 5.903998 7.714005
v -0.406805 14.886374 10.613027
v 6.613000 3.186999 8.734005
v 6.484000 4.019999 10.091005
v -5.269726 9.660086 8.056082
v -5.421308 9.350360 8.846994
v -0.545382 15.164662 10.738973
v -5.383364 9.239398 8.205333
v -3.049341 13.003862 6.245222
v 5.072752 6.997647 8.734005
v -2.515918 12.838681 5.800123
v 0.619363 19.447769 10.569478
v 5.062000 6.554998 7.659005
v 5.168000 6.554998 8.734005
v 5.052000 6.120998 8.734005
v 4.970609 6.997686 7.681716
v 4.948000 6.120998 7.682005
v 4.970662 6.997568 9.786366
v 4.837035 6.997992 8.866474
v -4.538603 9.416434 9.460435
v -4.625660 9.253427 8.785129
v -4.503129 9.282396 8.730184
v -2.714387 12.308055 5.510993
v 4.660824 6.997491 6.662725
v 4.749000 6.554999 6.626005
v -3.207102 12.443515 5.916366
v -4.378946 9.326950 8.992165
v 1.724111 18.590696 7.710521
v 1.630803 18.307283 7.315916
v -2.363744 12.374012 5.288290
v 0.211755 19.656883 11.107172
v -4.286237 9.211350 8.626546
v -4.129746 9.123267 8.793429
v -2.456230 12.449976 5.668763
v -3.018886 12.613826 6.095560
v -4.070255 9.290673 9.493299
v 0.462118 19.349337 10.796764
v -0.216895 20.022383 11.389338
v -0.115748 19.519314 11.271872
v 0.213060 19.493208 10.947434
v 0.218886 18.897013 7.805604
v -2.661426 12.053257 5.738325
v 4.642000 6.120999 6.671005
v 4.143000 6.120999 5.738005
v 4.240000 6.554999 5.674005
v 4.039060 6.998016 7.111944
v -0.031806 19.822081 11.084330
v -3.544663 12.877238 6.260671
v -0.891895 14.902861 10.410147
v 0.542273 14.850668 12.258884
v 0.208824 15.332421 12.025883
v -0.146839 14.863159 12.235851
v 0.512437 15.060526 11.971877
v 0.533437 14.580010 12.020518
v -1.616608 19.684328 9.376970
v 4.886814 8.138545 9.232226
v 4.797849 8.253047 9.009715
v 4.635189 8.567375 9.291837
v 0.420147 19.169392 10.746938
v -0.876461 14.996566 10.785702
v -1.007489 15.253164 10.893054
v 0.448000 18.922998 7.823007
v 4.596451 8.587570 9.074242
v 4.620641 8.466115 8.911057
v 4.683578 8.143260 8.711964
v 4.888266 8.015568 8.990274
v -0.002195 19.129936 11.115051
v 0.137927 19.043688 10.967793
v -0.325536 14.233256 10.353913
v -5.352985 9.685487 9.330533
v -5.297746 9.553357 9.976063
v -5.205317 9.995128 9.950562
v -0.356409 14.350879 10.518235
v -0.024774 18.674086 8.526656
v 0.060558 18.726027 8.162801
v -4.702544 9.317745 9.712222
v -4.435829 9.530995 10.095904
v 0.363120 17.648605 6.125884
v 0.093174 17.396725 6.032196
v 0.517640 16.791262 6.196270
v 0.649700 17.085361 6.243337
v -0.101263 17.021584 6.001489
v -4.180806 9.674512 10.555087
v 2.077914 18.024250 8.217162
v 2.100621 17.630497 7.983470
v -0.123161 13.962708 6.787786
v -0.312194 14.370630 6.586429
v -0.476875 14.098701 6.735092
v 0.145101 14.202828 6.695002
v 2.214741 17.838814 8.909918
v -4.390281 9.487629 9.676245
v 2.288361 17.439472 8.689992
v -0.826364 13.390755 6.981985
v -1.158385 13.980823 6.946786
v -0.695739 13.790047 6.870864
v 4.621048 8.472140 9.548605
v 4.798313 8.254300 9.455189
v 4.686623 8.142858 9.752619
v 0.771604 14.368067 12.043424
v -0.900312 14.263725 6.755284
v 4.440113 8.658553 9.559032
v 4.431047 8.465496 9.775704
v -0.353993 13.650364 6.881471
v -4.213558 9.437053 9.612824
v 0.156493 14.374141 12.204310
v 0.105660 13.456244 6.995068
v 4.404348 8.140749 8.487461
v 4.643789 7.628683 8.529597
v 4.376997 7.611516 8.367319
v 4.888970 8.016040 9.474887
v -0.756636 14.693456 10.694565
v 4.980767 7.761277 9.150313
v 4.872748 7.760128 8.821289
v 0.884592 14.695337 11.795076
v -1.090553 14.726808 10.732704
v 4.943213 7.760458 9.490438
v 4.999984 7.500806 9.147791
v 4.889537 7.501076 8.813233
v -1.075182 14.343227 10.417137
v -0.803458 14.428017 10.431383
v 4.634465 7.234909 8.545060
v 4.875744 7.235122 8.828182
v 2.076513 18.063305 9.504153
v 4.613653 6.997988 8.590387
v -0.622839 14.039361 10.466351
v 2.181285 17.612959 9.739120
v 4.980770 7.234856 9.157307
v -0.614244 14.266955 10.609241
v 2.306622 17.222198 9.537964
v 2.211695 16.888033 8.063364
v 2.088830 16.976221 7.758419
v -1.251430 13.585969 7.091961
v 2.374942 16.797552 8.884995
v 2.323618 16.783438 8.469960
v -1.117203 19.512100 9.575331
v 4.940067 7.234691 9.497220
v -0.962231 14.121308 10.646000
v 2.754025 13.566203 8.507630
v 2.956360 13.293458 8.615198
v -1.260485 15.001090 10.372248
v 2.379186 13.796940 8.473290
v 1.137588 17.500996 6.562454
v 1.771504 17.827005 7.337947
v 2.138451 13.797710 8.397793
v 1.417903 17.325205 6.797888
v -1.398082 19.557230 9.485703
v -1.613226 14.905930 10.235612
v 2.505407 13.781506 8.291711
v 1.649188 17.210951 7.046049
v -1.460329 14.679969 10.297898
v 2.304980 13.587853 9.234416
v 0.755014 17.561155 6.301824
v 2.618300 13.585318 9.101392
v -1.308116 14.432425 6.860365
v 2.808987 13.429305 9.115521
v 4.762943 7.760494 9.799745
v 4.779249 7.500248 9.808791
v 4.962295 7.501082 9.493230
v 2.315471 16.017344 8.475657
v 4.407544 8.139385 9.979211
v 4.469182 7.631019 10.056293
v 2.387866 16.550747 9.463930
v 2.141388 17.019016 10.288062
v 1.944786 17.394878 10.531923
v 2.260372 16.515141 10.129327
v 4.756908 7.235471 9.805651
v 2.193702 13.579834 9.107260
v 4.695549 6.997988 9.799093
v 4.880144 6.997985 9.506495
v 1.978276 13.292194 9.556328
v 4.449530 7.233037 10.047717
v 2.308621 16.193998 9.991652
v 2.977122 13.096352 9.535799
v 2.775234 13.290429 9.735325
v -5.501499 8.645454 8.844288
v 2.537055 13.461060 9.727915
v 0.377700 18.035400 6.948660
v 0.572330 18.036819 7.251128
v -5.453311 8.642023 8.194967
v 0.038023 18.291422 7.032950
v 2.135190 13.393181 9.798818
v 1.243056 17.556257 8.401312
v -5.195069 8.245202 9.008653
v -5.176587 8.186720 8.501235
v -5.052180 8.660543 8.699133
v 2.369086 13.414766 9.994985
v 2.063480 13.257236 10.485747
v -0.586291 19.237320 8.534315
v -4.912549 8.869864 8.441374
v -0.072528 18.338326 7.119471
v -0.497810 18.857092 9.011006
v -5.009531 8.802727 9.451288
v -4.913238 9.009717 9.161184
v -4.783979 9.126594 8.759267
v 0.844942 17.680912 7.068563
v 0.807803 17.848227 7.234953
v 0.218253 17.929874 6.710346
v -0.394862 19.430647 8.573647
v -0.292605 19.179293 8.332983
v -1.154020 12.868869 7.141869
v -1.402702 13.078823 7.242045
v 0.491340 17.591013 6.694765
v 0.919487 17.424347 6.972375
v -1.799680 13.354433 6.784356
v -1.880953 13.154294 6.995000
v -1.910942 14.812543 10.590144
v -1.470534 15.033072 10.811947
v -2.093251 15.018835 10.623632
v -0.292011 19.093203 9.010779
v -1.588282 13.446585 6.503940
v -1.851390 13.659961 6.405897
v 4.928729 6.997986 9.183675
v -2.029717 13.617588 6.759501
v -1.376550 13.188743 6.578714
v -0.460822 18.862469 8.486212
v -0.186872 18.250443 9.011008
v 5.062000 6.554998 9.809005
v -0.296342 18.531528 8.422857
v -0.100053 18.446308 8.140886
v 4.948000 6.120998 9.786005
v 4.749000 6.554998 10.842005
v 4.642000 6.120998 10.797005
v -4.203153 9.059223 7.858768
v -0.163576 18.929684 8.298204
v 1.733964 6.997577 3.733686
v 0.720044 6.997483 3.425816
v 1.768000 6.554999 3.645005
v 0.734000 6.554999 3.331005
v 0.712000 6.120999 3.446005
v -1.039639 13.255367 6.329528
v 1.190329 17.662951 8.098491
v 3.203000 4.854000 3.431005
v 2.243000 4.436999 2.498005
v 2.101000 4.854000 2.842005
v 3.410000 4.436999 3.122005
v 1.069014 17.502758 8.482354
v 3.525000 4.020000 2.949005
v 1.139906 17.559687 8.395404
v -1.955704 13.969904 7.572492
v 1.331907 17.569775 8.219543
v 1.493272 17.347649 8.817058
v 3.124223 12.939680 8.739013
v 1.870000 5.270000 3.400005
v 3.234262 12.570225 8.598188
v 0.904000 4.854000 2.478005
v 0.976000 4.436999 2.114005
v 3.272726 12.464877 9.142778
v 0.787000 5.270000 3.071005
v 1.018000 4.020000 1.910005
v 3.001746 13.075848 8.083696
v -1.279370 19.322247 8.438931
v -1.433813 14.718857 10.705935
v 3.178155 12.485077 8.035530
v 2.323000 4.020000 2.305005
v 3.329093 12.124936 8.575942
v 3.559000 3.604000 2.899004
v 2.345000 3.604000 2.250005
v 2.321000 3.187000 2.310004
v 3.523000 3.187000 2.953004
v 1.029000 3.604000 1.851005
v -0.340000 4.020000 1.776005
v 1.017000 3.187000 1.915004
v -1.173219 18.608526 8.410625
v -1.033545 18.957968 8.191963
v -1.696565 13.336373 7.417977
v -1.586715 13.754873 7.263637
v -1.317277 19.061092 8.670146
v -1.314516 18.802565 8.789173
v -1.928735 13.317980 7.667257
v 0.149594 17.413652 6.433129
v -0.039037 17.778248 6.491370
v -1.399980 6.997325 3.425715
v -1.414000 6.554999 3.331005
v -2.448000 6.554999 3.645005
v -2.413970 6.997617 3.733716
v -1.351635 14.383132 10.647227
v -0.340000 6.997398 3.320457
v -0.340000 6.554999 3.226005
v -0.158673 6.998072 3.750238
v -0.340000 4.436999 1.984005
v -0.920943 13.023516 6.465816
v -1.384424 14.154449 10.348436
v -0.340000 5.270000 2.960005
v -0.529031 12.886419 6.446096
v 1.890660 18.162540 7.752309
v -1.392000 6.120999 3.446005
v -5.134974 8.359612 9.618448
v -0.128543 12.747766 6.489893
v -5.004103 8.462975 10.204608
v 3.242681 12.354946 9.701265
v 3.138335 12.803419 9.403896
v 3.054791 12.664539 10.083260
v 1.494031 17.435387 8.190182
v -4.921607 8.228705 10.608211
v 1.948453 17.054504 7.481843
v 0.074950 18.216764 8.288512
v 0.083000 18.073997 8.633007
v 3.143476 12.241935 10.260157
v 3.298254 11.850940 9.995324
v -4.808913 9.150314 9.876954
v -4.863349 8.941759 10.161866
v 3.372407 11.985888 9.290882
v -0.047008 18.016085 8.264044
v 0.133052 17.815674 8.437883
v 2.870573 12.956142 10.178645
v -5.434647 8.873757 9.659226
v -5.244014 8.922284 10.457193
v -0.340000 6.120999 3.342005
v 0.347496 18.038538 8.618784
v 0.276297 18.074406 8.506821
v -0.340000 5.903999 3.508005
v -1.359000 5.903999 3.608005
v -5.343826 8.168030 10.101307
v 2.601456 13.122260 10.470412
v 0.679000 5.903999 3.608005
v -5.465048 8.427567 9.502679
v -0.340000 5.686999 3.819005
v 0.619000 5.686999 3.913005
v -1.656000 4.436999 2.114005
v -1.584000 4.854000 2.478005
v -0.340000 4.854000 2.356005
v -1.467000 5.270000 3.071005
v -5.014765 9.169403 11.007532
v -4.676960 9.176545 11.638914
v -5.000067 9.717976 10.880498
v -4.865084 8.898187 11.336778
v -4.090000 4.436999 3.122005
v -3.883000 4.854000 3.431005
v -2.923000 4.436999 2.498005
v -2.781000 4.854000 2.842005
v -2.550000 5.270000 3.400005
v -0.124234 13.088938 7.030071
v -0.499139 13.075116 7.004202
v -4.850000 4.854000 4.225005
v -3.548000 5.270000 3.933005
v 1.943471 13.570644 8.600134
v -1.698000 4.020000 1.910005
v 0.283622 17.610659 8.683282
v -0.340000 3.604000 1.716005
v -1.709000 3.604000 1.851005
v -3.025000 3.604000 2.250005
v -1.668779 14.424469 10.556059
v -0.340000 3.187000 1.781004
v -1.697000 3.187000 1.915004
v -1.760915 19.162441 8.766327
v -1.866939 19.341696 8.619695
v 1.731136 13.370893 8.496137
v -4.638199 9.848967 11.553287
v 0.938870 17.847740 7.641736
v 1.173867 17.656796 7.630089
v 1.599191 17.262527 8.074369
v 1.800534 13.235100 8.919649
v -1.952296 14.440127 10.430471
v -3.001000 3.187000 2.310004
v -3.003000 4.020000 2.305005
v -4.205000 4.020000 2.949005
v -4.203000 3.187000 2.953004
v -1.611066 14.692356 12.217435
v -4.239000 3.604000 2.899004
v -2.074827 14.532914 12.073871
v 0.006680 26.200003 5.489299
v 0.937026 26.200003 4.614361
v 0.004186 26.200003 4.446460
v 1.411388 26.200001 5.938757
v 1.985653 26.200001 6.350242
v 2.700437 26.200003 5.671283
v 1.868160 26.200003 5.036494
v 0.599116 17.974682 9.398186
v 2.557985 26.200001 7.001770
v 3.271000 26.199999 6.389009
v 3.590622 26.200001 6.958153
v 2.902881 26.200001 7.698836
v 3.877090 26.200001 7.763689
v 3.046679 26.200001 8.230358
v -1.144822 14.760075 12.302930
v -0.214632 12.546557 7.080118
v 0.828742 26.200003 5.674816
v 3.954026 26.199999 8.231008
v 0.482727 17.731543 9.124660
v -1.823922 15.068339 12.009267
v -1.868100 15.299953 11.851231
v 0.475868 18.038376 8.843814
v -0.872735 12.825240 7.065222
v -0.692798 12.680776 6.572862
v -0.973418 12.474074 6.713764
v -4.534164 26.200001 7.801324
v -3.702334 26.200001 8.228018
v -4.042967 26.200001 6.570422
v -3.086099 26.200001 6.843550
v -0.475523 12.282913 6.685478
v -3.430850 26.200001 7.403399
v -2.635653 26.200001 6.350242
v -3.534595 26.200001 5.872417
v -2.061388 26.200001 5.938757
v -3.069000 26.200001 5.433008
v -1.478742 26.200003 5.674816
v -0.704704 26.200003 5.492856
v -1.385605 26.200003 4.561427
v -2.416223 26.200003 4.967521
v -0.703356 26.200003 4.451591
v -4.321000 26.199999 7.150008
v -4.604026 26.199999 8.231008
v 2.437642 26.200001 10.827052
v 3.157768 26.200001 11.454202
v 1.984403 26.200001 11.315093
v 2.385788 26.200001 12.279688
v 1.437803 26.200001 11.715712
v 0.828733 26.200001 11.993203
v 1.525225 26.200001 12.814283
v 0.003597 26.200001 13.221610
v 0.771638 26.200001 13.095175
v 0.010201 26.200001 12.178250
v -0.217013 14.308934 12.317676
v 1.295298 17.460007 7.549165
v -0.664881 14.717672 12.326706
v 0.848951 17.457548 8.371931
v 0.211655 13.943640 10.122165
v -0.156952 12.487065 6.617427
v -1.753868 19.086880 8.261549
v -1.975226 19.450775 8.428961
v 0.348171 14.075063 9.927254
v 0.181430 17.701559 7.797158
v 0.102161 17.440855 7.897662
v 0.473668 17.490099 8.055969
v -0.108333 17.434938 8.305653
v -4.544551 9.313943 10.671277
v -4.357619 9.538771 10.743273
v -0.645174 12.407812 7.057219
v -0.039503 12.134572 7.145574
v 0.692775 17.833061 7.822788
v -1.298677 19.088747 8.988959
v -1.270414 18.910921 9.068296
v 0.729898 17.242935 8.453596
v 0.569527 17.704456 7.938243
v -4.318692 9.373731 12.108333
v -3.903908 9.356852 12.556417
v 0.653325 17.961483 7.599020
v -1.381399 19.627470 8.695437
v 3.994982 26.199999 8.937008
v 3.097678 26.199999 8.937008
v 3.072810 26.200001 9.302592
v 3.962843 26.200001 9.444275
v 3.704474 26.200001 10.469886
v 2.867347 26.200001 10.082856
v -3.350435 26.200001 11.996735
v -2.367884 26.200001 12.723793
v -2.086148 26.200001 11.713416
v -2.725218 26.200001 11.242081
v -3.336381 26.200001 10.457151
v -3.921000 26.199999 11.279008
v -4.257744 26.200001 10.676477
v -3.656278 26.200001 9.645249
v -4.523602 26.200001 9.903470
v -4.657188 26.200001 8.940583
v -3.753132 26.200001 8.937822
v -0.704704 26.200001 12.175160
v -1.385608 26.200001 13.106588
v -1.507357 26.200001 11.984403
v 0.128103 17.155329 8.548505
v -0.703356 26.200001 13.216425
v 2.881812 23.999998 5.882892
v -1.213690 12.172782 7.162545
v 0.003000 24.997999 5.497604
v -3.210357 26.117016 5.562712
v -3.776049 26.117018 6.188312
v -4.206958 26.117001 6.905331
v -2.364511 15.400853 11.248976
v 0.369744 17.378654 8.973489
v -2.637534 15.278295 10.779846
v -2.695873 15.272264 10.854054
v 0.001610 24.997997 12.175991
v 2.977527 23.997997 9.769621
v -2.479079 15.314004 10.820014
v 0.060341 13.818492 10.283428
v -0.702485 24.997997 12.165152
v -1.841916 12.502926 7.195539
v -1.878636 12.864269 7.121718
v -1.453437 12.534748 6.912281
v -3.430850 23.997997 10.264617
v -5.136671 8.328419 10.752710
v -4.984259 8.234991 11.071839
v -3.539176 16.280806 10.571284
v -3.777737 15.897960 10.445436
v -3.486302 16.041430 10.942136
v 0.001668 24.997999 4.444795
v 2.250046 24.000000 5.300307
v 1.474784 13.156788 8.212871
v -4.698452 8.373227 11.591805
v 1.589894 13.021131 8.593146
v 1.652582 12.881342 9.002355
v 2.190590 23.997997 6.551239
v 2.709496 23.997997 7.246974
v -4.648126 8.953458 10.865378
v 1.809751 13.097765 9.358989
v 3.011904 23.997997 8.051564
v 3.049438 24.997997 8.232119
v 0.384821 17.189686 9.248225
v -4.556688 8.485292 11.323648
v 3.957004 24.997997 8.232326
v 1.990155 17.924137 9.999946
v -4.331921 8.905125 11.525832
v -0.696818 24.997999 5.497445
v 3.710951 24.000011 7.271244
v 1.286405 12.821727 8.106463
v 1.469333 12.624336 8.619254
v 1.332338 12.229702 8.497157
v 3.884165 23.999998 7.801328
v 4.011735 23.999998 8.772694
v 0.234294 17.925310 7.652822
v -0.703000 24.997999 4.452729
v -3.089068 16.479425 11.176993
v 1.823327 17.782566 10.472827
v -3.591351 15.650604 11.019317
v -3.939118 15.485172 10.410460
v -1.136454 12.848495 6.644070
v -3.737158 15.170290 10.975684
v -1.492684 12.986996 6.767281
v 1.527552 12.461289 9.090706
v -1.659972 18.960361 8.925870
v -3.051347 16.211897 11.442287
v -2.716876 15.952293 11.887784
v -2.541083 16.376709 11.836459
v -2.030640 16.145477 12.239581
v -2.472374 15.584558 12.149842
v 1.639923 12.716027 9.511971
v 1.705811 12.901572 9.984875
v -3.049362 15.413235 11.757449
v -1.128295 23.997999 5.571123
v -1.797728 23.997999 5.800840
v -1.558775 19.292402 9.275229
v -3.383001 24.000000 5.723009
v -3.064778 24.000006 5.429619
v -0.749000 24.000000 4.455008
v -1.301256 24.000000 4.547491
v -4.611654 24.997997 8.232751
v -3.699586 24.997997 8.233219
v 0.168414 18.167126 7.380860
v -0.099617 18.119011 7.484500
v -4.085990 23.999990 6.659007
v -4.407207 23.999983 7.367473
v 1.753224 13.045022 10.389162
v -1.966453 23.999958 4.769018
v -2.584399 23.999855 5.077742
v 1.949992 13.217257 10.426940
v -1.671322 12.938054 7.426646
v -3.651191 23.963249 6.019176
v 1.513704 12.321039 9.491858
v -3.087642 23.997997 6.840964
v -2.508942 23.997997 6.239391
v -1.490153 12.337003 7.296145
v 1.530728 12.548692 10.016531
v -4.326785 8.606524 12.114408
v -2.334019 15.075283 12.298672
v -2.815580 14.788568 12.034122
v 1.433275 12.184328 9.885090
v -3.219280 15.789660 11.459203
v 1.943663 13.145323 10.997059
v -3.563754 15.071046 11.272590
v 0.560991 17.993374 10.013878
v -2.043645 13.189937 7.829362
v 0.457665 17.697235 9.859179
v -3.428594 23.997997 7.405219
v 3.100753 24.997997 8.935464
v 3.997864 24.997997 8.936316
v 3.112201 23.997997 8.788014
v -1.273872 18.556284 8.616935
v -2.129585 12.665780 7.934319
v 0.444521 17.478037 9.521566
v -1.949360 12.496040 7.676221
v -4.522129 8.053083 11.478392
v -0.989065 18.347025 8.253611
v 0.175920 17.429161 10.269173
v -1.126693 12.020151 12.191102
v -0.977150 12.220231 12.406462
v -1.207773 18.124750 8.484331
v -1.739877 12.385207 7.469597
v 0.307110 17.253338 9.865925
v 1.152557 16.916855 6.558270
v 2.673027 12.822673 10.789492
v -2.702361 15.025947 11.374930
v -3.133648 14.857030 10.945466
v -2.897530 15.108305 11.004283
v -1.307603 18.081844 8.669278
v -3.005612 15.124642 10.621060
v 1.943390 16.674444 9.096344
v 1.896465 16.810970 8.636670
v 2.074262 16.260258 8.794807
v -0.493568 12.182711 13.036229
v -0.491791 11.935558 13.226306
v 0.160438 12.077664 13.087375
v 2.068624 13.160436 10.948076
v -1.406089 12.164422 12.719086
v -0.970408 12.229879 12.863822
v 2.298847 13.197338 10.709622
v -1.376074 11.988721 13.040654
v 1.908697 16.603584 8.257959
v -1.684022 18.885204 8.411279
v -1.522827 18.434864 8.318271
v 3.385903 23.999998 11.107044
v -1.857092 12.060509 7.285233
v 2.700436 23.999998 11.996734
v 1.174057 23.997997 11.853179
v 0.351067 23.997997 12.133531
v 2.292900 12.955793 11.156527
v 1.342335 17.126501 7.320552
v 1.134159 17.044773 7.017064
v 0.099000 23.999998 13.213008
v 0.000346 24.997997 13.223266
v 0.698959 23.999998 13.113766
v 2.858887 12.523683 10.740401
v 1.271087 17.200272 9.290344
v -1.548800 18.259878 8.568885
v -1.634486 18.686819 8.604416
v -2.301820 13.817477 6.761724
v -2.172590 13.521415 7.069221
v 2.977582 12.132622 10.790949
v 2.306547 12.656882 11.480999
v -2.508102 13.836360 7.205179
v -2.529225 13.716109 7.486531
v 1.034327 16.631863 6.486699
v 1.932817 12.814209 11.679439
v 1.725261 16.484446 7.147981
v 1.434039 16.513956 6.825053
v 1.488848 17.239141 9.178174
v -3.145162 13.377334 6.505613
v -3.060817 13.638235 6.603101
v 2.557985 23.997997 10.666247
v -2.749641 13.750525 6.478468
v 3.841284 23.999998 10.065481
v 2.566950 12.385295 11.361399
v 1.893713 23.997997 11.403338
v -1.295281 11.766137 13.234753
v 1.802758 14.214986 10.695525
v -0.349362 11.637619 13.369734
v -0.325000 23.999998 13.234008
v -4.644981 24.997997 8.937008
v -2.379375 13.806067 6.432280
v -1.264204 18.682739 9.118403
v -3.750753 24.997997 8.935464
v -3.749799 23.997997 9.025324
v -4.653641 24.997997 8.732960
v -0.888825 11.528841 13.411820
v -0.202665 11.271776 13.486855
v 1.299071 15.632744 6.872023
v -1.614701 12.121899 12.586280
v -1.655418 12.090581 12.458556
v 1.823044 16.902819 9.190167
v -1.503141 18.892742 9.219465
v 0.975897 16.769880 6.774074
v 1.438687 16.575417 7.224808
v 1.296651 14.112453 11.491600
v -1.325881 18.371996 8.904924
v 1.477383 14.202565 11.221016
v 1.554745 14.053315 11.087410
v 1.656265 17.213552 8.832929
v 1.675662 17.045502 9.342427
v -2.637490 15.171253 10.529108
v -1.821335 11.997951 12.284410
v 1.772259 17.071220 8.653020
v -2.954005 23.997997 11.001225
v -2.835181 13.977312 6.851787
v -2.647182 13.972138 6.904865
v -0.703000 24.997997 13.215286
v -2.816104 14.065974 7.357413
v -0.835376 23.997997 12.150235
v 0.709019 17.213058 6.692441
v -3.556690 23.999998 11.764678
v -2.907810 23.999998 12.371602
v -4.388116 23.999998 10.356767
v -4.644049 24.997721 8.586720
v 0.093273 17.079508 6.334166
v -4.656847 24.569998 8.730288
v -4.614786 24.000008 8.310764
v -1.194963 18.440901 9.312451
v 0.513920 16.935112 6.496545
v -4.567000 23.999998 9.692008
v -3.213938 13.947708 7.056564
v -0.749000 23.999998 13.213008
v -2.152327 11.952950 12.643043
v -1.385689 23.999998 13.102836
v -3.653677 23.997997 9.644002
v -1.451171 23.997997 12.004035
v -1.415811 18.395643 9.240870
v -2.195882 23.997997 11.655745
v -0.325000 23.997997 12.187008
v -1.456807 18.224979 9.156088
v -4.031674 15.030502 10.444904
v -4.032280 23.999998 11.106106
v -4.650021 23.999998 9.003493
v -2.141865 23.999998 12.832004
v -4.182011 14.479638 10.240591
v -3.939357 14.554271 10.774169
v 0.552646 17.055315 8.385145
v 1.004705 17.206923 8.886122
v 0.426674 16.252657 6.230803
v -0.297156 16.470537 6.047468
v 1.016692 16.057877 6.560751
v -0.068747 13.961730 10.357417
v -1.584673 18.565044 8.893125
v 1.187824 13.935475 11.521356
v 0.419117 14.477405 5.684288
v 1.024713 14.313917 5.952203
v 0.257928 14.290639 5.433995
v 0.914618 14.121991 5.688200
v -0.525106 19.192261 9.343532
v -3.810961 14.249664 11.018227
v -4.156502 14.100699 10.356812
v 0.205820 16.477718 6.301133
v 0.424784 14.612701 5.894932
v -0.207970 14.821476 5.852147
v 0.546337 16.453047 6.446689
v -0.229940 14.646730 5.533031
v 0.944085 14.487040 6.253011
v -2.136986 11.817039 12.855647
v 0.847972 13.797604 11.806532
v 0.868443 16.247566 6.623361
v -0.563191 19.331463 9.308962
v 1.995890 16.269941 7.580551
v 2.203016 16.125832 8.067101
v -3.485708 14.057325 6.321280
v -3.710864 13.446531 6.490320
v -2.997135 14.377757 5.949756
v -1.570680 11.391470 13.364064
v 0.552995 13.871471 12.057383
v -3.517997 14.560653 11.401369
v 1.744118 16.979616 8.105247
v 0.712533 13.746613 11.890676
v 0.291402 14.229283 12.298591
v -3.317628 14.281010 11.090081
v -3.305794 14.563523 10.930258
v -2.954987 14.704717 11.325940
v -1.472147 11.017845 13.513244
v -0.902734 11.131189 13.548751
v -3.593650 14.427608 10.484603
v -3.430511 14.712418 10.514185
v -0.467524 10.768793 13.628729
v -0.738648 10.134283 13.724024
v 0.152090 13.745173 12.196918
v -3.287042 14.184046 7.506245
v 1.980597 15.638929 7.702113
v -0.015539 10.172187 13.632685
v 2.224091 15.449974 8.380484
v 0.537440 14.114100 12.030317
v -4.035264 13.682817 7.053349
v 0.372850 13.633921 12.077885
v -3.967799 13.316471 6.896935
v 0.884998 14.220310 11.807790
v 1.496768 17.147839 7.620563
v 2.003166 15.118142 8.000809
v 0.228024 16.983820 8.732089
v -1.264163 10.201799 13.114949
v -0.616129 10.082845 13.244179
v -0.866640 10.482765 12.982424
v -0.024481 10.674802 12.861230
v -0.502113 10.367226 13.104996
v -3.731011 13.287424 7.212817
v -3.537548 13.545835 7.068264
v -3.436630 13.805653 7.145679
v 1.596431 15.835402 7.107347
v -2.313627 14.611037 12.328930
v 0.867385 16.982492 8.950250
v -3.161641 14.734181 11.760332
v 1.704766 16.654041 7.695016
v -2.285516 14.249757 8.088449
v -2.171843 13.504286 8.044442
v 0.638160 16.729881 8.723189
v 1.954423 16.274591 8.138947
v 1.011451 16.964226 9.432874
v -2.292126 13.758217 8.330599
v -2.468258 14.869226 11.703479
v -2.305951 15.159528 11.646237
v -2.916471 14.113433 7.921412
v -2.772682 13.909307 7.963674
v 1.186472 16.057539 6.864627
v 0.360391 10.561088 12.901696
v 1.410470 16.068583 7.099439
v 0.155780 13.749212 12.239883
v 0.177135 17.016336 8.086362
v -0.489523 10.717329 12.741917
v -0.010398 13.521022 12.229974
v -0.254332 13.634583 12.361919
v 1.712078 15.820488 7.487968
v -0.726772 18.876469 9.510720
v -0.349365 10.759166 12.463129
v -1.442219 10.470902 12.782072
v 1.025149 15.590849 6.692291
v -0.825135 19.343061 9.536104
v -0.777999 10.624319 12.459290
v 0.353653 17.250334 8.112754
v -2.516995 14.559532 11.798604
v -0.246926 13.495794 12.304984
v -2.966213 14.261659 11.515609
v -0.843141 10.482175 12.282351
v 1.251673 15.298278 6.971946
v 1.018220 15.440993 6.755147
v 0.311647 16.753908 9.047145
v 0.269747 16.389328 8.907844
v -0.106538 17.239008 7.899547
v -1.179000 23.851000 4.515008
v -1.163000 23.417999 4.598008
v -1.986000 23.851000 4.760008
v 1.416464 15.262464 7.135444
v -1.172982 23.946737 4.548054
v -1.991218 23.946936 4.799687
v 1.550311 15.614968 7.261291
v -0.357790 23.945440 4.466254
v 0.439728 16.766493 8.392858
v -0.340000 23.851000 4.433008
v -1.908000 23.257000 4.947008
v -1.140000 23.257000 4.714008
v 0.008545 16.838894 8.429898
v -0.807440 19.162886 9.397574
v -3.368060 14.153774 11.571837
v 0.529163 15.759724 6.385641
v -3.055293 14.207689 7.616792
v 0.170060 16.489182 8.644469
v -0.061174 15.953405 6.190043
v -0.071512 10.845328 12.526918
v -0.226470 16.356319 6.191617
v 0.214243 15.843783 6.312922
v 1.411914 12.676285 10.665148
v -0.854000 23.200998 6.151008
v -0.340000 23.257000 4.635008
v -2.745576 13.759168 8.297711
v -1.883436 22.973400 5.936795
v -2.574949 13.563789 7.818567
v -1.643000 22.743999 5.588008
v -1.004000 22.743999 5.394008
v -2.521237 13.275973 7.942412
v -2.005646 14.209713 9.866631
v -1.835956 14.741564 10.066205
v -2.691605 23.947634 5.166760
v -2.730000 23.851000 5.157008
v -2.726000 23.634001 5.162008
v -1.706819 14.238294 10.155846
v -2.165250 10.882765 13.361777
v -1.198294 10.621945 13.643258
v 1.746969 12.951458 11.604445
v 0.555509 15.990294 6.439728
v 1.273651 12.896813 11.641181
v -1.771490 10.511886 13.565474
v -3.381000 23.851000 5.693008
v -3.057000 23.951000 5.423008
v 1.548160 12.994775 11.158592
v 1.458616 12.872954 10.918930
v -3.196000 23.951000 5.612008
v -3.378000 23.634001 5.696008
v -1.733538 10.287124 12.887857
v -3.239000 23.257000 5.835008
v -2.617000 23.257000 5.326008
v 0.816629 15.481955 6.619096
v -2.232000 22.743998 5.902008
v -2.748000 22.743998 6.325008
v 0.344117 16.431602 8.386703
v -2.283000 22.287001 5.826008
v -2.254506 13.345348 7.334885
v -1.023000 22.287001 5.303008
v 0.114157 16.030655 8.226278
v 1.092401 12.708495 11.366405
v -1.652966 10.448209 12.653590
v -1.900278 10.388415 12.449952
v 0.756050 16.670187 9.061719
v 1.287598 12.352938 10.563751
v -0.995140 22.010786 5.315801
v -1.675000 22.059000 5.511008
v -1.678000 22.287001 5.502008
v -3.925684 13.811380 8.100044
v -3.975153 13.453408 7.870809
v -3.769060 13.677131 7.571421
v -0.958000 21.601999 5.628007
v -1.552000 21.601999 5.808007
v -0.999703 21.503056 5.856034
v -2.124709 21.502939 6.390699
v -1.628090 10.404015 12.374203
v -0.377339 21.502949 6.511666
v -2.002718 13.711467 9.891378
v 0.657732 16.322618 9.108428
v -1.761926 13.821168 10.144135
v -2.278000 22.059000 5.833008
v -1.013920 10.609863 12.592249
v -3.697985 13.971280 7.742243
v -3.843776 14.137926 8.378253
v -2.099000 21.601997 6.101007
v 0.524703 15.565115 6.460280
v -3.496284 14.112305 7.608578
v -3.670213 14.277026 8.201562
v -0.990513 19.182892 9.547142
v -0.340000 22.743999 5.328008
v 0.968397 12.458825 11.230693
v -0.340000 22.059000 5.245008
v 0.922941 12.159704 11.044365
v -2.590000 22.971998 6.484008
v -2.366000 23.200998 7.071008
v 1.516735 12.937611 11.686297
v -1.459965 13.541514 10.394366
v -0.603839 21.502790 6.867167
v -0.687409 21.502934 7.105246
v -0.727227 18.883286 9.470556
v -0.028062 20.904625 6.657959
v -0.227216 20.612825 6.952340
v -0.454291 20.547941 6.983792
v -0.296000 20.669998 6.741007
v 0.069691 15.723320 6.286558
v -0.588545 20.418795 7.337958
v -2.314175 11.941460 12.447168
v -0.348317 20.322561 7.312039
v -2.077218 11.598512 13.076803
v -1.802902 13.321205 10.192752
v -2.816196 11.434299 12.759469
v -2.824453 11.656580 12.545078
v 0.761118 12.727212 12.185728
v -1.901991 13.575473 10.296073
v -2.247883 11.250439 13.188293
v -2.028256 12.760253 10.123371
v -3.595169 11.242023 12.205882
v -3.359209 11.003134 12.601710
v 1.682548 15.303424 7.385156
v -1.985937 12.631414 10.247481
v -2.765091 11.137015 12.967580
v 0.293800 16.434076 9.434815
v -2.957603 10.715915 13.020902
v -3.006642 10.263925 13.110058
v 0.265055 16.001541 8.835198
v -2.333753 10.401626 13.409620
v -0.583295 19.006771 9.424475
v 0.305340 16.303274 9.201415
v -0.392979 20.153143 7.556882
v 1.906208 15.786727 7.858596
v -1.894319 13.108219 10.289625
v -3.956534 12.740924 6.904364
v -3.640118 12.587564 6.402043
v 1.259879 16.812473 10.320989
v 1.559348 16.827467 10.011680
v 1.166490 16.867258 10.219655
v -0.440618 21.502897 6.958272
v -3.431682 13.145864 6.707732
v -3.893462 12.977152 7.382846
v 0.954848 12.771037 11.754046
v -2.331104 13.387990 8.574919
v 0.813484 12.717859 12.264629
v -3.552911 12.807918 6.739418
v -1.785621 9.807947 13.647943
v 1.422146 12.652309 12.207641
v 0.847758 12.674546 12.371081
v 1.082019 16.868826 10.124795
v 1.897539 12.516728 11.998021
v 1.419336 12.379416 12.441662
v -2.353013 9.817901 13.479925
v -3.847276 12.413687 7.133623
v -3.474346 12.255107 6.525417
v -3.801000 10.887998 12.218006
v -3.562613 10.576635 12.608504
v -3.061189 14.337478 8.562511
v 1.770716 16.734205 9.735718
v 1.769801 16.342955 10.217467
v 1.618721 16.568815 10.256659
v -2.922975 14.128508 8.555154
v -0.105278 10.189518 13.167722
v -0.356614 9.661481 13.369733
v -3.033671 12.157022 6.043383
v -2.806882 13.926461 8.722854
v -1.653103 20.649656 7.146980
v -1.836406 20.816343 7.413856
v 1.422436 17.036100 9.749330
v 2.011135 15.806284 8.152987
v 2.068980 15.101018 8.314404
v 1.923888 16.539770 9.557664
v -1.282634 9.942610 13.244655
v -0.901978 9.775037 13.738598
v -2.699296 13.553675 8.610125
v -0.323097 9.610243 13.694583
v -2.561104 13.055147 8.295436
v -0.896689 9.548991 13.412096
v -2.361791 12.833466 7.804575
v 2.086138 16.187544 9.247724
v -2.353195 14.166263 9.074440
v -2.351531 13.739123 8.902924
v 0.572253 12.520765 11.769829
v -1.612865 20.437078 6.878151
v 0.463418 12.265957 11.619951
v -0.762430 21.503056 7.585328
v -0.767335 9.223644 13.719127
v -1.207415 9.139791 13.716103
v -2.913478 14.352721 9.154934
v -2.786973 14.093792 9.155292
v 0.833954 16.695833 10.390886
v 0.399338 12.615195 12.150893
v -2.357302 13.937682 8.666443
v -0.144706 9.310941 13.652859
v -2.288522 12.989085 8.345353
v -0.074749 15.581016 8.122661
v -2.191861 12.908575 7.491397
v -0.343646 8.991308 13.464918
v 0.050790 9.750393 13.285093
v -0.764100 20.813793 8.360379
v -0.933397 8.899681 13.505070
v -0.684410 20.269724 7.798639
v -0.743162 20.532309 8.047761
v -1.441416 9.442898 13.378357
v -1.979856 9.328171 13.271417
v -1.930873 9.805074 13.124616
v -2.887291 21.502939 7.254228
v 1.111403 16.973377 9.753870
v -0.965319 18.859329 9.412611
v -0.472954 20.443056 7.638681
v -0.530770 21.503084 7.424002
v 1.345533 17.142305 9.486099
v -0.515455 21.502985 7.888987
v 0.210169 15.168461 8.285351
v 0.123547 12.378492 11.992965
v 1.188320 17.223583 9.141354
v 0.046206 12.126773 11.823190
v -2.149065 10.008613 12.929677
v 0.003415 15.504878 12.486982
v -1.345337 9.890240 13.712194
v -2.334490 13.375870 9.114117
v -2.306153 12.211392 8.144418
v -0.879579 18.705120 9.542719
v -2.404641 12.449244 8.024377
v -1.135525 18.979486 9.507543
v -0.094873 16.235916 8.069412
v 0.339697 16.994228 9.535466
v -2.280273 12.339270 7.782974
v -0.001825 14.740143 12.478254
v -2.639774 13.617805 9.147213
v -0.515936 20.366465 8.071479
v -0.531701 20.337124 9.010660
v -2.627582 13.248956 8.746231
v -4.041418 13.758937 8.495320
v -2.092042 12.200722 7.522826
v -4.166588 12.932861 7.341789
v -1.790969 9.023728 13.636314
v -1.922027 21.012318 8.035414
v -2.147625 21.214756 8.248040
v 0.873164 14.502153 6.353397
v 1.268134 14.360653 6.363329
v -3.993263 14.046359 9.027771
v -4.099345 13.721148 9.012970
v -0.685444 18.760206 9.512959
v 0.697706 12.459950 12.677955
v 1.325511 14.304811 6.838499
v -0.332600 8.720458 13.608266
v -1.062674 8.575225 13.652536
v -0.542522 8.056959 13.469666
v -0.028955 12.451332 12.733602
v 0.113342 12.320403 12.906307
v -4.070037 12.482810 7.693189
v 0.601398 14.557881 6.336827
v -4.065680 13.706493 9.590291
v -0.249141 12.442005 12.683046
v -4.072961 13.109124 7.944768
v -4.191145 12.743215 8.252449
v -4.332810 14.534833 8.271535
v -4.156581 14.366798 7.531807
v -4.259296 13.801869 7.630208
v -1.635246 20.744192 7.391302
v -1.320447 20.576107 7.325267
v -1.596015 20.734819 7.639947
v 0.227573 8.831704 13.486892
v -0.137184 8.135187 13.410067
v 4.329734 8.571796 8.695961
v 4.150496 8.469280 8.538170
v 4.016707 8.261187 8.395561
v 4.150731 8.802223 8.848460
v -4.375936 13.825734 8.076195
v -2.162506 13.869892 9.622540
v 4.355821 8.805174 9.102266
v 4.122229 8.913209 9.056831
v -4.269723 13.212496 7.621701
v 0.146401 17.086468 10.102856
v 0.160945 16.708410 9.929797
v -4.328831 12.943973 7.896673
v 0.917485 14.389972 6.653915
v 0.296226 14.601823 6.321034
v -0.063618 16.917234 10.305014
v -0.143885 16.436165 10.241961
v -4.413565 13.073780 8.372629
v 0.497853 14.346639 6.643687
v -2.107699 20.905540 7.544594
v 4.406717 8.651537 8.862815
v -0.350497 8.519675 13.476962
v -1.041262 8.494742 13.523493
v 0.023637 14.513198 6.462321
v -2.548951 13.997419 9.652243
v -4.168701 13.247925 8.531434
v -0.193141 14.804780 6.082224
v 0.190063 16.133865 9.709822
v -4.190344 12.318727 7.644989
v 0.192045 8.370832 13.348002
v 1.846982 15.034655 7.784689
v 1.634340 15.122884 7.431499
v 4.169165 8.911605 9.317720
v 4.198331 8.805662 9.584832
v 4.355863 8.800528 9.358009
v -4.333009 12.460029 8.270109
v -0.859355 18.467108 9.572680
v -0.965400 18.477827 9.509229
v -4.167316 11.927448 7.930068
v -1.846536 20.913782 7.742280
v 0.724092 16.415903 9.546344
v 0.870863 16.763494 9.410718
v -4.186264 12.335384 8.156656
v -2.200026 21.137493 7.994298
v 0.778335 16.573568 9.799267
v 0.032347 8.359396 3.961546
v -0.452976 8.253514 3.867287
v -0.000633 8.758435 4.094776
v 0.845698 16.690796 10.037722
v -0.769316 8.897340 4.054277
v 4.183699 8.575764 9.850760
v -0.929857 8.531535 3.930784
v -0.936533 8.081229 3.828990
v 0.194473 8.994209 13.356457
v -2.193915 13.704005 10.038827
v -1.441847 20.540255 7.773084
v 4.049918 8.145536 10.112131
v -2.356619 13.751592 9.850891
v 3.438438 11.355674 8.864848
v -1.188428 20.157555 7.827767
v -1.770908 8.441097 13.565080
v -2.357586 9.044597 13.489393
v -1.536825 8.635752 4.015765
v -1.523299 9.033071 4.152514
v -1.562851 8.190180 3.917669
v -2.013543 8.523993 4.087286
v -1.823147 7.545374 3.895407
v -2.011746 8.557515 13.369494
v -1.494498 8.683232 13.474786
v 0.013914 15.905239 9.980086
v -2.275466 13.407381 9.386642
v 3.352237 11.585872 8.287152
v -0.898129 8.021897 13.495168
v 2.852227 11.697223 8.751676
v 2.996278 11.382468 9.003329
v -2.513172 13.584629 9.514653
v -2.383415 13.159164 9.676567
v 2.863168 11.530086 9.509518
v 2.726154 11.755151 9.358852
v -1.028010 18.645601 9.531997
v -1.010628 11.348761 4.946635
v -0.378450 11.803827 4.858923
v 0.143863 11.815375 4.915682
v 2.964591 11.394892 8.347595
v -2.160762 13.485808 9.674806
v -2.264839 12.930562 9.608803
v -1.781976 20.873861 8.187103
v 1.999116 14.905896 8.159746
v 2.067622 11.705038 9.469976
v 2.239764 11.954652 9.025506
v 2.026348 11.953979 8.587284
v -2.903784 9.581015 13.254201
v -1.490387 20.438452 8.084022
v 0.626687 16.405382 10.126268
v -1.126284 12.118384 5.169997
v -0.518441 11.973906 5.125916
v -0.882283 10.875187 5.039470
v 2.448295 11.995221 9.036679
v -0.366650 11.205138 4.934320
v -0.972543 11.637816 5.088875
v -0.244808 11.474435 5.086397
v -4.117000 23.950998 6.715008
v -3.870000 23.950998 6.375008
v -3.916000 23.850998 6.344008
v -2.167223 13.130400 10.009401
v -3.415675 9.597769 12.934537
v -3.146548 22.977577 7.227195
v -3.171000 22.743998 6.842008
v -2.567927 9.667253 12.895578
v -2.811132 22.095947 6.250006
v -3.248000 22.286999 6.790008
v -4.127000 23.256998 7.165008
v -3.846000 23.417997 6.391008
v -3.748000 23.256998 6.457008
v -2.509395 9.211369 13.087560
v -2.887193 9.131968 12.899684
v -3.486000 22.743998 7.431008
v -3.245598 9.050011 12.678736
v -3.462000 22.971998 8.114008
v -3.680000 22.743998 8.070008
v -3.771000 22.286999 8.051008
v -3.572000 22.286999 7.395008
v -1.633195 11.491446 5.076572
v 2.189281 12.210663 8.181127
v -2.898000 23.200998 8.482008
v -1.351551 10.799379 5.168782
v -1.846226 11.101214 5.253789
v 0.148491 15.366998 8.306167
v 1.611540 18.056581 10.562716
v -3.939881 13.643168 10.160127
v -3.905709 13.971996 10.013988
v 2.576696 11.936533 9.106912
v -4.030389 13.148329 10.066147
v -2.103766 11.602239 5.251604
v 0.351629 13.566205 5.155653
v 0.831632 18.188229 11.009624
v -1.833217 11.572712 5.283328
v 1.417642 13.985238 5.992355
v 1.511940 13.662528 5.861298
v -1.566764 11.579984 5.191793
v 1.120799 18.110088 10.975744
v -3.240000 22.058998 6.796008
v 1.596015 13.266710 5.757227
v 0.984857 13.799075 5.542911
v -2.579000 21.601997 6.495008
v -2.973000 21.601997 6.975008
v 0.927960 13.435393 5.362472
v -3.563000 22.058998 7.399008
v -3.761000 22.058998 8.053008
v -3.876768 14.234487 9.777899
v -3.837000 22.286999 8.734008
v -3.266000 21.601997 7.522007
v -3.446000 21.601997 8.116008
v -3.259058 21.502958 8.337660
v -3.686478 14.113432 10.531175
v 2.708283 11.895044 8.752506
v 1.240866 17.861107 11.118927
v -2.365807 13.066856 8.741696
v -2.454072 10.119142 12.640299
v 1.586954 17.646509 10.915630
v 1.284304 17.511021 11.306614
v 0.425465 13.935853 5.315229
v 1.571796 17.199278 11.168263
v 0.684414 18.264702 10.516773
v -2.426267 21.178354 8.100067
v 0.415059 18.024359 10.513360
v -2.505197 20.934530 7.795623
v -0.741162 10.666521 5.093560
v -2.453316 21.501957 8.745409
v 0.744731 13.036030 5.174329
v -0.399948 10.766109 5.033473
v -2.557823 12.620709 8.670297
v 0.011230 10.485663 5.143369
v 0.649962 12.341679 5.053486
v -0.408534 10.615223 5.088108
v -2.390933 12.735391 9.234479
v -3.627757 10.123167 12.685092
v 2.437389 12.148067 8.323503
v -2.560722 12.768258 8.984669
v -3.427102 8.824014 12.939022
v -2.705889 21.152443 8.317335
v -2.750856 20.767172 7.887234
v -2.176099 20.710224 7.316635
v -2.908187 8.800578 13.239672
v 1.986230 13.523846 6.278678
v 2.087902 13.124419 6.191612
v 1.763915 12.783938 5.762897
v -2.878131 8.219286 13.173955
v 1.337518 12.892491 5.467555
v -2.439503 20.544626 7.349910
v 2.159370 12.674221 6.122844
v 1.603797 12.120257 5.541264
v -2.543135 8.547348 13.174968
v -3.095280 8.250819 12.904483
v 1.126832 12.356376 5.267337
v -2.695283 20.304764 7.446163
v 1.255112 12.615581 6.206820
v 0.864411 12.555063 5.791048
v 0.171712 17.689774 10.495239
v 0.479055 18.097662 11.168276
v 0.584890 12.809908 5.829730
v 0.881465 12.826544 6.157921
v 0.387654 18.098972 11.071531
v -1.003097 11.250933 5.076831
v -2.335366 8.330014 13.408466
v 2.700803 11.865777 8.017284
v 0.287203 18.044687 10.894579
v -2.296222 7.724252 13.261645
v -1.746511 7.984090 13.464550
v 0.668473 17.916008 11.415122
v -3.899454 8.578629 12.545899
v 3.433674 11.358006 9.445763
v 3.375796 11.136658 10.019206
v -0.270645 11.083039 5.068250
v 0.451721 18.137259 10.909626
v 0.341047 11.207215 5.186912
v -1.124180 10.777104 5.123215
v -2.976905 20.529787 8.041473
v -1.315881 19.225975 9.457713
v -4.413501 23.948565 7.426466
v -2.436992 12.541435 8.832085
v -2.400712 12.377123 8.486881
v -0.022198 13.112312 5.905406
v -2.530206 12.041416 8.714700
v -4.449000 23.950998 7.725008
v 2.140436 11.650802 10.311145
v -2.503735 12.589475 8.312618
v -4.314000 23.850998 7.088008
v -4.559000 23.850998 7.895008
v -4.309000 23.633999 7.090008
v 1.945939 11.537899 10.559214
v -4.553000 23.633999 7.896008
v 2.263295 11.833755 9.568903
v -2.510763 12.208758 8.382741
v -1.827911 10.947839 5.305648
v 2.476435 11.770456 9.870713
v -4.360000 23.256998 7.934008
v -1.312410 18.684950 9.384644
v -3.506035 8.080720 12.784166
v -0.148975 17.843485 11.144085
v -3.539118 8.217892 12.587107
v 1.926068 11.510370 10.155940
v -0.027759 17.774649 10.860387
v 4.433000 4.436999 3.961005
v -2.658332 11.740241 5.557075
v -3.146189 11.879925 5.953971
v 0.759142 6.999266 3.925760
v 0.681304 7.798022 3.993059
v 1.294092 7.690565 4.211813
v 1.360749 6.998348 4.154966
v -3.004370 11.403747 5.953746
v 0.902915 17.723932 11.455364
v 0.042017 7.737386 3.827161
v -2.514585 12.206862 9.094815
v 2.780569 11.264935 10.296774
v 2.656456 11.619761 9.953256
v -2.880640 11.718893 5.888753
v 0.400164 6.998162 3.837510
v -2.527851 12.270679 9.265509
v -2.568524 12.142913 8.959970
v -2.269916 11.825522 5.484035
v 0.733297 12.894309 6.214696
v -2.535174 11.096192 5.673211
v 2.530354 13.595367 7.291977
v 2.394353 13.388176 6.767004
v 2.046784 13.791755 6.570145
v 2.304991 13.871289 7.264739
v 0.080610 17.882803 11.530830
v 2.512134 12.987081 6.704568
v 2.237189 13.973699 7.666281
v 2.565071 13.730587 7.811420
v 1.879294 14.141088 6.976364
v -0.939795 19.192484 6.159985
v -1.395637 18.881081 6.153983
v -0.316965 19.000807 6.148859
v -2.340189 12.624785 9.753261
v -2.491261 12.938445 9.372166
v -0.853210 18.711660 6.048700
v 0.524336 17.587925 11.732959
v -2.294329 11.207172 5.459052
v 0.913605 17.371227 11.659055
v -0.010991 17.966085 6.032312
v -0.378271 17.851381 5.959475
v -1.244881 18.416351 9.427949
v -0.915696 18.044626 5.971280
v -1.312574 18.261051 6.057734
v -0.042182 17.666084 11.805992
v 2.957772 11.215468 9.786576
v -2.065614 13.124464 9.926791
v -2.856624 11.207094 5.905325
v -2.491814 11.512382 5.608982
v -0.849497 19.884630 6.453326
v -0.615696 20.044090 6.625554
v -2.262706 11.046386 5.505210
v -1.145710 18.219801 9.502667
v -0.315226 20.109602 7.026378
v -0.106434 19.987543 6.902386
v -3.490182 11.564433 6.483016
v -2.684028 19.761129 8.885275
v -2.748440 19.785816 9.429240
v -2.823270 19.556992 8.856650
v -0.664114 20.214165 6.831111
v -0.231311 17.820627 11.532249
v -0.950120 20.376310 6.963071
v 0.314737 17.179594 12.032203
v -0.005104 17.418800 11.983441
v -0.032951 19.870741 7.153655
v -3.127491 11.300482 6.153044
v 1.921262 14.030543 7.628535
v 2.868000 5.270000 3.933005
v 1.723000 6.120999 3.753005
v 1.824550 16.828743 10.976104
v -2.435304 12.374193 9.450660
v 1.660000 5.903999 3.906005
v 2.656000 6.120999 4.251005
v -2.266504 12.564736 9.810921
v 2.772191 13.459291 7.866694
v 2.782054 13.219093 7.453516
v -0.475030 20.108707 7.280722
v -2.443047 12.267253 9.581554
v 4.161731 6.997508 5.729308
v -3.232255 11.936788 6.225447
v 3.363545 10.825077 8.292530
v 3.429618 10.589088 8.867563
v -0.913903 20.375435 7.070997
v 3.564258 6.998557 6.126516
v -2.180431 19.722919 8.628549
v -2.452922 20.018471 9.128202
v 4.156239 7.372559 7.826632
v 3.886405 7.497039 6.996297
v 3.100230 11.065868 9.005247
v 3.120987 10.817388 8.464591
v 0.945248 16.437660 11.050003
v 1.264570 16.605188 10.635859
v 4.241710 6.998000 7.846871
v 4.326318 6.997989 8.412589
v 3.853364 6.998315 6.673627
v -2.324999 12.368425 9.838771
v 2.594850 12.534534 6.649925
v 3.743000 5.269999 4.651005
v -2.360663 19.826675 8.705261
v 3.747000 5.686999 6.003005
v 2.389721 12.030668 6.270646
v -2.268054 19.810350 8.710300
v 4.201000 5.686999 6.853005
v 4.489000 5.903999 6.734005
v 4.005000 5.903999 5.831005
v 4.480000 5.686998 7.775005
v 2.995690 11.806718 7.209387
v 2.732043 11.795602 6.715895
v -2.518305 19.781040 8.663882
v -2.639578 19.574249 8.433499
v 2.738257 7.839116 5.306865
v 2.430877 7.463048 4.901858
v 2.932456 7.355459 5.367608
v 2.109810 7.973934 4.786607
v 3.473516 7.643103 6.223875
v 3.246730 7.502491 5.799612
v 3.090580 8.117423 5.899400
v 3.216205 10.261481 8.729202
v 3.180797 10.649401 9.282376
v -2.140734 12.544706 10.079458
v -4.138478 10.576537 7.064573
v -3.701709 10.348274 6.183825
v -3.011633 10.168795 5.559746
v 3.001271 6.998000 5.378774
v 2.967291 8.442131 6.001003
v 0.897278 16.588959 10.866930
v 3.442350 10.590500 9.450016
v -0.340211 11.818370 7.073504
v -0.047889 11.564242 7.129358
v -0.696774 20.261480 7.168243
v 2.906408 12.819901 7.410323
v 2.997508 12.368248 7.373828
v -1.240233 20.456224 6.942176
v -1.059429 20.211744 6.676214
v 2.100914 12.359855 7.646199
v 2.248053 12.296223 7.673571
v 1.843425 12.494418 6.998219
v 0.569218 16.535467 10.836638
v -0.576894 11.806530 7.044908
v 1.744466 12.535768 7.076852
v -0.065271 11.754945 6.834056
v -0.035152 12.115383 6.757446
v -2.377143 19.568970 8.174112
v 2.222884 7.327934 5.877671
v 2.142008 7.235528 5.516731
v 1.967572 14.012708 6.767721
v 1.572006 14.148309 6.358095
v -0.489900 11.768520 6.794672
v -2.150349 19.499069 8.079885
v 3.365673 10.366381 10.023393
v -0.875176 12.057590 7.074909
v -0.833373 11.909818 6.807345
v 1.908964 7.409066 5.749308
v -1.962150 19.368078 8.008388
v 3.372970 9.912652 9.290853
v -0.433348 19.740410 6.442178
v -3.927116 12.313196 10.288795
v -4.039951 12.680967 10.070721
v -3.866370 12.595207 10.482317
v 3.058636 10.899011 9.812382
v 3.108360 10.507292 9.968768
v -4.012865 12.260859 10.068865
v -0.412889 19.414736 6.278662
v -4.182474 12.997489 9.487437
v -1.011495 19.611937 6.304708
v 2.949238 10.598427 10.478619
v -0.053658 10.988958 7.052366
v 1.785225 14.179943 7.113443
v 1.254449 11.510451 8.516419
v 1.165645 11.750190 8.249781
v 1.492165 14.161213 7.176794
v 1.764034 11.889982 8.189672
v -1.308825 20.049515 6.547402
v -0.044012 11.184870 6.906389
v 1.423860 12.063570 8.932626
v -0.071418 14.426729 10.183586
v -0.426225 11.094032 6.845037
v -0.330085 13.755816 10.471050
v -0.506920 11.188829 6.966295
v -1.937066 20.296877 6.860527
v 3.488383 6.997298 4.905565
v -1.068681 11.434673 7.029606
v 2.664672 6.997575 4.231312
v 2.720000 6.554999 4.154005
v -0.791336 11.269023 6.844221
v 2.467936 6.997972 4.855165
v 1.938518 6.998226 4.470712
v 3.472000 6.120999 4.921005
v 3.555000 6.554999 4.839005
v -2.208547 20.276619 9.573756
v 0.934343 14.180317 6.923316
v -1.580819 19.808035 6.479364
v 1.374218 13.984747 7.361365
v -0.166038 13.668747 10.450691
v -1.948328 19.947844 6.682781
v 1.322925 11.441828 8.796770
v -0.460719 13.653021 10.569755
v -0.657131 13.877178 10.607261
v 1.126583 11.017343 8.185338
v -1.378669 19.333050 6.261477
v -1.856546 19.496601 6.463206
v 0.648803 14.007348 6.940541
v 2.667272 7.095363 6.057009
v 2.922793 6.998670 6.345057
v 1.647700 11.627867 8.234867
v 1.909212 11.696729 8.809723
v -0.700873 13.535040 10.586398
v 1.620067 11.230304 8.505629
v -2.179584 20.042149 9.169112
v 1.133808 13.788383 7.359710
v 2.362798 6.998063 5.510582
v 1.227292 17.063499 11.555500
v -1.043720 13.790169 10.498875
v 0.739280 13.600754 7.208272
v 1.883144 7.578873 4.518029
v 0.292297 13.794258 6.928107
v -1.969453 19.071098 6.415581
v 1.554342 8.082603 4.447831
v 0.810434 8.225644 4.134434
v 0.736822 16.902424 11.952434
v 1.363660 11.397343 9.136320
v 0.477924 13.292077 7.186555
v -1.583337 11.910592 7.094176
v -1.167969 12.196914 6.847292
v -1.311367 11.698551 6.968327
v -0.522287 19.968412 7.475548
v 0.612305 7.573719 4.670546
v 0.944195 7.615714 4.962371
v 0.546037 7.733599 4.960495
v -0.173133 19.676319 7.434113
v -0.057876 7.516410 4.375968
v 0.282367 7.196586 4.298775
v 0.664940 7.376984 4.529880
v -0.079565 7.711069 4.524892
v -3.321973 19.985640 8.922953
v -3.224147 20.438677 8.923409
v -0.988579 20.369394 7.318733
v -3.271632 19.794107 8.307837
v -3.178361 20.249016 8.340538
v -3.381052 19.322109 9.172014
v -0.402994 13.505261 10.574817
v 1.928011 11.528520 9.379128
v -3.392382 19.245947 8.711165
v 1.800126 11.238619 9.459410
v 1.788174 11.434892 8.835719
v -3.340206 19.252312 8.315313
v 0.280634 7.773483 5.018661
v -0.076754 7.867902 4.825572
v -1.232456 11.044032 6.972395
v -1.470601 11.627445 7.193813
v 1.910766 13.931924 7.867648
v -0.028482 16.674145 12.309943
v 1.699287 13.795480 7.888801
v -0.747514 21.502974 8.164698
v 1.410298 11.839557 9.550499
v -1.580261 11.445720 7.103823
v -1.844316 11.595984 7.288149
v -0.449570 21.502615 8.505864
v 0.010530 7.811823 4.702841
v -3.021628 20.371721 10.089888
v -3.009981 19.716095 10.277616
v -1.087864 11.564603 6.897216
v -2.801672 20.512119 10.451647
v -0.515797 21.025894 8.407203
v -1.605388 11.022250 7.082336
v -2.681104 19.722313 9.934591
v -0.588191 19.690329 7.888207
v 1.294675 12.044746 10.265202
v -2.579830 19.545305 10.297122
v 1.324409 11.210515 9.619172
v -2.502651 20.034023 9.993186
v 1.015159 13.464561 7.471454
v -0.990591 20.235466 7.543362
v -0.446631 21.502485 9.014719
v -0.537248 20.826893 9.013940
v -2.308674 19.973047 10.450733
v 1.515855 13.566317 7.916388
v -2.864904 19.527725 9.458862
v 1.342357 11.013910 9.377209
v -2.600974 19.983959 9.406652
v -0.292672 19.576937 7.764134
v 1.252910 13.323361 7.781562
v 1.651495 7.471899 5.389440
v 1.364266 7.233496 4.819625
v 0.816514 13.123582 7.449223
v 1.406524 7.406202 5.007770
v -2.433560 20.179232 9.822235
v -1.871323 11.849872 7.484087
v -2.121745 11.516938 7.622383
v -2.081718 11.290739 7.480830
v -2.118534 11.821376 7.571055
v -0.531768 20.644583 9.041811
v -0.533446 20.691641 9.092009
v -0.443047 21.501305 9.092009
v 1.269238 11.647510 10.074319
v 1.211778 10.945253 9.995640
v 0.252386 12.919541 7.172942
v -0.350611 21.502594 9.159983
v -0.295216 21.502838 9.376757
v 1.271337 7.354871 5.721327
v 1.127771 7.180987 5.808477
v 1.837308 11.360179 9.950609
v -1.034613 13.347739 10.598948
v 0.346383 12.580286 6.639701
v 0.286489 12.320349 6.757022
v 0.788938 12.412591 6.889930
v 1.277326 7.524465 5.485941
v 1.980214 7.154113 6.285967
v -0.445807 20.849714 9.219167
v -2.054812 20.461752 10.315189
v -0.517728 19.687366 7.679574
v 1.871166 7.371845 5.912303
v 2.476093 7.183764 6.568773
v -0.647745 19.436371 7.839328
v 1.304182 10.698036 8.645559
v 1.346447 10.852460 9.031138
v -0.849107 19.910759 7.701647
v 1.621295 10.947387 8.751317
v -0.393522 21.502136 9.091119
v -0.667309 13.383008 10.637975
v 1.262535 12.451591 7.096148
v -2.326738 20.252304 9.617498
v 0.635415 12.183501 6.945241
v -0.393481 19.637968 8.076490
v -0.944063 13.227118 10.664383
v -0.956878 13.713201 10.632844
v -0.731130 21.502958 9.014967
v -0.839907 21.502998 9.474864
v -0.666780 21.502470 9.090420
v -0.468242 19.793272 8.455873
v 1.631412 10.615584 9.267813
v 1.697851 10.923051 9.442566
v 0.734166 12.815828 6.479682
v 0.543515 12.728600 6.561305
v -1.883811 11.163585 7.280828
v -0.715983 20.994160 9.020214
v -0.450266 19.285492 7.852927
v -0.646774 21.502924 9.184374
v 1.360410 10.136202 8.569757
v 1.100843 10.383970 7.964109
v -0.696143 21.502947 9.334318
v -0.684136 19.706507 8.530730
v -1.644675 11.238174 7.178946
v -0.742314 21.042278 9.010291
v -0.897452 19.635050 7.881852
v 1.318724 10.193373 8.105142
v 1.445815 10.456234 8.388723
v 1.480925 10.091982 8.549501
v 1.533405 10.226657 8.791835
v -0.668835 20.962687 9.146879
v -1.230835 13.974969 10.613599
v 1.367201 10.457404 9.242827
v 1.436183 9.885448 9.238971
v -1.430946 20.167824 8.264041
v -1.524231 13.865522 10.531052
v -0.308776 10.653136 6.884511
v 1.558255 10.005061 9.370963
v -0.777699 10.848710 6.874991
v -0.151669 10.831888 6.886262
v -0.634760 10.769396 6.822895
v -1.188582 19.884361 8.018653
v 1.303041 10.430908 9.673508
v -1.081770 19.432507 8.106109
v 1.644227 11.017678 10.157302
v -1.940874 14.054397 10.339952
v -0.856091 10.696902 6.821726
v 1.086219 10.799446 10.282094
v 1.003290 10.905732 10.451711
v 1.550299 10.702964 10.114049
v -0.712219 21.009663 9.272700
v 1.604867 11.166858 10.564716
v -0.701344 20.672182 9.232555
v -1.339922 13.176706 10.544364
v -3.300377 19.510962 9.580952
v -3.214192 20.209642 9.610811
v -3.121769 20.654835 9.581643
v -3.155508 19.731544 9.968385
v 1.546828 10.423480 9.849774
v -0.083575 7.663391 5.943662
v 0.307266 7.743576 6.008994
v 0.344923 8.195446 5.913927
v -0.504605 10.552466 6.804079
v 0.810592 8.057018 6.112396
v 0.765992 7.606369 6.202708
v -1.277891 13.482190 10.593135
v -0.201059 7.713558 5.199018
v 0.241188 7.745016 5.099642
v 0.613511 7.521623 5.397774
v -0.105930 10.403370 6.865377
v 0.277833 6.998544 6.086400
v 0.729759 6.998092 6.267118
v -0.090914 6.998115 5.993694
v 1.108447 12.275718 7.161994
v -0.758242 20.264322 9.010957
v 1.253569 12.721913 6.587854
v 1.581072 12.520195 7.166420
v -3.165238 18.958920 9.970019
v 1.039166 12.741640 6.627141
v -1.529234 13.087783 10.522315
v 0.584386 7.317937 5.547611
v -0.859289 18.693453 7.065687
v -0.470497 18.501753 6.912350
v -0.537454 18.531416 7.134677
v 1.234050 10.200294 9.960111
v -2.940030 19.361526 9.018960
v -3.018135 19.130651 9.248912
v 1.341971 10.228684 10.402876
v 2.047459 12.338388 7.006406
v -1.576023 13.517840 10.486705
v 2.745672 12.021549 11.300317
v 3.118848 11.709443 10.699751
v 2.830412 11.571612 11.350823
v 1.679093 12.476995 6.573366
v -2.965031 19.042208 8.443327
v -3.046179 18.931038 8.691224
v -2.812512 18.997280 8.026554
v -2.788860 19.393591 8.435875
v 0.897701 6.998566 4.439979
v 0.024082 6.998279 5.589336
v 0.286814 6.998001 4.231810
v -1.819067 13.587051 12.282226
v 1.376704 6.997937 4.686587
v 0.635206 6.998183 5.724107
v 1.114306 6.997999 5.903039
v 2.027157 6.999944 5.170810
v -1.702205 13.099677 12.283208
v 1.417064 12.652705 6.549222
v -3.347288 18.446186 8.284003
v -0.974203 18.697817 6.913613
v -0.772856 18.488523 6.718157
v 1.541388 12.359387 6.241656
v -3.391848 18.495186 8.692511
v -3.287575 18.679104 8.017467
v -1.843725 13.960003 12.258684
v -3.116738 18.295635 8.376493
v 2.312580 11.582833 10.559396
v 2.146460 11.585431 10.653296
v -1.292397 13.988281 12.383396
v -3.368906 18.583055 9.187580
v 2.446561 11.454730 10.651834
v -1.113545 10.799535 6.872264
v -1.331358 10.924307 6.952661
v -0.510608 20.521410 9.092430
v 1.092411 12.961689 7.780032
v 1.531893 6.999125 6.131987
v 1.923728 11.385031 11.296908
v 2.161376 11.310719 11.213887
v -3.128992 18.656252 8.934031
v -0.830236 18.641207 7.249345
v -3.192387 17.938517 8.724569
v 1.197481 12.370541 8.146639
v -3.177115 18.160082 9.074745
v -1.685033 12.984585 10.394124
v 0.998479 11.883207 7.939564
v -2.947442 19.061956 10.376811
v -2.908593 18.592482 10.010550
v -2.851376 19.040545 10.004781
v -0.335767 18.394535 7.250262
v 1.999071 12.258592 7.927489
v -3.105879 18.279488 9.507444
v -3.044774 18.848373 9.487193
v -1.301100 18.883854 7.096559
v -1.594165 18.982313 7.153038
v -1.831624 18.512880 6.266001
v 0.216853 12.345368 7.235802
v 0.640787 12.726809 7.426251
v -2.869183 19.322563 9.770631
v 3.393420 8.307298 6.655783
v 3.620439 7.951082 6.735158
v 2.091084 12.217935 12.027750
v 2.367583 11.883091 11.896238
v -1.211761 13.078940 10.637435
v 2.441229 11.432052 11.964082
v -3.906006 12.152411 6.943273
v -0.668353 20.683445 9.070324
v 0.439540 12.228139 7.367269
v -3.486000 11.988022 6.322457
v 2.742444 10.798779 11.664647
v -0.668833 20.549648 9.016216
v -3.820035 11.698273 7.010943
v 0.973432 12.535860 7.780416
v -3.673414 11.894025 6.809263
v -3.893060 11.823518 7.230342
v 0.706857 12.084070 7.581870
v -1.771562 12.768699 10.413118
v 2.815185 7.139620 6.750956
v -1.989051 18.213892 6.328568
v -2.051350 18.813105 7.108604
v -1.936637 18.470480 6.858066
v -1.613651 18.613829 6.809320
v -1.864094 18.955254 7.145543
v 2.399480 11.263669 6.266622
v 2.011280 12.143588 5.879165
v 2.020490 11.371197 5.873844
v 3.225515 11.142542 10.591879
v 3.233012 10.371450 10.599957
v 3.026310 10.585468 11.150755
v 2.802022 7.138836 6.492336
v 1.965104 10.659442 5.934156
v -3.276304 18.739483 9.634378
v -1.458054 18.279806 6.593407
v 3.878191 8.083691 7.883983
v 3.930761 7.816208 7.501105
v 3.668075 8.197474 7.235440
v -1.061881 18.398186 6.603118
v -1.322467 18.708786 6.837774
v 4.125708 7.672422 8.287230
v 0.650667 11.580288 5.064877
v 2.515841 7.810881 7.965090
v 2.696408 8.110487 8.028807
v 2.415032 8.277981 7.342768
v 2.221136 7.978975 7.323642
v 2.226885 7.535813 7.591804
v -0.828082 19.823647 11.258303
v -0.903910 19.232330 11.300049
v -0.480575 19.550602 11.247242
v -0.760533 20.373116 11.140836
v -1.474344 12.916107 10.570199
v 1.028098 12.266899 5.734059
v 1.627883 12.097116 6.145504
v 1.182569 11.930066 5.694806
v -3.892939 11.592076 7.295167
v 2.343083 6.998016 8.134521
v 2.486784 7.322147 8.356198
v 3.023245 10.117072 11.114431
v -3.376475 11.383195 6.430099
v 2.994843 11.049948 11.176796
v -3.655075 11.473449 6.836140
v 2.632524 10.443721 11.231967
v 2.805528 10.515848 10.867503
v -0.152449 19.326738 11.144268
v 3.171197 9.934878 9.981043
v 3.031565 9.741364 10.559357
v -0.296259 20.206877 11.128452
v 2.623762 10.964917 10.919364
v 2.564447 11.248590 10.750881
v 2.301601 10.820775 11.507966
v 1.330150 11.535123 5.694250
v 3.164993 6.998210 7.110576
v 1.600122 11.354296 5.551507
v 2.518623 6.997151 6.935539
v -0.330296 12.392267 12.347963
v 2.208333 11.086867 11.415566
v -1.395740 13.345106 12.407589
v -2.150092 12.959329 12.126327
v -1.936267 13.192456 12.269497
v 1.136360 11.596542 5.261014
v -2.138219 12.044764 7.822687
v -0.958810 20.600693 11.042260
v 3.142302 6.998202 7.405074
v 2.942393 6.997984 7.362915
v -0.371561 20.540102 11.064822
v 1.809278 11.600081 6.107965
v 1.855634 10.858097 6.016183
v -0.013580 20.705433 10.913172
v 2.370458 10.711554 12.172953
v 1.959206 11.294892 12.493031
v 1.960935 6.997940 6.423899
v -1.966534 20.164742 11.269907
v -1.583355 19.680906 11.121592
v -1.756981 19.956076 10.966652
v -2.050002 19.480680 10.899042
v 0.869656 10.931561 5.229144
v -0.083808 19.077417 7.857743
v -1.105754 19.874788 11.225108
v -1.229301 20.181526 11.126788
v 0.203685 11.810474 5.218546
v 0.780386 11.673747 5.409076
v 0.784121 11.141722 5.341402
v -2.320020 13.074894 12.065181
v -3.951337 13.701303 10.772602
v 0.411633 12.117277 5.358961
v -3.665675 13.735228 11.201507
v 2.066276 6.998218 7.545579
v 1.832881 6.997996 7.188882
v -2.399919 11.526077 7.969166
v -2.439064 11.815773 8.224204
v 2.674825 9.964643 11.751122
v 2.395469 10.046156 12.145516
v -2.510808 11.657936 8.258433
v -2.364225 11.956764 7.954456
v -0.292192 18.806408 8.003337
v 2.421196 10.350471 11.586720
v 2.177562 10.266515 11.919445
v -3.377739 13.921613 11.140728
v -1.458953 20.383160 10.964509
v 1.003275 11.849554 10.752418
v 1.056713 11.478802 10.498772
v 0.254961 11.070085 5.022969
v -3.694093 13.782164 10.673353
v 1.341124 7.891788 6.468031
v -4.030624 12.960089 10.448323
v -4.144481 13.514638 10.352337
v -1.884208 20.187372 10.776804
v -1.861060 20.425011 10.641763
v -0.617481 20.206064 9.085941
v -0.180977 20.567345 11.394672
v 1.447264 10.790954 5.532640
v -0.535978 18.935904 7.974041
v 1.797921 7.726038 6.929602
v 1.896344 8.118679 6.843921
v -0.793396 19.156815 7.993147
v 1.365670 11.056301 5.646033
v 1.202459 7.470783 6.487219
v 1.333442 6.998025 6.654378
v 1.663733 7.297760 6.918083
v 1.478968 10.675597 5.712103
v 1.038604 10.678970 5.452706
v -3.502271 13.318491 11.083447
v -3.205634 13.430618 11.428614
v -2.269099 11.414958 7.730055
v 1.899468 10.201834 6.011347
v 1.482138 10.330862 5.677476
v 1.047828 10.422708 5.425539
v -0.548894 20.322771 9.011838
v 0.259764 20.834551 11.178728
v -0.533773 20.246483 11.482939
v 1.264929 10.208519 5.607558
v -0.892949 20.161211 11.520223
v 1.860384 10.061374 6.047866
v 2.088306 10.618139 6.227789
v -1.149132 19.726278 11.494463
v -0.769487 19.765984 11.491853
v -1.057369 19.164114 11.429832
v -0.736916 18.651958 8.084191
v -1.772236 6.998019 6.206253
v -0.535538 19.353655 11.399612
v 1.570510 11.346992 11.352280
v -1.252866 20.487370 11.491948
v -2.093619 6.998096 6.379442
v 1.447613 11.291038 11.356728
v -0.580085 6.998024 5.944714
v -1.615559 20.455139 11.397448
v -0.508119 18.342484 7.401299
v -1.508670 19.564240 11.429013
v -1.615192 19.886934 11.412792
v -0.865201 18.540892 7.425351
v -3.817494 13.297480 10.570136
v 1.596942 11.288078 10.879910
v -3.755172 13.059171 10.703905
v -2.280602 14.128890 12.322618
v -2.816327 14.015626 12.021642
v -3.244685 13.844604 11.676121
v -0.575695 20.124500 9.012128
v -2.564139 14.194126 11.865396
v -2.403174 13.703032 12.033390
v -2.898795 13.553245 11.702546
v 0.527435 11.993196 11.384685
v -0.840335 18.335367 7.573269
v 0.605219 11.659121 11.159605
v -0.662668 20.311312 9.177253
v 0.767716 11.314275 10.872286
v -2.031663 19.370024 11.223115
v 2.564000 5.903999 4.389005
v -2.176100 13.589167 12.295383
v 3.356000 5.903999 5.038005
v 0.355633 11.121845 11.222707
v 1.791430 11.716457 12.515956
v -4.051621 11.717816 7.703755
v -4.025369 11.817229 7.463003
v -1.916098 21.120605 8.549312
v -2.961014 13.370509 11.834276
v -2.427281 13.067576 12.060942
v 0.767483 10.334563 5.357001
v 0.475870 10.570828 5.187217
v -2.694345 13.229770 11.858822
v 3.136000 5.686999 5.258005
v 2.391000 5.686999 4.648005
v -0.159037 18.890747 11.113076
v 0.332270 10.450690 5.205941
v -0.243530 18.211040 8.145993
v -0.698191 18.692736 11.260129
v 1.541000 5.686999 4.193005
v -1.657924 21.502851 9.361530
v -0.500724 18.435266 8.077737
v -1.945667 21.343229 8.887347
v -1.765596 20.962597 8.733130
v -1.920716 21.502619 9.114792
v 0.158780 11.856765 11.596789
v -2.108794 21.285585 8.495185
v -3.458408 10.335080 6.495381
v -3.682184 10.427151 6.606897
v 0.189454 11.491006 11.434638
v -1.731364 21.292564 9.146384
v -3.609670 13.149999 11.170476
v -3.522141 12.696327 11.107979
v -0.779523 18.119463 8.162574
v -4.101495 10.455316 6.689574
v -4.258223 10.296905 6.557832
v -0.423680 18.807106 11.209464
v -3.841528 12.577724 10.619477
v -1.513437 18.643486 8.124478
v -3.838748 10.498874 7.110336
v -3.463408 10.243741 6.855458
v -3.786696 10.413437 7.482853
v 1.026504 10.658282 11.158998
v -0.438368 7.400539 3.746509
v -0.926085 7.485001 3.753658
v 1.234102 10.481329 10.739363
v 1.366848 10.825210 10.719725
v 0.963005 10.008344 10.959174
v -1.579653 20.938261 9.094171
v -1.416262 7.565117 3.816363
v 1.175022 10.945450 11.191094
v -4.302982 10.705746 7.651768
v -0.895594 6.998071 3.737608
v -2.202384 7.421171 4.009848
v -4.169284 10.721913 8.032855
v -1.231852 6.998534 4.103988
v -1.049599 6.998925 5.647100
v -0.647764 6.998172 5.586593
v -0.466998 6.998188 4.091205
v -3.750672 10.270779 7.944441
v -3.484969 12.551510 11.069269
v -1.630412 6.998110 3.842247
v -3.952353 10.551523 8.029812
v -2.343387 6.998013 4.072390
v 2.107936 12.167418 6.835150
v 2.137563 11.932013 6.671889
v -3.250760 12.649092 11.353636
v -0.462610 18.948765 11.280608
v -3.675679 12.479824 10.796670
v 2.542112 11.766917 7.295122
v -2.483994 8.166593 4.178913
v -1.671799 20.682894 8.369796
v 2.474469 12.002868 7.449130
v 3.006067 11.041623 7.208060
v 2.728314 11.032722 6.727349
v -2.795926 7.518132 4.269564
v -0.981317 18.583027 11.273156
v -0.967804 18.741573 11.333837
v -1.299000 5.686999 3.913005
v -1.575987 20.439308 8.550578
v 2.277049 11.259146 6.550871
v 2.220264 11.616892 6.606338
v -1.183871 18.559141 7.687661
v -0.471463 9.407434 4.405166
v -0.249749 9.515368 4.628222
v -1.501423 18.811073 7.920379
v -1.774583 19.179165 8.018766
v -1.451352 20.547176 9.082295
v -1.307004 18.430500 7.923603
v -1.022444 9.703371 4.696059
v 2.608121 11.319817 7.113315
v -0.771075 9.220483 4.218193
v 3.217428 11.570361 7.733845
v -0.073863 9.527030 4.816935
v -1.231535 18.757656 7.544178
v -1.291800 18.887190 7.390839
v -0.659324 9.617476 5.016418
v 0.097454 9.424314 5.122633
v 0.132667 9.248743 5.347968
v 2.777200 11.242043 7.456744
v -2.340000 5.903999 3.906005
v -2.221000 5.686999 4.193005
v -2.403000 6.120999 3.753005
v -1.792963 7.261369 4.265092
v -1.935864 7.615835 4.420136
v -1.607087 9.846658 5.074027
v 0.719865 10.722370 10.817194
v -1.984452 9.937668 5.040017
v 0.325880 10.537270 11.155731
v -1.655078 19.116526 7.643131
v -1.214361 7.477028 4.254011
v 2.783886 11.629739 7.873364
v 2.924164 11.155122 7.828873
v -1.495092 19.289505 11.207149
v -1.674733 18.817837 11.166758
v -1.353670 20.098124 9.079967
v -1.221852 18.867998 7.262475
v -1.914433 19.016754 11.048538
v -2.892960 12.917954 11.750093
v 0.870330 10.498233 10.616942
v -0.779615 7.655929 4.341923
v -1.472772 9.781353 5.170436
v -1.587984 8.165392 4.825314
v -2.214025 18.745445 10.867316
v -0.990706 8.051329 4.935194
v -1.002616 8.022391 5.025526
v -2.230334 8.343409 5.245995
v -1.241789 19.106234 11.279099
v -1.616024 20.720707 8.863873
v -0.978528 8.058618 4.803232
v -1.725365 9.818325 4.773200
v 2.563513 12.059460 8.056844
v -2.660179 12.810433 11.845998
v 0.615246 10.092893 10.903723
v 0.895164 10.316847 11.139074
v -1.482554 9.606058 4.494709
v -1.507855 9.359997 4.316917
v -0.797950 7.977403 4.660664
v -2.206037 9.496167 4.527870
v -2.047932 7.903308 4.600732
v -1.490362 7.791291 4.437955
v -2.993889 12.721152 11.595807
v -0.780540 7.849828 4.491647
v -2.254153 9.170905 4.370573
v -1.477712 7.989558 4.589750
v -0.131477 10.929653 11.465561
v -1.140868 9.553692 5.316674
v -1.556883 18.985983 7.773096
v -0.153874 10.222673 11.385769
v -0.404411 21.357817 9.725638
v -0.432034 21.155891 9.577765
v 0.351769 10.642507 11.823457
v -0.129023 10.678949 12.183346
v -1.231509 18.465757 11.246348
v -0.098370 10.503516 12.006761
v -0.449787 7.327633 4.204764
v -1.439957 18.389126 11.206294
v -1.475365 18.549704 11.259251
v -0.567415 20.660984 9.570223
v -0.605002 20.879648 9.715255
v 0.718466 10.685112 11.521910
v 0.296528 10.381068 11.706884
v 0.604825 10.901837 11.852126
v -3.219754 12.816721 11.460639
v -0.573281 9.417209 5.269219
v -0.653714 9.189431 5.460902
v -1.036461 7.908773 5.209099
v -1.953111 18.824245 11.181468
v -0.378175 21.503111 9.882098
v -1.876096 18.389935 11.109002
v -2.162663 9.947998 5.425417
v 0.717473 21.503197 10.019003
v -0.296011 21.503113 9.539751
v 0.557096 10.176486 11.423929
v 2.341334 12.200123 7.505172
v -1.701944 9.692775 5.457409
v -1.311780 9.355529 5.536170
v 0.665628 11.043012 12.120708
v 0.976750 21.502893 9.488319
v 2.406467 10.657700 6.617891
v -1.969716 18.181679 10.994482
v -4.200089 15.290980 9.613080
v -4.149257 15.516762 8.894289
v -4.237053 14.983584 8.284962
v 2.426278 10.518600 6.423067
v 1.309357 11.234162 11.799440
v -1.636333 19.083786 7.377208
v -1.785468 19.199835 7.631169
v -4.271552 15.123710 8.899359
v 2.264157 10.090722 6.388268
v 0.716676 11.036369 12.304424
v 2.638967 10.101480 6.832234
v 2.691047 10.551003 7.057341
v -2.113336 19.284765 7.623740
v 1.029056 21.502901 9.011187
v 1.016722 11.080291 12.200301
v -4.365159 14.727193 9.136835
v 0.640507 11.014144 12.034437
v -4.433560 14.138650 8.752715
v -4.231681 14.893543 9.873338
v -1.687503 9.140990 5.821813
v -2.015723 9.548527 5.790843
v -0.470839 7.963710 5.865479
v -0.157619 8.332225 5.790374
v -0.477822 7.369031 5.939358
v -4.021764 15.734219 9.810425
v -1.517366 18.993147 11.352771
v -0.947765 7.512275 5.955839
v -0.949866 8.101191 5.881985
v -4.386332 14.246806 9.490783
v 0.117802 9.055981 4.274240
v -0.874276 7.676921 5.345806
v -0.801464 21.251722 9.394413
v -2.747296 19.899948 10.646917
v -2.058488 8.269524 5.320175
v -4.452593 13.751966 8.885316
v 3.208512 10.804506 7.738832
v -0.349940 8.782925 5.632128
v -0.086247 9.048624 5.497164
v -2.206936 20.232677 10.364865
v 2.997218 10.294857 7.374359
v -4.426050 13.651210 8.368194
v -4.438780 13.185064 8.885508
v -0.977255 8.947921 5.646321
v -2.270233 20.184427 11.074852
v -2.489773 20.019861 10.908434
v 3.095132 10.330091 8.056472
v -1.113481 8.478454 5.840715
v -0.671620 8.471585 5.761640
v -2.399418 19.378950 10.989141
v -2.410796 20.708900 10.877942
v -4.166631 13.389540 9.130547
v -1.087205 7.469129 5.497312
v -0.195014 7.510376 5.351797
v -2.698835 19.117495 10.688853
v -4.311475 14.007362 9.897076
v -0.203087 7.248594 5.482418
v 2.846464 9.872065 7.289331
v -1.650330 8.747474 5.951640
v -2.172282 19.762136 10.709176
v 2.917717 10.534081 7.547369
v 2.933125 10.059136 7.558269
v -1.709241 8.324636 6.089018
v -2.501176 19.263933 10.513556
v -0.996488 21.502443 9.529914
v -0.923414 21.004374 9.415195
v -2.127517 8.465714 6.314526
v 1.075938 11.065330 11.495562
v -1.955388 7.728923 6.306565
v -1.462820 7.532552 6.086447
v 1.680281 10.289608 12.376483
v 1.410767 10.545428 12.461571
v 1.893939 10.683860 12.017041
v -4.411044 13.428292 9.394105
v -4.302628 13.407293 9.882377
v -2.331900 20.113710 6.989705
v 1.280252 11.008281 12.210019
v -1.722047 8.074196 5.370845
v -2.655613 19.836117 7.156500
v 1.507526 11.262825 11.731777
v -2.320773 19.463894 6.727578
v 1.640476 10.893922 12.100025
v 0.233288 11.543905 7.256652
v 1.811163 11.175519 11.700732
v -2.294818 9.773019 4.774207
v -2.605697 10.015256 5.163996
v -1.443865 7.816474 5.442616
v -1.827655 7.665352 5.712153
v -2.916351 9.911967 5.116431
v -2.994600 9.663098 4.943402
v -0.827353 21.086740 10.068556
v -0.790096 21.246019 10.228119
v -1.131089 21.002707 10.220545
v -0.839884 21.245077 10.329636
v -1.761528 7.463961 6.210202
v -3.003269 20.052942 7.749928
v 0.360275 11.812937 6.954001
v 3.216465 9.305181 9.168105
v 3.261360 9.538509 8.871945
v -3.062633 9.336441 4.794158
v 3.330591 10.052855 8.580636
v -2.590244 8.836548 4.372270
v -2.722412 19.379726 7.080435
v -2.702281 18.615927 10.362881
v -3.088832 19.598318 7.698908
v -4.245239 12.709465 8.790923
v -3.021188 19.024801 7.427547
v 3.201845 9.670191 8.602155
v 3.188727 9.663843 8.312651
v 0.595514 11.475541 7.141586
v 0.773100 11.783182 7.173197
v -3.266622 8.974110 4.777593
v 3.167035 9.436897 8.540800
v -2.940844 10.178555 5.642040
v -2.827211 10.150656 5.697257
v -4.365159 12.648689 9.135967
v -2.329721 9.859817 5.752003
v -0.541958 21.339380 9.988335
v -0.629917 21.080153 9.868581
v -1.389997 7.240990 5.681007
v -1.685682 7.328463 5.770855
v 1.019057 12.014556 7.246804
v -2.080862 7.434419 5.956784
v -2.881737 10.144008 5.886342
v -1.473975 6.998027 5.758922
v -2.524283 19.401009 8.024915
v 3.075480 9.558629 8.061933
v -0.465523 21.502884 10.153310
v 3.244298 9.743080 9.149734
v -0.466340 21.502581 10.364278
v -3.259691 10.180960 5.642540
v 0.325725 21.503284 10.381339
v 3.298757 9.778618 10.000350
v -2.130797 6.997953 4.295392
v -4.232830 12.823910 9.872675
v -2.049127 19.308998 7.667450
v 3.093941 9.114027 10.245000
v 3.141953 9.264076 10.268827
v 3.185132 9.191092 9.704107
v -2.964488 10.052094 6.237830
v 3.204334 9.381823 9.704425
v -3.209954 18.964130 7.806381
v -2.800238 18.441845 10.453290
v -2.410939 18.633947 10.877603
v 1.379965 11.823261 7.697179
v 1.292968 11.507098 7.754551
v 1.471633 11.181273 8.197425
v -0.403364 21.078762 9.347002
v -2.480504 18.699909 10.627940
v -0.881537 15.275764 12.623693
v -0.651140 16.054714 12.535172
v -2.342220 18.515728 6.581003
v -0.401667 15.444609 12.578385
v -2.735265 18.692764 6.975749
v -2.238237 9.311312 6.107304
v -1.225946 15.211082 12.612580
v -1.313138 15.883256 12.518032
v -1.394934 16.314104 12.405645
v -1.847139 15.750835 12.408877
v -1.706233 15.119387 12.531295
v -2.569697 9.714758 6.140344
v 0.977073 11.494587 7.426918
v 1.231054 11.144094 7.803368
v 1.744860 12.201800 7.782321
v -2.277423 18.212549 10.853827
v -2.284645 18.630850 7.159287
v -2.125269 18.212656 6.867782
v -3.036587 18.556145 7.405479
v -0.114000 18.223999 8.640007
v -3.666923 10.102347 5.749147
v -1.183977 6.998065 6.007164
v -3.574757 9.802157 5.409154
v 1.441594 12.109946 7.555686
v 3.231885 10.072316 9.453623
v -0.508370 14.572571 12.587334
v -3.975885 9.910676 5.836773
v -3.787042 9.506643 5.386538
v -4.280900 9.644564 5.974136
v -2.061123 6.998227 6.052380
v -3.868961 9.112255 5.280938
v -3.117723 7.794712 4.459450
v 3.885436 8.655200 8.598819
v 3.854988 8.801725 8.739280
v 3.478325 8.804803 8.780744
v 3.537828 8.650111 8.612417
v 3.815226 8.914244 8.893081
v 3.802538 8.978808 9.057419
v -2.776961 6.998136 4.272271
v -0.992285 17.578239 8.265979
v -1.116803 17.945457 8.369676
v -2.366867 7.376989 4.471815
v -2.913030 7.488390 4.756394
v -2.687094 6.998220 4.523350
v -2.614738 7.751631 4.711191
v -3.181384 8.492956 4.591366
v -2.266120 8.154539 4.842669
v -2.222378 8.281105 5.004412
v -0.654715 14.873114 12.616153
v -2.846761 18.626263 7.827389
v -3.233306 7.888432 5.101789
v -2.555299 8.008167 4.826097
v -3.165775 8.148358 5.212755
v -2.787238 8.456460 5.418758
v -2.520096 18.403122 7.269135
v -2.576497 18.803040 7.538153
v -2.400711 19.011499 7.503732
v -3.817495 8.633313 5.098345
v -2.649127 19.204109 7.950441
v -1.209108 14.429478 12.605517
v -1.430887 18.020948 8.322756
v -3.618853 7.859587 4.815422
v -2.264638 8.943244 6.282718
v 3.969338 8.981259 9.276112
v -0.763900 14.209898 12.397157
v -4.166183 8.151426 5.347396
v -3.800911 8.317293 5.809998
v -3.707882 8.515486 5.926894
v -1.162553 17.612995 8.381069
v -3.853504 8.723861 6.367414
v 3.750000 8.999998 9.234006
v -4.309213 7.835624 5.495767
v -3.979849 7.496673 5.139628
v 0.477116 11.432532 7.408014
v 3.530661 8.981258 9.191899
v -3.338949 6.998076 4.619458
v 3.697463 8.978807 9.410597
v -3.680096 6.998542 4.893804
v -1.090698 20.690195 9.375179
v 0.728613 11.293213 7.620780
v -3.410120 7.601744 5.110692
v -3.167374 6.998722 4.794989
v 3.490378 8.910478 8.955709
v 0.573711 10.915747 7.202538
v -3.663787 6.998000 5.176066
v -3.677703 7.291234 5.236474
v -0.831341 20.607656 9.787723
v -1.486515 17.678362 8.588875
v 0.851249 10.874092 7.428570
v -3.513485 8.683328 6.150633
v -1.772007 14.290704 12.503984
v -3.042245 8.551165 5.842260
v -2.989542 8.517621 5.910693
v 3.177866 8.805572 9.028666
v 3.249148 8.558052 8.637641
v 0.947388 11.150176 7.884558
v -0.218385 14.097607 12.460049
v -0.759089 13.954086 12.538489
v 0.155256 10.456044 7.016107
v 0.241657 10.270794 6.993202
v -0.454690 13.837433 12.370547
v -3.719466 7.876211 5.466206
v -4.208235 7.429148 5.810175
v -1.343632 17.415621 8.570285
v -2.250822 19.177120 7.540700
v -3.125151 8.501266 5.574824
v 0.583057 10.263106 7.250702
v 0.367971 10.799973 7.229517
v -4.063683 7.770626 5.764480
v -4.086954 8.116933 5.959197
v -3.099849 8.348601 5.350224
v -2.079012 7.982503 5.684532
v -2.404807 7.832193 6.027979
v -2.414622 7.377298 6.227275
v 3.059888 8.658553 8.908978
v -2.549273 8.119692 5.974622
v 0.581099 10.548757 7.215834
v -2.238062 8.208843 5.601764
v 3.330836 8.911605 9.150293
v -0.872428 13.841882 12.409573
v 0.353832 11.012070 7.069306
v 3.361146 8.911714 9.383929
v -2.730208 8.345603 5.922539
v -1.526363 17.960125 8.783217
v 2.945631 8.647778 9.173585
v -2.987401 8.260426 6.352824
v -3.344694 6.997541 4.231301
v -3.400000 6.554999 4.154005
v -4.168356 6.997379 4.905595
v -4.235000 6.554999 4.839005
v -4.043976 6.998131 5.249070
v 3.814793 8.472894 8.472077
v -2.537700 6.998002 6.401135
v -4.155914 6.997993 5.669238
v -0.757339 13.510587 12.437720
v -0.861401 13.338348 12.383321
v -1.354534 18.035461 9.073811
v 3.568056 8.412924 8.456894
v -1.176960 21.503033 9.546516
v -1.348617 21.502325 9.511023
v -1.477720 21.187355 9.321158
v -0.598585 13.371109 12.357792
v 3.790177 8.250561 8.369959
v -1.332516 20.844715 9.306573
v -1.520458 18.123919 8.957103
v 3.703454 8.327468 7.921824
v -3.171840 18.114155 7.728006
v -2.288556 7.814040 6.528920
v -3.052908 9.883032 6.606620
v -1.421190 13.785138 12.505215
v -1.412751 17.689169 9.176372
v -2.861785 6.998447 7.059808
v -2.539419 6.998011 6.709195
v -2.650961 9.446275 6.420393
v -3.006718 9.587176 6.806006
v -3.023944 9.247259 7.047812
v 3.405563 8.439907 8.506482
v -2.716406 9.107452 6.668694
v 1.279657 9.847590 8.085728
v 1.290832 10.604666 8.021753
v -0.511097 17.221678 5.956024
v -1.155610 21.156067 9.450407
v 1.097905 10.614738 7.725935
v -3.481493 10.077836 7.239366
v -0.922326 17.221495 5.982940
v -1.226021 17.657988 6.022807
v -1.296040 13.211357 12.361728
v -1.585735 18.016451 6.134662
v -2.901686 7.998805 6.448299
v -2.828053 7.682559 6.523535
v 0.888385 10.438526 7.481330
v -1.498763 17.419590 6.115824
v 3.008468 8.229221 8.589613
v -2.793656 8.238691 6.997164
v -2.777678 7.708553 7.028288
v -0.332322 12.438775 12.523774
v -1.378249 17.847935 9.310314
v -3.321281 9.410415 7.569801
v 3.234556 8.402577 8.554242
v -3.344634 9.750599 7.316381
v -2.524182 7.593140 6.745279
v -3.603294 9.945816 8.001774
v 0.797864 10.576033 7.576175
v -0.854279 16.641941 6.048646
v -0.604437 16.120636 6.134584
v -3.523589 9.606409 8.228067
v -1.406581 17.492090 8.402807
v -2.776466 7.330250 6.581338
v -1.396320 17.695030 8.808763
v 3.306068 8.572092 7.819623
v -0.446187 12.210610 12.160448
v -1.517294 17.483517 8.764802
v 2.915849 8.483203 8.863340
v -3.049275 7.390400 7.406708
v -1.003222 16.863802 8.175183
v 3.067103 8.506433 7.946282
v -3.163717 7.488475 7.072391
v -3.067973 6.997961 7.024575
v 2.764918 8.253931 8.871640
v 2.720310 8.361317 9.174405
v -2.895052 8.765398 7.032938
v 2.679630 8.015551 8.840098
v -0.647313 16.774336 6.175159
v -0.853004 16.442322 6.183236
v -3.227063 7.850778 7.025108
v -3.304400 8.166062 6.951143
v -2.507621 8.601220 6.603740
v -0.203145 16.725357 6.210109
v -1.394332 16.805555 6.153563
v -2.091837 20.468884 9.985149
v -1.721502 20.676033 10.100965
v -1.253834 17.792189 8.111774
v -1.223281 17.329630 8.159375
v 2.575924 8.016343 9.154581
v -1.781897 20.689770 10.291344
v -2.577466 11.790182 8.576796
v -2.586905 11.913556 8.797524
v 2.765292 8.393177 9.422891
v 2.973726 8.651263 9.402333
v -1.476319 17.139711 8.683544
v -2.990724 7.958069 7.333707
v -1.227110 16.320045 6.208583
v 4.009505 8.910455 9.512437
v 0.492809 10.141724 7.121712
v -0.429898 17.602169 6.324691
v -0.594910 17.969040 6.427153
v -1.016329 17.800581 6.353633
v -3.135096 6.998002 7.457121
v -0.424178 17.244375 6.243042
v -3.170564 8.340004 7.654654
v -1.551064 20.696083 10.056970
v -0.186945 18.262354 6.744610
v -2.559559 12.075027 9.221884
v -3.281314 8.043720 8.013676
v -3.366818 7.683859 8.301128
v -1.484734 17.420784 8.948616
v 2.159025 8.342242 4.982433
v 1.555954 8.775105 4.781615
v -3.526785 7.326927 8.037784
v -3.652286 7.875401 8.396785
v -3.575488 7.945565 7.887734
v -3.727642 8.234666 8.377353
v 1.913480 9.048162 5.484023
v 2.195811 8.853142 5.455037
v -1.508275 17.713854 8.976071
v 1.620187 9.143624 5.403470
v 1.249492 9.233953 5.277902
v -1.002447 18.112858 6.466112
v -3.433205 7.827155 7.506752
v -3.562506 8.303143 7.433273
v -0.387385 18.152760 6.567152
v 2.429762 8.931379 6.197778
v 2.736024 8.822385 6.324256
v -3.331806 8.544510 6.516951
v -3.205847 7.607340 7.761192
v 2.912791 8.662238 6.222318
v -1.422400 17.611944 9.286385
v -3.816428 8.765746 7.324430
v -3.471759 8.452254 6.974536
v 2.315232 8.608609 5.314844
v 3.585986 8.799258 9.718034
v 3.863272 8.801901 9.727364
v 2.648000 8.228999 5.412005
v 3.894228 8.576832 9.931307
v -3.402965 6.998055 8.097296
v -4.118104 8.652312 6.490408
v 3.614282 8.655412 9.868999
v -3.537626 6.998116 8.122096
v 3.389525 8.372545 10.006227
v -3.755742 8.798017 6.777892
v -3.346254 6.998458 7.555939
v 3.656687 8.251663 10.099512
v -1.461652 17.658539 9.166472
v -1.337111 20.914774 10.256862
v 0.569199 9.347406 4.786655
v 1.087684 9.258251 5.038853
v 0.506027 9.218493 4.547750
v -1.133109 21.077404 10.412567
v 0.403575 9.401065 5.082683
v -3.982131 8.907148 7.314086
v -4.014693 8.842149 6.770422
v -4.360620 9.071897 7.756798
v 3.647488 8.917050 9.568536
v 3.144179 8.805174 9.365746
v 3.347837 8.801963 9.618835
v -1.866673 17.633459 6.266309
v -1.642994 18.021671 6.556527
v -1.504838 17.407539 9.119351
v 3.244678 8.571162 9.815127
v 3.028316 8.571604 9.643312
v 2.979975 8.252753 9.845723
v 1.623175 10.098671 5.857759
v -1.536669 17.278334 8.985282
v 3.752459 7.893642 10.203154
v -3.514242 22.973431 9.097028
v -3.146915 22.975750 10.244790
v -3.746000 22.743998 8.734008
v -3.680000 22.743998 9.398008
v -3.486000 22.743998 10.037008
v -3.171000 22.743998 10.626008
v -3.237552 8.960143 7.622798
v -2.115050 17.711786 6.415740
v -1.969662 16.996836 6.416173
v -4.501681 6.998232 6.133574
v -3.829000 22.058998 8.734008
v -2.228076 17.876015 6.844845
v -1.732847 17.680643 6.513864
v 2.563240 6.998329 9.234744
v -3.508687 6.998703 8.576393
v -3.506000 21.601997 8.734008
v -3.771000 22.286999 9.417007
v -3.220183 21.503000 9.306614
v -3.248000 22.286999 10.678008
v -3.572000 22.286999 10.073008
v -3.563000 22.058998 10.069008
v -3.761000 22.058998 9.415008
v -3.266000 21.601997 9.946008
v -1.260783 17.514868 6.328218
v -5.057933 6.998093 7.299438
v -3.857870 10.438372 8.588243
v -4.819899 6.998357 6.692750
v -3.446000 21.601997 9.352008
v -3.843039 10.604528 9.236280
v -3.676960 10.305288 9.323956
v -2.887340 21.502964 10.213819
v -3.244000 5.903999 4.389005
v -4.056199 8.957020 8.096404
v -3.799814 8.647485 7.691830
v -4.152000 6.120999 4.921005
v -3.336000 6.120999 4.251005
v -4.423000 5.269999 4.651005
v -3.816000 5.686999 5.258005
v -3.071000 5.686999 4.648005
v -4.036000 5.903999 5.038005
v 1.583869 9.122785 5.631923
v -3.800891 11.078803 10.140230
v -3.681344 10.797049 9.954812
v 2.766365 8.253874 9.598999
v -2.367167 21.501444 8.741552
v 2.611733 8.015567 9.477736
v -2.550480 21.501823 8.799772
v 1.040578 9.202323 5.448549
v 3.053874 7.897091 10.030622
v -2.179200 21.502518 8.834176
v 2.784608 8.016063 9.774170
v -4.427000 5.686999 6.003005
v -5.141000 5.269999 5.526005
v -5.113000 4.436999 3.961005
v 1.447259 9.678997 8.532158
v 1.454028 9.022889 4.939183
v -4.606204 8.109063 5.901319
v -4.867378 7.871773 6.314524
v -4.840138 8.343733 6.303109
v -0.566240 17.889969 7.677413
v 1.492104 8.477142 4.567474
v -1.010271 18.197044 7.753324
v -4.591678 7.336657 5.898121
v 1.524531 9.620825 8.685500
v -4.447717 8.094865 6.404470
v 0.852578 8.915039 4.467505
v -3.776018 8.469083 8.055637
v -4.292269 7.247058 5.496810
v -4.868379 7.398571 6.354585
v -4.567428 6.997997 5.928350
v 0.772021 8.616220 4.263304
v -3.413775 10.075726 9.855945
v -3.463774 10.525896 10.084639
v -4.841719 6.997547 5.729335
v -4.920000 6.554999 5.674005
v -5.429000 6.554999 6.626005
v 1.532368 9.491590 9.064167
v -0.403722 11.984797 11.957977
v -0.244095 11.718389 11.750760
v -1.045259 11.792323 12.010763
v 1.555688 9.954236 9.104991
v -1.149977 18.185675 9.452828
v -5.124801 7.592959 6.884024
v 1.568093 9.386076 8.811010
v -0.481389 18.116022 7.551809
v -0.116952 17.896988 7.639399
v 1.449869 9.572812 8.344680
v -2.759979 21.376482 8.880829
v -2.929101 21.017401 8.555802
v -0.353754 11.292790 11.642894
v -1.039783 18.217281 9.560522
v -0.763885 11.552212 11.840393
v -2.730481 21.503046 9.198498
v 1.244018 8.968272 5.806075
v -4.614432 10.462804 7.339306
v -4.526736 10.679211 7.700793
v -4.923561 6.997999 6.583196
v -4.408927 10.055721 6.459862
v -2.916928 21.240095 9.165382
v 1.903547 8.974421 6.048336
v -4.634140 7.573190 6.472929
v 2.428100 8.876598 6.466962
v 1.589467 9.291655 9.112049
v 1.578058 9.226318 9.382810
v -1.294808 17.943087 9.345864
v 1.825329 8.801037 6.260357
v -3.096456 20.778378 8.772181
v 1.527711 8.610539 6.240697
v -1.263895 17.897751 9.454496
v -4.947970 7.871441 7.241956
v -5.048829 7.348673 7.329147
v -4.766342 8.014565 6.917800
v 1.423706 8.284926 6.364398
v 1.348206 9.665792 9.843270
v 1.504281 9.876993 9.739721
v 0.707248 9.108090 5.532459
v -1.618997 11.880705 12.110949
v -2.196892 11.714000 11.910603
v 0.445575 8.913245 5.633144
v -1.688328 11.600316 11.901563
v -0.367057 17.730146 8.173841
v 0.178489 8.645425 5.723480
v -5.258725 8.185991 7.240916
v -5.347723 7.749212 7.577375
v 0.957144 8.776400 5.853391
v 0.790283 8.476603 5.945787
v -4.829452 10.246863 7.404068
v -2.744440 21.502205 9.722155
v -2.909486 21.141790 9.788738
v -5.201944 7.377294 7.913118
v 1.395161 9.689055 10.099306
v -1.727519 11.248492 11.716095
v -1.294961 11.385569 11.819823
v -5.113757 8.054644 7.942323
v 1.483257 9.269805 9.705756
v -5.461963 7.879142 8.191700
v -0.986180 17.881109 7.862103
v -4.474410 9.281465 6.016787
v -0.687264 17.653925 7.790161
v -3.047929 20.968067 9.327098
v 1.533099 9.116386 9.707208
v -4.608996 9.755895 6.499723
v -4.360381 8.772948 5.689446
v -1.012677 11.073183 11.711565
v -5.223671 6.998195 7.417702
v 2.507836 9.799763 6.818115
v -0.524907 10.790812 11.570107
v -5.273536 7.501895 8.502474
v -4.922066 9.895247 7.201141
v -5.322000 6.120999 6.671005
v -2.590263 21.503006 10.206623
v -2.654931 21.335730 10.264416
v 1.085075 10.053750 10.309573
v 1.101847 9.441114 10.428934
v -5.083346 9.523937 7.286975
v -4.855137 9.415885 6.701304
v -5.071926 9.019936 6.960578
v -0.928175 10.649739 11.607619
v 2.180721 9.921352 6.385930
v -0.607874 10.053387 11.501049
v -5.345306 6.998823 8.148592
v -2.859764 20.879177 10.190648
v 1.218736 9.243942 10.487137
v 2.788840 9.700100 7.303796
v -4.799586 8.911634 6.371886
v 2.684092 9.922975 7.061957
v -0.186479 17.645176 7.752940
v -0.571863 10.363065 12.112464
v -1.150622 10.197421 12.127039
v -1.338723 10.347656 12.257825
v 2.402036 10.031667 6.625566
v -5.210987 6.998006 7.908778
v -0.212660 10.214575 11.905209
v -4.823000 6.120999 5.738005
v -4.685000 5.903999 5.831005
v 3.220642 10.162763 8.026032
v 3.006774 9.591023 7.829194
v -5.178241 8.485785 7.038105
v 1.302170 9.069744 10.252913
v 1.420262 8.968739 10.114120
v -1.592906 10.883295 11.618570
v -2.003000 23.200998 10.761006
v -4.127000 23.256998 10.303008
v 3.118532 9.635054 10.702228
v -1.643000 22.743998 11.880008
v -1.004000 22.743998 12.074008
v -0.710599 22.974091 11.906322
v -1.558000 22.971998 11.674007
v -0.340000 22.743998 12.140008
v -0.340000 23.256998 12.833008
v -1.140000 23.256998 12.754007
v -0.720000 23.200998 11.305008
v 0.460000 23.256998 12.754007
v -4.881000 5.686999 6.853005
v -5.160000 5.686998 7.775005
v -2.108000 22.971998 11.380008
v -5.169000 5.903999 6.734005
v -1.990463 10.743774 11.465591
v -2.226291 11.079669 11.500902
v -1.491623 10.456229 11.543019
v -4.224995 8.450793 6.384864
v -4.728836 8.360383 7.113684
v -4.503883 8.564846 6.902217
v -0.375321 17.435215 7.811114
v -0.995139 22.010786 12.152217
v -0.340000 22.058998 12.223008
v -1.023000 22.286999 12.165008
v -0.340000 22.286999 12.232008
v -1.552000 21.601997 11.660007
v -0.999687 21.503044 11.611958
v -0.958000 21.601997 11.840008
v -0.492463 17.708836 8.157446
v -4.441680 8.790587 7.112131
v -1.678000 22.286999 11.966008
v -5.255000 5.686998 8.734005
v -1.675000 22.058998 11.957008
v 2.830185 9.499291 11.352684
v -4.307700 8.920151 7.207843
v 2.975312 9.148353 10.795073
v 0.094064 21.503004 11.205037
v 0.354758 21.503025 11.600283
v -0.010247 21.130665 11.298306
v -0.521101 20.795036 10.993622
v 2.847269 9.759089 11.017984
v 2.715943 9.303220 11.296608
v -0.587504 21.031521 10.875661
v -2.211511 11.435938 11.689490
v -1.052464 20.812176 10.906053
v -5.302000 3.603999 3.772004
v -0.204728 16.933966 8.259697
v -5.256000 3.186999 3.817004
v 4.074959 7.627702 10.203892
v -5.266715 9.131094 7.576007
v -5.369061 8.558327 7.712780
v 4.059250 7.233965 10.190103
v -0.939598 10.058883 11.533893
v 4.397442 6.997989 10.023758
v -2.032786 10.264900 11.335982
v 3.974096 7.992792 8.304113
v -4.757812 8.703629 7.585720
v 3.444690 8.469418 7.156842
v 3.123972 8.691043 7.061882
v -4.944503 8.496614 7.819050
v 2.437713 9.356401 11.969089
v 2.511330 9.655368 11.629109
v -4.690495 8.959344 7.922293
v -0.165415 20.964956 10.870142
v 4.273710 7.226377 8.345665
v -0.042789 16.394094 8.345409
v 2.742891 9.046393 11.306743
v -0.749472 21.151142 10.750816
v -4.540195 9.084635 7.974322
v -0.603228 17.353081 8.156022
v -3.458997 11.567275 11.337466
v -0.212060 21.219292 10.749156
v -0.841342 17.595667 8.197640
v -3.582429 11.443670 10.990988
v -3.458121 11.268283 10.806168
v -2.893719 11.490212 11.450377
v 4.161731 6.997507 11.738704
v 4.022814 6.997992 10.152529
v -0.960317 17.510843 7.934418
v 2.643129 8.729412 6.948440
v -1.228232 17.165682 8.368999
v 2.249811 9.340754 11.993556
v 4.240000 6.554998 11.794005
v 3.488423 6.997192 12.562480
v -1.311146 17.184704 8.267183
v 4.143000 6.120998 11.730005
v 4.201000 5.686998 10.615005
v 2.039886 9.555772 12.213545
v 4.461000 5.269998 11.942005
v -1.475684 16.996296 8.528601
v 4.489000 5.903998 10.734005
v 4.005000 5.903998 11.637005
v -0.734927 21.284006 10.579645
v 2.703795 8.878300 11.257464
v -3.178814 11.704171 11.806042
v 3.050928 8.629185 7.517639
v -3.904678 11.453984 11.267285
v 2.919069 8.984394 10.790732
v 2.306771 8.636747 6.820511
v 2.730355 8.447058 7.578211
v -0.984094 21.168196 10.506350
v -2.642074 11.824177 12.021199
v 2.022732 8.444314 6.746109
v 2.496830 7.596863 9.169814
v -1.382394 16.860363 8.418375
v -1.214473 16.613688 8.212376
v 3.461397 8.517475 7.781034
v 2.556787 7.760462 8.977572
v 2.557613 7.763888 9.491367
v 2.681831 7.641534 8.717554
v -3.137803 11.720256 11.951077
v 2.272311 8.872192 12.009393
v 2.601477 7.343398 8.845857
v -3.218677 11.676964 12.023647
v -1.267140 18.117317 8.020399
v 2.433761 8.773870 11.702497
v 2.841745 7.999565 8.632866
v 2.115685 8.694377 12.113229
v 2.393770 15.890617 9.301116
v 2.385545 16.030132 8.892605
v 2.412198 8.916315 11.762476
v -1.329331 16.735100 8.275352
v -2.801890 11.718934 11.793035
v -2.707296 11.268193 11.361342
v 2.569607 7.156701 9.011718
v 2.517695 7.362586 9.401470
v 2.608750 6.998016 9.011819
v -1.411785 16.660656 8.358698
v 0.150754 21.131857 10.680776
v -1.499705 16.830536 8.534345
v -0.335861 21.371241 10.639587
v -1.132279 16.917746 6.229025
v 0.079511 21.384998 10.573677
v -0.369398 21.502968 10.471446
v 2.305805 15.317234 8.891622
v -0.855403 17.383396 6.253778
v -1.169394 21.503004 11.348222
v -2.055976 21.503006 10.915113
v -2.124741 21.502964 11.077366
v -2.096321 21.271891 10.986230
v -1.614374 21.502806 11.205343
v -1.953966 20.895300 11.182067
v -1.502391 21.071976 11.356802
v 2.178516 15.468612 8.912512
v 2.185778 15.365634 9.324678
v -3.558183 11.460479 11.981174
v 1.873618 9.023729 12.397149
v 1.915545 8.608213 12.315482
v -1.188322 20.928045 10.735861
v -1.460095 20.621857 10.823849
v -1.846425 17.143017 6.501997
v -1.533325 17.143196 6.362027
v 2.129308 15.507387 8.539190
v 2.338221 15.679148 9.776977
v 2.546263 6.997982 9.008026
v 3.435448 7.894907 10.172977
v 1.214191 9.696183 10.513395
v 1.127618 9.832693 7.730229
v 1.000123 10.047199 7.647552
v -2.746378 10.887198 11.113180
v -3.069121 11.129582 11.007400
v -2.379723 10.604027 11.241548
v 2.313163 15.176415 9.426167
v 3.638773 7.500277 10.233940
v 2.180959 14.721864 9.914787
v 3.748944 6.999926 10.183578
v -1.572355 20.731083 10.624914
v 2.149457 15.410047 9.645636
v 2.049996 15.772151 9.913562
v 1.991197 16.160620 9.796800
v 3.217755 7.503267 10.143283
v 3.037142 7.238543 10.041004
v 3.423832 7.240228 10.187240
v 2.189749 14.933229 8.671942
v 2.738495 7.763168 9.800853
v 2.594857 7.387453 9.629058
v -2.775141 9.958927 10.750313
v -2.789715 10.437489 10.884703
v -3.127274 10.721766 10.681003
v -1.874847 16.539911 6.469832
v 1.316129 9.680511 8.025250
v -2.464714 10.096761 11.051687
v 2.169388 14.843126 8.916985
v 2.733018 7.237713 9.794521
v 2.600440 6.997985 9.447142
v 2.856210 7.499800 9.938559
v 2.185525 14.835830 9.320654
v -1.549646 17.075329 8.784845
v 3.040503 6.997991 9.988229
v -3.372836 10.989346 10.597322
v 0.795624 9.863400 10.738441
v -1.279231 20.980433 10.552713
v -3.125199 10.271035 10.449254
v 2.160001 14.580984 9.293621
v 2.214249 14.716706 9.422816
v -3.041950 9.819828 10.396366
v 2.133472 14.721972 8.749239
v -1.243708 16.424154 8.151513
v 0.919461 9.435735 10.901941
v -1.938642 16.385477 6.587097
v 0.187987 9.914579 11.218792
v 0.423397 9.782873 11.069135
v -3.703096 10.112357 8.610309
v -1.839099 16.517332 6.507312
v -3.523625 9.543217 8.725428
v 0.998837 9.908543 7.566962
v -3.454888 9.458299 9.287018
v -3.560739 9.885509 9.205920
v 0.118140 9.508748 11.280433
v -1.527407 16.680664 6.346662
v -3.431154 9.157379 8.258106
v 0.356481 9.054960 11.221663
v 0.786685 10.003712 7.338936
v 3.404215 6.997993 10.136233
v 2.761248 6.997991 9.749141
v 2.664752 6.997454 13.236737
v 2.147200 14.895919 9.730829
v 3.747000 5.686998 11.465005
v 3.136000 5.686998 12.210005
v 0.770450 9.245911 10.868252
v 3.356000 5.903998 12.430005
v 3.472000 6.120998 12.547006
v 1.021044 8.887515 10.731027
v 3.743000 5.269998 12.817005
v 4.170000 4.853998 13.243005
v -0.670309 21.502590 11.390894
v -1.049333 21.239367 11.429880
v 3.555000 6.554998 12.629004
v 2.720000 6.554997 13.314005
v 0.683764 9.435534 11.148279
v -0.366603 17.045700 7.894639
v 0.677912 8.971544 11.138763
v -0.429933 16.871347 8.161291
v -0.443133 20.875568 11.452676
v 1.723000 6.120997 13.715005
v 0.511454 9.679614 11.326015
v 2.868000 5.269998 13.535005
v 2.656000 6.120997 13.217005
v 2.564000 5.903998 13.079005
v 1.660000 5.903997 13.562005
v 2.123890 14.475704 9.702285
v 0.235001 9.706140 11.526492
v -3.321865 17.913937 8.923319
v 0.048446 9.076738 11.542218
v -0.388062 21.502972 11.359460
v 2.391000 5.686998 12.820005
v -0.788814 20.772686 11.499778
v -3.286061 9.653575 9.910690
v -0.278765 16.639492 8.200783
v 0.619000 5.686997 13.555005
v -0.340000 5.686997 13.649005
v 1.541000 5.686997 13.275004
v -0.009929 16.765100 8.040617
v -3.306078 8.837455 9.587383
v -3.172794 8.957105 9.968447
v -0.653184 17.266199 7.870080
v 0.087042 10.008864 11.687083
v -0.321140 15.865328 6.209940
v -0.659468 15.970939 6.196358
v -3.412916 7.807108 8.743717
v -0.926411 16.036827 6.224298
v -3.004142 18.348869 8.033404
v -3.225866 17.480295 8.950879
v -3.400062 7.901664 9.181731
v -3.386454 8.368684 9.093701
v -3.481431 7.305233 8.995916
v -4.116644 23.999996 10.753661
v -4.117000 23.950998 10.753008
v -3.650743 23.999996 11.451297
v -0.958439 17.028372 7.998828
v -3.587525 23.947392 11.519117
v -3.870000 23.950998 11.093008
v -3.697269 8.166744 8.999669
v -3.612683 7.426878 8.915776
v -3.381000 23.850998 11.775007
v -3.916000 23.850998 11.124008
v -0.761191 16.881037 7.942626
v -3.378000 23.633999 11.772008
v -0.575787 16.732271 7.927673
v -3.056654 23.999996 12.045252
v -3.581109 7.553498 9.296948
v -2.359000 23.950998 12.512008
v -2.954329 23.949526 12.120101
v -2.358550 23.999996 12.512201
v -2.730000 23.850998 12.311008
v -2.726000 23.633999 12.306007
v -3.157057 17.327112 9.044163
v -3.103167 17.443806 9.402260
v -0.326880 14.863452 5.928991
v -3.271693 17.722336 8.308420
v -3.185022 17.289499 8.361128
v -3.394394 8.837241 9.182175
v -0.478384 14.859173 5.722478
v 1.839109 9.960259 12.334470
v 1.103460 8.717308 10.722317
v -3.179566 17.448811 8.922558
v -3.355249 8.466373 8.281512
v -3.401851 8.575610 8.737200
v 1.258428 8.816163 10.471029
v -3.149386 17.811859 9.319027
v 0.990261 8.894930 10.831684
v -3.606776 7.424541 8.518291
v -0.735983 17.084152 8.144548
v 0.154100 16.145145 8.575248
v -0.996088 14.842253 5.541489
v -3.748000 23.256998 11.011006
v -3.846000 23.417997 11.077006
v -2.590000 22.971998 10.984008
v -2.748000 22.743998 11.143007
v -3.153441 17.180204 8.574860
v -3.149638 17.687738 8.336196
v -3.570697 6.998047 9.416090
v -0.578285 14.877219 6.162922
v -0.543308 14.704947 6.377776
v -1.453475 15.197557 6.099770
v -3.239000 23.256998 11.633008
v -2.617000 23.256998 12.142008
v -3.861057 8.664788 8.805865
v -3.964937 9.034109 9.229731
v -3.969732 8.839824 8.453366
v -2.232000 22.743998 11.566008
v -3.792088 8.855706 9.537692
v -3.100984 17.076797 8.241425
v -3.021539 18.301367 10.089023
v 0.624363 8.686693 11.146553
v 0.324319 15.931560 8.464143
v -2.942367 18.081350 9.965458
v -3.322569 8.140063 9.540106
v -2.579000 21.601997 10.973008
v -2.816600 22.092136 11.212729
v -2.973000 21.601997 10.493008
v -2.708868 18.003389 10.345295
v -2.849819 17.910273 10.197629
v -2.099000 21.601997 11.367008
v -3.031402 17.770029 9.834157
v -3.566441 8.087931 9.599647
v -3.240000 22.058998 10.672008
v -2.879344 17.673941 10.021758
v -2.278000 22.058998 11.635008
v -2.283000 22.286999 11.642008
v -0.941538 16.571594 8.001661
v -2.366399 21.502981 10.593861
v -2.512707 21.081127 10.638968
v 0.835904 8.589693 11.031425
v -0.372323 16.252613 8.102013
v -3.736577 8.459963 9.220595
v -1.626717 15.008586 5.689601
v -1.860583 14.812289 5.578137
v 0.405841 8.958087 11.339504
v -3.089671 7.725292 10.323419
v -3.214878 8.176230 9.897424
v -3.014422 17.568081 9.716285
v -1.313310 15.133761 5.913790
v -1.869424 15.250730 6.010484
v 0.126342 15.754226 8.430389
v 0.589875 8.476721 11.250731
v -0.107580 16.006945 8.218164
v -1.179826 15.051298 5.782033
v -3.387178 7.685795 9.998960
v -3.376133 7.512136 9.645184
v -2.108886 15.144804 5.908028
v -3.368599 7.151801 9.959870
v -1.916311 14.490807 5.425027
v -0.339657 16.495596 7.966317
v -2.360062 14.949274 5.840053
v 0.555352 15.744052 9.239916
v 0.539390 16.128210 8.831536
v -4.586511 23.945210 9.139010
v -4.602000 23.950998 8.315008
v -4.346455 23.952267 10.144810
v -4.602000 23.999998 9.153008
v -4.635000 23.633999 8.734008
v -4.439000 23.256998 8.734008
v -4.475000 23.417997 9.556007
v -4.642000 23.850998 8.734008
v -3.497015 7.507155 9.679773
v 0.466054 15.698934 8.782422
v -3.454162 6.998339 9.879950
v -3.599036 9.023718 10.140097
v -3.606132 8.626705 9.826703
v -4.438315 23.999996 9.979978
v -4.559000 23.850998 9.573008
v -4.439000 23.950998 9.978008
v -3.214618 18.132545 9.610125
v -4.360000 23.256998 9.534008
v -4.309000 23.633999 10.378008
v -4.314000 23.850998 10.380008
v -0.643394 16.295542 7.937686
v 1.664029 8.705724 12.618863
v -0.760000 23.999998 12.997007
v 0.080000 23.950998 12.997007
v -0.872938 23.948778 12.973933
v -0.340000 23.950998 12.979008
v -0.676156 16.532030 8.072046
v -3.383465 6.997893 10.082664
v -3.540478 6.998145 9.291958
v -3.618540 6.998025 8.820477
v -5.297668 6.998171 8.681860
v 0.080000 23.999998 12.997007
v 0.316079 15.790914 9.119248
v 0.010837 8.269897 11.583054
v 0.260816 8.364122 11.464040
v 0.488000 23.950998 12.898008
v 0.146204 8.501318 11.461099
v -0.340000 23.850998 13.035007
v -1.179000 23.850998 12.953008
v -1.173712 23.530237 12.923848
v -1.583635 23.999998 12.832872
v -1.622888 23.945633 12.799797
v -5.246644 6.998077 9.473015
v -0.742351 16.140289 7.980971
v -1.986000 23.850998 12.708008
v -0.132973 8.859895 11.466602
v 0.266543 15.555761 8.655158
v -1.908000 23.256998 12.521008
v -3.433642 8.346186 10.064579
v 0.308042 15.466426 8.456996
v 0.459929 15.328547 8.799204
v -1.527568 16.232800 6.380912
v -1.018042 16.390057 8.069170
v 0.483000 23.417997 12.870008
v -1.188499 16.149660 6.264327
v -2.192840 9.582430 11.160134
v 2.000852 10.576922 12.566849
v 0.308831 15.173757 8.524188
v 1.993842 9.814517 12.560524
v 1.226478 11.576311 12.931193
v 1.042554 11.940730 12.889358
v -5.121962 6.998049 10.092396
v 1.601180 12.077907 12.499053
v -0.259042 9.512341 11.421145
v 0.760815 12.213485 12.855154
v -0.987307 8.108808 11.713820
v -0.822792 7.975211 11.771647
v 0.300464 11.773565 13.220095
v -1.246832 7.830235 11.758230
v -0.248892 9.539894 11.720192
v 0.606135 11.437574 13.251958
v -2.938335 16.598513 9.967512
v 0.764606 11.014211 13.290616
v -2.963344 16.694906 10.163974
v -0.403652 8.298891 11.654533
v -0.618425 8.059074 11.749548
v -3.009718 16.750055 10.339740
v -0.308755 8.173573 11.687242
v -0.504387 20.012190 9.098513
v -0.495930 20.366219 9.197729
v 0.508177 15.424822 9.050693
v -1.658574 15.257161 6.274242
v -2.821636 16.387396 9.752407
v -2.532791 16.607033 10.254716
v -1.191187 16.818527 8.150311
v -0.414474 15.871321 7.984520
v 0.228023 10.904454 13.486191
v 1.397884 11.156153 12.945088
v 0.662080 10.842240 12.601642
v 0.941178 10.602353 12.686811
v 0.294814 15.705552 9.378111
v -3.273798 16.386276 9.266679
v -3.128091 16.405121 9.427493
v -3.397409 16.365936 9.166761
v 1.556821 10.588062 12.919612
v 1.054616 10.353136 13.242183
v -1.976646 7.770972 11.476133
v -1.569417 7.916139 11.626475
v 1.556229 9.823906 12.932165
v -3.455439 16.480362 9.643551
v -0.852033 10.019370 12.005723
v 0.354665 15.364965 8.901315
v -2.379027 17.730789 6.624280
v -2.655309 17.966799 6.880835
v -0.497623 9.814837 11.862497
v -2.912336 17.947424 7.232182
v -2.626690 18.070969 7.284280
v -0.529197 9.304832 11.496418
v -1.752839 7.678416 11.635899
v -2.102348 7.582797 11.477386
v -0.253308 16.008781 8.000366
v 0.520496 10.359638 13.469002
v 0.395788 10.302484 13.018916
v -3.234799 16.664780 10.339474
v -3.378994 16.525896 10.485724
v -3.694129 16.304716 9.731922
v -0.836784 9.186160 11.530788
v -1.091329 9.408757 11.514313
v -2.470730 17.416677 6.994279
v 1.024680 10.119926 12.848003
v -2.117443 17.174362 6.672503
v -0.426972 15.712813 7.923120
v 0.295157 10.886009 12.587586
v -0.264159 17.440634 10.765750
v -0.489850 17.011271 10.673310
v -1.695497 8.135161 11.620073
v -1.356387 7.989110 11.715818
v -2.966384 17.441568 7.455835
v -0.149991 17.209631 10.522863
v -0.849753 9.342437 11.815411
v -0.695448 8.752052 11.728370
v -1.318392 9.918681 11.498021
v -1.701491 9.676702 11.390298
v -1.021556 8.364835 11.739697
v 0.581659 15.942006 9.496060
v -3.039114 17.652712 7.924409
v -0.999052 16.174959 7.992631
v -0.475865 17.749674 11.500715
v -2.731144 17.418772 7.312279
v -0.560791 17.527027 11.054413
v -2.889947 17.564611 7.584312
v -0.829748 17.567446 11.304262
v -2.674070 7.343596 11.079403
v 1.958692 9.221747 12.494700
v -1.499902 9.827240 11.942609
v -1.828521 10.001184 11.992517
v -0.837023 17.605549 11.426575
v -2.841455 18.207834 7.640854
v -2.368364 7.630271 11.252275
v -1.219288 17.243757 11.076119
v -2.609962 7.793022 11.100777
v 1.048394 9.590115 13.234265
v 0.123171 15.840231 9.823459
v -1.664931 18.289305 11.131559
v -1.205511 9.594092 11.884108
v -2.329736 7.653717 11.326997
v -3.061080 7.334206 10.554694
v -3.048553 7.198394 10.656777
v -2.879752 7.276249 10.869552
v -0.758058 15.967693 7.919742
v 1.409666 9.845314 12.690926
v 1.210140 9.215361 12.904344
v 0.941101 9.733829 12.981174
v -3.153196 17.587145 7.877893
v -0.529389 19.762117 9.129148
v -0.574943 15.835697 7.911438
v -1.289113 9.120517 11.498410
v 1.625895 9.252004 12.615308
v -1.454604 9.150185 11.758780
v -1.619645 8.923493 11.424697
v 0.552122 16.170000 10.009161
v -2.406959 17.165510 6.742252
v -2.707273 17.298813 7.070925
v 0.531203 15.937649 9.810738
v -2.237064 16.501640 6.807463
v -1.883548 9.011396 11.625755
v 0.520251 9.600185 13.479374
v 0.763148 8.942934 13.291757
v 0.431113 9.821484 13.170588
v 0.712089 9.201521 13.158701
v -2.672835 16.871397 7.174662
v -2.496587 16.646997 7.055519
v -2.476722 7.416383 11.249902
v -0.523558 8.721949 11.569456
v -0.345624 8.939342 11.673378
v -0.236362 15.560032 7.974906
v -1.022712 8.824190 11.751233
v -0.611288 19.872028 9.192961
v -2.260470 16.772314 6.794840
v -0.725549 17.607969 11.740529
v 1.394136 9.078036 12.947784
v -1.047535 17.538940 11.635493
v -0.924126 8.582127 11.607753
v 1.656114 8.541826 12.549496
v -0.677830 17.465885 11.937780
v -3.203450 7.109494 10.431441
v -3.203953 7.805920 10.373121
v 1.223013 8.603177 12.934168
v -2.737934 16.762074 7.379190
v 1.198838 8.454570 12.886353
v -0.009864 15.363647 8.083508
v -0.578022 17.247168 12.119597
v -1.582202 17.358158 11.439350
v -3.014768 17.087555 7.772635
v 0.716773 8.731583 13.167653
v 0.732967 8.485014 13.192273
v -3.013639 16.962259 7.949084
v 0.248553 8.202142 13.308179
v 0.727302 8.313627 13.128275
v -0.431356 19.546352 9.011007
v -0.684000 19.612000 9.011007
v -3.963793 7.339366 12.174240
v -1.494553 17.357487 11.680209
v -0.479169 19.668940 9.117418
v -2.896815 16.872772 7.659765
v -4.167084 7.439898 11.962490
v -0.517018 19.950741 9.013908
v -3.523310 7.458225 12.572833
v -0.762528 17.192984 10.897069
v -1.295190 15.106601 6.268532
v 0.328337 15.033782 8.437788
v -4.922526 6.997540 10.664437
v -4.841807 6.997252 11.738882
v -1.362733 8.607798 11.706164
v 0.496904 14.763733 8.818155
v 0.439303 14.951522 8.831575
v 0.425356 14.899405 8.621183
v -4.168856 6.995986 12.562903
v -3.344978 6.997131 13.236835
v -5.492546 7.871408 8.839929
v -0.867176 16.814554 10.735229
v 3.922000 23.950998 8.315008
v 3.922000 23.950998 9.153008
v 3.887000 23.950998 8.922008
v 3.911071 23.999372 8.315024
v 3.913990 23.999439 9.152809
v -1.703206 8.594963 11.629155
v 3.879000 23.850998 9.573008
v 3.962000 23.850998 8.734008
v -0.344689 16.723307 10.476739
v -1.107679 14.898703 6.436420
v -0.921148 14.591079 6.585943
v -1.716505 15.120949 6.656350
v 3.860540 23.999994 9.570258
v 3.842781 23.944988 9.571320
v 3.955000 23.633999 8.734008
v 3.873000 23.633999 9.572008
v 3.611852 23.947359 10.359497
v 3.617136 23.999996 10.372629
v 3.634000 23.850998 10.380008
v -1.419793 8.414773 11.555822
v 2.268000 23.200998 8.991008
v 2.782000 22.971998 9.354008
v 2.842000 22.971998 8.734008
v 2.600000 22.971998 9.952008
v 3.066000 22.743998 8.734008
v 3.157000 22.286999 8.734008
v 3.680000 23.256998 9.534008
v 3.447000 23.256998 10.303008
v 3.759000 23.256998 8.734008
v 3.000000 22.743998 9.398008
v 2.806000 22.743998 10.037008
v 2.491000 22.743998 10.626008
v 3.091000 22.286999 9.417007
v 3.149000 22.058998 8.734008
v 2.826000 21.601997 8.734008
v -5.283661 7.497897 9.159796
v 2.892000 22.286999 10.073008
v 2.883000 22.058998 10.069008
v 2.568000 22.286999 10.678008
v 3.081000 22.058998 9.415008
v 2.766000 21.601997 9.352008
v -0.175480 15.934698 10.186732
v 2.586000 21.601997 9.946008
v 2.207324 21.502956 10.213810
v -1.605078 17.265999 11.190839
v -1.232314 16.974632 10.873760
v 1.647000 23.200998 10.365007
v 1.340096 20.813860 8.360299
v -0.183366 15.533548 10.165169
v 0.498450 14.879814 8.898060
v -1.579737 16.809507 10.773623
v -5.258401 7.504617 10.127210
v -0.164410 14.962206 10.166974
v -5.443042 7.960939 9.535168
v -1.802064 15.388457 10.192910
v -2.041052 15.723969 10.109556
v -5.380626 7.378788 9.478903
v -5.305714 6.997998 9.420422
v -5.228470 7.578602 9.632139
v -1.799125 17.247580 11.234627
v -5.134571 7.669400 10.088408
v 1.074611 21.205896 9.325927
v -1.850174 16.968449 10.854734
v -1.965040 16.608177 10.559211
v -2.130954 17.046495 10.919968
v -5.000770 7.491638 10.533124
v 1.109448 20.508467 9.010550
v 0.534754 14.629072 9.037798
v -5.160007 6.998285 10.063724
v 1.143126 20.562304 9.011877
v -1.556493 16.458298 10.608191
v -1.186652 16.650333 10.714395
v -5.001509 7.645187 10.880380
v -4.813078 7.060628 10.932576
v -0.368025 16.977249 12.252065
v -1.070660 16.787947 12.305717
v 1.130751 20.759392 9.273927
v -2.988741 15.978819 8.646039
v -3.192041 16.129110 8.598192
v -0.759074 16.478781 12.436161
v 1.310798 21.502949 9.626878
v -4.847041 7.747861 10.911692
v 1.272860 21.048010 9.782523
v -4.534480 7.594888 11.480499
v -1.954471 17.220667 11.466948
v -4.178000 7.914811 12.167378
v 1.131878 21.502966 10.168752
v -4.640050 7.777526 11.550221
v 1.112425 21.043074 10.233641
v -4.168742 7.247818 11.928681
v -4.559794 7.312158 11.486982
v -2.969584 16.168495 9.174465
v -4.498428 7.154204 11.481138
v -1.829621 17.115381 11.794901
v -2.656121 15.398767 8.677138
v -2.814182 15.810005 8.872723
v -1.243058 17.060425 12.126308
v -1.218688 17.302334 11.939887
v -2.636857 15.596662 9.144714
v -1.911369 16.865606 11.965391
v -2.733998 16.037964 9.450606
v -1.873012 16.571316 12.155720
v -3.506320 16.153275 8.482416
v -2.615834 18.044893 10.525787
v -1.307407 19.717972 8.314577
v -1.434754 19.963276 8.537561
v -2.427945 17.977037 10.647522
v -2.120783 18.097557 10.894701
v -2.651610 17.814621 10.383477
v 1.093089 20.630192 10.223500
v -4.823000 6.120998 11.730005
v -4.920000 6.554998 11.794005
v -5.322000 6.120998 10.797005
v -3.620998 16.217396 8.836282
v -5.466000 5.903998 9.754004
v -5.160000 5.686998 9.693005
v 0.972465 20.977133 9.844072
v -3.806843 16.114195 9.024773
v -4.881000 5.686998 10.615005
v -3.986478 15.867990 9.016819
v -5.141000 5.269998 11.942005
v 0.780274 20.791731 10.252817
v -5.169000 5.903998 10.734005
v -4.427000 5.686998 11.465005
v -4.685000 5.903998 11.637005
v -3.816000 5.686998 12.210005
v -1.491804 20.267763 8.833879
v -0.907729 8.158673 13.549133
v -0.093692 21.503220 10.527221
v 0.832707 21.265539 9.979630
v -2.294391 17.099644 11.142666
v 0.466792 21.332239 10.381641
v -2.597558 16.821077 10.506765
v -2.457736 16.971285 10.807151
v -2.235073 16.778954 10.580285
v -1.741436 7.987682 13.425842
v -1.372116 7.888803 13.463859
v -1.687371 7.810571 13.411826
v -2.253896 16.037399 10.059183
v -2.515323 16.260078 9.950031
v -2.282891 16.427418 10.271234
v 3.236000 23.850998 11.124008
v 3.210346 23.533264 11.113122
v 3.214598 23.945305 11.097972
v 3.221372 23.999996 11.113433
v -2.505500 15.814059 9.633071
v -2.605071 16.965908 11.122276
v 2.689335 23.999996 11.762629
v -2.933540 16.821169 10.607824
v 1.851239 23.999731 12.415273
v 2.701000 23.850998 11.775007
v 2.707402 23.944494 11.724529
v 2.050000 23.850998 12.311008
v 2.029469 23.530518 12.289060
v -3.866359 16.062830 9.778854
v 2.038080 23.947527 12.284059
v 2.559000 23.256998 11.633008
v 3.068000 23.256998 11.011006
v 2.123931 22.976597 10.753447
v 2.068000 22.743998 11.143007
v 2.131133 22.095949 11.218011
v 2.560000 22.058998 10.672008
v 1.899000 21.601997 10.973008
v 2.293000 21.601997 10.493008
v 1.672026 23.999998 12.751728
v -2.828445 7.770227 13.085457
v 1.030551 23.949087 12.782328
v 1.306000 23.850998 12.708008
v 1.679000 23.950998 12.512008
v 1.217945 22.973083 11.522950
v 1.552000 22.743998 11.566008
v -2.522774 7.658463 13.163354
v -2.551223 8.070708 13.182852
v -2.533531 15.059849 8.819990
v 1.937000 23.256998 12.142008
v 1.228000 23.256998 12.521008
v 1.603000 22.286999 11.642008
v 0.281000 22.971998 11.856008
v -2.970372 7.583372 12.946016
v -3.209933 7.501557 12.792807
v 0.324000 22.743998 12.074008
v 0.963000 22.743998 11.880008
v -2.488878 15.253980 9.241437
v 1.598000 22.058998 11.635008
v -2.422863 14.500302 8.604106
v 1.419000 21.601997 11.367008
v 0.872000 21.601997 11.660007
v 1.444730 21.502958 11.077356
v -3.564358 7.602755 12.606754
v -2.952162 16.724281 11.056170
v 0.342728 22.105434 12.170933
v 0.995000 22.058998 11.957008
v 0.998000 22.286999 11.966008
v 0.278000 21.601997 11.840008
v -2.429837 16.920557 11.499306
v -2.539511 16.674467 11.649252
v 0.854219 21.503067 10.618336
v 0.555198 21.281881 10.938350
v 0.770751 21.089180 10.739238
v 0.350210 20.898703 10.657222
v -3.400000 6.554997 13.314005
v -3.336000 6.120997 13.217005
v -1.299000 5.686997 13.555005
v -2.340000 5.903997 13.562005
v -4.423000 5.269998 12.817005
v -3.244000 5.903998 13.079005
v -4.036000 5.903998 12.430005
v -2.221000 5.686997 13.275004
v -3.071000 5.686998 12.820005
v 0.644959 21.093597 10.317853
v -3.548000 5.269998 13.535005
v 0.377399 21.502649 11.045084
v -4.235000 6.554998 12.629004
v -4.152000 6.120998 12.547006
v -5.113000 4.436997 13.507005
v 2.559000 23.257000 5.835008
v 2.701000 23.851000 5.693008
v 2.050000 23.851000 5.157008
v 2.907534 23.947392 5.948906
v 3.236000 23.850998 6.344008
v 2.698000 23.634001 5.696008
v 2.274323 23.949528 5.347911
v 3.190000 23.950998 6.375008
v 3.378939 24.000000 6.574300
v 3.437000 23.950998 6.715008
v 2.046000 23.634001 5.162008
v 1.679000 23.951000 4.956008
v 0.540425 20.623751 10.576293
v 2.068000 22.743998 6.325008
v 1.552000 22.743998 5.902008
v 3.729726 23.948631 7.417983
v 3.634000 23.850998 7.088008
v 3.629000 23.633999 7.090008
v 3.879000 23.850998 7.895008
v 3.769000 23.950998 7.725008
v 3.166000 23.417997 6.391008
v 3.068000 23.256998 6.457008
v 3.447000 23.256998 7.165008
v 2.491000 22.743998 6.842008
v 3.795000 23.417997 7.912008
v 3.680000 23.256998 7.934008
v 0.903000 23.999998 12.833008
v 0.499000 23.850998 12.953008
vt 0.740226 0.135359
vt 0.573788 0.446763
vt 0.774773 -0.038745
vt -0.037151 0.773482
vt 0.774773 -0.216181
vt 0.740114 -0.390201
vt 1.997399 -2.207259
vt 1.997476 -2.259424
vt 2.076903 -2.168716
vt 2.058289 -2.146329
vt 2.061905 -2.302242
vt 1.944511 -2.367038
vt 1.632196 3.151309
vt 1.628780 3.098674
vt 1.697587 3.145335
vt -2.558355 3.435410
vt -2.562122 3.350867
vt -2.532692 3.351021
vt 1.584485 -1.687953
vt 1.667882 -1.702682
vt 1.640359 -1.649572
vt 2.655025 -0.599317
vt 2.682924 -0.532256
vt 2.672646 -0.435937
vt 2.658302 -0.536420
vt -2.563832 3.513126
vt -2.534399 3.513687
vt 2.806595 1.368022
vt 2.754333 1.382690
vt 2.755420 1.215800
vt -2.623974 3.490376
vt -2.622947 3.419683
vt 2.650314 -0.448332
vt 2.650603 -0.525951
vt 0.330620 2.188662
vt 0.367957 2.175496
vt 0.315008 2.267227
vt 3.705546 -0.049587
vt 3.680768 -0.021806
vt 3.677796 -0.111533
vt -2.536045 3.582230
vt -2.567560 3.637412
vt -2.565472 3.581451
vt -2.538138 3.638408
vt -2.625461 3.552355
vt 3.645425 -0.094600
vt 0.374115 2.021581
vt 0.405669 2.048128
vt 0.361178 2.114685
vt 3.647148 -0.020575
vt 0.325115 2.094842
vt 0.360112 2.990194
vt 0.359152 2.931363
vt 0.391861 2.974786
vt -2.477441 3.573577
vt 0.404684 2.911485
vt -2.479480 3.628319
vt 2.807624 1.049073
vt 2.755420 1.045170
vt 0.366405 3.075235
vt 2.807624 1.210401
vt 0.444950 2.050685
vt -2.086880 -0.923831
vt -2.083489 -1.001159
vt -1.923992 -0.976858
vt -1.942541 -0.901911
vt 0.393155 3.043826
vt 0.434430 2.957758
vt -1.228512 2.898349
vt -1.225625 2.744719
vt -1.190477 2.752264
vt -1.193408 2.908236
vt -1.051943 2.750742
vt -1.054872 2.906554
vt 0.612094 2.117418
vt 0.529307 2.187625
vt 0.542768 1.973316
vt 0.344460 2.321127
vt 0.315008 2.347330
vt -2.622424 3.343004
vt 2.699004 -0.767323
vt 2.672405 -0.827613
vt 2.734296 -0.730275
vt 2.617328 -0.666365
vt 2.519372 -0.785217
vt 2.592204 -0.730111
vt 2.597648 -0.677726
vt 2.573215 -0.678604
vt 2.528531 -0.756326
vt 2.512872 -0.742189
vt 3.708866 0.039534
vt 1.029076 -2.224752
vt 1.007745 -2.333579
vt 1.049058 -2.249992
vt -1.039369 -0.556490
vt -1.045864 -0.664886
vt -1.039547 -0.664896
vt 3.682305 0.060998
vt -1.040165 -0.745126
vt 2.701409 1.390823
vt 2.149439 3.505731
vt 2.168718 3.477753
vt 2.158530 3.576558
vt 3.435699 -1.587104
vt 3.482127 -1.606478
vt 3.473485 -1.549607
vt 2.699217 1.552397
vt 2.648020 1.393287
vt 1.075947 -2.333209
vt 1.097520 -2.259523
vt 1.077345 -2.255791
vt 2.649146 1.219840
vt 1.088296 -2.346381
vt 1.120395 -2.302931
vt 2.702529 1.218918
vt 2.689578 3.232824
vt 2.702150 3.208614
vt 2.702504 3.316868
vt 2.689849 3.315456
vt 2.593998 1.390770
vt 2.539538 1.382620
vt 2.540621 1.215889
vt 2.743449 3.315762
vt 3.381158 -1.565466
vt 3.427328 -1.649958
vt 2.595117 1.218865
vt 1.138270 0.034622
vt 1.237682 0.065528
vt 1.164197 0.050358
vt -1.046478 -0.744725
vt 3.417200 -1.528458
vt 1.429269 2.224842
vt 1.796658 1.831481
vt 1.431924 2.326782
vt 1.070216 -2.431433
vt 1.046788 -2.383652
vt 2.701224 -0.835501
vt 2.722122 -0.790215
vt 2.618396 -0.904051
vt 1.069797 -2.235500
vt 1.032382 -2.365335
vt 2.622742 -0.824332
vt 2.629591 -0.845678
vt 2.687842 -0.746216
vt 2.589904 -0.891636
vt 2.569168 -0.867866
vt 2.540621 1.045259
vt 3.702445 -0.116010
vt 2.484404 1.369312
vt -1.596792 -2.690682
vt -1.555378 -2.768822
vt -1.406312 -2.669006
vt -1.374873 -2.708204
vt 2.485434 1.210875
vt 1.111561 3.437360
vt 1.147898 3.476225
vt 1.115177 3.464609
vt -1.241046 -2.574220
vt -1.279485 -2.542105
vt -1.347745 -2.486039
vt -1.871915 2.688999
vt -1.825309 2.729608
vt -1.875436 2.785724
vt 2.539539 0.877463
vt 2.595114 1.043008
vt 2.648018 0.867807
vt 2.649148 1.042317
vt -1.462124 -2.600578
vt 2.779599 3.208653
vt 2.485433 1.049016
vt 2.779937 3.311668
vt 2.702528 1.042901
vt 2.479454 1.351390
vt 2.459280 1.452929
vt 2.265799 1.428885
vt 1.899820 -2.528984
vt 1.916606 -2.613468
vt 1.956605 -2.634742
vt 0.760268 -1.527158
vt 0.656549 -1.372079
vt 0.621389 -1.400884
vt 0.719988 -1.548689
vt -1.223855 2.573512
vt -1.223250 2.391130
vt -1.188672 2.578098
vt -1.050141 2.577019
vt -2.532689 3.262918
vt -2.562123 3.263102
vt -2.556624 3.175327
vt -2.474734 3.177099
vt -2.474172 3.262815
vt -2.534400 3.090377
vt -2.622944 3.183681
vt 1.459720 2.436456
vt 1.498932 2.511933
vt 3.190609 3.620964
vt 3.208897 3.703337
vt 3.177591 3.696919
vt -0.327378 3.596848
vt -0.336313 3.625180
vt -0.365399 3.579196
vt -0.375919 3.604705
vt 3.159227 3.570034
vt 3.186001 3.611525
vt 1.999530 -2.486530
vt 1.928774 -2.479687
vt 2.419619 1.548745
vt 2.137684 1.575305
vt 2.019891 -2.746640
vt -2.622421 3.263345
vt 0.330561 2.425847
vt 0.382384 2.470908
vt 0.361226 2.499803
vt 3.180585 3.518145
vt 2.647926 0.172494
vt 2.655711 0.155677
vt 2.665944 0.180813
vt 0.417193 2.299226
vt -0.875822 3.583156
vt -0.839042 3.588872
vt -0.833017 3.689390
vt -1.188063 2.392632
vt -1.049535 2.391996
vt -1.532105 -2.813457
vt -1.223852 2.204341
vt -1.829581 2.648252
vt 3.718702 -0.507433
vt 3.718130 -0.684919
vt 3.776237 -0.507559
vt 0.524893 -1.240086
vt -1.720974 -2.837437
vt -1.706921 -2.885922
vt 3.718133 -0.333983
vt 3.775668 -0.333825
vt 3.716442 -0.171126
vt -1.844650 2.804571
vt 0.495804 -1.275295
vt 0.787917 -1.712848
vt -1.135962 -2.416844
vt 0.831620 -1.699795
vt -1.188672 2.202991
vt -1.190477 2.016475
vt -1.225630 2.020908
vt 2.613446 -0.598572
vt -1.050144 2.202638
vt 3.775667 -0.685205
vt 3.743548 1.948434
vt 3.745331 2.075686
vt 3.688711 2.072306
vt 3.686973 1.942785
vt 3.689596 2.209367
vt 3.746119 2.210292
vt 3.633157 2.210597
vt 0.626799 3.644109
vt 0.600148 3.619491
vt 0.628493 3.594862
vt 0.597869 3.648723
vt 1.090791 -2.468462
vt 1.092271 -2.424713
vt 1.014087 3.645111
vt 0.991580 3.657400
vt 1.008017 3.567679
vt 0.437176 3.030982
vt 0.419228 3.082096
vt 1.113753 -2.385446
vt 3.684453 1.825834
vt 3.741076 1.833557
vt 0.565454 3.619865
vt 0.568864 3.566121
vt 0.602617 3.552403
vt -1.897273 2.739140
vt -1.893768 2.629163
vt 3.630589 1.949719
vt 3.632292 2.076459
vt -1.867678 2.587847
vt 3.604490 2.212405
vt 3.603648 2.082377
vt 1.747376 -1.783062
vt 1.772622 -1.759808
vt 1.705609 -1.748197
vt 0.397758 2.344066
vt 2.804589 0.740582
vt 2.806601 0.890453
vt 2.754336 0.877250
vt 2.752207 0.718576
vt 2.699218 0.706388
vt 1.808336 -1.792791
vt -1.805314 -0.852228
vt -1.772364 -0.922012
vt -1.680427 -0.776707
vt -1.634409 -0.838533
vt 0.571128 3.507444
vt 1.827554 -1.771472
vt 2.218432 3.478820
vt 2.213153 3.469638
vt 2.208037 3.419885
vt 1.123105 -2.446118
vt 0.628422 3.511992
vt -1.572661 -0.678203
vt 2.827260 1.876232
vt 2.883005 1.846699
vt 2.831113 2.012133
vt 0.954148 3.616429
vt -1.515265 -0.729735
vt -1.480240 -0.761362
vt -1.606248 -0.876441
vt 2.887087 1.990526
vt 2.833490 2.162181
vt 2.696032 0.558538
vt 2.645808 0.702828
vt 2.701412 0.869879
vt 2.591806 0.706743
vt 2.588626 0.558982
vt 2.593999 0.870110
vt 2.668928 -0.721983
vt 2.677481 -0.667401
vt 2.630386 -0.744424
vt 0.978720 3.546408
vt 0.924427 3.571814
vt -1.179875 -2.393065
vt -1.257695 -2.351342
vt 2.747181 -2.872835
vt 2.775852 -2.880131
vt 2.753732 -2.817211
vt -1.111438 -2.227376
vt 2.781256 -2.830892
vt 2.537411 0.718913
vt 2.484406 0.889616
vt -1.203805 0.643659
vt -1.201743 0.670842
vt -1.220249 0.670842
vt -1.195860 -2.201577
vt 2.482383 0.739037
vt 2.642593 0.553757
vt 0.889077 3.647142
vt -0.627090 3.600106
vt -0.643403 3.634234
vt -0.656449 3.552561
vt 2.637879 0.242893
vt 2.720002 0.184138
vt 2.692747 0.248629
vt 2.658817 -0.907598
vt 2.564536 -0.947941
vt 2.562254 -0.972161
vt 2.632002 0.203843
vt 0.449710 2.475441
vt 0.418920 2.450752
vt 3.382149 -1.631412
vt 2.500417 -0.960460
vt -1.015268 3.562756
vt -0.982946 3.566593
vt -0.994718 3.625035
vt 0.400550 2.415355
vt -0.944102 3.571860
vt -0.959111 3.668121
vt -0.931625 3.665996
vt 2.526274 -0.921468
vt -0.902800 3.578162
vt 0.393941 2.373737
vt 2.288998 -0.182634
vt 2.250274 -0.169964
vt 2.218577 -0.173202
vt 1.841700 3.461616
vt 1.884676 3.438517
vt 1.880375 3.487410
vt 2.610636 0.250779
vt 1.047465 3.246408
vt 1.043817 3.240507
vt 1.044603 3.182276
vt -1.076538 -2.051382
vt -1.164307 -2.042805
vt -1.164343 -1.880762
vt 2.479454 0.603068
vt 2.534322 0.575596
vt 3.868443 2.473275
vt 3.845969 2.527386
vt 3.842661 2.477582
vt -2.474169 3.110873
vt -2.474169 2.948835
vt -2.430046 3.114694
vt 2.749118 0.575259
vt 0.822494 -1.887145
vt -1.228509 1.847507
vt -1.193407 1.840204
vt 2.668378 -0.623946
vt 2.639750 -0.694765
vt -1.051944 2.016494
vt -1.054870 1.840596
vt 0.867822 -1.882746
vt 0.867822 -2.069244
vt 0.953049 3.674860
vt -1.063644 -2.241969
vt 3.716442 -0.859460
vt 3.773976 -0.859994
vt 0.900258 3.697255
vt 3.713698 -1.024396
vt 0.822409 -2.064839
vt 0.831338 -2.252450
vt 3.771230 -1.025177
vt -1.026751 -2.056217
vt -1.076513 -1.871971
vt 2.610323 0.310402
vt 2.671612 0.303057
vt -0.678398 3.571388
vt -0.665335 3.618452
vt -0.686844 3.619517
vt -1.197353 1.680946
vt -1.232394 1.690604
vt 2.635236 -0.600306
vt -1.058809 1.681550
vt 0.719605 -2.403198
vt 0.759696 -2.424715
vt 3.211423 0.032187
vt 3.245381 0.039293
vt 3.216662 0.189440
vt 3.250715 0.199059
vt 3.843831 -0.024701
vt 3.786417 -0.025354
vt 3.781427 -0.174760
vt 0.787638 -2.239063
vt 3.710008 -1.173491
vt 3.767533 -1.174361
vt 1.934280 3.468572
vt 3.051939 2.143092
vt 2.996020 1.975261
vt 3.049348 1.979278
vt 2.592519 0.293397
vt 1.975654 3.481598
vt 1.979888 3.421453
vt 3.812223 2.483930
vt 1.940655 3.403763
vt 1.876680 3.405413
vt -0.901992 3.724721
vt 3.643461 -0.183700
vt 3.747396 2.500130
vt 3.788538 2.579467
vt 3.747283 2.638490
vt 2.187919 -0.189623
vt 3.674693 -0.204305
vt -2.430048 2.944173
vt 3.097611 1.847825
vt 3.101691 1.991476
vt 3.104208 2.150408
vt 2.937859 1.830357
vt 2.942062 1.978529
vt 2.991775 1.825832
vt 3.045144 1.831107
vt 2.998631 2.140542
vt 2.944659 2.142405
vt -1.026751 -1.866995
vt -1.111609 -1.696176
vt 0.656166 -2.579757
vt 3.207805 -0.141386
vt 3.241706 -0.137391
vt 3.389276 0.197659
vt 3.383952 0.038307
vt 3.380288 -0.137963
vt 3.838833 -0.174346
vt -1.063776 -1.681396
vt 0.620788 -2.550781
vt 1.083390 -2.526829
vt 0.856206 3.716120
vt 1.046850 -2.471014
vt 1.124168 -2.519068
vt -0.037382 -1.028211
vt -1.026751 -0.215986
vt -0.214827 -1.028212
vt 0.835627 3.653785
vt -0.214301 2.827572
vt -0.160398 2.939282
vt -0.216997 2.944465
vt -0.157830 2.820128
vt 0.880309 3.591364
vt 2.860904 0.880633
vt 2.863070 0.720246
vt 2.913813 0.873984
vt 2.808668 0.892433
vt 2.810714 0.741002
vt -0.101493 2.829365
vt 2.461084 -0.989535
vt 2.070196 3.578315
vt 2.045823 3.516462
vt 2.073220 3.512870
vt 1.011928 -2.431608
vt -1.576769 0.431992
vt -1.467869 0.312913
vt -1.545246 0.468160
vt -1.430128 0.342045
vt -1.628254 0.373569
vt -1.529765 0.265812
vt 2.040118 3.586368
vt -1.706576 0.527505
vt -2.459109 2.509928
vt -2.459943 2.435788
vt -2.430698 2.465441
vt -2.431811 2.564381
vt 3.276884 0.806948
vt 3.275041 0.994258
vt 3.136515 0.993801
vt 3.310228 0.995458
vt 3.274419 1.183800
vt 3.135893 1.182883
vt -2.268159 -1.038194
vt -2.442975 -1.110659
vt -2.252735 -1.086756
vt 3.020083 1.047988
vt 2.966049 1.047546
vt 2.967196 0.872182
vt 2.192051 -0.750402
vt 2.211892 -0.789344
vt 2.249750 -0.783906
vt 2.916042 0.708662
vt 2.969450 0.705348
vt 2.919287 0.558403
vt 3.021221 0.874350
vt 3.023452 0.709124
vt 1.787311 3.436056
vt 1.790002 3.407642
vt -1.897507 -1.051563
vt -2.076959 -1.051654
vt -2.067787 -1.139741
vt 1.854985 3.379855
vt 3.077860 0.720660
vt 3.081009 0.574910
vt 3.132911 0.739827
vt -1.905823 -1.139815
vt 3.075694 0.880865
vt 3.130850 0.891966
vt 3.460967 -1.521027
vt 3.429891 -1.510409
vt 1.583102 -2.216850
vt 1.618512 -2.229498
vt 1.563849 -2.190271
vt -1.707702 -1.037880
vt -1.721707 -1.086518
vt -1.747009 -1.171256
vt -0.028556 2.824632
vt -0.028740 2.986650
vt -0.072969 2.990718
vt 3.135894 0.601400
vt 2.012940 3.501459
vt 1.970673 3.540619
vt 2.972721 0.553757
vt 2.009480 3.547800
vt 3.026694 0.558951
vt 2.455650 -0.943532
vt 2.507139 -0.902567
vt 2.417058 -0.931005
vt 2.866220 0.574313
vt 2.390529 -0.975631
vt 3.314989 0.635624
vt 3.279878 0.628752
vt 3.830101 2.601485
vt 3.778853 2.491784
vt 3.866940 2.601126
vt 2.224207 3.402325
vt 1.601239 -2.185752
vt 1.542639 -2.163719
vt 1.038003 -2.523716
vt -2.430806 2.366782
vt -2.461108 2.360016
vt 3.816894 2.697144
vt 3.770622 2.660485
vt -2.461524 2.678957
vt -2.459304 2.597903
vt -2.433871 2.631256
vt -2.497511 2.672909
vt 2.202225 3.513512
vt 2.187403 3.451476
vt 3.699182 -0.187858
vt 0.469065 2.235868
vt -2.908666 3.569571
vt -2.920743 3.658676
vt -2.948329 3.568636
vt 0.585504 2.970679
vt 0.626556 2.886616
vt 0.625323 2.953321
vt 3.695846 -0.285410
vt 3.673010 -0.298397
vt 3.626734 -0.266325
vt 0.665721 2.867263
vt 0.656718 2.948045
vt -2.866039 3.690720
vt -2.835587 3.653754
vt -2.496948 2.585449
vt 0.627433 3.012267
vt -2.498577 2.478168
vt -2.546492 2.493346
vt -2.850540 3.571834
vt -2.543723 2.620186
vt 1.032497 0.524860
vt 1.121398 0.527242
vt 1.056406 0.572880
vt 3.358605 -1.507448
vt -2.831790 3.868387
vt -2.848429 3.778713
vt -2.797467 3.888463
vt 2.064727 3.624667
vt 3.312043 0.810956
vt 3.330240 -1.543958
vt 3.138357 0.806673
vt 3.141342 0.629013
vt 3.311091 -1.489101
vt -1.893379 -1.001159
vt -2.082467 -1.001222
vt 2.030563 3.639422
vt 3.764026 -2.731300
vt 3.817781 -2.578854
vt 3.760250 -2.579550
vt -0.528622 -2.814848
vt -0.356236 -2.886342
vt -0.507041 -2.774586
vt 3.757450 -2.412627
vt 3.814979 -2.412028
vt -0.343016 -2.842753
vt 3.283903 0.466556
vt 3.318951 0.476176
vt 2.121824 -0.341803
vt 2.114315 -0.425967
vt 2.325451 -0.381092
vt 2.301140 -0.461624
vt 3.145359 0.467172
vt 1.627512 3.562369
vt 1.625454 3.468699
vt 1.678206 3.466670
vt 3.821550 -2.730432
vt -0.173280 -2.922845
vt -0.168798 -2.877390
vt 1.627143 3.614499
vt 3.693660 -2.249429
vt 3.751053 -2.243491
vt 3.690959 -2.121952
vt 3.748302 -2.118073
vt 1.580373 3.616296
vt 3.697569 -2.363663
vt 3.754802 -2.355761
vt -1.714127 0.942062
vt -2.516450 1.046576
vt -1.810885 0.845472
vt 3.689586 -1.985798
vt 3.747082 -1.984491
vt 3.638416 -2.242058
vt 3.635778 -2.117120
vt -0.610873 3.632563
vt -0.613714 3.561240
vt 1.568341 3.471878
vt 1.502041 3.531993
vt 3.611417 -2.231562
vt 1.484919 3.476586
vt 3.608858 -2.110590
vt 1.441721 3.575677
vt 3.642252 -2.353880
vt 3.615129 -2.339923
vt 2.887084 2.654927
vt 2.883005 2.811193
vt 2.831121 2.639852
vt 2.827260 2.787513
vt 2.937858 2.824528
vt -1.384524 0.174909
vt -1.454203 0.140814
vt -1.329579 0.023339
vt -1.404481 0.003473
vt -0.870578 3.768045
vt -1.341850 0.196106
vt 2.877511 2.951057
vt 3.634435 -1.983996
vt -0.596026 3.593893
vt -0.926067 3.828069
vt -0.984727 3.717530
vt -1.007572 3.710001
vt -1.026751 3.654563
vt 1.026024 0.420935
vt 1.123341 0.421365
vt 1.118172 0.475825
vt 2.890450 2.317485
vt 2.889602 2.488150
vt 2.834295 2.321069
vt -1.305413 -0.136215
vt -1.382577 -0.140867
vt -1.312716 -0.297221
vt 2.833493 2.482213
vt 2.996020 2.665980
vt 3.045142 2.824638
vt 2.991775 2.828526
vt 3.049348 2.663507
vt 3.848847 2.674135
vt 2.942068 2.663284
vt 3.606042 -0.087039
vt 3.560863 -0.099490
vt 3.605132 -0.149132
vt 1.784169 3.468486
vt 1.823867 3.515803
vt 2.986061 2.974038
vt 2.932189 2.968865
vt 3.039476 2.968863
vt 3.097617 2.811918
vt -1.597322 -1.233210
vt -1.462580 -1.323156
vt -1.406789 -1.254701
vt 3.101690 2.655589
vt 3.051940 2.491873
vt 1.907737 3.527617
vt 3.153352 2.642158
vt 3.149476 2.790557
vt -1.555924 -1.155021
vt 1.853806 3.548718
vt 3.092118 2.951719
vt -0.072969 2.820127
vt 1.676752 -2.267345
vt 2.998634 2.492745
vt 2.944664 2.491538
vt 3.104210 2.488988
vt 3.875391 2.667139
vt -2.161092 2.373759
vt -2.256021 2.401551
vt -2.264278 2.350765
vt -2.156939 2.309672
vt -2.204175 2.303514
vt 1.143364 0.569826
vt 3.793785 2.685063
vt -0.660868 3.693277
vt -0.683566 3.672639
vt -2.170176 2.431381
vt -2.173697 2.492264
vt -2.230552 2.482595
vt 1.662224 -2.330976
vt -0.896836 3.840594
vt 1.451264 3.151065
vt 1.496782 3.152446
vt 1.477384 3.216190
vt 1.446908 3.239358
vt 1.636608 -1.737541
vt 1.661190 -1.771599
vt 2.004225 3.591510
vt -1.283778 0.645341
vt -1.260327 0.643658
vt -1.260327 0.667392
vt 1.447308 -2.105916
vt 1.418386 -2.095970
vt 1.415429 -2.102300
vt 1.211917 0.511926
vt 1.758366 -1.720526
vt 1.208501 0.432513
vt -0.955215 3.813832
vt -0.982100 3.798562
vt -1.934534 2.134273
vt -1.973150 2.093645
vt -1.928421 2.097538
vt 3.155734 2.484006
vt 3.105060 2.318498
vt 3.156546 2.322060
vt -1.348116 -1.437659
vt -1.257964 -1.572228
vt -1.279957 -1.381366
vt 1.646707 -2.189116
vt 1.691132 -2.241213
vt -1.375262 -1.215420
vt 3.492682 -0.132613
vt 3.496566 -0.067781
vt -1.532794 -1.110378
vt 3.207805 -0.694004
vt 3.241704 -0.698954
vt 3.239838 -0.513639
vt 3.211418 -0.864999
vt 3.245382 -0.872601
vt 3.383956 -0.871795
vt 3.380284 -0.698374
vt 1.692794 -1.660384
vt 1.759994 -1.676356
vt 3.250707 -1.028213
vt 3.389276 -1.027181
vt 0.582887 2.904886
vt 0.542766 2.919633
vt 0.566682 2.857616
vt 0.621967 2.837983
vt 3.776238 -0.692225
vt 3.777990 -0.865471
vt 3.835394 -0.865809
vt 0.008904 -2.877471
vt 0.013368 -2.922956
vt 0.196443 -2.886610
vt 0.183209 -2.842892
vt 1.488445 3.068717
vt 1.524805 3.099786
vt 3.216667 -1.018086
vt 3.838835 -1.028598
vt 3.781425 -1.028035
vt 3.786415 -1.173574
vt 3.843831 -1.174361
vt 0.347390 -2.775090
vt 0.368832 -2.815282
vt -1.241470 -1.349312
vt 3.205964 -0.511781
vt 3.378422 -0.513458
vt 3.561343 -0.015804
vt 3.490800 -0.022675
vt 3.833636 -0.692337
vt 0.495062 -2.676375
vt 3.833642 -0.514741
vt -2.275039 2.474425
vt 3.776239 -0.514692
vt -2.500960 2.385116
vt -2.550221 2.380577
vt 3.155740 2.162533
vt -1.180214 -1.530561
vt -1.136345 -1.506500
vt 2.999517 2.315214
vt 2.945530 2.315673
vt 3.052812 2.316071
vt 0.524061 -2.711680
vt 3.205964 -0.325191
vt 3.239836 -0.323992
vt -1.903157 2.167630
vt -1.938474 2.178227
vt 2.694529 -0.515874
vt 0.513832 2.874670
vt -1.898762 2.134705
vt 3.378421 -0.324388
vt 0.496689 2.830684
vt 0.560584 2.812465
vt -0.924201 0.299473
vt -0.992092 0.135470
vt 0.448164 -0.827105
vt -2.771015 3.914350
vt -2.777787 3.858165
vt -1.026751 -0.038549
vt -0.825663 0.446974
vt -0.700142 0.572374
vt -0.388580 0.738921
vt -0.552635 0.670979
vt 0.136877 0.738825
vt 0.300759 0.670951
vt 0.448383 0.572278
vt 0.672398 0.299264
vt 0.300657 -0.925710
vt -0.992203 -0.390090
vt -0.552737 -0.925682
vt -0.924375 -0.553995
vt 2.651337 -0.399182
vt -0.388855 -0.993555
vt -0.825766 -0.701494
vt -0.700361 -0.827009
vt -0.214596 0.773480
vt 0.672224 -0.554204
vt 0.573686 -0.701705
vt 0.136602 -0.993651
vt -2.862100 -2.228018
vt -2.777114 -2.202320
vt -2.897196 -2.052223
vt 2.293743 -1.882356
vt 2.238008 -1.813248
vt 2.235677 -1.902565
vt 1.605511 -2.259727
vt 1.619377 -2.285751
vt -1.291707 2.264332
vt -1.344503 2.090852
vt -1.290054 2.100901
vt 2.161664 -1.844110
vt 1.693012 -2.333523
vt 1.676807 -2.328074
vt 2.296053 -1.791202
vt 2.293223 -1.949669
vt 3.607039 -0.003068
vt 2.235461 -1.967547
vt 2.145559 -1.898412
vt 2.163137 -1.965092
vt -1.121426 0.051697
vt -1.259952 0.052794
vt -1.258715 -0.128656
vt -1.109255 -0.183734
vt -1.052882 -0.013668
vt -1.110415 -0.013899
vt 1.513910 3.226549
vt -2.808684 -2.043470
vt -2.897171 -1.872811
vt -1.005184 3.780444
vt 1.332496 -2.109244
vt 1.362551 -2.117437
vt 1.386697 -2.106175
vt 2.345748 -1.800023
vt 2.344228 -1.900898
vt 2.281343 3.201927
vt 2.239444 3.214135
vt 2.206219 3.046883
vt 1.577644 3.228621
vt -1.287371 1.950330
vt -1.234941 2.117683
vt -1.232394 1.974808
vt 1.565361 3.144850
vt -1.236509 2.272792
vt -2.777168 -1.722655
vt -2.862271 -1.696817
vt -2.808721 -1.881427
vt 2.206241 2.876240
vt 2.249773 3.042994
vt 2.249829 2.881123
vt 2.015781 3.444630
vt -0.706808 3.674156
vt -0.946589 -1.712022
vt -0.990268 -1.698720
vt -0.981360 -1.886246
vt -2.948329 -1.867898
vt -0.878556 -1.547886
vt -0.918625 -1.526454
vt 3.832365 2.770321
vt 3.863674 2.732541
vt -1.300989 0.356085
vt -1.297523 0.211612
vt -1.262383 0.220213
vt -1.265912 0.366966
vt -1.123850 0.218730
vt -1.127372 0.365096
vt -2.948329 -2.057121
vt -1.120191 0.392667
vt -1.115987 0.279944
vt -1.058462 0.280562
vt -1.062667 0.393454
vt -2.911304 -2.242720
vt -0.815096 -1.371412
vt -1.295130 0.047159
vt -1.055156 0.143109
vt -1.112687 0.142710
vt -0.779740 -1.400304
vt 3.760251 -1.582513
vt 3.817780 -1.583015
vt 3.821550 -1.463076
vt -1.026751 -1.881925
vt -0.981445 -2.063940
vt -1.305413 0.474725
vt -1.270402 0.487480
vt 2.294135 -1.998067
vt 1.487692 3.813969
vt 1.488974 3.781620
vt 1.550981 3.782000
vt 2.047974 3.441750
vt -1.131856 0.485392
vt -2.911436 -1.682147
vt 3.764024 -1.462381
vt -2.793495 -2.393632
vt 1.435359 3.767772
vt 1.501551 3.719232
vt 1.431264 3.820467
vt 2.149039 -0.739143
vt 2.202482 -0.794633
vt -2.715064 -2.352004
vt -2.693753 -2.542827
vt -0.551729 2.362854
vt -0.522210 2.334539
vt -0.522500 2.426642
vt 2.084751 -0.708338
vt 2.224189 -0.834120
vt -1.292263 2.434058
vt -2.624911 -2.486573
vt -1.237033 2.434025
vt 2.129147 -0.776679
vt -2.442286 -2.813737
vt -2.417785 -2.769172
vt -2.566921 -2.669492
vt 2.569590 -0.168357
vt 2.491410 -0.116459
vt 2.537596 -0.170311
vt -2.510447 -2.601076
vt -2.852186 3.854405
vt -2.891483 3.785571
vt -0.837383 3.793399
vt -0.812319 3.758190
vt -1.291702 2.603818
vt -1.236507 2.595152
vt -2.599818 -2.708696
vt -2.733611 -2.574803
vt -1.293911 -0.131574
vt -1.293912 -0.317324
vt -1.258716 -0.317452
vt -1.120191 -0.129584
vt -1.120192 -0.317805
vt -2.838736 -2.417616
vt -0.654013 -1.274709
vt -0.527761 -1.135887
vt -0.682990 -1.239489
vt -0.506341 -1.175995
vt -1.109255 -0.360465
vt -1.051719 -0.360571
vt -1.051722 -0.183790
vt -0.864055 3.853823
vt -1.688839 2.808009
vt -1.760001 2.786760
vt -1.686400 2.755720
vt 1.516707 3.631857
vt -1.756149 2.716771
vt -1.806641 2.820788
vt 2.113850 -0.798310
vt 2.064206 -0.737922
vt 2.074509 -0.784160
vt 2.433383 -0.130581
vt 2.535648 -0.192242
vt 1.633050 3.652680
vt 1.602625 3.698585
vt 1.551580 3.731910
vt 2.449469 -0.169662
vt 2.369626 -0.140895
vt 3.489814 -0.187585
vt 3.560575 -0.172797
vt 3.604652 -0.212257
vt -0.625398 3.670547
vt 2.435839 -0.117834
vt 3.777204 2.750676
vt -0.355372 -1.064559
vt -0.342160 -1.108193
vt 2.224558 3.529606
vt 2.224083 3.479959
vt 2.347235 -0.823661
vt 2.430964 -0.787489
vt 2.352082 -0.802535
vt -1.259951 -0.506232
vt -1.295130 -0.502968
vt 2.434498 -0.811995
vt -1.121425 -0.506178
vt -1.052883 -0.537314
vt -1.110415 -0.536970
vt -0.167855 -1.073614
vt -2.252002 -2.837675
vt 2.318502 -0.833290
vt -1.234939 2.750138
vt -1.290057 2.767062
vt 3.804359 2.798586
vt -2.375706 -2.691021
vt -2.226019 -2.752975
vt -1.232394 2.892948
vt -1.287371 2.917339
vt 2.073240 3.431952
vt -2.946630 2.387044
vt -2.924163 2.382936
vt -2.944510 2.467655
vt 3.230031 3.756470
vt 2.059625 3.649133
vt 1.034003 2.722509
vt 1.076719 2.713716
vt 1.093432 2.883419
vt -1.905240 -2.784491
vt -2.076202 -2.872630
vt -1.896750 -2.872540
vt -2.067204 -2.784416
vt 1.049764 2.883720
vt 1.076609 3.053197
vt 1.034003 3.044865
vt -1.055161 -0.707301
vt -1.112689 -0.706718
vt -1.115991 -0.863100
vt 1.510337 -1.151609
vt 1.490695 -1.159676
vt 1.510411 -1.222457
vt 0.014351 -1.028324
vt -0.172297 -1.028213
vt 3.115380 -2.686386
vt 3.116993 -2.745544
vt 3.149593 -2.701931
vt 3.089870 -2.704466
vt 0.009846 -1.073694
vt -1.300995 -0.846012
vt -1.270405 -1.001159
vt -1.265909 -0.854756
vt 2.241101 -1.732687
vt 2.150153 -1.777938
vt -2.227260 2.569002
vt -2.152847 2.536513
vt -2.152426 2.605629
vt -1.127375 -0.854225
vt -2.246631 2.633457
vt 1.498972 -1.110353
vt -1.297522 -0.681520
vt -1.262386 -0.687573
vt 1.470112 -1.150447
vt 1.469881 -1.109148
vt -1.123855 -0.687281
vt -2.267378 -2.886236
vt 2.066355 -1.819551
vt 3.230103 3.798058
vt 3.246839 3.781342
vt 1.427339 3.844966
vt -1.058467 -0.863921
vt 1.495177 3.836193
vt -1.062671 -1.001160
vt -1.120191 -1.000100
vt 3.771227 -0.024555
vt 3.767535 0.099227
vt 3.710008 0.098591
vt 3.713701 -0.025067
vt 0.184065 -1.108332
vt 0.197306 -1.064827
vt -1.305413 -0.990073
vt 3.209090 3.766470
vt 3.192840 3.752086
vt -1.131860 -1.000321
vt -2.081701 -2.922956
vt 1.600610 -2.294913
vt 1.627866 -2.342601
vt 2.479454 1.651371
vt 2.482387 1.518017
vt 2.537411 1.539301
vt 2.534321 1.679837
vt 2.177898 3.529794
vt -1.746347 -2.752802
vt -1.892614 -2.922893
vt 0.369693 -1.136321
vt 3.072410 -2.775857
vt 3.076705 -2.708957
vt 3.055794 -2.741944
vt 3.066525 -2.683582
vt -1.197355 3.040302
vt -1.232394 3.028305
vt 2.064430 -1.931174
vt -1.058806 3.038230
vt 3.773974 -0.170809
vt 0.348090 -1.176498
vt -2.271519 2.561787
vt 3.024898 -2.831418
vt 3.072246 -2.814200
vt -2.793834 -1.531128
vt -2.715333 -1.572890
vt -2.926062 2.295579
vt -2.948222 2.312204
vt -2.694224 -1.382088
vt -2.839118 -1.507272
vt -2.625282 -1.438193
vt 3.282763 3.801689
vt 3.255079 3.857105
vt 3.264606 3.796538
vt 3.307564 3.862470
vt 3.284673 3.869037
vt 3.300628 3.796538
vt 1.449482 -1.222332
vt 1.470190 -1.222351
vt 1.449405 -1.150736
vt 1.490756 -1.222550
vt 1.727856 -2.309005
vt 2.390587 -0.867111
vt 2.326120 -0.890283
vt 2.441379 -0.876045
vt 1.480109 -2.117638
vt 0.967456 -2.501131
vt 0.946771 -2.480388
vt 1.041758 -2.671554
vt 1.037285 -2.647168
vt 0.984668 -2.513806
vt -2.080071 2.609499
vt -2.144899 2.679232
vt 0.967851 -2.578986
vt 2.281343 2.722194
vt 2.239487 2.708940
vt 2.382755 -0.842634
vt 2.328346 -0.866681
vt 2.417082 -0.848668
vt 3.135894 1.648830
vt 3.077863 1.540460
vt 3.132910 1.518050
vt 3.081006 1.678099
vt -2.567397 -1.255187
vt 3.078954 -2.905438
vt 3.112039 -2.881274
vt 3.086520 -2.852216
vt -2.418331 -1.155371
vt -2.600207 -1.215911
vt -2.510903 -1.323654
vt -2.376235 -1.233550
vt 3.129804 1.213912
vt 3.130854 1.371324
vt 3.075696 1.385767
vt 2.272120 -0.861813
vt 2.175781 -0.846328
vt 2.184074 -0.825149
vt 3.106042 -2.921955
vt 3.142295 -2.922956
vt 2.817344 -2.319640
vt 2.895963 -2.271069
vt 2.851627 -2.231917
vt 2.796993 -2.275084
vt -0.643509 3.723960
vt 2.794951 -2.222451
vt 3.849281 2.789024
vt 0.775141 2.765686
vt 0.815204 2.732374
vt 0.815937 2.781265
vt 3.865493 2.781342
vt 1.057436 -2.650252
vt 1.034354 -2.568164
vt 2.747830 -2.376266
vt 2.767816 -2.306376
vt 2.745746 -2.310113
vt -2.079709 2.703447
vt -2.202539 2.694263
vt -1.026751 -2.068423
vt -0.990549 -2.251374
vt 3.314991 1.682747
vt 3.279878 1.692994
vt 3.312045 1.532332
vt 3.276885 1.540015
vt -0.630855 2.551864
vt -0.586574 2.493832
vt -0.585133 2.574158
vt -1.908100 2.231830
vt 0.741033 2.767372
vt 0.774179 2.731504
vt 0.739096 2.723082
vt 0.712735 2.738950
vt -0.634576 2.465881
vt -0.638390 2.389913
vt -0.589463 2.410475
vt -0.591755 2.351553
vt 0.742148 2.829419
vt 0.775718 2.831211
vt 1.497320 -2.104813
vt 1.646599 -2.322733
vt -0.549516 2.486084
vt -0.523535 2.508204
vt -0.550393 2.428692
vt 2.301571 -0.799476
vt 2.171282 3.404103
vt 2.198640 3.369865
vt 1.714056 -2.344546
vt 0.815593 2.862499
vt 1.668841 -2.389828
vt 0.742329 2.911680
vt 0.774842 2.929686
vt 1.752958 -2.407150
vt -0.493931 3.582312
vt -0.443598 3.607211
vt -0.459069 3.632921
vt 3.116768 -2.812439
vt 3.151454 -2.764230
vt 2.311975 -0.109368
vt 3.146952 -2.890930
vt 3.186960 -2.903190
vt 3.190470 -2.866436
vt 3.089856 -2.793308
vt 3.192438 -2.790697
vt 3.151026 -2.832393
vt 2.263062 -0.138562
vt 1.508973 3.306371
vt 1.473968 3.281107
vt 2.209323 -0.127249
vt 1.473127 3.313434
vt 2.271363 -0.814490
vt 3.141344 1.691050
vt 3.138358 1.538359
vt 2.334681 -0.165764
vt 3.283905 1.821193
vt 3.318951 1.808896
vt 3.145364 1.818960
vt 3.814981 -1.726187
vt -2.734034 -1.349895
vt -0.946869 -2.238237
vt 3.757446 -1.725876
vt 2.237226 -0.874427
vt 2.734331 2.157122
vt 2.751215 2.064346
vt 2.762007 2.176147
vt 2.308995 -0.098115
vt 0.920497 -2.573416
vt 0.982814 -2.684490
vt 0.996598 -2.658702
vt 2.785562 2.052792
vt -0.919197 -2.424011
vt -0.780340 -2.550200
vt -0.878939 -2.402396
vt 1.084173 -2.738399
vt 2.414643 -0.087867
vt 0.717243 2.881324
vt 0.715817 2.805575
vt -0.697248 2.336017
vt -0.641799 2.319513
vt 3.275042 1.368067
vt 3.310228 1.363004
vt 3.136517 1.366689
vt 3.813254 -1.887078
vt 3.755720 -1.886950
vt 3.812671 -2.059401
vt 3.755136 -2.059550
vt 1.553208 3.283444
vt -2.226681 -1.171429
vt 1.133711 -2.748355
vt 3.129802 1.052110
vt 3.074592 1.220115
vt 3.074590 1.049615
vt 1.518285 -2.141737
vt 1.576655 -2.137841
vt -0.683822 -2.711083
vt -0.654756 -2.675790
vt 3.755722 -2.237000
vt 3.813256 -2.236669
vt 1.544064 -2.094873
vt -0.815478 -2.579090
vt 3.309621 1.181711
vt 1.687714 -2.445670
vt -0.549843 2.562335
vt 1.705910 -2.455537
vt -1.195913 -1.721912
vt 1.646729 -2.157178
vt 1.600165 -2.122771
vt 2.333591 -0.075756
vt 1.728463 -2.416669
vt -0.837829 3.871456
vt -0.847308 3.863614
vt -2.598239 2.746524
vt -2.544203 2.722938
vt -2.546977 2.789376
vt -0.412027 3.562328
vt -2.500739 2.752434
vt 2.236869 -2.017704
vt 2.295787 -2.030026
vt -2.601592 2.826007
vt 1.646888 -2.416542
vt -2.686211 2.817844
vt -2.667502 2.742309
vt 1.052714 -2.767772
vt -2.663691 2.872819
vt -2.692400 2.868726
vt 1.111691 -2.783499
vt 2.445915 -0.625214
vt 2.463510 -0.635133
vt 2.465852 -0.601684
vt 2.647138 0.367666
vt 2.750869 0.325319
vt 2.722488 0.367913
vt 2.772916 -2.415369
vt 1.632428 3.202191
vt 2.120065 -1.981444
vt 3.153350 2.011719
vt 3.835397 -0.339787
vt 3.777993 -0.340026
vt 2.774084 1.944501
vt 2.729707 1.950323
vt 2.710304 2.057007
vt -2.342339 2.486389
vt 2.805367 1.954242
vt -2.345497 2.389774
vt -2.400472 2.422463
vt -2.398267 2.503499
vt 2.807626 1.212922
vt 2.860903 1.385621
vt 2.808666 1.369585
vt -2.173469 0.690230
vt -2.329751 0.617481
vt -2.170253 0.641782
vt -2.165619 0.563424
vt 1.205788 -2.827998
vt 1.725830 3.216480
vt 1.658309 3.251480
vt 2.859799 1.219787
vt 2.912674 1.223702
vt 1.120358 -2.823349
vt 1.212678 -2.876130
vt 2.859797 1.049287
vt 2.912672 1.047890
vt 2.928032 -1.420582
vt 2.958210 -1.421362
vt 2.931423 -1.349279
vt 2.960497 -1.358192
vt 2.913810 1.394534
vt 2.967196 1.397134
vt 2.969449 1.558105
vt 1.625607 3.308056
vt 2.887491 -1.418652
vt 3.021219 1.394536
vt 3.023455 1.553923
vt 2.966047 1.224815
vt 2.820960 1.882989
vt 2.793159 1.853290
vt 3.020083 1.223704
vt -2.774749 0.403016
vt -2.875895 0.265508
vt -2.833948 0.240421
vt 2.745577 1.869594
vt -2.902360 0.094535
vt -2.766487 0.200221
vt 2.754860 1.825832
vt 2.843367 -1.329379
vt 2.892206 -1.334481
vt 2.894820 -1.285241
vt 0.793953 3.634709
vt 0.752097 3.646058
vt 0.748735 3.588645
vt -2.679838 0.317797
vt -2.572072 0.416300
vt -2.619333 0.479156
vt -2.738477 0.370357
vt -0.462147 3.546208
vt -0.438746 3.578699
vt 0.836958 3.598013
vt -2.648741 0.518095
vt -2.481379 0.562634
vt -1.494158 1.709697
vt -1.445428 1.799186
vt -1.498554 1.818096
vt 2.836571 -1.437742
vt -1.449144 1.935269
vt -1.451911 2.090520
vt -1.502162 1.950183
vt -1.391979 1.793775
vt -1.395731 1.930997
vt -1.398517 2.087598
vt -1.341740 1.935650
vt -1.338024 1.799567
vt -1.283765 1.818412
vt -1.440893 1.687379
vt 2.972722 1.701180
vt 2.976882 1.821193
vt 2.923414 1.814885
vt 2.919286 1.696026
vt 2.780450 -1.418977
vt 2.755127 0.388359
vt 2.698770 0.437103
vt 2.424243 -0.687641
vt 2.481216 -0.631396
vt 2.689818 2.173807
vt 2.656115 2.075638
vt -0.496495 3.555312
vt 0.643966 3.046015
vt 0.720056 3.674398
vt -1.387407 1.680947
vt -1.333490 1.687929
vt -1.279369 1.710013
vt -2.342165 0.664537
vt -2.502679 0.606446
vt 2.870220 1.793409
vt 2.866215 1.678049
vt -2.338194 2.600942
vt 2.863070 1.540314
vt -2.447185 0.491821
vt -2.309958 0.541505
vt 2.576331 0.333070
vt -2.398816 0.391328
vt -2.281916 0.433589
vt -0.914564 1.744169
vt -1.000799 1.640807
vt -0.962202 1.629358
vt -0.950013 1.762858
vt -0.876488 1.872721
vt 3.030818 1.814513
vt 1.922757 3.576337
vt 3.026693 1.695750
vt 0.772134 3.681469
vt 2.916046 1.554104
vt 2.639189 2.175217
vt 3.085009 1.793363
vt 2.598406 2.071763
vt 2.585000 2.152654
vt 0.818131 3.733101
vt 2.847039 -2.458669
vt 2.840786 -2.368036
vt 2.804833 -2.415125
vt 0.804561 3.715448
vt -0.154559 3.815040
vt -0.157829 3.720867
vt -0.101493 3.710965
vt -0.210397 3.805657
vt -0.213611 3.713042
vt -0.098293 3.803099
vt 2.797392 -0.663466
vt 2.823564 -0.578296
vt 2.817238 -0.564035
vt -2.784379 2.852237
vt -2.725347 2.771846
vt 3.518416 1.825833
vt 3.514828 1.914243
vt 3.459025 1.922514
vt -2.785361 2.782147
vt 2.048619 -1.961703
vt -0.586144 2.638879
vt -0.629496 2.621926
vt 2.621748 0.433121
vt -2.767521 2.890050
vt -0.552218 2.622943
vt -0.554456 2.651006
vt 2.783257 -0.549707
vt 2.760498 -0.567037
vt 2.750158 -0.672572
vt -0.589154 2.687283
vt 2.883551 -2.336020
vt 2.890216 -2.427626
vt 2.736031 -0.654227
vt 1.965255 3.583962
vt 2.667924 0.496229
vt 2.603515 0.477265
vt 0.742958 3.708810
vt 3.839464 2.832327
vt 3.462552 1.835423
vt 3.571133 1.924763
vt 3.574646 1.838277
vt 3.568249 2.030379
vt 3.511884 2.021990
vt -1.811047 1.924509
vt -1.856944 1.836652
vt -1.714191 1.827829
vt -0.893047 1.885968
vt -0.796651 1.982255
vt -2.743458 2.715265
vt 0.593995 3.020486
vt 2.187607 3.549643
vt 2.581938 0.381873
vt 3.770076 2.819565
vt 3.754290 2.774611
vt -2.264003 2.705911
vt 3.235006 -2.881320
vt 3.238404 -2.815775
vt -2.787655 2.703789
vt -0.396900 3.629248
vt -0.359520 3.649034
vt 1.548751 3.366107
vt 1.605389 3.355428
vt -1.201861 3.678542
vt -1.210963 3.664335
vt -1.171157 3.624064
vt 2.767445 -0.683478
vt 2.784881 -0.597896
vt 2.557619 0.378996
vt 1.957801 3.623155
vt 1.996652 3.629481
vt 3.820441 2.831209
vt 1.468977 -1.030239
vt 1.448279 -1.031298
vt 1.460755 -1.069235
vt -1.198734 3.637094
vt 0.777082 3.750858
vt 3.575571 -2.243739
vt 3.566513 -2.217192
vt 3.560625 -2.254572
vt 3.535125 -2.221937
vt -1.220055 3.694633
vt 2.552900 0.451941
vt 2.540679 0.420118
vt 2.640426 2.014657
vt 1.429354 -1.160395
vt 1.442267 -1.110214
vt 2.541191 1.972519
vt 2.679363 1.943130
vt 2.621668 1.936586
vt 1.854351 3.592101
vt 1.490073 -1.069628
vt 3.798617 2.859532
vt 1.533405 3.817782
vt 0.742611 3.765576
vt -0.820344 2.429462
vt -0.755988 2.392801
vt -0.777289 2.453411
vt -0.876363 2.509762
vt -0.876661 2.423040
vt -0.942615 2.525540
vt 2.767640 -0.739690
vt 2.122482 2.782276
vt 2.169002 2.739685
vt 2.168221 2.777252
vt 2.107443 2.744476
vt -1.149492 3.636071
vt -1.173476 3.663369
vt -2.335957 2.685372
vt 1.445415 -1.658056
vt 1.469578 -1.709264
vt 1.473990 -1.665570
vt -1.132920 3.612788
vt -1.111476 3.636058
vt -1.135214 3.677698
vt 2.130704 2.827645
vt 3.308599 -2.827499
vt 2.067591 2.835268
vt 2.809423 -0.696910
vt 3.487405 -2.175763
vt 3.498880 -2.246579
vt 3.295163 -2.861244
vt 3.453745 -2.196147
vt 2.152181 2.876415
vt 2.173045 2.821447
vt 3.557550 -2.186645
vt -1.179305 3.693584
vt 1.914748 3.621541
vt -1.217929 3.726815
vt 3.550119 -2.152133
vt 3.531264 -2.165806
vt 1.603892 3.397912
vt 0.526727 3.363768
vt 0.510339 3.338764
vt 0.549228 3.329302
vt -1.182418 3.725987
vt -1.219807 3.760281
vt 3.513854 -2.137189
vt -2.026419 2.099355
vt -2.031404 2.153868
vt -2.088295 2.142309
vt -2.084198 2.099758
vt 0.595319 3.082539
vt 3.459644 -2.134122
vt 3.494380 -2.109799
vt -1.979935 2.151469
vt -1.982787 2.210323
vt -2.090752 2.225824
vt 0.609491 3.135649
vt 3.533141 -2.123205
vt -2.033522 2.240292
vt 1.857162 3.625966
vt 3.512609 -2.096572
vt -1.028817 0.468722
vt -1.043068 0.425668
vt -1.028817 0.416625
vt 1.461667 -1.610017
vt 1.506646 -1.621527
vt 1.469377 -1.554235
vt -0.767822 2.783832
vt -0.765954 2.752478
vt -0.683123 2.735507
vt 1.516864 -1.567039
vt -2.163986 2.175737
vt -2.176688 2.142845
vt -0.686028 2.773729
vt -0.769427 2.811717
vt 1.661739 3.378071
vt 3.474645 -2.085225
vt -1.181564 3.793014
vt -1.210493 3.825119
vt -1.217356 3.793832
vt 0.454421 3.382178
vt -0.684340 2.562968
vt 0.551400 3.000848
vt -0.681618 2.658977
vt -0.421151 3.653980
vt 0.500273 3.002425
vt -0.764673 2.614560
vt -0.766413 2.662349
vt 0.517591 3.036725
vt -0.757566 2.566257
vt 1.731906 -2.138024
vt 1.698184 -2.139475
vt 1.769428 -2.221158
vt -0.688320 2.486566
vt -0.493944 3.611449
vt -0.454726 3.671112
vt -0.480234 3.652822
vt -0.692222 2.422666
vt 1.772432 -2.109979
vt 1.730599 -2.102970
vt 1.796121 -2.184973
vt 1.819918 -2.172489
vt -1.137635 3.725697
vt 1.828709 -2.258945
vt 1.580693 -1.637651
vt 1.565476 -1.578344
vt -1.138182 3.759139
vt -1.183797 3.759439
vt -1.090169 3.678251
vt 1.750174 -2.213746
vt -1.088118 3.742721
vt -2.176008 2.236253
vt -2.089504 2.314790
vt -2.032073 2.339987
vt -1.136573 3.792735
vt 1.832171 -2.296987
vt -1.131937 3.824144
vt -1.175593 3.824374
vt 1.688158 -2.175497
vt 1.755646 -2.277485
vt -1.087161 3.793036
vt -1.068379 0.855082
vt -1.033758 0.820387
vt -1.036066 0.885313
vt -1.084968 3.824467
vt -1.699216 1.701696
vt -1.657308 1.683938
vt 2.507973 2.070035
vt 3.441909 -2.108199
vt 1.856983 -2.243197
vt 2.508224 2.152120
vt 2.410081 2.151955
vt 2.312091 -0.225617
vt 2.235794 -0.235778
vt 2.276267 -0.255726
vt 1.790593 -2.293075
vt -0.381509 3.675824
vt 0.083728 2.259021
vt 0.140086 2.217563
vt 0.146150 2.269101
vt 2.204821 -0.271218
vt 1.823367 -2.374104
vt 0.065376 2.189200
vt 0.038251 2.224462
vt 0.022382 2.274242
vt -0.000828 2.195303
vt -1.856356 3.353710
vt -1.877960 3.353427
vt -1.880538 3.282981
vt 2.844163 -0.578729
vt 2.174831 -0.261676
vt -1.883820 3.202176
vt -1.858022 3.255850
vt -0.767125 2.509159
vt 0.582114 3.325289
vt -0.832367 2.514455
vt 1.495915 -1.478139
vt 1.529720 -1.497550
vt -1.826459 3.297267
vt -1.826317 3.366287
vt 0.573019 3.453890
vt 0.576740 3.384688
vt 0.603895 3.461348
vt 3.358893 3.666055
vt 3.369151 3.754787
vt 3.345841 3.723651
vt 3.669635 0.408138
vt 3.637327 0.365515
vt 3.681958 0.351113
vt 3.605443 0.396352
vt 3.658200 0.440665
vt -1.627871 1.653649
vt -1.638183 1.714018
vt 3.171094 0.366467
vt 3.202209 0.349926
vt 3.196056 0.402293
vt 3.490207 -2.073911
vt 3.163146 0.412143
vt 3.355385 -1.171825
vt 3.366028 -1.121537
vt 3.300042 -1.120383
vt -1.617047 1.570153
vt -1.585714 1.587620
vt -1.613920 1.614323
vt 3.325509 3.768415
vt 3.335897 3.832176
vt 0.056030 2.294852
vt -0.216968 3.602174
vt -0.218723 3.478069
vt -0.160396 3.608451
vt 3.378265 -1.080530
vt 2.495086 -0.221453
vt 2.544661 -0.264645
vt 2.530510 -0.214855
vt -1.559225 1.453372
vt -1.637153 1.526717
vt -0.104005 3.600931
vt -0.162166 3.482256
vt 1.419677 -1.222662
vt -0.105738 3.477453
vt -0.075407 3.590104
vt -0.072968 3.696720
vt 3.590849 0.427639
vt -0.968976 1.772711
vt 3.599373 0.460858
vt 2.792457 -0.453544
vt 3.507891 2.416871
vt 3.508345 2.555580
vt 3.451829 2.553017
vt 3.451329 2.416940
vt 3.564788 2.552511
vt 2.429750 -0.186541
vt -1.558686 2.273499
vt -1.507053 2.434031
vt -1.559212 2.433918
vt -1.506494 2.264136
vt 2.768217 -0.476980
vt 2.112159 -0.412582
vt 2.108117 -0.401736
vt 2.081483 -0.492240
vt -1.453611 2.259001
vt 2.085447 -0.373102
vt 2.049206 -0.443537
vt 2.041731 -0.489031
vt 0.627511 3.413662
vt 0.605909 3.378775
vt 0.628502 3.333541
vt -1.064672 0.766620
vt -1.031737 0.787359
vt -2.948329 -0.223163
vt -2.869921 -0.219540
vt -2.941027 -0.062156
vt -1.558689 2.594519
vt -1.506493 2.603959
vt -1.161836 0.810483
vt -1.160334 0.760134
vt -1.109025 0.772898
vt -2.924163 -0.382717
vt -2.848018 -0.363879
vt -1.453613 2.609054
vt -1.105283 0.717863
vt 0.540141 3.401360
vt -1.183629 0.716275
vt 3.757186 1.402474
vt 3.780270 1.437009
vt 3.739560 1.493612
vt -1.454191 2.434055
vt -1.400235 2.257428
vt -1.400815 2.434158
vt 0.608760 3.325683
vt -1.346778 2.434049
vt -1.346202 2.259045
vt 1.631054 -1.592789
vt -1.400235 2.610666
vt -1.451911 2.777449
vt -1.346202 2.608930
vt 3.710154 1.446431
vt 1.578161 -1.520335
vt 1.620405 -1.509183
vt 0.561072 3.088206
vt 3.455319 2.804593
vt 3.511877 2.811447
vt 3.514826 2.919075
vt 3.459018 2.910796
vt 0.498734 3.411905
vt 3.453136 2.683987
vt 3.509694 2.688710
vt 2.107750 -0.362644
vt 2.096726 -0.400962
vt -2.536912 1.961897
vt -2.582956 2.000398
vt -2.620824 1.918396
vt -2.793499 1.827747
vt -2.697771 1.860834
vt -2.696761 1.924398
vt -1.504845 2.767153
vt 0.517084 3.105370
vt -1.265942 3.110229
vt -1.244701 3.100120
vt -1.242265 3.174625
vt -2.798295 -0.501220
vt -1.265764 3.158661
vt -1.826627 3.221443
vt -1.787912 3.252420
vt -0.632332 2.716579
vt -0.630119 2.678318
vt 3.568249 2.803137
vt -1.162325 0.868061
vt -1.111033 0.836747
vt -1.111295 0.911415
vt 0.124718 2.164202
vt -0.766230 2.719508
vt 0.019585 2.164843
vt -1.161714 0.931676
vt -1.219889 0.904748
vt 0.049241 2.139671
vt -1.220221 0.829746
vt 2.815992 -0.730656
vt 2.767203 -0.814676
vt 3.021457 -1.093804
vt 3.045859 -1.031659
vt 3.022285 -1.049862
vt -0.625701 3.044266
vt -0.612851 3.072451
vt -0.646523 3.095140
vt 0.113069 2.124066
vt -1.069218 0.927402
vt -1.264462 3.211540
vt 2.539766 1.879729
vt 3.566106 2.682971
vt 2.997011 -1.078074
vt 3.594741 2.674757
vt 3.596814 2.791189
vt 2.478772 1.989614
vt 2.443937 1.919234
vt 1.887048 -2.335417
vt 3.593462 2.548425
vt -2.697692 -0.453978
vt -2.740055 -0.337136
vt -2.824861 -0.700391
vt -2.785873 -0.672290
vt -2.913139 -0.554453
vt -2.869218 -0.534286
vt -2.722734 -0.626218
vt -0.663437 3.059550
vt -1.557127 2.748740
vt -1.037373 0.973046
vt 2.722303 -1.232852
vt 2.701842 -1.311241
vt 2.791236 -1.254024
vt 2.987912 -1.096183
vt -2.572249 -0.927638
vt -2.547167 -0.886882
vt -2.709743 -0.826506
vt -2.676974 -0.791369
vt -2.624245 -0.733975
vt 2.077745 2.888088
vt 2.119267 2.902344
vt -2.401003 -0.955286
vt -2.506737 -0.820497
vt -1.502163 2.917480
vt -1.449145 2.932581
vt -1.498554 3.049398
vt -1.398519 2.780421
vt -1.395730 2.936813
vt -1.391981 3.073826
vt 0.517917 3.448799
vt -1.344501 2.777205
vt -1.341737 2.932218
vt 2.847254 -1.263216
vt 2.637284 1.851976
vt 2.786632 -1.327713
vt 2.148370 -0.309149
vt 2.118654 -0.301878
vt 2.065908 -0.365408
vt 1.153371 3.449126
vt 1.203730 3.493900
vt 0.534273 3.484771
vt -1.338022 3.068000
vt 2.691980 1.819769
vt 2.696029 1.697170
vt 2.745184 1.798657
vt -1.445429 3.068481
vt 2.584573 1.819273
vt 2.530392 1.798551
vt 2.588623 1.696799
vt -1.283767 3.049188
vt 2.642595 1.702187
vt 2.638504 1.825833
vt 2.749116 1.679783
vt 3.216262 3.813833
vt 3.402648 -1.500855
vt 3.549529 -2.006495
vt 3.562307 -2.038187
vt 3.604490 -2.048765
vt 3.587549 3.182732
vt 3.577762 3.273116
vt 3.453373 3.282969
vt 3.540547 -1.966024
vt 3.607368 -2.023964
vt 3.592388 3.383489
vt 3.588909 -1.969058
vt 3.627597 3.476984
vt 3.497486 3.479075
vt 3.665649 3.536839
vt 3.550354 3.575569
vt 3.469456 3.399757
vt 2.066648 2.954912
vt 3.612251 3.104198
vt 3.503295 3.024117
vt 3.665498 3.009649
vt 3.565119 2.919175
vt 3.461893 3.148789
vt 3.587282 3.624109
vt 3.145318 -2.625470
vt 3.112211 -2.623317
vt 2.995065 -1.142471
vt 3.021519 -1.142495
vt 3.202235 -2.577308
vt 3.202836 -2.641984
vt 2.968776 -1.124319
vt 2.961519 -1.142712
vt 2.143883 2.946069
vt 3.563485 -1.929961
vt 3.590306 -1.941634
vt 3.085426 -2.583397
vt 1.461015 -1.478649
vt -1.295667 3.156440
vt -1.332884 3.203598
vt -1.330896 3.141573
vt 3.710764 0.650740
vt 3.687049 0.731948
vt 3.578677 0.664832
vt 3.679556 0.817578
vt 3.556453 0.773618
vt 3.689984 0.907883
vt 3.553246 0.855993
vt 3.715241 0.986234
vt 3.765605 1.075326
vt 3.617801 1.091449
vt 3.569090 0.957770
vt 3.215335 -2.703435
vt 3.665364 1.166658
vt 3.608137 0.587463
vt 3.652756 0.511256
vt 3.765526 0.553358
vt 3.686596 0.466556
vt 3.426460 0.820617
vt 3.547520 0.912013
vt 3.424826 0.906307
vt 3.410940 0.734802
vt 3.547163 0.766912
vt 3.379357 0.654675
vt 3.517212 0.640277
vt 3.412398 0.466594
vt 3.471985 0.547192
vt 3.319433 0.564766
vt 3.304266 -2.786594
vt 3.397085 1.013072
vt 3.508915 1.051328
vt -1.853570 3.439994
vt -1.875493 3.405711
vt 3.237999 -2.755674
vt 3.365567 -1.488623
vt 1.209753 3.463671
vt -1.295444 3.226319
vt 2.695146 1.859733
vt 1.166990 3.428640
vt 2.584237 3.431275
vt 2.581988 3.486148
vt 2.552170 3.443523
vt -0.616063 3.142719
vt 2.609174 3.477303
vt 2.740805 -0.818723
vt 2.723824 -0.871080
vt 2.108994 2.989387
vt 2.134675 3.592458
vt 2.120762 3.043328
vt 2.176613 -0.340820
vt 2.142016 -0.403582
vt 2.130488 3.565699
vt 2.129885 3.526371
vt 2.188202 -0.356641
vt 2.708122 -1.381222
vt 2.687048 -1.453697
vt 2.185005 -0.312096
vt -0.684929 3.062440
vt -0.680838 3.119966
vt 3.402567 1.221440
vt 3.318951 1.141424
vt 3.348420 1.104563
vt 3.443788 1.170573
vt -1.903857 3.282964
vt -1.931275 3.437263
vt -2.044961 3.368180
vt -2.028681 3.267468
vt 1.775461 3.499814
vt 1.772277 3.532697
vt -2.040834 3.140562
vt -1.910471 3.165245
vt 1.794232 3.576595
vt -2.080976 3.035973
vt -1.976629 2.983373
vt -2.049601 2.881711
vt -2.133984 2.960897
vt -2.075328 3.444625
vt -1.987864 3.560309
vt -0.664302 3.179781
vt -1.933399 3.079298
vt -2.134022 3.533109
vt -2.040945 3.631733
vt -1.898762 2.800548
vt 1.448459 -1.378921
vt 1.479524 -1.388204
vt 3.410367 -2.510983
vt 3.693438 -2.474309
vt 3.538583 -2.473781
vt 3.450427 2.429022
vt 3.449492 2.500843
vt 3.439098 2.479895
vt 3.440133 2.382189
vt 3.451114 2.324739
vt 3.451185 2.243412
vt 3.440488 2.277843
vt -0.711033 3.060882
vt -0.701353 3.136490
vt 2.476749 -0.840620
vt 2.527959 -0.798819
vt 3.790256 1.471150
vt 3.807564 1.398293
vt 3.805774 1.447204
vt -2.420860 3.491951
vt -2.292802 3.453740
vt -2.137823 3.454402
vt 3.319010 1.532741
vt 3.602878 1.489598
vt 3.603135 1.593229
vt 3.069013 0.398962
vt 3.049955 0.354102
vt 3.096379 0.345591
vt 3.335724 -1.478422
vt 2.501596 -0.789269
vt -2.420448 2.951548
vt -2.134562 2.893830
vt -2.137103 2.972908
vt 2.677042 -1.260855
vt 2.645782 -1.199759
vt 3.306887 -1.467958
vt 1.352371 -1.277231
vt 1.314116 -1.223909
vt 1.313302 -1.290329
vt 3.694862 -2.578247
vt 3.411404 -2.621621
vt 3.695088 -2.660292
vt -1.305413 0.643659
vt -1.305413 0.488693
vt -1.175550 0.642445
vt 1.416863 2.121308
vt 1.418063 2.240825
vt 1.133664 2.154732
vt 1.768348 3.566078
vt 1.777889 2.742989
vt 1.796997 2.776429
vt 1.765120 2.783935
vt 2.602194 -1.212048
vt 2.602199 -1.278854
vt 2.563898 1.830914
vt 2.464782 1.847914
vt 1.834779 2.814289
vt 1.793749 2.822907
vt 1.134838 2.337354
vt 1.134498 2.241146
vt -1.175550 0.487480
vt 1.786453 0.169299
vt 1.822611 0.177917
vt 1.788257 0.202136
vt 1.826689 0.229895
vt 3.410230 -2.785894
vt 3.407680 -2.886738
vt 3.692332 -2.855093
vt -1.788441 2.973425
vt -1.831711 2.887003
vt -1.752468 2.953003
vt 1.761645 0.270389
vt 1.760570 0.184825
vt 1.790271 0.259289
vt 3.568706 -1.883114
vt 3.604766 1.725263
vt 3.321294 1.746466
vt 3.449797 1.725372
vt 3.161315 3.391603
vt 3.316271 3.392233
vt 3.162054 3.412922
vt 1.724182 -1.067946
vt 1.724182 -1.222795
vt 1.826505 -1.065045
vt 1.826505 -1.219894
vt -1.983356 2.268166
vt -1.941418 2.252877
vt -1.877211 2.872772
vt -1.847361 2.932934
vt -1.877135 2.924666
vt 1.134612 2.436055
vt 1.417679 2.501587
vt 1.133734 2.535023
vt 1.418444 2.372178
vt 1.261897 2.121534
vt 3.536432 -2.395458
vt 3.408339 -2.418418
vt -1.763839 2.869298
vt 1.850275 2.863135
vt 1.807175 2.872074
vt 3.694434 -2.750622
vt 3.690136 -2.922956
vt 3.606117 1.785664
vt 3.322664 1.802987
vt 1.842019 2.921749
vt 1.808541 2.929031
vt 1.128501 2.749349
vt 1.130562 2.692733
vt 1.412244 2.745433
vt 3.443537 3.343600
vt 3.445676 3.414336
vt 2.609377 3.416563
vt 3.411193 -2.706663
vt 2.236755 -0.328028
vt 1.132623 2.082304
vt -2.226564 3.724359
vt -2.225712 3.588804
vt -2.135711 3.724680
vt -1.911288 2.328953
vt 1.352143 -1.362180
vt 1.311956 -1.373113
vt -1.983011 2.330122
vt 1.868751 0.200042
vt 1.265485 -1.270351
vt 1.267031 -1.198628
vt 1.210618 -1.235477
vt -1.235039 0.643659
vt -1.235039 0.686361
vt -1.247190 0.682165
vt 3.129847 0.395106
vt 1.874383 0.259710
vt 1.261448 -1.427526
vt 1.310664 -1.457722
vt 1.829979 0.296996
vt 1.791766 0.344318
vt 1.206231 -1.365449
vt 1.203755 -1.457391
vt 3.406462 -2.364451
vt -0.321849 3.688812
vt -0.220833 3.530850
vt -0.220833 3.685813
vt 3.675364 -0.510560
vt 3.390666 -0.472167
vt 3.392091 -0.547569
vt 3.673548 -0.430963
vt 3.389276 -0.417680
vt 3.691258 -2.394962
vt 3.137362 0.347997
vt 3.166546 2.455229
vt 3.165895 2.503207
vt 3.465601 -1.983633
vt 3.480090 -2.019358
vt 1.260433 2.037757
vt 1.131669 2.032840
vt 1.415392 2.037181
vt 1.413533 1.962219
vt 1.130236 1.974640
vt -2.135505 3.589574
vt -0.321849 3.533849
vt 3.189950 0.433132
vt -2.668692 3.571537
vt -2.668692 3.726387
vt -2.771015 3.568636
vt 3.676304 -0.899907
vt 3.392363 -0.907946
vt 3.547317 -0.907720
vt 2.252303 -0.296245
vt -2.771015 3.723485
vt 3.450306 2.099314
vt 3.450779 2.155122
vt 3.295339 2.099781
vt 2.608800 3.362485
vt 3.167520 2.314146
vt 3.167444 2.211627
vt 2.283055 -0.315690
vt 1.787579 -2.383077
vt -1.133652 0.672469
vt -1.145588 0.676959
vt -1.145588 0.643659
vt 1.127934 1.901757
vt 1.411555 1.900768
vt 3.162883 2.623434
vt 3.164601 2.563402
vt 3.447731 2.579193
vt 1.812293 -2.374268
vt -1.265293 3.073826
vt -1.294086 3.102541
vt -1.045687 0.665998
vt -1.045687 0.624161
vt -1.032737 0.633629
vt 3.123134 0.422618
vt 3.676785 -0.613801
vt 1.566006 -1.468364
vt 1.761086 0.385518
vt 3.162099 2.410942
vt 1.877856 0.313149
vt 3.393541 -0.722321
vt 3.677421 -0.720935
vt 3.393126 -0.636364
vt 2.288834 -0.272270
vt 1.260066 -1.529666
vt 1.832144 0.366699
vt 1.202576 -1.546554
vt 2.612209 -1.358025
vt 1.116383 -1.386318
vt 1.136019 -1.463519
vt 1.263568 -1.341498
vt 1.841544 -2.437349
vt 1.185091 -1.271815
vt -0.344830 3.698642
vt 1.143682 3.506992
vt 3.393394 -0.805518
vt 3.677274 -0.804358
vt 3.472585 -1.944326
vt 3.319888 1.658430
vt 3.448571 1.640147
vt 1.617296 -1.222795
vt 1.617296 -1.067834
vt 1.510410 -1.221315
vt 3.603534 1.639572
vt 3.507322 -1.908302
vt 3.768176 1.501835
vt 1.523033 -1.394297
vt 1.601913 -1.404713
vt 1.646226 -1.424317
vt 3.708010 1.525307
vt 3.406776 -1.922929
vt 0.531072 3.542770
vt 3.455070 -1.889560
vt -1.068920 1.004950
vt 3.104415 -2.496065
vt 3.099895 -2.420846
vt 3.079552 -2.461648
vt 1.563246 -1.399068
vt 1.641774 -1.487577
vt 2.572515 -0.776900
vt 2.549659 -0.822392
vt 1.498811 2.917758
vt 1.500905 2.859818
vt 1.564754 2.896138
vt 3.159491 3.327284
vt 3.158441 3.275074
vt 3.314454 3.328140
vt 2.950677 -1.943021
vt 2.915804 -1.946977
vt 2.920783 -2.015329
vt 1.858131 -2.423621
vt 1.868666 -2.382150
vt 1.653300 -2.833148
vt 1.621617 -2.880385
vt 1.718663 -2.822503
vt 2.947219 -1.840069
vt -0.022641 3.737703
vt -0.022632 3.620420
vt 0.068097 3.742966
vt 1.510410 -1.066354
vt 0.067985 3.627239
vt 1.239657 3.543277
vt 1.191766 3.525855
vt 3.157019 3.153729
vt 3.156593 3.013198
vt 3.440214 3.067451
vt 3.440645 2.923501
vt 3.157486 2.868178
vt -0.827638 2.592820
vt -2.418343 3.577179
vt -2.135634 3.542768
vt -2.134029 3.588374
vt -1.789226 3.406961
vt -1.809325 3.442677
vt 1.899059 -2.431205
vt -0.504860 2.863538
vt -0.221768 2.873811
vt -0.376628 2.874275
vt -0.503183 2.820312
vt -1.037598 1.067542
vt -1.045687 0.487480
vt -1.045687 0.642445
vt -1.175550 0.488693
vt -1.175550 0.643659
vt -1.110488 0.992689
vt -1.108999 1.079253
vt 1.587751 2.825080
vt 1.542065 2.824890
vt 3.176044 0.313183
vt -1.067954 1.104856
vt 3.205462 0.271406
vt 3.142601 0.286973
vt -0.848898 2.702728
vt -0.862028 2.654252
vt 2.810369 -2.504714
vt 2.778247 -2.516832
vt 2.752239 -2.484453
vt 3.441104 3.205437
vt 2.067425 -0.508930
vt 2.054471 -0.531708
vt 3.319367 1.407455
vt 3.603447 1.382182
vt 2.617306 -0.298844
vt 2.578312 -0.272361
vt 3.320920 1.293195
vt 3.606110 1.236830
vt 3.604521 1.305570
vt 2.913375 -1.854138
vt 2.135880 3.623172
vt 3.322664 1.222101
vt -0.506302 2.909925
vt -0.219766 2.820127
vt -2.422048 2.479072
vt -2.423429 2.410683
vt 1.617296 -1.221315
vt 1.724182 -1.222795
vt 1.617296 -1.066354
vt 1.736781 3.144825
vt 2.598079 -0.231942
vt 2.641625 -0.247480
vt 3.674482 -0.987307
vt 3.545798 -0.979652
vt 3.390831 -0.980534
vt 3.389276 -1.028213
vt 2.870243 -1.902549
vt 2.872118 -1.962656
vt -0.870876 2.587925
vt -1.745826 3.386309
vt -1.746373 3.470802
vt 3.799665 1.526603
vt 2.122025 3.624375
vt 2.028365 -0.441456
vt 2.013519 -0.505166
vt 1.465054 2.922263
vt 1.438941 2.938144
vt 1.440058 2.871923
vt 1.623318 -2.785418
vt 1.522002 -2.825457
vt 1.550360 -2.830327
vt 1.466815 2.853824
vt -0.812232 3.699659
vt -0.812319 3.564061
vt -0.721475 3.698819
vt 3.650468 -1.304419
vt 3.650468 -1.459382
vt 3.751484 -1.307419
vt -1.788814 3.335340
vt 3.751484 -1.462381
vt -0.507890 3.365820
vt -0.509330 3.254734
vt -0.225055 3.327312
vt 3.161949 1.845688
vt 3.445053 1.825833
vt 3.446924 1.895351
vt 3.012918 3.745592
vt 3.058577 3.622791
vt 3.103392 3.738810
vt 1.724182 -1.067833
vt 1.500923 2.795263
vt 3.166570 2.089584
vt 3.012906 3.628310
vt 1.465250 2.783893
vt 1.437571 2.793284
vt 3.077513 3.622214
vt 3.103611 3.623088
vt -1.743445 3.253708
vt -1.744584 3.313868
vt 3.163877 1.921005
vt 3.449172 2.009960
vt 2.148771 3.656172
vt -2.420687 2.543100
vt -0.225384 3.037525
vt -0.507503 2.958961
vt -0.223957 2.953490
vt -0.378805 2.953557
vt 1.596244 -2.846204
vt 1.509702 -2.886847
vt -0.721637 3.563715
vt -0.508803 3.037835
vt 3.809401 1.483820
vt 3.810412 1.514100
vt 3.673156 -1.026972
vt 1.723969 3.279442
vt -2.418441 2.894161
vt -2.139807 3.264560
vt -2.139087 3.369304
vt -2.423663 3.272599
vt -2.423588 3.167177
vt -2.139799 3.182374
vt -2.422375 3.415856
vt -2.294048 3.369604
vt -2.423132 3.353072
vt -0.359212 3.789549
vt -0.368220 3.725092
vt -0.339509 3.807104
vt 1.699816 3.291403
vt -2.139053 3.083791
vt -2.422408 3.045277
vt -0.505609 3.460734
vt -0.222883 3.437667
vt 3.165420 2.003760
vt 3.294584 2.036211
vt 3.239443 2.036465
vt 3.294216 2.011151
vt 3.294794 2.054144
vt 3.294716 2.035109
vt 3.294742 2.054877
vt 2.644396 -0.296974
vt -0.509596 3.139801
vt -0.226167 3.171869
vt 1.151281 -1.145278
vt 1.144132 -1.180755
vt 1.212218 -1.175693
vt 2.627598 -0.360610
vt 2.596799 3.595529
vt 2.565103 3.598378
vt 2.576414 3.545362
vt 2.518458 3.580987
vt 2.543541 3.535725
vt -0.948361 2.426990
vt 1.217524 3.575229
vt 1.165393 3.552683
vt 2.592640 -0.333732
vt 1.326171 -1.955813
vt 1.341308 -1.981839
vt 1.410976 -1.946392
vt 2.419670 -1.619411
vt 2.388292 -1.731555
vt 2.419076 -1.707071
vt 2.390148 -1.638576
vt 0.787231 0.722309
vt 0.787231 0.769391
vt 0.781227 0.763598
vt 1.100057 -1.130096
vt -1.674164 3.288219
vt -1.686481 3.333891
vt -2.395483 2.600511
vt -2.418702 2.614630
vt 1.040793 3.344748
vt 1.040877 3.332195
vt 1.054454 3.322471
vt 1.422038 -1.989290
vt 1.268950 -2.019169
vt 1.263385 -2.040648
vt 1.526405 -2.912395
vt 1.714001 3.344114
vt -1.675802 3.386749
vt 1.245067 -1.984355
vt -0.858357 2.763344
vt -0.686351 3.742302
vt -0.702258 3.707795
vt -2.597847 2.671965
vt 2.605953 3.541244
vt 2.914175 -1.753765
vt -2.599271 2.593329
vt 2.947320 -1.740812
vt 2.870101 -1.820192
vt 2.110283 -0.464601
vt -2.413078 2.662816
vt 1.096813 -1.199605
vt -2.393374 2.722909
vt 1.118472 -1.265419
vt 1.498283 2.748407
vt -2.335493 2.753413
vt 3.165867 -2.382082
vt 3.128475 -2.387944
vt 3.132799 -2.451699
vt 2.818219 -1.897029
vt 3.125389 -2.329870
vt 3.097194 -2.361423
vt 2.755986 -2.582955
vt 2.691636 -1.895243
vt 2.685136 -1.954964
vt 2.760538 -1.937995
vt -0.933163 2.794806
vt -0.860276 2.816343
vt -0.937421 2.863175
vt 2.820546 -1.973957
vt 2.687087 -0.331482
vt 3.351906 -2.842269
vt 3.384940 -2.800410
vt 2.683433 -0.390890
vt 1.659703 3.419898
vt 1.713582 3.412757
vt 1.712064 3.452258
vt -1.823852 3.478306
vt 1.714883 3.384218
vt -2.680570 2.664350
vt -0.688953 3.202250
vt -2.667563 2.575524
vt -1.860383 2.350977
vt -1.860468 2.258150
vt -1.825528 2.273252
vt -2.711357 2.609789
vt -1.886963 2.302888
vt -2.417674 2.696170
vt -1.889897 2.204741
vt 3.096152 -2.316549
vt 2.630554 -0.774945
vt 1.459051 2.723104
vt 1.429805 2.727421
vt 3.076828 -2.391650
vt -0.933253 2.715696
vt -0.972319 2.682643
vt -0.937331 2.615407
vt 1.124382 -1.328602
vt 2.815261 -2.594955
vt 2.782225 -2.603828
vt 1.557203 2.771208
vt 1.714281 -1.612444
vt 1.681789 -1.520634
vt 2.525769 3.609130
vt 2.095685 -0.532809
vt 2.118801 -0.496789
vt -1.772623 3.516618
vt -1.864650 2.162711
vt -1.667409 3.440387
vt -1.681704 3.481715
vt 2.208961 3.569357
vt 3.108389 -2.558666
vt -2.393735 2.777153
vt 3.138686 -2.530673
vt -2.417427 2.747961
vt 2.204548 -0.977770
vt 2.142871 -0.982899
vt 2.246505 -1.017272
vt 2.460896 3.551747
vt 2.471680 3.479557
vt 2.511610 3.485710
vt -2.395260 2.826692
vt -2.418550 2.798456
vt 1.077991 -1.450867
vt 2.158075 -0.939680
vt 2.274685 -0.975308
vt 2.192166 -0.941227
vt -0.655464 3.783717
vt -0.673713 3.766679
vt -0.993073 2.643131
vt 2.323975 -1.004600
vt -0.990323 2.761236
vt 2.248439 -0.947960
vt 2.548635 3.491000
vt 2.504120 3.541702
vt 1.691465 3.459827
vt 3.176718 -2.516171
vt 3.406261 -2.774062
vt 3.405248 -2.801511
vt 3.397422 -2.749032
vt -1.015533 2.694460
vt -1.016261 2.663325
vt 3.190395 -2.439783
vt 3.531112 -1.865555
vt -1.017843 2.624010
vt 3.572655 -1.831771
vt 3.542052 -1.809671
vt 2.516882 3.434313
vt -1.587223 3.446290
vt -1.579239 3.486881
vt 2.705264 3.516749
vt 2.761390 3.510737
vt 2.707565 3.600753
vt -1.587051 3.517801
vt -1.042975 -0.917587
vt -1.049292 -0.917577
vt -1.045402 -1.001159
vt -1.051719 -1.001149
vt -1.047435 -0.822055
vt 2.692573 3.512717
vt 2.694845 3.595677
vt 2.690889 3.418095
vt 2.703558 3.420867
vt 1.445083 2.142482
vt 2.784758 3.582210
vt -1.633788 3.523686
vt 2.782569 3.502258
vt -0.996820 2.565765
vt -0.644171 3.223542
vt -0.681778 3.264361
vt 2.626792 -0.433870
vt 2.109725 -0.939895
vt 1.792662 0.442906
vt 1.722321 -1.547043
vt 2.278415 1.200937
vt 2.459173 1.146003
vt 2.479454 1.247694
vt 2.419530 1.050371
vt 2.075051 -2.701956
vt 2.114894 -2.828863
vt 2.058277 -2.825409
vt 1.997355 -2.764524
vt 1.814910 -2.480935
vt 3.179796 0.171702
vt 3.178851 0.243743
vt 3.145869 0.210380
vt 3.147549 0.140448
vt 3.106382 0.210405
vt 0.463785 3.019106
vt 0.471980 3.086241
vt 3.156547 2.622511
vt 3.158674 2.547082
vt 3.162858 2.622711
vt 3.842798 1.166688
vt 3.845062 1.090996
vt 3.855524 1.160940
vt 3.817062 1.090622
vt 2.820648 -1.739257
vt 2.818411 -1.828819
vt 1.866416 -2.516522
vt -1.596960 3.314072
vt -1.629805 3.352687
vt 2.759786 -1.854612
vt 1.815280 -2.551370
vt 2.760999 -1.783590
vt 3.846738 1.001378
vt 3.857757 1.086223
vt 3.159520 2.504058
vt 1.792073 -2.460612
vt 3.859039 1.017954
vt 3.818746 1.001216
vt -1.887492 2.413230
vt 2.358078 -1.027390
vt 1.751622 -0.127890
vt 1.675002 -0.051274
vt 1.692931 -0.075652
vt 1.630731 -0.020069
vt -1.031582 0.838111
vt -1.031601 0.741622
vt -1.029260 0.782079
vt 2.738354 3.669006
vt 3.769374 0.989108
vt 3.767768 1.074346
vt 3.765611 1.146561
vt 2.129808 -2.873309
vt 2.209300 -2.906276
vt 2.432671 0.714364
vt 2.375869 0.662304
vt 2.434464 0.654477
vt 2.361895 0.964163
vt -2.477437 3.018917
vt -2.536045 3.012340
vt 1.780366 -2.533775
vt 3.205288 0.162630
vt -1.133652 0.643659
vt -1.124937 0.653243
vt -1.133652 0.679014
vt 1.760467 0.464798
vt -2.602498 2.493437
vt -2.570624 3.014831
vt -2.567559 2.945071
vt -2.538137 2.944172
vt 1.834234 0.446760
vt -2.479478 2.952408
vt 2.818144 -2.665469
vt 2.819310 -2.731866
vt 2.859718 -2.701078
vt 2.374030 0.724000
vt 2.458859 -1.032313
vt 2.424160 -1.083538
vt 2.458859 -1.140499
vt -1.080397 0.487164
vt -1.080397 0.393454
vt -1.057981 0.478772
vt 0.528935 2.667535
vt 0.462377 2.623039
vt 0.491085 2.604983
vt 0.634328 2.674287
vt 1.760633 0.535464
vt 2.344609 0.723100
vt 2.856479 -2.614130
vt 2.903348 -2.631206
vt 0.456124 3.138295
vt 2.346444 0.661723
vt 2.357287 -0.960059
vt 2.784534 -2.686485
vt 2.784434 -2.763431
vt 2.435796 0.583672
vt 2.284730 0.690870
vt 2.286394 0.635081
vt 0.602912 2.698096
vt -1.019904 2.575950
vt 1.277324 1.739047
vt 1.236698 1.771301
vt 1.321827 1.684504
vt -1.041116 -0.821894
vt 2.757695 -2.738344
vt -1.031667 0.997956
vt -1.027646 0.952856
vt -1.027646 1.004870
vt 1.479239 2.058054
vt 2.780939 3.410872
vt -0.453816 3.715113
vt 1.949473 -2.693010
vt -2.475834 3.094740
vt -2.563828 3.090918
vt 1.794340 0.532481
vt -2.625461 3.036458
vt 2.353512 -0.993466
vt 2.218132 -2.878901
vt 2.271638 -2.817988
vt 2.141158 1.018509
vt 1.541220 1.970468
vt 1.895209 -2.512647
vt 2.716861 -0.487703
vt 0.586412 2.475454
vt 0.552765 2.486776
vt 2.484785 3.615970
vt -1.037537 1.150483
vt 0.502601 2.491158
vt -1.576937 3.366356
vt -1.580544 3.412455
vt 3.650468 -1.459506
vt 3.620100 -1.368277
vt 3.616764 -1.460561
vt 1.849168 -2.541270
vt 2.320033 -0.214221
vt 3.426051 0.176291
vt 3.398530 0.100157
vt 3.441565 0.100728
vt 2.757879 -2.663146
vt 2.709338 -0.408320
vt 2.235323 3.552470
vt 2.216578 3.606752
vt 3.488927 0.101766
vt 3.471812 0.215413
vt -1.022756 2.510293
vt -1.575114 3.301682
vt -1.001064 2.482447
vt 3.590671 -1.352924
vt 3.552546 -1.338962
vt 3.568584 -1.460453
vt 3.505008 -1.322292
vt 1.479405 -2.878902
vt 1.563092 -2.841286
vt 3.533458 -1.461661
vt 3.418212 0.220566
vt 3.440126 0.286826
vt 3.547998 -1.757219
vt 3.511804 0.252502
vt 0.414189 3.144193
vt 2.949767 -1.641807
vt 1.430100 -2.921804
vt 1.793738 -2.643174
vt 2.872025 -1.731215
vt 0.394511 3.218416
vt 0.442522 3.201432
vt 2.917368 -1.648700
vt 2.922852 -1.524528
vt 2.879225 -1.566458
vt 0.400398 3.267483
vt 0.377909 3.296607
vt 0.406483 3.288171
vt 2.874707 -1.657672
vt 3.481049 -1.779610
vt 2.825493 -1.626849
vt -0.696313 3.228591
vt 2.763559 -1.709073
vt 2.768342 -1.612987
vt 2.234347 3.596472
vt 3.511706 -1.752735
vt 2.154308 -0.228155
vt 2.336837 -0.259230
vt -2.783549 2.627748
vt 2.852202 -2.537895
vt 1.791752 -2.585846
vt 1.808283 -2.650226
vt 2.897995 -2.537698
vt 2.671280 -1.764913
vt -1.067091 1.191389
vt 1.872573 -2.604043
vt 2.240383 3.573746
vt -1.066784 1.276865
vt -1.037935 1.247133
vt 2.966907 -2.582843
vt 2.959215 -2.490442
vt 1.819149 -2.659582
vt 2.883351 -1.491148
vt 2.830824 -1.531376
vt 1.461345 2.994960
vt 1.456646 3.067816
vt -1.826423 2.214379
vt -1.763995 2.251283
vt 2.631240 -0.518462
vt 2.945138 -2.406673
vt 3.180051 0.088541
vt 3.203815 0.073501
vt 1.189140 -2.265398
vt 1.188936 -2.307989
vt 1.258200 -2.202032
vt 1.221555 -2.215383
vt 1.721457 2.895463
vt 1.644052 2.845516
vt 1.658308 2.819617
vt 1.435028 3.029426
vt 1.495178 2.978264
vt -1.826236 2.355120
vt 3.148885 0.081713
vt 2.644443 -1.866955
vt 2.611401 -1.923079
vt -1.668284 3.547385
vt -1.581201 3.606484
vt -1.672587 3.591204
vt -1.763822 2.315131
vt 3.063752 0.177854
vt 3.059696 0.251240
vt 1.809766 -1.584638
vt 1.783637 -1.532154
vt 1.764992 -1.562173
vt 1.751174 -2.612801
vt 2.052623 -0.631269
vt 2.073244 -0.617393
vt 2.042897 -0.638440
vt 2.034240 -0.561234
vt 2.013529 -0.592021
vt 0.640945 2.442288
vt 2.572712 -1.864403
vt 2.572992 -1.812870
vt 1.797966 0.602778
vt 1.762806 0.607869
vt 3.151032 0.024945
vt 3.181141 0.009333
vt 1.757174 -2.665998
vt 1.742064 -1.494017
vt -1.403224 1.605598
vt -1.294587 1.570134
vt -1.359633 1.603242
vt -1.743924 3.562516
vt 1.703881 -1.448265
vt 3.084329 0.292308
vt 3.470457 -1.462445
vt 3.368625 -1.380924
vt 3.399205 -1.462305
vt 2.222763 3.623731
vt 3.441774 -1.306310
vt 3.407322 -1.342897
vt -1.765965 2.383276
vt -1.767937 2.453798
vt -1.828542 2.439883
vt 0.697735 2.394242
vt 0.781744 2.679630
vt 3.559705 0.233933
vt 3.543866 0.100493
vt 2.186580 3.606496
vt 2.075474 -0.570784
vt 2.132004 -0.283705
vt 2.337618 -0.323377
vt 2.307667 3.609990
vt 2.313303 3.567112
vt 2.332193 3.565091
vt 3.110183 0.115042
vt 1.717327 -2.667413
vt 3.587305 0.100367
vt 3.644088 0.099293
vt 3.637659 0.155761
vt 1.802456 0.646220
vt 1.765825 0.648964
vt -1.863164 2.468076
vt 2.670109 -1.819624
vt 1.794329 -1.481264
vt 3.004478 0.237988
vt 2.399130 3.548000
vt 2.409043 3.506816
vt -0.470101 3.701248
vt -0.446927 3.777014
vt -1.014696 2.733852
vt 3.489606 -1.848317
vt 1.752081 -1.447334
vt -2.166544 2.747907
vt -2.260868 2.775502
vt 3.000525 0.280681
vt 3.094553 0.051436
vt 3.608274 0.236255
vt 3.683619 0.263340
vt 3.067209 0.114776
vt 2.840115 -2.776088
vt -1.079378 0.674728
vt -1.088373 0.671822
vt -1.079378 0.643658
vt 2.997196 0.321071
vt 2.573728 -1.740645
vt 1.208463 -2.344399
vt 1.177992 -2.389657
vt 1.209577 -2.419984
vt -1.682519 2.335276
vt 1.825501 -2.704134
vt -1.039914 1.357553
vt 1.420833 -2.002044
vt 2.562918 -1.910276
vt 2.501380 -1.874277
vt 2.500719 -1.807158
vt 1.464997 -1.975246
vt 2.447069 -1.853581
vt 1.749335 -2.758727
vt 1.777225 -2.768551
vt 1.696138 -2.755188
vt 2.816756 -2.832107
vt 2.874753 -2.876476
vt 2.858597 -2.826846
vt 1.720136 -2.766037
vt 2.976666 -2.655235
vt 2.906119 -2.703069
vt 2.960762 -2.726344
vt 1.218942 -2.381643
vt 1.229697 -2.444546
vt 1.245165 -2.388731
vt -0.659302 3.798505
vt -2.606431 2.393425
vt 1.240485 -2.264369
vt 1.230116 -2.316525
vt 1.276469 -2.241689
vt -1.472856 1.635345
vt -1.470389 1.573554
vt -1.557169 1.657032
vt -1.548605 1.620872
vt 3.529032 -2.290365
vt 1.209321 -2.292098
vt 1.268285 -2.210164
vt 3.499678 -2.296577
vt 3.465411 -2.286844
vt 2.706275 -0.580763
vt -2.676402 2.497026
vt -2.687455 2.439332
vt 0.384757 3.118024
vt 3.249509 0.372404
vt 3.255360 0.342152
vt 3.283049 0.359250
vt -2.749658 2.516335
vt 3.416722 -1.875500
vt 3.227826 0.337343
vt -2.793320 2.489335
vt 1.502725 -2.024800
vt 1.389890 -2.017225
vt 1.445887 -2.029878
vt 1.355508 -2.036808
vt -2.775518 2.565284
vt 3.380750 -1.861084
vt 3.428561 -1.824024
vt 3.373212 -1.800067
vt 3.259017 0.414514
vt 3.234930 0.400916
vt 3.217299 0.369144
vt 3.207194 0.337756
vt 1.399134 -2.056455
vt 1.334672 -2.068317
vt 2.906629 -2.769985
vt -1.235038 0.678358
vt -1.235038 0.643658
vt -1.220249 0.653936
vt -1.192205 0.643659
vt -1.187872 0.678782
vt -1.201743 0.678782
vt 1.286006 -2.043666
vt 3.153182 -0.009397
vt 3.117706 0.000534
vt -1.629359 2.358412
vt -1.619712 2.280538
vt -1.576149 2.359637
vt -1.015783 2.807812
vt -1.014662 2.765654
vt -1.678437 2.266112
vt 3.213400 0.397175
vt 3.550984 -2.289671
vt 3.312973 0.375168
vt 3.279271 0.385025
vt -2.861236 2.545458
vt -2.864624 2.461185
vt -2.919403 2.524950
vt 3.010678 -2.702585
vt 3.035186 -0.701473
vt 3.020480 -0.762469
vt 3.085629 -0.699041
vt 2.103628 -0.612365
vt 2.073343 3.268585
vt 2.072414 3.333403
vt 2.054048 3.272978
vt 2.050667 3.323616
vt 3.102147 -0.792085
vt 3.299343 0.404194
vt 3.334216 0.385764
vt 3.055270 -0.817626
vt 2.997450 -0.823350
vt 0.526016 3.611845
vt -1.084269 3.623691
vt -1.665968 2.208736
vt 1.167417 -2.340243
vt 1.177224 -2.233625
vt 1.144376 -2.319338
vt 0.490238 3.506736
vt 0.464757 3.564738
vt -1.218873 0.762356
vt -1.310228 0.802301
vt 2.501942 -1.720366
vt 2.592420 -1.669911
vt 2.023692 3.314853
vt 2.029903 3.267763
vt 3.067622 -0.885545
vt 3.118051 -0.877399
vt 3.010066 -0.893482
vt 3.051498 -0.938260
vt 2.927362 -0.923759
vt -1.590478 2.460069
vt -1.671293 2.477060
vt -1.671957 2.408262
vt 1.256653 -2.320773
vt 0.343603 3.137877
vt 0.349294 3.171427
vt -1.293699 0.749032
vt 0.351712 3.066300
vt 0.483696 3.592598
vt 0.479707 3.632113
vt -1.579218 3.561603
vt 0.419310 3.633600
vt 2.996470 -1.742756
vt 2.998184 -1.838778
vt 3.031836 -1.803158
vt 2.971087 -1.763747
vt -0.992398 2.834893
vt 3.049700 -1.880510
vt 0.379590 3.167818
vt 2.052974 -1.753398
vt 1.989560 -0.395474
vt 1.952354 -0.445368
vt 1.962060 -0.505007
vt -1.018293 2.850991
vt -0.644485 3.787255
vt 3.717033 1.245421
vt 3.787704 1.206429
vt 3.749901 1.259906
vt 2.689653 -1.692673
vt 2.677356 -1.611666
vt -0.425516 3.779020
vt 3.794299 1.230578
vt 0.862084 2.772681
vt 0.861730 2.840690
vt 2.185162 3.656223
vt 3.075188 0.022318
vt 1.980160 -1.728943
vt 1.977844 -1.806412
vt 0.916053 2.800187
vt 0.914912 2.883810
vt 3.161249 2.306152
vt 0.962555 2.892999
vt 3.860437 0.899374
vt 3.847775 0.901629
vt 1.779871 -0.174066
vt 0.432577 3.527624
vt 1.621412 1.899259
vt 0.397441 3.593087
vt 1.696017 1.858888
vt 2.336511 -2.894625
vt 2.293829 -2.922948
vt -1.832090 2.528743
vt 0.859987 2.929574
vt 2.352643 0.589161
vt 2.378080 0.508449
vt 2.436612 0.504522
vt 3.770691 0.792613
vt 3.791602 0.898499
vt 3.770356 0.893879
vt 2.202383 0.833318
vt 2.106699 0.793642
vt -1.770558 2.527070
vt -1.774063 2.582503
vt 2.288675 0.890772
vt 2.049736 -1.873417
vt 2.379982 -2.922956
vt -1.777023 2.636844
vt 2.465085 0.336349
vt 2.436889 0.420287
vt 2.436614 0.334157
vt 2.465341 0.416968
vt 2.378083 0.333494
vt 2.200187 3.659379
vt 2.378367 0.421910
vt 1.976864 -1.876524
vt -0.459341 3.769897
vt -0.439445 3.807001
vt -0.457102 3.788902
vt -1.579207 3.641158
vt 1.752734 2.886729
vt 2.173659 3.691222
vt 2.049120 3.372812
vt 2.096803 -0.656756
vt 1.981885 -0.342258
vt 1.935656 -0.512662
vt 2.464488 -2.792686
vt 1.905347 -1.830862
vt -0.633951 3.384713
vt -0.641697 3.411417
vt -0.673135 3.408632
vt -0.680176 3.433519
vt 1.953298 0.968105
vt 2.850031 -2.906103
vt 2.897194 -2.900493
vt -1.942143 2.346356
vt 2.808971 -2.898347
vt 1.926075 -0.447232
vt -0.408893 3.831419
vt 1.977129 -1.913951
vt 2.298831 -1.711400
vt 1.720006 -2.520182
vt 2.391268 -1.561728
vt 1.752438 -2.497750
vt 2.922179 -2.161687
vt 2.951568 -2.185114
vt 2.963513 -2.147451
vt 2.348645 0.508098
vt 2.350608 -1.627232
vt 2.352572 -1.546933
vt 2.963986 -2.216379
vt 2.287632 0.569153
vt 2.288394 0.495622
vt 2.301763 -1.630924
vt 2.304997 -1.529691
vt 2.348931 0.421843
vt 2.348646 0.333711
vt 2.874143 -2.181035
vt 2.377235 0.246463
vt 2.831374 -2.201602
vt 2.288654 0.417377
vt 2.288396 0.337325
vt 0.840090 2.698166
vt 0.761576 2.713715
vt 0.919167 2.628446
vt 2.769503 -2.912084
vt 0.681476 2.713712
vt 3.159222 -2.253414
vt 3.124004 -2.276465
vt 3.161113 -2.308043
vt 0.814025 2.951343
vt -1.912741 2.422716
vt -1.941770 2.434839
vt -1.981795 2.395293
vt -1.889949 2.513391
vt -1.980568 2.461054
vt 2.348336 -1.706918
vt 2.455079 -1.013445
vt 1.879906 -0.474753
vt 1.906456 -0.447070
vt 1.897704 -0.398871
vt 1.672067 -2.476459
vt 2.971528 -1.840279
vt 1.167488 -2.422651
vt 1.138356 -2.394070
vt 1.900574 -1.748996
vt 1.900031 -1.796084
vt 1.922697 -1.772272
vt 2.418547 -1.793938
vt 1.924236 -1.713717
vt 1.983354 -1.648730
vt 2.994781 0.155157
vt 1.900946 -1.657308
vt 1.901579 -1.709025
vt 2.154232 -1.642781
vt 2.168558 -1.715349
vt 2.244573 -1.648298
vt 2.774189 -1.514951
vt 2.698257 -1.536758
vt 1.942586 -0.351445
vt 1.995925 -0.271827
vt 2.601619 -1.512573
vt 2.999390 0.109988
vt 1.672854 -2.534616
vt 2.010319 -0.314406
vt 1.206248 -2.496552
vt -0.414923 3.696391
vt 2.353673 -1.467400
vt 2.580170 -1.587697
vt 2.306633 -1.447237
vt 2.250320 -1.494455
vt 2.248103 -1.561331
vt 2.251890 -1.427913
vt 1.643492 -2.493708
vt 2.179030 -1.439466
vt -0.010709 2.401881
vt -0.012311 2.449654
vt -0.037512 2.472917
vt 3.400753 -2.000762
vt 2.160579 -1.502399
vt 2.172991 -1.577618
vt -0.037127 2.390266
vt -0.426916 3.734425
vt -0.072897 2.464043
vt 1.152224 -2.464753
vt -0.009297 2.324950
vt -1.628065 2.563031
vt -1.687257 2.548162
vt -1.669613 2.631617
vt 1.693510 -2.561216
vt 1.678597 -2.558292
vt 1.033271 2.852223
vt 1.029232 2.889954
vt 0.963915 2.808845
vt 2.997310 -1.927356
vt 1.655339 -2.544307
vt 2.504576 -1.645534
vt 2.446953 -1.703152
vt 2.969932 -1.924248
vt 1.932974 -0.314757
vt 2.508233 -1.568430
vt 1.029455 2.821340
vt 1.731500 -2.575629
vt -1.914237 2.507333
vt 2.589878 -1.430174
vt -1.296086 0.856399
vt -1.309657 0.921121
vt 1.031816 2.938974
vt 1.026780 2.981143
vt 0.931488 2.961155
vt 0.717777 2.978182
vt 0.741664 3.013816
vt 0.718289 3.080099
vt 2.191962 -0.117675
vt 2.237344 -0.083572
vt 2.143271 -0.113563
vt 1.922290 -1.879610
vt 0.914043 2.667503
vt -0.387110 3.759824
vt 0.773296 3.036792
vt 3.004032 0.062756
vt 1.751580 -1.380433
vt 1.712093 -1.366327
vt 3.167391 2.198380
vt 3.161077 2.198607
vt 1.667078 -1.353420
vt 1.734864 -1.317487
vt 3.006665 0.197583
vt 3.848126 0.795222
vt 3.847776 0.686448
vt 3.860514 0.711392
vt 3.820127 0.795256
vt 3.860781 0.794421
vt 3.819775 0.686642
vt 1.933633 -0.609004
vt 1.950959 -0.645067
vt 2.956721 0.206095
vt 1.811732 -0.217920
vt 1.849551 -0.309885
vt 3.770356 0.688977
vt 1.900361 -1.871992
vt 2.513834 -1.472003
vt 1.623633 -2.600101
vt -1.682354 2.700821
vt 3.337882 -1.982402
vt 3.386355 -1.960818
vt 3.041697 -2.197854
vt 3.042635 -2.152252
vt 3.037931 -2.117582
vt 1.617444 -2.560404
vt -2.948329 0.110983
vt -1.504845 2.100754
vt -2.858216 2.867580
vt -2.856088 2.798871
vt 2.867241 -0.605544
vt 2.963868 -0.622560
vt 2.950077 -0.538854
vt 2.862238 -0.530628
vt 1.791201 -1.399011
vt -2.915062 2.818992
vt -1.941642 2.498695
vt 2.955186 -0.705394
vt -2.406952 2.000382
vt -2.335683 2.008269
vt -2.322432 2.079508
vt 3.008025 -1.639162
vt 2.969314 -1.685531
vt 2.991374 -2.363568
vt 2.939556 -2.344060
vt -2.456498 2.052677
vt -2.468928 1.985620
vt 2.927094 0.099728
vt 2.860683 -0.665214
vt 2.924436 0.140274
vt 2.952125 -2.280926
vt -2.943587 2.874947
vt 2.388300 -1.358231
vt 2.353227 -1.392655
vt 2.391266 -1.455655
vt 1.808349 -1.469199
vt 1.595517 -1.955398
vt 1.569396 -1.971594
vt 1.640201 -2.002892
vt 1.666711 -1.991193
vt 0.351891 3.235191
vt 1.662680 -2.051870
vt 1.705035 -2.046248
vt 1.673892 -2.626869
vt -1.979629 2.529122
vt 2.966278 0.046569
vt 3.005464 0.032269
vt -0.700313 2.267145
vt -0.644155 2.242204
vt -1.942262 2.560380
vt -2.862708 2.928757
vt -2.799800 2.930401
vt 1.874911 -0.551472
vt 1.899904 -0.547234
vt 1.573100 -2.001573
vt -0.784102 2.287000
vt -0.788437 2.351944
vt 1.573271 -2.022192
vt -0.701015 2.205329
vt 3.028499 0.036234
vt 1.678784 -2.664626
vt 3.028696 -1.702459
vt 0.352974 3.283637
vt 3.051831 -2.347091
vt 2.998440 -2.297822
vt 1.922511 -0.651563
vt 3.044344 -2.255557
vt -0.394862 3.826337
vt -0.388758 3.798034
vt 3.553031 -1.279582
vt -1.916187 2.567723
vt -1.023977 3.761439
vt -2.914408 2.733457
vt 1.109714 2.839531
vt 1.131292 2.786034
vt 1.138178 2.842392
vt 1.278101 -2.165197
vt 1.343703 -2.134003
vt 1.640115 -2.647764
vt -1.979956 2.619627
vt -1.943895 2.621108
vt 3.470711 0.309116
vt -2.938907 2.794502
vt -2.939682 2.829893
vt 0.376458 3.549320
vt 0.325239 3.614611
vt -2.863356 -0.073751
vt 1.620680 -2.071207
vt -1.917252 2.590281
vt -2.029355 2.435873
vt 3.564345 2.416888
vt -2.086288 2.410990
vt 1.805016 -1.349701
vt 1.814746 -1.328192
vt 1.786144 -1.311943
vt 1.809818 -1.410640
vt 0.324275 3.247666
vt 3.593032 2.416821
vt 3.564788 2.281103
vt 0.321354 3.295854
vt -0.159360 2.089233
vt -0.289048 2.115135
vt -0.171033 2.051166
vt 1.732339 -2.037386
vt 3.575879 -1.264598
vt 3.056523 -2.392607
vt 2.982877 -2.431423
vt -1.389027 0.769902
vt -2.923326 2.944172
vt -2.948344 2.943778
vt -2.919639 2.910091
vt -2.943733 2.905170
vt -1.406641 0.823592
vt 2.903991 -0.034451
vt 2.855114 -0.070557
vt 2.919953 -0.093531
vt 3.120189 -1.853644
vt 3.072465 -1.796119
vt 1.427809 3.187342
vt 1.430443 3.121491
vt 1.796661 -2.102125
vt 3.455256 2.028961
vt -1.787011 1.764074
vt -1.742632 1.705008
vt 2.541101 -0.581413
vt 2.574030 -0.556767
vt 2.558688 -0.524983
vt -1.924915 2.000521
vt -1.908372 1.878392
vt 2.350190 -1.309325
vt 2.384835 -1.307692
vt 2.306775 -1.369503
vt 2.853444 -0.025825
vt -2.828422 0.068007
vt -2.670659 0.143124
vt 3.052340 -2.297412
vt -2.596961 0.243221
vt 2.252423 -1.348177
vt 3.599611 1.939872
vt -0.783005 1.966032
vt -0.757423 1.935216
vt 2.503915 -0.579194
vt 2.515470 -0.511995
vt 2.492351 -0.539511
vt -0.654011 2.004182
vt -0.672953 2.039194
vt 2.525860 -0.524684
vt -2.505155 0.326954
vt -0.845325 1.847402
vt 2.304246 -1.284503
vt 2.250316 -1.261330
vt 2.179026 -1.250661
vt 2.164777 -1.305315
vt 2.905684 -0.286637
vt 2.860747 -0.367210
vt 2.920980 -0.369334
vt 2.986083 -0.413435
vt 2.967647 -0.313323
vt 0.317188 3.655206
vt 0.352579 3.647245
vt 0.328654 3.678093
vt 2.033898 -0.678037
vt 2.914155 0.069147
vt 2.940503 -0.179991
vt 2.923386 -0.231338
vt 3.002147 -0.242306
vt 1.329737 -2.162111
vt 2.978594 -0.138067
vt 3.117293 -1.752039
vt 3.184943 -1.806252
vt 2.867418 -0.182999
vt 0.342616 3.308447
vt 0.919394 -2.405604
vt 0.977480 -2.168387
vt 0.961441 -2.169956
vt 0.907889 -2.280864
vt 0.947840 -2.165476
vt 2.859765 -0.277721
vt -1.392759 0.877128
vt -1.058687 0.706391
vt -1.101859 0.690230
vt 2.346290 -1.259251
vt 2.014190 3.074095
vt 2.029150 3.002487
vt 2.055418 3.052291
vt 2.581278 -0.498693
vt 2.276405 -1.218405
vt 2.075326 -0.715821
vt 0.324250 3.584873
vt 1.269226 -2.137960
vt 1.223660 -2.173424
vt 1.296845 -2.204180
vt 1.982219 -0.274358
vt 2.050298 -0.199755
vt 2.555290 -0.460456
vt 2.140620 -0.695271
vt 2.418625 -1.469280
vt 2.419591 -1.531162
vt -1.333132 3.263318
vt -1.376730 3.280012
vt -1.394326 3.230261
vt 2.118372 -0.719234
vt 2.526222 -0.442562
vt 2.535800 -0.526060
vt 1.498541 -1.952387
vt -1.406483 0.942645
vt 2.503788 -0.428673
vt -1.392222 3.185978
vt 2.082129 3.062100
vt 3.183689 -1.714241
vt -0.552786 2.288155
vt -0.521159 2.263389
vt 3.366404 -2.193411
vt 3.312400 -2.185683
vt 3.335003 -2.225081
vt 3.068592 -1.692465
vt 3.113345 -1.662763
vt 3.365095 -2.158662
vt -0.593466 2.296794
vt -0.552638 2.235820
vt -0.518629 2.209180
vt 3.255792 -2.206324
vt 3.201165 -2.242632
vt 3.200478 -2.201139
vt 3.084968 -1.599089
vt -0.594202 2.223292
vt -1.057836 0.458510
vt -1.043068 0.393454
vt -1.043077 0.468716
vt 1.927032 0.259199
vt 1.920375 0.203863
vt 2.007883 0.234426
vt 1.817601 2.998911
vt 1.796911 2.992789
vt -1.440063 3.312329
vt 0.643498 3.115187
vt 0.658802 3.162512
vt 0.637567 3.176884
vt 2.113602 0.006306
vt 2.048448 0.001813
vt 2.030345 -0.043274
vt 2.057735 3.137746
vt -0.543933 2.124965
vt -0.512156 2.151154
vt -0.550361 2.182767
vt 2.110634 3.127701
vt 0.657397 3.191178
vt 3.451775 2.280659
vt 3.508347 2.278278
vt -2.051312 2.052809
vt -2.185529 2.079510
vt -2.170532 1.995950
vt 2.861255 -0.452413
vt 3.566107 2.150743
vt 3.509694 2.144912
vt 3.453195 2.149614
vt -1.985804 1.926481
vt -2.078012 1.969199
vt 1.543526 -2.050696
vt 2.494565 -0.630116
vt -0.591991 2.159339
vt 1.465971 -2.057930
vt 1.543542 -2.077248
vt 1.766347 3.604309
vt 2.007856 0.265790
vt 1.775989 3.640030
vt 1.806725 3.646742
vt 1.987578 0.204453
vt 2.090313 0.230460
vt -0.644181 2.191704
vt -0.641753 2.145416
vt 2.145535 2.712387
vt 2.077642 2.715633
vt -0.587908 2.121594
vt 2.031496 2.749682
vt 1.968176 -0.052437
vt 2.007723 2.719018
vt -1.270947 3.595087
vt -1.298795 3.541309
vt -1.262707 3.540098
vt -1.307837 3.594712
vt -1.467461 3.223129
vt -1.237075 3.577228
vt 1.946083 2.756300
vt -1.469267 3.271343
vt -2.027429 2.504817
vt 1.926881 2.724116
vt 1.991317 2.794315
vt 3.746566 2.323148
vt 3.772077 2.347143
vt 3.747841 2.418488
vt 3.753281 2.460128
vt 2.935683 -0.453580
vt 2.063234 2.787811
vt 3.000520 -0.496283
vt 3.018205 -0.600332
vt 3.542327 0.273498
vt 0.556208 3.160017
vt -2.082679 2.511133
vt -2.025918 2.587444
vt -1.344038 3.569719
vt 2.000008 0.305409
vt 2.984590 0.401639
vt 2.479481 -0.577833
vt 2.991881 0.362298
vt -1.436289 3.150171
vt -1.371196 3.138620
vt -1.443513 3.180362
vt 3.516216 -1.281221
vt 1.328360 -2.200646
vt 3.496944 -1.268219
vt 2.968267 0.425706
vt -1.039783 0.285574
vt -1.051718 0.329660
vt -1.051718 0.277735
vt 3.509357 0.334398
vt 2.010257 2.841596
vt 0.465235 3.353942
vt 3.772882 2.003296
vt 3.805401 2.043691
vt 3.771764 2.095969
vt -1.327975 3.100820
vt 0.411199 3.368115
vt 1.441980 -1.301045
vt 3.747144 2.094191
vt 3.747695 2.005507
vt -0.177795 2.367651
vt -0.182278 2.286469
vt -0.123635 2.346574
vt -0.127017 2.269353
vt -1.061397 0.673002
vt -1.060535 0.645899
vt -1.057406 0.670071
vt -0.263248 2.340195
vt -0.276442 2.289442
vt 0.225388 3.088467
vt 0.227360 3.030317
vt 0.254520 3.057985
vt 0.255077 3.019933
vt 1.993032 -0.437512
vt 1.492402 -1.313324
vt 1.436405 -1.248841
vt 1.981786 -0.488610
vt 1.636644 -2.096338
vt -2.026440 2.685799
vt 1.331789 -2.226537
vt 1.615031 -2.112443
vt 1.985324 1.844825
vt 2.063458 1.877909
vt 3.291883 -1.414434
vt 1.880435 0.367553
vt 1.933699 0.341173
vt 2.927773 0.420879
vt 2.935524 0.383271
vt 2.213378 0.041039
vt 2.337335 0.052313
vt 2.262129 0.071259
vt 1.758171 3.644754
vt 2.662939 2.915779
vt 2.644831 3.000252
vt 2.616246 2.896353
vt 2.911175 0.445723
vt 0.628645 3.209044
vt -1.530786 3.161605
vt -1.489795 3.149006
vt -1.530160 3.180324
vt 2.261017 0.040470
vt 2.341583 0.042366
vt 3.436122 -1.229038
vt 1.882773 0.422421
vt 2.005454 0.378987
vt 1.289453 -2.264587
vt 2.295682 0.015839
vt 2.280022 -0.529545
vt 2.288526 -0.520991
vt 1.863107 2.765399
vt 3.688063 0.099490
vt 3.693639 0.195133
vt 1.940572 2.799427
vt 1.891070 2.805456
vt 1.852380 2.731109
vt -1.010502 3.305866
vt -0.986868 3.346522
vt -1.012084 3.343696
vt 3.551722 0.347079
vt 1.101822 2.786788
vt 1.167559 2.788392
vt 1.162398 2.765075
vt 2.552127 -0.621219
vt 2.353108 0.073586
vt 3.816603 2.113079
vt 3.770478 2.194254
vt 3.746496 2.206491
vt -0.979774 3.270471
vt 2.153611 0.048167
vt 1.559207 -1.328117
vt 1.583916 -1.279264
vt 1.561637 -1.255298
vt 2.944868 0.328779
vt -0.711295 3.554518
vt -0.717280 3.444008
vt -0.706106 3.548805
vt -0.710686 3.444057
vt 0.594813 3.199475
vt 3.464509 0.344424
vt -1.049170 1.684768
vt -1.043310 1.683539
vt -1.041397 1.789445
vt 1.938066 0.415014
vt 2.022692 2.895271
vt -1.029358 1.713387
vt -1.033455 1.682193
vt -1.027061 1.680969
vt 2.000307 2.965102
vt 1.962290 -0.594783
vt 0.594666 3.225276
vt -1.294270 3.289554
vt -1.262136 3.278780
vt -1.259837 3.347229
vt 0.353679 3.390082
vt 0.353344 3.374919
vt 0.369226 3.370031
vt 0.255760 3.123835
vt 0.276288 3.071731
vt 0.278934 3.128462
vt 2.153199 -0.045052
vt 2.158944 -0.016100
vt 2.050681 -0.100001
vt -0.698664 3.527922
vt -0.705121 3.467706
vt -0.689860 3.497866
vt -1.006185 3.247492
vt -1.024335 3.218639
vt 3.465036 -1.227298
vt 2.104160 0.278908
vt 2.070496 0.320446
vt 3.609933 1.309614
vt 3.654185 1.280602
vt 3.654551 1.321584
vt 0.552339 3.217065
vt 3.622176 1.347650
vt -1.376791 3.595184
vt -1.362351 3.539145
vt -1.034484 1.751943
vt -1.236573 3.290018
vt -1.231767 3.406972
vt 2.271905 -0.539597
vt 3.647033 1.381036
vt 2.286344 -0.530710
vt 3.590740 0.338532
vt 0.167122 3.057782
vt 0.782840 2.312028
vt 0.835732 2.297487
vt 0.782116 2.323167
vt 0.403661 3.401955
vt 0.343552 3.423216
vt 3.634805 0.314620
vt 0.189060 3.108758
vt 0.147307 3.111717
vt 2.512141 -0.643142
vt 2.473921 -0.685508
vt 0.792233 2.300992
vt 2.068784 -0.053511
vt 1.767005 3.671214
vt 2.224913 -0.177703
vt 2.202718 -0.161971
vt 2.121705 -0.227187
vt 2.520425 -0.669589
vt 2.459837 -0.721684
vt 2.524892 -0.692578
vt 3.628727 1.390508
vt 2.177400 0.288826
vt 2.167123 0.229625
vt 2.552392 -0.658263
vt 3.353002 -1.232504
vt 1.095644 2.766231
vt 1.494990 -1.261491
vt 3.386314 3.414411
vt 3.385897 3.480065
vt 3.375640 3.414858
vt 3.673978 1.358054
vt 2.883525 0.402033
vt 2.888848 0.359852
vt 3.697793 1.292751
vt -1.443870 3.606297
vt -1.488400 3.609747
vt -1.444633 3.581977
vt 3.293795 -1.462381
vt 0.445509 3.419575
vt 2.117820 0.357199
vt 0.086465 3.093383
vt 0.060728 3.127153
vt 0.444730 3.460458
vt 1.997696 3.146714
vt 0.078645 3.152893
vt 2.023670 3.197931
vt 2.041003 0.352600
vt -1.491327 3.314891
vt 3.713881 1.328339
vt 3.760002 1.294673
vt 2.102529 0.410549
vt 2.073464 -0.035812
vt 2.081527 3.189306
vt 2.118173 3.181876
vt 0.226509 3.172975
vt 2.028757 0.429984
vt 2.034965 0.474059
vt 0.189019 3.190231
vt 3.750999 1.351748
vt 1.088355 3.058750
vt 1.075679 3.127562
vt 1.077139 3.057892
vt -1.516397 3.262769
vt -1.539030 3.240356
vt 1.058866 3.119761
vt 1.057230 3.056107
vt 0.259453 3.206278
vt 3.709807 1.385886
vt 1.059071 3.163037
vt 0.510068 3.232131
vt 0.497158 3.182415
vt -0.128779 2.187328
vt -0.185159 2.200860
vt -0.185207 2.152662
vt 0.145585 3.178479
vt -2.715089 3.062561
vt -2.726408 3.111236
vt -2.785170 3.109339
vt 2.159178 -0.170899
vt -2.768227 3.174341
vt 0.337409 3.460017
vt 0.389049 3.449359
vt -2.709271 3.175077
vt 2.134843 -0.163548
vt 2.351824 -0.016675
vt 2.298666 0.004774
vt 2.244208 -0.020479
vt 1.995466 3.225586
vt 2.046410 3.219339
vt -2.632265 3.177658
vt -2.629915 3.111907
vt -2.629118 3.066072
vt 2.675070 2.996904
vt -1.258582 3.401938
vt -0.258011 2.182952
vt -0.268133 2.232317
vt 0.407610 3.485358
vt 0.351501 3.497735
vt 3.903149 -2.447301
vt 3.878305 -2.345505
vt 3.876360 -2.443478
vt 3.851511 -2.337389
vt 3.912736 -2.350791
vt 2.081626 -0.226106
vt 3.898495 -2.537500
vt 3.921912 -2.524552
vt 2.120181 0.455496
vt 2.124384 0.506276
vt 3.389168 3.462535
vt 1.172229 2.830570
vt 0.146270 3.253303
vt -1.541780 3.338424
vt -1.541618 3.284716
vt 2.087724 3.213389
vt -1.160599 0.998177
vt -1.158933 1.068347
vt -1.218211 0.989868
vt -1.215787 1.078356
vt -2.257292 2.007818
vt 1.213119 2.875725
vt 1.211343 2.818333
vt 2.056594 -0.209107
vt 1.169457 2.947784
vt 1.138804 2.891016
vt 1.187457 2.897594
vt 1.135828 2.954889
vt 1.112122 2.891907
vt 3.830674 2.044768
vt 2.114101 -0.152326
vt -2.386283 1.946450
vt -2.327031 1.785990
vt -2.304797 1.948727
vt 3.800881 2.192979
vt -0.246546 2.388505
vt 0.741421 3.121138
vt 2.386734 -0.235109
vt 2.345627 -0.251131
vt 2.407139 -0.265556
vt 3.783082 2.275823
vt -2.260534 1.794932
vt -2.220404 1.937033
vt 2.442641 -0.298696
vt 2.388295 -0.283639
vt -0.337821 2.431170
vt -0.353036 2.377608
vt 0.719308 3.153327
vt 3.281936 -2.586588
vt 1.257862 2.864424
vt 1.278633 2.932661
vt 3.303866 -2.655490
vt 2.115380 3.207863
vt 2.080357 -0.148717
vt 0.742955 3.225023
vt 0.721135 3.216492
vt 2.023708 -0.194930
vt -1.537021 3.209995
vt 1.442263 -1.228160
vt 1.415629 -1.222790
vt 0.563057 3.238080
vt -2.206553 1.795138
vt -2.132795 1.786291
vt -2.148548 1.916886
vt 3.926134 -2.648903
vt 3.945547 -2.581501
vt -0.363689 2.314431
vt 1.903543 -0.636411
vt 1.884352 -0.644642
vt 1.935774 -0.738360
vt 1.906076 -0.722699
vt 3.945571 -2.527673
vt 2.346155 -0.285439
vt 2.429351 -0.316419
vt 1.895917 2.855589
vt 1.894451 2.912530
vt 3.945251 -2.460625
vt 1.858931 2.991149
vt 1.476277 -1.234972
vt -2.405912 1.761942
vt 3.943871 -2.381116
vt -2.456262 1.934724
vt -0.699039 2.150295
vt -0.858376 3.496377
vt -0.921334 3.450765
vt -0.867318 3.438413
vt 2.043643 -0.300707
vt 1.951980 2.848281
vt -1.034555 1.810458
vt -1.030970 1.805906
vt 1.958754 2.903424
vt 3.292436 -1.304010
vt 2.877105 0.440902
vt 1.521681 -1.243472
vt -0.762343 2.182889
vt -0.951067 3.331724
vt -0.957236 3.398364
vt 3.024182 -0.168299
vt 3.043381 -0.252016
vt -0.917894 3.404109
vt 2.966367 -1.589330
vt 2.990321 -1.574745
vt -1.050643 -0.100275
vt -1.046761 -0.160764
vt -1.047445 -0.070881
vt 0.526037 3.250982
vt -1.107030 1.186071
vt 1.206951 2.784368
vt 1.254594 2.811167
vt 0.489774 3.262843
vt 0.330335 3.498166
vt -1.156662 1.159788
vt -0.988755 3.385066
vt -2.857947 2.644445
vt 1.964561 2.973617
vt -1.213062 1.172387
vt -2.856051 2.739280
vt -1.304003 1.137089
vt 3.384047 3.530319
vt 3.381430 3.506011
vt 3.015607 -2.519201
vt 3.038841 -2.572548
vt 1.918807 2.981508
vt 0.458493 3.248929
vt 0.440034 3.277745
vt 1.932908 -0.135134
vt 3.068313 -0.598582
vt 1.979681 -0.124095
vt 1.122976 3.095479
vt 1.147948 3.145669
vt 1.115968 3.166038
vt 2.675384 3.098495
vt 1.100383 3.098286
vt 2.625856 3.085461
vt 2.180000 -1.373338
vt 2.084403 -1.348657
vt 2.082803 -1.414680
vt -1.293011 0.986798
vt -1.390228 1.007840
vt -1.347654 1.070205
vt -0.351266 2.227178
vt 1.096074 3.156401
vt 1.941352 -0.105151
vt 1.992816 -1.394769
vt -0.363977 2.262001
vt 2.958658 -0.062441
vt 3.008332 -0.106919
vt 2.995859 -0.063606
vt 2.071568 -1.690770
vt 1.880830 -1.177019
vt 1.831308 -1.178883
vt 1.853675 -1.221867
vt 1.841028 -1.125949
vt 2.059398 -1.618178
vt -1.895685 3.074623
vt -1.865213 3.096226
vt -1.888606 3.129042
vt 2.452434 -0.265197
vt 2.478498 -0.312205
vt 2.513594 -0.316714
vt 1.323845 2.843925
vt 2.078227 -1.553074
vt 0.328702 3.546937
vt -2.696428 3.425293
vt -2.731880 3.481550
vt -2.756106 3.409160
vt -0.919224 3.055499
vt -0.880169 3.119563
vt -0.924190 3.117255
vt 0.772380 3.132581
vt 0.811771 3.061474
vt 0.829910 3.165420
vt -2.940159 2.620817
vt -2.915528 2.654596
vt -2.939016 2.686000
vt -2.676623 3.481379
vt 3.068185 -2.506984
vt 3.071843 -2.571331
vt 2.856609 -0.117695
vt -1.407827 1.079952
vt -1.287324 1.063052
vt -2.938428 2.746173
vt 0.711850 3.727895
vt 1.080534 3.164477
vt 2.476255 -0.343173
vt 3.185165 -1.644680
vt 3.190795 -1.567155
vt 3.081697 -1.544917
vt -0.766941 3.057299
vt -0.808157 3.074074
vt -0.819124 3.017934
vt 3.021664 -1.547152
vt 3.077646 -1.492912
vt 3.017561 -1.461333
vt 3.059889 -2.444571
vt -1.941798 1.747854
vt -1.954996 1.782874
vt -1.963315 1.741071
vt 2.065024 -1.478245
vt 1.690370 -2.736149
vt -2.029627 1.853295
vt -2.036919 1.762308
vt 2.986377 -1.477831
vt 1.664759 -2.722353
vt 2.963697 -1.507516
vt 1.690427 -2.662781
vt 0.868088 -1.469736
vt 0.890054 -1.443391
vt 0.867887 -1.404936
vt -0.853659 3.089849
vt 0.890920 -1.515458
vt 1.618512 -1.341369
vt 1.112226 3.211272
vt 1.140249 3.215547
vt -0.958871 3.066190
vt -1.871080 3.051881
vt -0.874553 3.018284
vt -0.918176 3.007487
vt 3.496298 0.387958
vt -0.876946 2.975472
vt -0.920760 2.965906
vt 1.915990 -0.101165
vt 1.879553 -0.173200
vt -1.296778 1.216960
vt -1.210586 1.266165
vt 1.900682 -0.209669
vt 0.856055 3.089610
vt 1.965209 -0.167151
vt 3.445021 -1.176506
vt 3.946985 -2.653968
vt 3.947777 -2.729193
vt -0.888183 3.185733
vt -0.898257 3.256076
vt -0.933103 3.192974
vt 1.986944 -1.563756
vt 3.538679 0.409712
vt 0.857942 3.007961
vt 0.924973 3.021164
vt 3.369199 -2.487393
vt 3.327945 -2.573608
vt 3.392773 -2.505193
vt 3.394206 -2.571068
vt 1.877795 -0.210010
vt 1.037713 -1.153384
vt 1.025269 -1.209443
vt -2.044803 1.661205
vt -2.100966 1.691984
vt -2.624520 1.485373
vt -2.625809 3.464789
vt -2.632046 3.409173
vt -2.596947 1.544994
vt 1.637706 -1.266041
vt -1.403675 1.173078
vt -1.380621 1.232681
vt 3.075796 -1.440189
vt 2.946516 0.272123
vt 3.073215 -1.389783
vt 1.836913 0.523092
vt -0.971610 3.199595
vt -0.964531 3.135184
vt 1.886129 0.496791
vt 1.941578 0.478636
vt 3.208551 -2.362174
vt 0.954782 -1.098859
vt 1.028876 -1.099402
vt 1.928221 -1.599308
vt 3.393073 3.572471
vt -1.000654 3.187764
vt 1.904448 -1.614643
vt -1.019439 3.139130
vt 1.063494 3.210766
vt 1.990206 -1.478250
vt 3.553409 0.452837
vt 3.518920 0.430305
vt -2.775704 3.342147
vt -2.746558 3.256222
vt -2.724095 3.336514
vt 3.647617 1.443401
vt 3.672040 1.418603
vt 0.911848 3.105036
vt 0.921456 3.187944
vt -2.668618 3.320556
vt -2.691112 3.241882
vt -0.523712 2.913246
vt -0.512770 2.907546
vt -0.530277 2.962879
vt 0.974230 3.069304
vt 0.958848 3.133367
vt 3.275919 -2.319868
vt 3.280291 -2.373406
vt 1.603031 -1.259171
vt 3.203941 -2.298978
vt 1.933294 -1.452225
vt 1.931170 -1.517369
vt 2.891513 0.325741
vt 2.773576 0.435548
vt 2.740243 0.495692
vt -1.048867 -0.029510
vt 1.908583 -1.486244
vt 1.015211 3.215940
vt 0.943194 3.238194
vt 2.331597 2.924510
vt 2.359770 2.983771
vt 2.317908 2.974461
vt 2.349425 3.054872
vt 3.672210 1.483318
vt -2.630145 3.267039
vt 2.638363 0.546196
vt 2.696489 0.532823
vt 2.302739 2.914912
vt -2.570002 1.585332
vt -2.190458 1.720658
vt 2.318435 -0.292995
vt 2.380766 -0.304386
vt -2.628965 3.357085
vt -2.345567 1.723371
vt -2.450152 1.686302
vt -2.277883 1.729784
vt 2.402008 3.008895
vt 2.381410 2.888165
vt 2.418517 2.967546
vt 3.254284 -2.260516
vt 1.674913 -1.299840
vt 1.995659 -0.756668
vt 1.981727 -0.752446
vt 1.679443 -1.275915
vt 1.988224 -0.693239
vt 2.008948 -0.810477
vt 1.020383 -1.360286
vt 1.015523 -1.440163
vt 1.015902 -1.287719
vt 2.424271 2.894187
vt 3.374769 3.588567
vt 0.285301 3.230085
vt 2.466016 2.935057
vt 3.220341 -2.498306
vt 3.287878 -2.502400
vt 3.281796 -2.426403
vt 2.475286 3.033441
vt 1.945517 0.538529
vt 1.840615 0.582640
vt 1.890584 0.565496
vt 3.593463 2.285234
vt 3.594738 2.158771
vt 3.432790 -1.115661
vt 2.893857 0.290482
vt 2.896472 0.245468
vt -1.154355 1.270713
vt 1.253685 -2.437833
vt 1.022077 3.113479
vt 1.026653 3.043725
vt 1.025458 3.175329
vt 0.945474 -1.431734
vt 0.948224 -1.311689
vt 1.906515 -1.550312
vt 3.596821 2.042216
vt -2.917366 2.589404
vt -2.941870 2.560138
vt -2.723410 0.030591
vt -2.753000 -0.090032
vt -0.539149 2.051642
vt -0.550846 2.089796
vt 3.332237 -2.441883
vt -0.421256 2.115314
vt -0.417279 2.075591
vt -1.557123 2.119014
vt -0.556529 2.974394
vt 2.581400 0.524941
vt 1.976285 -0.803594
vt 2.520991 0.463975
vt 1.062151 -1.277708
vt -0.722229 3.147189
vt -0.794686 3.135503
vt -0.545390 3.025190
vt -0.580785 3.050798
vt -2.758713 -0.214259
vt -0.292917 2.075520
vt 0.890387 2.387456
vt 3.420723 -1.067891
vt 3.070815 -2.628375
vt 0.882375 2.482531
vt 0.888276 2.433809
vt 1.845066 0.625390
vt 1.242400 -2.488350
vt 1.272579 -2.477266
vt 1.287217 -2.498422
vt 0.943998 -2.324977
vt 3.679686 1.553014
vt 2.123258 3.282560
vt 2.102427 3.253006
vt 2.144434 3.258757
vt 3.657276 1.499800
vt 1.896224 0.617967
vt 0.952106 -1.194407
vt -0.720541 3.113961
vt 1.951539 0.600277
vt 0.896709 -1.116961
vt 2.010368 0.498444
vt 2.093698 3.318923
vt 2.073584 3.286347
vt 2.085153 3.270687
vt 1.253471 3.509779
vt 3.361485 -2.248957
vt 3.289958 -2.262930
vt 0.957309 -2.390735
vt 0.981830 -2.337245
vt 0.958424 -2.297480
vt 0.987843 -2.428117
vt -0.718570 3.085358
vt 2.911329 -0.767606
vt 2.921509 -0.825064
vt 0.715450 3.782676
vt 0.232614 3.328385
vt 0.191394 3.281426
vt 0.229493 3.253983
vt 2.859969 -0.735184
vt 2.930412 -0.880406
vt 2.158959 3.301083
vt 2.131852 3.329302
vt 3.364142 -2.287875
vt 3.368003 -2.329513
vt 0.900356 -2.361906
vt 2.858650 -0.822944
vt 0.264865 3.306851
vt -2.523934 1.691552
vt -2.480958 1.723389
vt -2.650190 1.845614
vt 0.895236 -1.184346
vt 2.856767 -0.905105
vt 1.338195 0.207237
vt 1.319403 0.247562
vt 1.303553 0.179761
vt -2.765105 1.793275
vt 2.908527 -0.964347
vt -2.562556 1.653298
vt 0.871163 -1.212808
vt 0.872164 -1.166653
vt 1.005217 -2.499838
vt -2.803045 1.741743
vt 0.772840 3.225691
vt 0.774729 3.299518
vt 3.004536 -0.989131
vt 3.826341 1.183101
vt 2.990107 -2.039132
vt 3.029113 -2.005490
vt 2.994366 -1.992940
vt 2.506408 0.494241
vt 2.527529 0.506981
vt 1.272416 -2.420501
vt 1.276673 -2.433893
vt 2.854582 -0.978692
vt 2.083301 -1.226057
vt -0.037417 2.038506
vt -0.056277 2.003413
vt 0.072339 1.965042
vt 2.491593 0.523044
vt -2.633447 -0.560368
vt 3.832259 1.202192
vt 3.801370 1.261574
vt 2.113041 3.354475
vt 2.104057 3.370878
vt 0.810392 3.240278
vt 1.148564 -1.867020
vt 1.107684 -1.937433
vt 1.187603 -1.876744
vt 0.831159 3.323087
vt 1.318512 3.498843
vt 1.270130 3.480618
vt 1.277895 3.453514
vt 2.160618 -1.192960
vt 0.873168 -1.131906
vt 1.293345 3.524602
vt 1.324792 3.469165
vt 2.172463 -1.160854
vt 1.217279 -1.884171
vt 0.897400 -1.065391
vt 0.873644 -1.079531
vt 2.435068 -0.334171
vt 2.381070 -0.326846
vt 2.410383 -0.341615
vt 1.290318 -1.884292
vt 1.169258 -1.947726
vt 1.259385 -1.909186
vt 0.047023 1.934288
vt 2.507366 0.544745
vt 0.165709 1.871385
vt 0.134782 1.846272
vt 2.169884 3.346319
vt 2.140282 3.380948
vt 3.571131 2.908372
vt 3.599611 2.893297
vt -2.549610 -0.652111
vt 2.017506 0.559113
vt 1.022478 -2.036678
vt 1.071390 -2.020268
vt 1.283868 3.432932
vt -0.724995 3.182614
vt 0.211793 3.005304
vt 0.200749 2.940295
vt 0.244715 2.969306
vt 0.890646 -1.373111
vt 0.267016 3.009509
vt 3.032177 -1.940170
vt 3.094494 -1.934047
vt -0.838171 3.197959
vt -0.793684 3.246777
vt -0.834608 3.265375
vt 0.892164 -1.298711
vt 2.056036 0.534826
vt 3.092800 -1.976375
vt 3.092006 -2.002690
vt 2.611193 -0.041960
vt 2.620657 -0.022478
vt 2.536934 -0.001987
vt 0.868763 -1.326815
vt 2.457089 -0.004893
vt 2.456479 -0.016275
vt 2.605998 -0.071492
vt -0.800460 3.180246
vt 2.093092 0.591987
vt 3.385137 -2.427993
vt 0.193539 3.351935
vt 1.035628 -1.992512
vt 1.044037 -1.945597
vt 3.143406 -0.784225
vt 3.190543 -0.854453
vt 3.167389 -0.739484
vt 1.233200 3.442545
vt 2.440475 0.037741
vt 2.459933 0.013498
vt 3.159588 -0.867543
vt 3.175010 -0.939471
vt 2.025573 0.614625
vt 0.164102 2.912735
vt 0.172744 2.962770
vt 3.772976 1.843254
vt 3.807294 1.869717
vt 3.773391 1.919025
vt 0.147331 2.950190
vt 1.959042 0.648494
vt 0.132969 2.868841
vt 1.089123 -2.018555
vt 1.134988 -2.011396
vt 3.378564 -2.374393
vt 3.807044 1.825832
vt 2.052169 0.659162
vt 3.747616 1.923638
vt 3.746607 1.849274
vt 0.270636 3.443907
vt 0.299189 3.512945
vt 0.271347 3.503443
vt 2.528450 0.030949
vt 2.442356 0.059498
vt 3.806799 1.954842
vt 2.342678 3.108099
vt 2.402248 3.137802
vt 2.369625 3.145389
vt -0.665936 3.488467
vt -0.653243 3.462143
vt -0.638921 3.524752
vt 0.236070 3.449117
vt 2.394745 3.157937
vt 0.255571 3.385156
vt -0.732412 3.243258
vt 0.869612 -1.270032
vt 0.893554 -1.242421
vt 1.194938 -1.968717
vt 1.278069 -1.930162
vt -0.726936 3.214506
vt 1.449894 0.707307
vt 1.418087 0.723999
vt 1.435737 0.651500
vt 1.408991 0.687111
vt 2.404523 3.080941
vt 2.462883 3.106292
vt -0.679426 3.442905
vt 2.455372 3.161816
vt 2.487731 -0.441223
vt 2.495194 -0.481863
vt 1.030004 -2.092750
vt 2.428571 3.174050
vt 0.194917 3.411101
vt 2.966285 -1.988144
vt 2.961705 -2.031675
vt 1.973825 -0.250134
vt 0.296702 3.414692
vt 2.069960 -1.280780
vt 2.087907 -0.840550
vt 2.080606 -0.860958
vt 2.173636 -0.897977
vt 1.395141 0.624313
vt 2.075439 -0.871058
vt 2.258205 -0.584014
vt 2.265137 -0.553620
vt 2.099371 -0.544032
vt -0.696545 3.447868
vt 2.489816 -0.377673
vt -0.745838 3.315438
vt 1.222394 3.421119
vt 0.924682 3.290974
vt 0.925235 3.352531
vt 0.854227 3.254029
vt -2.503181 2.293827
vt 1.993961 -1.313819
vt -2.552876 2.301193
vt 2.475596 -0.374155
vt -2.554929 2.213782
vt 1.991897 -1.194776
vt 1.952747 -1.255743
vt 2.533028 -0.383656
vt 2.308081 3.032907
vt 2.521511 -0.388863
vt 2.102983 -0.484701
vt -2.610593 2.283092
vt 1.083029 -2.065107
vt -2.612987 2.193660
vt -2.613393 2.141030
vt 1.416495 0.566193
vt 2.479440 0.544316
vt -2.753175 3.014727
vt -2.675335 3.018828
vt -2.504616 2.182133
vt 3.133562 -0.952840
vt -2.676519 2.165514
vt 3.089569 -0.992650
vt 2.343521 3.131690
vt 3.123550 -0.675894
vt 2.594739 2.974566
vt 2.457182 -0.037328
vt -2.683330 2.255854
vt 3.857629 -2.263953
vt 3.827229 -2.238443
vt 2.582803 -0.077809
vt 2.077584 -1.135965
vt -2.671342 2.345323
vt 2.064791 -1.169124
vt -2.724023 2.341241
vt -2.895972 3.034692
vt -2.912590 2.968314
vt -2.860349 3.013703
vt -2.943184 2.965569
vt -2.719595 2.407268
vt -2.873062 2.966584
vt -2.923443 3.049820
vt 1.486115 0.672451
vt -2.795099 2.359782
vt 3.192726 -1.885789
vt -2.802094 3.045380
vt -2.818641 2.985480
vt 2.904825 -2.831095
vt -2.767016 2.968125
vt 3.884998 -2.246960
vt -2.827979 2.953882
vt -2.724782 2.217201
vt -2.726922 2.164530
vt 1.801319 0.125964
vt 1.781157 0.125964
vt 1.785502 0.074094
vt 3.945815 -2.301363
vt -2.798520 2.197066
vt 1.466228 0.593294
vt 0.914015 3.394088
vt 0.974072 3.425163
vt -0.941960 3.259162
vt 0.811284 2.294455
vt 0.856937 2.309591
vt 1.043808 3.086790
vt 1.039407 3.053874
vt -2.690601 2.973554
vt -2.627641 3.008069
vt 1.516778 0.586254
vt 1.557622 0.512673
vt 1.572050 0.570845
vt 2.531246 3.037528
vt 2.512860 2.935979
vt 3.180270 -1.947846
vt 3.232476 -1.933849
vt 2.549299 2.957811
vt 0.857014 3.375623
vt 0.292386 3.337139
vt 1.546317 0.643780
vt 1.038054 3.102947
vt 2.037096 -0.784201
vt 1.650903 0.531365
vt 1.673033 0.598284
vt 3.050324 -1.319168
vt 3.012095 -1.308326
vt 3.014195 -1.381815
vt -2.780689 2.292948
vt -2.798559 2.238203
vt 1.319880 3.442174
vt 1.592629 0.647462
vt 1.138780 -2.256807
vt 1.119383 -2.320171
vt -0.075653 2.594513
vt -0.073126 2.537680
vt -0.040141 2.538982
vt 2.227960 3.269306
vt 2.239753 3.269909
vt 2.225523 3.332552
vt 1.993836 -0.869370
vt 2.027364 -0.874665
vt -0.139895 2.597553
vt 2.065392 -0.891926
vt 1.972601 3.065737
vt 3.256610 -2.175344
vt 2.982930 -1.371077
vt 0.963544 -2.093560
vt 0.971301 -2.029066
vt 2.961599 -1.433237
vt 2.960497 -1.373795
vt 1.939179 -0.792287
vt 2.969946 3.603212
vt 2.942568 3.572351
vt 2.984137 3.564832
vt 2.998868 3.611995
vt 0.926397 -2.108936
vt 2.539865 -0.074607
vt 3.205965 -0.924416
vt 2.502899 -0.076706
vt 3.840486 -2.201564
vt -0.116932 2.519793
vt -0.169010 2.546797
vt 1.934938 3.154712
vt -0.118451 2.624883
vt -0.170045 2.663762
vt 2.346650 -0.688689
vt 2.303487 -0.682130
vt 2.307828 -0.694343
vt 2.579309 3.075110
vt -0.075127 2.375415
vt -0.119805 2.429617
vt -1.480797 0.887204
vt -1.556246 0.847145
vt -1.535588 0.867270
vt -1.559037 0.902562
vt 0.906700 -2.094796
vt 0.943423 -2.026968
vt 3.145923 -1.006075
vt 3.187258 -0.990674
vt -1.479510 0.820199
vt -2.792132 2.425466
vt -0.851100 3.400008
vt -0.172917 2.453021
vt -0.909287 3.332661
vt -0.230293 2.512738
vt 2.983284 -2.780805
vt 3.288933 -1.727909
vt 3.256807 -1.801251
vt 3.290927 -1.802363
vt -1.534111 0.830352
vt 2.959170 -2.849919
vt -1.350363 3.327929
vt 1.667902 0.643032
vt -2.868782 2.350880
vt 1.033404 -2.139627
vt 3.946520 -2.255440
vt 3.947516 -2.213273
vt 3.915733 -2.218544
vt 3.905964 -2.188201
vt -1.292744 3.407487
vt 2.897389 3.572513
vt 2.911654 3.535166
vt -1.293210 3.343389
vt 0.982465 -2.192088
vt -1.332588 3.387542
vt -1.377425 3.380378
vt 1.110835 2.946576
vt 1.904066 -1.131072
vt 1.925715 -1.106099
vt 1.899740 -1.095234
vt 2.575491 -0.444141
vt 3.868070 -2.189357
vt -0.609154 3.443985
vt -0.585641 3.499388
vt -0.616403 3.465230
vt 3.235109 -1.740715
vt -0.572696 3.478668
vt 2.258312 -0.691612
vt 2.263964 -0.665268
vt 0.923410 -2.190127
vt -0.621535 3.499016
vt -0.639741 3.443285
vt 2.120262 -0.621365
vt 2.159211 -0.674276
vt -2.552000 1.902378
vt -2.871546 2.221445
vt -2.871188 2.261214
vt 3.850577 1.951777
vt 0.281088 2.938295
vt -2.726823 1.780205
vt 3.860690 1.868707
vt 1.802559 3.091980
vt -1.536073 1.015213
vt -1.557915 0.955595
vt -1.480501 0.962726
vt -2.939959 2.265702
vt -1.559028 1.017285
vt 0.996786 -2.235970
vt -2.391635 1.711647
vt 3.365764 -2.135004
vt 3.312898 -2.154344
vt -2.514502 1.642684
vt -0.825059 3.320265
vt -0.839555 3.359554
vt 2.600594 3.162488
vt 2.531678 3.134530
vt -1.335139 3.485253
vt -1.293987 3.477789
vt -0.256059 2.463076
vt -0.247972 2.655374
vt -0.245130 2.588501
vt 1.206683 -1.694166
vt 1.111934 -1.650128
vt 1.123316 -1.702967
vt -2.081068 2.753110
vt -2.157001 2.781773
vt 1.449035 0.518363
vt 1.114424 -1.608934
vt -1.258736 3.464452
vt 1.203144 -1.616015
vt -0.228427 2.700833
vt -2.626249 2.967254
vt 1.260872 -1.614525
vt 1.118222 -1.547462
vt 1.399366 0.484363
vt 3.278402 -1.589077
vt 3.263989 -1.661748
vt 1.378370 0.541397
vt -1.381182 3.497200
vt -1.354637 3.438611
vt 1.358533 0.439324
vt -1.231570 3.504521
vt 1.155372 3.083929
vt 1.185723 3.145285
vt 3.046900 -1.094858
vt 3.046961 -1.142648
vt 3.310493 -1.041529
vt 3.358668 -1.036835
vt -0.284400 2.535909
vt 1.736571 0.630815
vt 1.743748 0.562160
vt 1.683822 0.559814
vt 0.887189 -2.229169
vt 3.286781 -1.660818
vt 0.872729 -2.184598
vt -2.269745 2.826950
vt 2.669448 2.495836
vt 2.688496 2.402968
vt 2.692890 2.516585
vt 2.654430 2.563104
vt 2.616991 2.557930
vt 2.854469 3.527022
vt 2.854971 3.557411
vt 2.635931 2.468062
vt 2.634838 2.640718
vt 2.593228 2.656869
vt 2.566606 2.568193
vt 2.445303 2.740240
vt 2.358756 2.732472
vt 2.396736 2.694822
vt 2.917404 -1.008991
vt 2.853497 -1.008192
vt 3.249323 0.299288
vt 3.270896 0.305070
vt 3.701305 1.624160
vt 3.727106 1.578339
vt 3.227988 0.297108
vt 3.209553 0.294687
vt 2.535133 2.699241
vt 2.547235 2.652519
vt 0.233621 2.899767
vt 0.222261 2.825137
vt 0.284636 2.863197
vt 0.186864 2.854049
vt 3.037492 -1.028212
vt 2.485165 2.678003
vt 1.058034 -1.660287
vt 1.205826 2.983741
vt 1.044712 -1.692416
vt 0.172819 2.762710
vt 0.153313 2.847124
vt 1.162793 3.019058
vt 0.138879 2.756850
vt 2.671356 -0.109057
vt 1.195752 3.069633
vt 2.505015 2.593310
vt 1.017743 -1.583994
vt 3.748141 1.556290
vt 1.009538 -1.646423
vt 1.260500 3.592803
vt 3.250312 0.254328
vt 1.496493 0.501279
vt 3.773324 1.563844
vt 3.287283 0.330399
vt 2.404842 2.635220
vt 2.238174 3.311685
vt 3.293358 -2.725053
vt 2.524003 2.500336
vt 2.446383 2.550544
vt 2.359279 2.582927
vt 1.933143 3.069814
vt 3.291892 0.306269
vt 2.293346 2.667811
vt 3.296436 0.282202
vt 3.312823 0.307531
vt 2.294106 2.617511
vt 0.210741 2.748000
vt 0.286804 2.793842
vt 3.270850 0.263671
vt 1.888100 3.076530
vt -1.446624 3.408264
vt 0.252083 2.714191
vt 1.245039 3.645099
vt 1.016972 -1.512452
vt 3.292897 0.229865
vt -2.336634 2.815753
vt 0.948246 -1.613124
vt 1.842804 3.084273
vt 1.959225 3.205662
vt -2.338439 2.851490
vt 3.353680 -2.743460
vt -0.545954 3.511176
vt 1.942505 3.231245
vt 0.177463 2.687219
vt 0.237169 2.613127
vt 2.552828 -0.376157
vt 2.711155 -0.135955
vt 2.753024 -0.212300
vt 2.783667 -0.253851
vt 2.777221 -0.193831
vt 0.192919 2.628442
vt 0.148665 2.606433
vt 0.121025 2.644492
vt 0.112789 2.748575
vt 0.094873 2.640515
vt 1.892247 3.212975
vt 2.714410 -0.105975
vt 1.130213 3.023437
vt 1.106307 3.022111
vt 2.902638 3.492246
vt 2.963128 3.511840
vt -0.591218 3.539888
vt 3.000572 3.511762
vt -1.492169 3.425665
vt -1.542826 3.429465
vt -1.539509 3.390508
vt 3.300486 0.253533
vt 3.338459 -2.697895
vt -0.558958 3.539454
vt 3.014037 3.568375
vt 3.326270 0.267104
vt -1.444438 3.369870
vt 3.333719 0.240681
vt 2.291594 2.731416
vt 3.030512 3.509866
vt -2.779633 1.715720
vt -2.817597 1.653551
vt -2.612525 1.585171
vt 1.207309 3.620852
vt 3.017012 3.448165
vt 3.320148 0.207803
vt 3.681246 2.824218
vt 3.684453 2.727249
vt 3.740242 2.719700
vt 3.743510 2.606613
vt 3.686976 2.612619
vt 3.737085 2.815144
vt -2.869534 1.713889
vt -2.845357 1.667597
vt -2.921925 1.587450
vt 2.295137 2.565059
vt -2.869538 1.610969
vt -2.847784 1.587253
vt -2.644133 1.516017
vt 0.289964 2.722311
vt -2.886725 1.553622
vt 3.226305 0.253336
vt 3.489171 -2.331604
vt 2.684623 -0.176000
vt 2.692922 -0.168751
vt -2.666493 1.412592
vt -2.873645 1.500116
vt 2.599858 -0.116036
vt 3.463677 -2.320542
vt 0.292873 2.631566
vt 2.653721 -0.169258
vt -2.398071 2.869859
vt 2.120565 3.691780
vt 2.109517 3.741464
vt 3.434335 -2.331701
vt 2.202621 3.310688
vt 2.209899 3.266826
vt 3.455084 -2.353883
vt 0.883155 2.348513
vt -2.420186 2.838343
vt 2.183742 3.265150
vt 3.441831 -2.302425
vt 0.870327 2.324611
vt -2.421893 2.863070
vt -0.299236 2.451452
vt 1.138590 3.539277
vt 1.160312 3.607780
vt 1.179688 3.608135
vt 3.790584 1.614182
vt 3.405442 -2.708869
vt 3.815186 1.571069
vt 3.395214 -2.675267
vt 1.864563 -2.041910
vt 1.884274 -2.016305
vt 1.844147 -1.973072
vt -0.352432 2.514438
vt 1.642163 0.483903
vt 1.746237 0.516641
vt 1.381371 0.397450
vt -2.641088 1.428843
vt 0.945352 -1.533232
vt 0.894290 -1.592430
vt 3.248643 0.227694
vt 3.423151 -2.343222
vt 3.424992 -2.358320
vt 1.478856 0.424711
vt 1.419481 0.383896
vt 1.463958 0.361065
vt 1.434595 0.452172
vt -0.868451 2.365039
vt -0.882592 2.321844
vt -0.843655 2.270426
vt 0.869424 -1.522997
vt -0.775731 2.234924
vt -1.438392 3.538166
vt -1.489497 3.567512
vt -1.450749 3.504608
vt -0.813823 2.219845
vt 1.338179 0.336374
vt 1.360080 0.299217
vt -0.880072 2.256274
vt 2.982491 3.441132
vt 3.398003 -2.625869
vt 0.874576 -2.357592
vt 0.871070 -1.557894
vt 1.673173 0.442455
vt 1.591886 0.391502
vt 1.660662 0.392855
vt 0.872503 -1.581989
vt -0.343728 3.859387
vt 1.401446 0.305394
vt 1.445112 0.285106
vt 1.378885 0.216174
vt -0.951505 2.357133
vt 1.747508 0.449426
vt 3.729630 1.621809
vt 3.411100 -2.347920
vt 2.940931 3.436434
vt 2.964795 3.672374
vt 2.964213 3.632828
vt 2.977693 3.653410
vt 1.422544 0.203212
vt 1.274854 3.660442
vt 2.893854 3.433077
vt 3.761610 1.649104
vt 1.792922 -1.985513
vt 1.851224 -2.056531
vt 3.283472 0.209300
vt 1.229512 3.677995
vt 2.956181 -2.006675
vt -1.435403 3.449753
vt 2.928928 3.642530
vt 2.928647 3.619304
vt 1.702504 0.332699
vt 1.749096 0.391285
vt 1.774907 -2.019202
vt 1.712745 -2.001951
vt 1.813630 -2.092647
vt 2.912743 3.358023
vt 2.849569 3.369683
vt 2.922271 3.669444
vt 1.796694 3.174416
vt 2.884419 3.655639
vt 1.542949 0.451533
vt 1.524809 0.376370
vt 2.922742 3.699633
vt 1.502574 0.289723
vt -1.676046 3.177385
vt -1.642738 3.241114
vt -1.689207 3.229569
vt -0.952213 2.295714
vt 2.880480 3.699092
vt 1.719303 -1.286672
vt 2.892202 3.618743
vt 2.855632 3.651714
vt 2.426309 -0.715058
vt 2.871124 3.618721
vt 2.959902 3.359281
vt 3.000899 3.363531
vt 1.629986 0.343650
vt 3.312704 0.349101
vt 1.859570 3.164541
vt -1.787805 3.176853
vt -1.827838 3.150934
vt -1.789821 3.109208
vt 2.898227 0.199958
vt 2.904360 0.166625
vt -1.742820 3.186836
vt 1.678254 0.283924
vt 1.578147 0.300003
vt 1.815717 3.222328
vt -1.542573 3.518406
vt -1.484691 3.475329
vt 1.774289 -1.332778
vt 2.403165 -0.677142
vt 2.409735 -0.651383
vt 1.670514 0.216693
vt 1.622349 0.253063
vt 1.566081 0.216858
vt 3.032759 -0.398268
vt 3.066242 -0.363397
vt 3.088297 -0.479957
vt 2.887091 3.226819
vt 2.953681 3.174554
vt 2.966099 3.239439
vt 2.904382 0.113300
vt 3.000391 3.171975
vt 1.445389 -1.838205
vt 1.396690 -1.855852
vt 1.590500 -1.866763
vt 1.196211 3.658785
vt 3.345321 0.342076
vt -1.830172 3.104120
vt 2.953507 3.292871
vt 3.015805 3.294080
vt -1.860088 3.174285
vt 1.748323 -1.296061
vt 1.629471 -1.864439
vt 1.483022 -1.827185
vt 3.053073 3.413322
vt 1.754884 0.325105
vt 3.334494 0.308768
vt 1.512501 -1.803865
vt 1.642244 -1.841320
vt 3.827431 1.615930
vt 3.809327 1.650449
vt -0.502062 3.532897
vt -0.572957 3.575829
vt 3.837740 1.628715
vt 3.832928 1.598513
vt 3.076749 3.295277
vt 3.038357 3.352688
vt 2.130120 3.718603
vt 3.072411 -0.255080
vt 3.357058 0.308502
vt 3.097100 -0.370733
vt 3.017674 -0.318287
vt 3.356510 0.360159
vt 2.816128 -0.274875
vt -2.362765 3.609169
vt -2.346482 3.647656
vt -2.394616 3.620068
vt -2.370070 3.588748
vt -2.350471 3.589005
vt 3.369104 0.335767
vt 2.762713 -0.301578
vt 2.846504 3.293718
vt 2.714233 -0.259796
vt -2.381721 3.661910
vt 2.382713 -0.662878
vt 2.373619 -0.665137
vt 2.371633 -0.697897
vt 1.266087 -1.818468
vt 3.144143 -0.616178
vt 1.176942 3.673466
vt -0.323378 3.872943
vt 2.342347 -0.710119
vt -2.647875 1.360088
vt 2.755847 -0.373546
vt 2.777867 -0.376299
vt -2.415787 3.675758
vt -1.046638 3.637094
vt -1.047051 3.678310
vt 2.792802 -0.309116
vt 2.819003 -0.440334
vt 2.852888 3.466053
vt 0.315841 3.318019
vt 3.355351 0.275541
vt -0.809856 2.191768
vt -1.986051 1.615107
vt 1.176125 3.219516
vt -2.317634 3.588919
vt -2.318139 3.620705
vt 3.827921 1.652741
vt 3.365516 0.244350
vt -2.283318 3.620184
vt 1.361643 -1.831136
vt 1.288483 -1.839383
vt 1.173526 3.689586
vt 1.192075 3.702139
vt 1.166746 3.671700
vt 1.906430 1.828375
vt 1.935005 -1.383823
vt -2.290020 3.661904
vt -1.832193 3.079741
vt 2.569614 -2.822184
vt 2.677570 -2.712041
vt 2.456567 -2.878953
vt 2.544008 -2.873283
vt 2.464464 -2.906160
vt 2.615525 -2.825392
vt 2.676415 -2.764462
vt 2.724260 -2.692809
vt 2.435797 0.249482
vt 2.434464 0.169503
vt -0.860592 2.210207
vt -0.420012 2.757236
vt -0.335681 2.719085
vt -0.335542 2.749168
vt 1.479939 0.210780
vt -2.884764 1.424257
vt 1.910456 -1.420259
vt 2.005036 0.773482
vt 2.347810 0.246857
vt 1.227940 3.158634
vt 1.217098 3.236134
vt -2.640095 1.270643
vt -2.621255 1.204011
vt -1.892077 1.505128
vt 2.287630 0.258567
vt 0.980568 2.622911
vt 2.375872 0.164128
vt 1.911290 -1.364257
vt 1.014120 2.547585
vt 1.757586 0.240089
vt -1.137349 3.114921
vt -1.139463 3.040302
vt -1.110145 3.041179
vt 2.346442 0.164841
vt 2.344610 0.090798
vt 2.374032 0.089872
vt -2.582001 1.127815
vt 2.284730 0.116833
vt 1.209556 3.297418
vt -2.652879 1.260188
vt -2.667231 1.334656
vt -2.876383 1.258831
vt -2.886055 1.339360
vt 2.432672 0.097177
vt 1.169540 3.278643
vt 3.346459 0.220932
vt 2.842499 3.217968
vt 1.030867 -2.502768
vt 1.053842 -2.554518
vt 2.286395 0.184077
vt 1.037273 2.566355
vt 1.081764 2.499798
vt 1.213531 3.711334
vt 0.239052 1.761388
vt 3.078367 3.150252
vt 3.096172 3.190287
vt 3.058830 3.251412
vt 1.318259 0.135381
vt 1.301071 0.082969
vt 1.342070 0.099529
vt 3.630589 2.605431
vt 3.628125 2.717526
vt 3.599611 2.703700
vt -2.374532 -0.882418
vt -2.336998 -0.778539
vt -2.449406 -0.725744
vt 3.602004 2.595063
vt 3.624981 2.812455
vt 1.098414 -2.625132
vt 0.257830 1.771207
vt 1.090733 -2.652255
vt 1.162824 -2.722629
vt 1.152835 -2.684322
vt -2.253443 3.632512
vt -2.267302 3.608084
vt -2.250697 3.660879
vt 1.141144 -2.738431
vt 0.182104 1.884676
vt 0.251220 1.628004
vt 0.289546 1.639345
vt 0.203692 1.742749
vt 2.842091 3.699164
vt 2.839690 3.669103
vt 1.198199 -2.510396
vt 1.384767 -1.881919
vt 1.456405 -1.869549
vt -2.263474 3.692440
vt -2.309686 3.708944
vt 2.226762 0.243922
vt 0.275286 1.506077
vt -2.232781 -0.917337
vt -2.417735 -1.000057
vt 2.752207 1.539372
vt 2.235191 0.297586
vt 2.439504 2.466119
vt 2.409678 2.406160
vt 2.470697 2.408477
vt 2.339987 2.466094
vt 2.403926 2.526801
vt 2.560572 3.337257
vt 2.590961 3.286648
vt 2.587982 3.326343
vt 0.155819 2.530621
vt 3.119418 -0.484362
vt 3.106209 -0.579085
vt 3.033354 3.208579
vt 1.217863 -2.488887
vt 1.354064 3.518285
vt 2.347852 2.399776
vt 3.050708 -0.497900
vt 2.327811 2.526111
vt 2.296117 2.464235
vt -1.554249 3.617861
vt 0.817888 0.661149
vt 0.812056 0.605923
vt 0.861597 0.648551
vt 1.133144 -2.665585
vt 0.854576 0.584345
vt 3.688712 2.484724
vt 1.332736 3.544024
vt 1.356467 3.560106
vt 3.745299 2.480975
vt 1.361446 3.487183
vt 3.689598 2.348582
vt 2.186599 0.374529
vt 1.396322 -1.796822
vt 2.241756 0.365064
vt 1.656734 -2.697494
vt 0.008714 3.109660
vt 0.060784 3.087554
vt 2.336476 -0.315337
vt 0.896653 2.516531
vt 0.886628 2.506591
vt 1.376393 3.498139
vt 1.367023 3.528476
vt -2.948330 1.453239
vt 1.850358 0.657483
vt 1.806143 0.668494
vt -2.903957 1.446804
vt 1.592808 -2.771515
vt 0.798567 0.095923
vt 0.803688 0.174062
vt 0.774773 0.121184
vt -2.942994 2.515854
vt 0.294895 2.555251
vt 2.156048 3.690533
vt 2.257908 0.276811
vt 2.585610 3.381233
vt 2.264517 0.337285
vt 0.776170 0.166814
vt -0.013122 3.103105
vt -0.016634 3.127746
vt 1.182205 -2.531219
vt -0.038076 2.295959
vt -0.007683 2.247783
vt 1.901262 0.648151
vt 2.609047 3.302781
vt 2.374331 2.324414
vt -1.537075 3.628273
vt 0.839357 0.157759
vt 0.832895 0.096430
vt 0.880104 0.129228
vt 0.914701 2.520334
vt 0.962962 2.507137
vt 0.887305 -2.467593
vt 0.923312 -2.501149
vt 2.296593 2.370680
vt -0.038082 2.215666
vt 0.221587 2.512223
vt 1.605591 -1.899522
vt 2.268330 0.384076
vt 1.205904 -2.562933
vt -0.006664 2.205057
vt -0.015040 3.159147
vt 1.519625 -1.889871
vt -0.016734 3.186291
vt 1.525538 -1.917035
vt 1.431134 -1.906106
vt -2.866453 3.297209
vt -2.888548 3.203374
vt -2.840989 3.262646
vt 2.136855 3.728814
vt 0.190272 2.408520
vt 0.253630 2.395147
vt 0.296426 2.472506
vt 0.165285 2.456793
vt -2.822934 3.161487
vt -2.862566 3.174237
vt -2.798162 3.258890
vt 2.192168 0.457157
vt 1.353571 -1.911089
vt -0.592232 3.016097
vt 1.533683 -2.796010
vt 1.456591 -2.810495
vt -2.879562 3.102784
vt -2.906245 3.125806
vt -2.843718 3.078538
vt -0.078150 2.275845
vt -0.526734 3.010088
vt -0.537013 3.083891
vt 2.392344 2.231353
vt 2.449456 2.276796
vt -0.079164 2.204764
vt 0.076364 3.194658
vt 1.014174 2.465889
vt 0.250157 2.326399
vt 0.845750 0.284645
vt 0.806230 0.259366
vt 0.843567 0.225452
vt 0.069280 3.242187
vt 2.270035 0.413962
vt 2.740872 2.286816
vt 2.713480 2.271158
vt 2.246971 0.450878
vt 2.589462 2.455659
vt -0.030084 2.148939
vt 0.776748 0.313323
vt 0.777175 0.231810
vt 0.162478 2.328891
vt 1.350826 3.597422
vt 1.335347 3.586654
vt 2.528602 3.344094
vt 2.566025 3.297314
vt -0.077985 2.148338
vt -0.017502 3.224209
vt 2.650775 2.391256
vt -0.559898 3.118673
vt -0.577092 3.112539
vt 1.935694 -1.319955
vt 2.296592 2.253342
vt 0.298101 2.396541
vt 2.719210 2.396151
vt 0.929239 0.124138
vt 0.936765 0.169007
vt 0.888580 0.209186
vt 0.234296 2.262875
vt 2.668765 2.293117
vt 1.911091 -1.261540
vt 1.911486 -1.324694
vt 3.633160 2.346835
vt 1.074766 2.439115
vt 3.746143 2.347129
vt -2.921685 1.182164
vt -2.886523 1.234854
vt -2.948317 1.316367
vt 2.196921 0.542915
vt -2.905457 1.350797
vt -0.366264 3.860928
vt -2.857125 1.182063
vt 1.051345 2.410673
vt 2.607611 2.357638
vt 2.621810 2.276978
vt 1.011545 0.150895
vt 1.025635 0.206529
vt 1.933722 -1.202025
vt -2.821567 1.073901
vt -2.854645 1.140432
vt -2.869281 1.055764
vt -0.076013 2.116411
vt -0.041456 2.115315
vt 2.296652 2.154344
vt -0.127600 2.131069
vt 0.037772 3.310320
vt -0.019611 3.274267
vt 3.684206 1.620761
vt 1.909435 -1.203318
vt 0.942332 0.218746
vt 2.542775 2.400558
vt 2.557181 2.317957
vt 1.025539 3.341245
vt 1.026702 3.404040
vt 1.004113 3.371107
vt 2.555414 3.394555
vt 0.269803 3.557385
vt 0.297190 3.590318
vt 0.266039 3.605046
vt 0.294452 3.620385
vt 1.001804 3.309879
vt 2.260243 -0.930205
vt 1.024593 3.274296
vt 0.298980 2.326517
vt 0.235711 3.515726
vt 2.271621 0.458472
vt -2.244547 -0.993758
vt 3.632291 2.480266
vt 3.603646 2.473657
vt -1.477750 0.785607
vt 1.987500 -1.132401
vt 2.490682 2.305394
vt 1.914310 -1.158782
vt 1.983488 -1.098712
vt 2.250359 0.529112
vt 2.273557 0.511665
vt 3.288108 -1.863869
vt 2.112180 3.753443
vt -2.216325 -0.808232
vt 0.315008 1.509646
vt 2.804588 1.515965
vt 2.289015 2.223780
vt 2.274025 2.143698
vt 2.291042 2.289703
vt 2.276591 2.375625
vt 2.232608 2.046547
vt 0.893262 0.286452
vt 1.672109 1.111884
vt 1.703904 0.833423
vt -1.195521 3.371095
vt -1.196790 3.455228
vt -1.227505 3.446197
vt -1.478781 1.047657
vt -1.226323 3.367546
vt -1.198847 3.534099
vt 1.427154 1.351620
vt 1.427154 1.247925
vt 1.618544 1.283475
vt 1.447435 1.453312
vt -2.092157 -0.813815
vt -1.969336 -0.795027
vt 2.745746 -2.445863
vt 2.717550 -2.336634
vt 2.653172 -2.373253
vt 2.745746 -2.526305
vt 3.604491 2.344479
vt 0.895561 0.344095
vt 0.847429 0.357718
vt 0.105974 2.552430
vt -0.329346 3.885761
vt 0.120812 2.439466
vt 0.093040 2.478332
vt -1.103111 3.457880
vt -1.110151 3.539687
vt -1.137353 3.459065
vt -1.139474 3.540138
vt 0.079535 2.550642
vt 1.112381 2.188636
vt 1.058215 2.139475
vt 1.081715 2.114680
vt 0.063568 2.462934
vt -1.136053 3.372817
vt -1.852436 -0.752766
vt -1.106740 3.372703
vt -1.049931 3.368041
vt -1.051113 3.446228
vt -1.476468 1.136032
vt 2.821857 -0.370788
vt 2.840944 -0.361817
vt -1.534892 1.081439
vt 0.289056 1.247988
vt 0.250641 1.259963
vt 0.203003 1.145152
vt 0.275105 1.381781
vt -0.957337 3.010058
vt 0.315008 1.377496
vt 3.171950 -1.503329
vt 3.276862 -1.511904
vt 3.218600 -1.451015
vt -0.990947 3.007273
vt 0.806944 0.335006
vt 1.028800 3.448917
vt 3.291761 -1.903361
vt -0.991542 3.068256
vt 2.645805 1.556138
vt 2.591804 1.552221
vt 2.521636 3.390414
vt -1.040782 3.743955
vt 2.571372 2.234765
vt -1.040109 3.793886
vt 2.497841 2.214899
vt 1.012496 0.246794
vt 0.948004 0.293271
vt 3.440333 -2.266680
vt 0.952002 0.371546
vt 3.430590 -2.223381
vt 0.076568 2.390793
vt 1.725477 -1.854118
vt 1.763827 -1.907093
vt 1.794585 -1.899502
vt 2.323600 -0.938357
vt 0.104333 2.353196
vt 3.164016 -1.415552
vt 1.721948 -1.915338
vt 1.671475 -1.826225
vt 0.043400 2.363162
vt -0.611141 3.212331
vt -0.959576 2.967255
vt 3.418283 -2.165799
vt -0.640296 3.280128
vt -0.601737 3.252349
vt -1.473614 1.230698
vt 2.832544 -0.473525
vt 2.852800 -0.470472
vt 1.244232 -2.800020
vt 1.281242 -2.827924
vt -1.017009 3.022004
vt -0.994429 2.961177
vt 1.882514 -1.123075
vt 1.349758 -2.805860
vt 1.245205 -2.772379
vt 1.890101 -1.089638
vt 1.844337 -1.079341
vt -1.559211 1.316501
vt -1.671745 1.489437
vt 2.535412 3.312186
vt 2.494928 3.344481
vt 1.660078 -1.940631
vt -0.553376 3.165632
vt -1.040541 3.825305
vt 3.730608 1.679760
vt 3.406483 -2.132420
vt -1.533217 1.151700
vt 3.691039 1.716373
vt -0.219626 3.345061
vt -0.163067 3.346978
vt -0.219528 3.208391
vt -0.106621 3.344860
vt -2.159095 0.452377
vt 3.187464 -1.353250
vt 3.150846 -1.326581
vt -2.019718 0.556931
vt -0.077085 3.470379
vt 1.317320 3.666955
vt 1.307351 3.690241
vt -1.557886 1.087735
vt -0.077936 3.341960
vt 1.741582 -1.977072
vt -1.556285 1.152627
vt 1.616033 -1.946266
vt -1.026751 1.511299
vt -0.986666 1.507540
vt 1.226232 -2.854182
vt 1.343318 -2.856387
vt -2.009195 0.634381
vt 3.668791 1.638073
vt 1.382553 -2.836330
vt 1.415008 -2.853348
vt 1.899519 -1.997646
vt 1.861172 -1.956739
vt 1.278105 3.725933
vt -2.818433 3.350030
vt -2.795138 3.431665
vt -2.843813 3.386514
vt 1.887662 -1.219914
vt 1.300524 3.610631
vt 3.273679 -1.444324
vt 1.296619 3.566382
vt 3.710232 1.750057
vt 1.807344 -1.974615
vt 2.874356 3.752829
vt 2.901157 3.731673
vt 2.838145 3.731538
vt 2.321296 -0.720389
vt 2.287977 -0.724884
vt 2.937736 3.742282
vt 1.356249 -2.876210
vt 1.352280 -2.889451
vt 1.341663 3.633599
vt -1.530529 1.261768
vt -1.553817 1.223254
vt -0.869287 2.854815
vt 2.954774 3.701325
vt -2.264683 2.245854
vt -2.258600 2.203491
vt 3.270383 -1.374213
vt 3.263783 -1.318156
vt 3.248036 -1.373073
vt 3.745669 1.719957
vt 1.326692 3.745149
vt 2.996241 3.694688
vt 3.000019 3.732019
vt -2.770683 3.506409
vt -2.753902 3.550298
vt -2.791179 3.555971
vt 2.910997 3.784677
vt 2.896997 3.809059
vt 2.868820 3.829574
vt 2.846451 3.782529
vt 2.897667 3.830094
vt -0.965751 2.931554
vt 1.835285 -2.073828
vt 3.781436 1.685704
vt 3.767210 1.725614
vt -2.271296 2.171010
vt 2.285700 -0.746393
vt 2.235895 -0.723599
vt 0.775507 0.422225
vt -1.021408 2.969050
vt 0.807184 0.412994
vt -1.672521 3.133101
vt -1.627549 3.169938
vt -1.001341 2.927525
vt -1.025349 2.939328
vt 2.243677 -0.703668
vt 2.208246 -0.702667
vt -1.744336 3.108959
vt -1.743386 3.136007
vt -2.816596 3.481110
vt 1.072151 2.237808
vt 1.049136 2.176442
vt -2.343875 2.208106
vt 1.078118 2.299901
vt 1.098263 2.293483
vt 2.510819 2.762667
vt 2.509164 2.793085
vt 2.448717 2.759507
vt 2.478326 2.840075
vt -0.998786 2.892775
vt 2.417913 2.813840
vt 1.552849 2.953794
vt 1.655331 2.944282
vt 1.652424 2.995217
vt 1.311991 -2.909482
vt 1.904661 3.234439
vt -1.553096 1.284897
vt -1.554093 1.321573
vt 2.954080 -1.521552
vt -0.995170 3.126068
vt 1.283491 3.259272
vt 1.264876 3.295828
vt 1.666489 2.898626
vt -2.275252 2.299953
vt 2.974438 3.786875
vt 2.895458 3.829774
vt -2.360893 3.709134
vt -2.398238 3.708408
vt -2.423250 3.742206
vt 0.848957 0.442256
vt 0.897475 0.404009
vt -2.346854 2.288940
vt 0.807519 0.476070
vt -2.384986 2.361119
vt -2.387330 3.759389
vt 1.785677 3.248164
vt 1.766094 3.229600
vt -2.396140 3.823084
vt -2.422204 3.791994
vt 1.632325 3.033443
vt 1.755100 3.252551
vt 1.574349 3.050529
vt -2.334499 3.759798
vt 3.795498 1.697833
vt -2.307622 3.793078
vt -2.360073 3.793091
vt 1.285065 3.747405
vt 1.245092 3.727643
vt -2.345474 2.235240
vt -2.233748 3.691447
vt 2.392357 -0.750561
vt -2.228537 3.724260
vt -2.259749 3.725299
vt -2.398126 2.245358
vt 0.957396 0.494868
vt 0.902713 0.537972
vt 0.899774 0.473417
vt 2.357068 -0.733494
vt 0.089551 3.297297
vt 0.850740 0.511781
vt 1.266707 3.340026
vt -0.892863 2.240439
vt -1.005047 2.338433
vt -1.004071 2.295149
vt 0.954917 0.440169
vt 2.827632 3.779357
vt -2.232667 3.772243
vt -1.016850 3.082046
vt 3.814465 1.674587
vt 2.843873 3.829964
vt -2.281231 3.759367
vt -2.258209 3.792259
vt 0.148175 3.343379
vt -2.304427 3.823933
vt 1.730574 2.972517
vt 1.712870 3.021017
vt -1.909722 1.528563
vt -1.901290 1.532638
vt 0.776627 0.601981
vt 0.774998 0.524479
vt 0.808617 0.534602
vt 1.752211 2.959023
vt 2.133201 0.573717
vt 2.252624 0.242282
vt 2.341214 -0.755974
vt -2.401051 2.313372
vt 3.703823 1.777201
vt -2.423104 2.309683
vt -2.421124 2.270065
vt 3.741170 1.747900
vt 0.077694 3.366140
vt -1.550202 3.584712
vt -1.543657 3.543985
vt -1.042058 0.665999
vt -1.037501 0.687099
vt -1.045686 0.687096
vt 0.130880 3.425745
vt -0.423009 2.792367
vt -0.478892 2.774443
vt 1.316327 3.759470
vt -1.024879 2.899732
vt 2.980379 3.829294
vt 2.098348 0.650353
vt 2.122709 0.630985
vt 1.747843 3.027254
vt 1.359046 0.148335
vt 1.431832 0.154705
vt 2.201454 0.613395
vt 1.812316 3.244935
vt 1.356497 3.777976
vt -1.700862 1.469591
vt -1.742787 1.453725
vt -2.354489 3.824010
vt 1.355446 3.294810
vt 1.297705 3.220801
vt 1.388289 0.104697
vt 1.855103 3.239744
vt 2.149326 0.666719
vt 1.317260 3.323656
vt -2.418177 3.822925
vt -1.792960 1.448519
vt -1.838998 1.458755
vt -1.638107 1.055905
vt -1.585789 1.182345
vt 1.362990 3.384317
vt -2.258199 3.823100
vt 1.313294 3.394338
vt -2.232511 3.822211
vt 1.688878 3.066091
vt -2.034928 0.446794
vt -1.914254 0.417101
vt -0.077942 3.209912
vt -0.106619 3.208612
vt -1.026751 1.379149
vt -0.986847 1.383244
vt -1.877967 0.522012
vt 2.807624 1.051944
vt -1.852740 0.595908
vt 1.020321 2.132921
vt 2.363854 2.788152
vt 2.331741 2.756778
vt 2.384421 2.754995
vt -0.163068 3.207795
vt -0.162165 3.070118
vt 1.444072 0.112295
vt 0.091804 3.407204
vt -0.218735 3.073120
vt 0.988736 2.099438
vt 0.931272 2.063746
vt 0.947907 2.006722
vt -1.566789 2.229329
vt -1.566713 2.279444
vt -1.588201 2.228224
vt -0.577033 3.223597
vt 2.854737 0.511190
vt 2.776245 0.520524
vt 2.810970 0.470086
vt 0.915254 0.654964
vt 0.908089 0.604826
vt -0.104004 2.945868
vt -1.544105 3.478333
vt -1.745763 0.460091
vt -0.105739 3.074010
vt 1.063272 0.140581
vt 1.112596 0.158326
vt -0.077084 3.079393
vt -0.075405 2.955187
vt 3.395178 -1.725034
vt 3.365718 -1.735803
vt 0.971036 0.643944
vt 0.149507 3.466741
vt 0.078017 3.510317
vt -1.001289 1.249450
vt 2.859441 0.451732
vt -0.950795 1.127407
vt -0.962780 1.261317
vt -0.915253 1.146572
vt -1.801847 0.364306
vt -2.423455 2.353610
vt 0.965406 0.602887
vt 2.295706 2.833383
vt 2.304319 2.748397
vt 0.960478 0.546518
vt -1.617805 0.198930
vt -1.553561 0.092540
vt -0.877452 1.017411
vt -0.784082 0.923753
vt -0.758584 0.955033
vt -1.701643 0.290673
vt 2.479922 3.418992
vt 0.047453 3.468172
vt -0.655284 0.885908
vt -0.432241 2.379880
vt -0.674326 0.850289
vt -0.072968 2.842131
vt 1.060275 0.649044
vt -0.846343 1.043049
vt 2.329498 2.847130
vt 1.056046 0.612542
vt -1.003999 2.412180
vt 0.195210 3.480340
vt 1.335714 2.916547
vt 1.322840 2.875623
vt 1.654187 0.172843
vt -1.026464 2.409470
vt -1.026748 2.383191
vt 1.742580 3.080389
vt 2.487659 3.374717
vt -0.220427 3.512824
vt 1.719987 0.146062
vt 1.643828 0.131923
vt 2.153798 1.945222
vt 3.675281 1.676550
vt -1.036336 -0.915954
vt -1.030024 -0.916041
vt -1.034231 -0.819533
vt 1.742691 -0.836744
vt 1.811732 -0.738762
vt 1.779871 -0.782617
vt 2.891775 3.114741
vt 2.982816 3.103360
vt 3.897835 -1.666812
vt 3.913139 -1.568795
vt 3.899937 -1.565560
vt 3.869906 -1.666933
vt 2.432841 3.419439
vt 2.440250 3.391045
vt -1.026834 -0.607280
vt -1.033150 -0.607241
vt -1.026841 -0.715274
vt 3.910001 -1.774404
vt 3.910821 -1.692750
vt 3.896753 -1.773866
vt 1.756058 0.181669
vt 1.060103 0.808227
vt 0.994171 0.804072
vt 0.958968 0.781714
vt 0.844863 0.774607
vt 0.886342 0.793465
vt -1.578681 3.206227
vt 2.443711 3.367026
vt 3.868839 -1.773973
vt -0.486238 2.399738
vt -0.510618 2.350414
vt -1.577970 3.248520
vt -1.027917 -0.819578
vt -1.033156 -0.715232
vt 3.710008 0.099228
vt -0.427792 2.461040
vt 1.523703 0.127829
vt 3.094733 -1.318300
vt -0.482892 2.477590
vt 1.152635 -2.100460
vt 1.230218 -2.021998
vt 2.253625 0.601580
vt 1.555283 0.169299
vt 1.156319 -2.074694
vt 2.275597 0.562660
vt 1.375357 2.883417
vt 1.398902 2.929342
vt 2.277042 0.605582
vt -0.020581 3.323094
vt 0.012226 3.373921
vt -0.020715 3.366569
vt 2.894841 3.163717
vt -0.679992 3.308979
vt 1.160677 -2.035651
vt 2.905363 3.067168
vt 1.418025 2.927594
vt 3.827491 -1.489970
vt 3.824581 -1.577262
vt 3.844641 -1.570417
vt -1.226323 3.207906
vt -1.227505 3.132945
vt -1.196785 3.120070
vt -1.195511 3.200276
vt 2.669305 -2.552276
vt 2.730009 -2.605215
vt 2.833108 3.057083
vt -1.198844 3.047472
vt 1.544440 0.964272
vt 1.617829 0.891049
vt 1.486989 1.050569
vt -0.543004 3.203076
vt 3.053041 3.111553
vt 3.097509 3.053113
vt 3.822567 -1.673760
vt 3.821551 -1.775848
vt -1.225922 3.287118
vt -1.195086 3.285017
vt 1.346230 2.969188
vt 3.072150 3.022837
vt 3.112627 3.100540
vt 1.148781 -2.129590
vt 1.249148 -2.077902
vt 1.414049 2.973834
vt 2.207494 0.675502
vt 2.386833 -1.822000
vt 2.258036 0.671515
vt 2.446370 3.610749
vt 2.403366 3.585226
vt -0.535941 3.164974
vt 2.647608 3.181977
vt 3.129007 3.015142
vt 1.581878 0.137561
vt 1.614749 0.105270
vt -1.049933 3.209153
vt -1.111062 3.197588
vt -1.051111 3.134542
vt -0.788283 3.441610
vt -0.816086 3.475832
vt -0.673189 3.359405
vt -0.630484 3.330667
vt 2.386604 -1.901637
vt 2.419105 -1.887940
vt -1.049535 3.288013
vt 2.660555 3.249850
vt 2.618500 3.231021
vt 1.127934 2.347255
vt 1.127934 2.267153
vt 2.975681 3.030525
vt 1.112321 2.425820
vt -1.108039 3.115560
vt -1.053022 3.067070
vt 2.628530 3.261566
vt -1.106298 3.284546
vt -1.135614 3.284308
vt 2.582437 3.241128
vt 1.071224 2.360167
vt 0.035234 3.426957
vt -0.018775 3.421690
vt 3.023282 3.066107
vt 2.568915 2.765361
vt 2.576146 2.821321
vt 2.659479 3.275954
vt 3.570832 -1.714180
vt 3.548727 -1.705111
vt 3.567353 -1.755731
vt -0.590533 3.303161
vt 1.101011 -2.094232
vt 2.615131 2.766391
vt 2.617406 2.788983
vt 1.096202 -2.146609
vt 1.145661 0.609110
vt 1.502587 0.109091
vt 1.061790 -2.150276
vt 1.697365 0.096401
vt 2.424160 -1.997581
vt 2.421531 -1.958356
vt 2.388797 -1.984234
vt 2.261690 0.710349
vt 2.345408 -1.987803
vt 2.282243 0.696765
vt 2.279213 0.656237
vt 2.546875 2.868242
vt 2.641563 2.849146
vt 1.276035 0.697298
vt 1.224367 0.690667
vt 1.218192 0.627644
vt 1.150390 0.674565
vt 1.149430 0.645244
vt 1.050725 -2.121758
vt 1.029869 -2.159260
vt 1.996378 3.288926
vt 1.935723 3.335377
vt 1.959351 3.300748
vt 1.293331 0.967030
vt 1.347287 1.038371
vt 1.277099 0.955336
vt 3.164994 1.986587
vt 3.166520 2.090571
vt 3.160203 2.090520
vt 3.158677 1.986621
vt 2.419819 3.455914
vt 1.003076 -2.227174
vt -2.464363 2.727944
vt 3.818739 0.579824
vt 3.769370 0.586977
vt 3.788936 0.483702
vt 3.846743 0.579470
vt 2.348491 -2.039305
vt 2.392550 -2.033720
vt -0.758863 3.443426
vt -0.764451 3.490617
vt -0.771267 3.522055
vt 3.111159 2.988711
vt -1.025039 2.456457
vt 1.854557 -0.348195
vt 1.874293 -0.424295
vt 1.873981 -0.530324
vt 3.859037 0.558782
vt -0.017481 3.468506
vt -0.807077 3.536124
vt 3.647805 0.038540
vt 3.606705 0.066107
vt 1.229504 0.904458
vt 1.193082 0.886310
vt 1.156611 0.853903
vt 3.856135 0.416319
vt 3.845060 0.478398
vt 1.853267 -0.638798
vt 1.839035 -0.659617
vt 3.647691 0.070827
vt 3.162857 1.889902
vt 3.156547 1.890134
vt 3.767766 0.490598
vt 3.765611 0.403542
vt -1.160380 0.675449
vt -1.145588 0.643659
vt -1.145588 0.675456
vt 1.901347 0.773482
vt 1.799660 0.793764
vt 1.097705 0.835502
vt -0.503183 3.530850
vt 3.814804 0.387587
vt 3.842796 0.387057
vt 3.902995 -1.473860
vt 3.875067 -1.474268
vt -0.487999 2.310267
vt -0.435151 2.294567
vt 2.682047 3.197093
vt -1.033074 -1.001159
vt -1.039368 -1.000722
vt 2.870033 2.974179
vt 2.829492 3.002645
vt 2.827558 2.974046
vt 2.896566 3.023643
vt 2.922938 2.994651
vt 3.916158 -1.478400
vt -1.528298 1.374660
vt -1.552025 1.370726
vt 3.210064 -1.281810
vt 3.265237 -1.285117
vt 0.560688 0.865809
vt 0.579459 0.886446
vt 0.516691 0.898411
vt 1.270357 -1.028213
vt 1.393149 -1.024707
vt 1.324533 -1.025890
vt -0.509450 2.322761
vt -0.508651 2.396884
vt 3.666501 1.739750
vt -1.026611 2.351245
vt 1.416051 2.899742
vt -0.769115 3.553330
vt -1.575417 3.179959
vt 1.760086 0.115089
vt 2.837591 3.129129
vt 0.495700 0.955182
vt -1.033056 -0.302269
vt -1.036316 -0.396803
vt -1.030003 -0.396778
vt 1.217728 -1.015444
vt 2.380889 3.437784
vt -2.824870 1.102076
vt -2.620479 1.176150
vt 3.509060 -1.686659
vt -0.507121 2.453526
vt -1.875365 1.483191
vt 1.269673 0.196068
vt 1.239084 0.177416
vt 1.262602 0.164194
vt 0.633650 0.825675
vt 3.899939 -2.088462
vt 3.897829 -1.988880
vt 3.857354 -1.987118
vt 2.393627 3.393391
vt 3.040168 2.994829
vt 3.913144 -2.084944
vt -0.505210 2.496489
vt -0.551589 3.272007
vt 1.749826 0.076488
vt 1.760314 0.074094
vt 0.731052 0.791062
vt 0.675022 0.835428
vt -2.765124 1.001034
vt 2.284732 0.724047
vt -1.034217 -0.499828
vt -1.027906 -0.499721
vt 3.910244 -1.905554
vt 3.896757 -1.882621
vt 1.186273 0.196150
vt 1.177197 0.157604
vt -0.695751 3.375251
vt 3.911062 -1.986663
vt 3.821550 -1.879529
vt 2.393386 3.628592
vt 3.561019 0.050186
vt 2.350262 3.610664
vt 2.350508 3.650248
vt 2.998948 2.982229
vt 1.411252 3.011423
vt 3.824579 -2.075647
vt 3.822572 -1.980643
vt 1.447327 1.146386
vt -0.520920 3.301243
vt -0.529213 3.250216
vt 3.827496 -2.160689
vt 3.847640 -2.170612
vt 0.778534 0.804031
vt 1.661053 -0.913946
vt 1.490529 -1.003621
vt 1.584966 -0.965650
vt -0.014499 3.514650
vt 3.556527 -1.645995
vt -1.299342 1.289396
vt -1.026378 2.325842
vt 1.370849 3.344540
vt 3.573810 -1.658445
vt 3.563605 -1.594766
vt -1.395506 1.310046
vt -1.105745 1.362444
vt -1.153293 1.361177
vt -1.105910 1.275300
vt -2.712760 0.938451
vt -2.579017 1.111235
vt 1.362790 3.415829
vt -2.657026 0.887236
vt -2.537455 1.064356
vt -0.483974 2.818310
vt -0.507754 2.810510
vt -0.502853 2.765182
vt 1.101095 0.189806
vt -1.067806 1.375539
vt 1.285372 0.347564
vt 1.257443 0.309138
vt 1.281839 0.293151
vt 2.924844 -2.048765
vt 2.960497 -2.039315
vt -1.069596 1.439830
vt -1.107518 1.460515
vt 0.147928 3.530801
vt 0.192622 3.551758
vt 3.680007 1.775073
vt 1.313950 -2.690322
vt 1.239861 -2.621867
vt 1.240274 -2.654914
vt -1.153782 1.446977
vt 2.876235 -2.021251
vt 1.251397 -2.676743
vt 1.250127 0.238074
vt 1.278989 0.263708
vt -1.155410 1.512122
vt 1.379364 3.286968
vt 1.137993 -2.162267
vt 1.892333 3.339577
vt 1.304056 -2.659429
vt 3.675618 1.798856
vt 1.341695 3.729641
vt -1.209706 1.516022
vt -1.208974 1.359402
vt 3.524443 -1.626970
vt 1.366923 3.744863
vt 1.376393 3.778700
vt 2.062422 -0.933652
vt 2.015503 -0.919473
vt 1.353385 3.695393
vt 2.391456 3.648644
vt 1.970531 -0.871737
vt 1.159382 -2.597671
vt 1.139122 -2.595123
vt 1.260174 -2.695071
vt -1.297593 1.438225
vt -1.283197 1.359804
vt 1.264614 0.445200
vt 1.262271 0.386410
vt -1.379054 1.381390
vt -0.706481 3.634153
vt -0.706723 3.581065
vt -0.701452 3.591504
vt 1.163112 -2.654286
vt 2.981872 -1.301662
vt -0.266750 2.712150
vt -1.208647 1.449330
vt -0.329812 2.635831
vt -0.344268 2.685658
vt -0.348648 2.588007
vt 0.232040 3.580779
vt 1.239239 3.079192
vt 1.086314 3.146281
vt 1.085939 3.181827
vt 1.074886 3.225498
vt 1.917075 3.316231
vt 1.877082 3.333095
vt 2.370575 3.498816
vt 1.119723 0.224382
vt 3.376691 3.566383
vt -0.583869 3.352818
vt 1.283841 -2.724014
vt 1.233346 -2.714221
vt -1.854153 2.102020
vt -1.828980 2.159747
vt 1.288540 0.417267
vt 1.531596 3.021135
vt 1.226951 -2.740335
vt 1.142325 -2.678348
vt 1.087287 0.288401
vt 1.125645 0.262520
vt -1.896182 2.132248
vt 1.295322 3.154455
vt 3.048613 -1.248408
vt 3.011556 -1.255797
vt -0.580189 3.374774
vt -0.558745 3.360610
vt 1.184132 -2.607323
vt -2.424988 2.103487
vt -2.429278 2.184360
vt -2.459156 2.095751
vt 3.332044 -1.940636
vt 3.358789 -1.904711
vt 3.324278 -1.887111
vt 3.392083 -0.198018
vt 3.394232 -0.266085
vt 3.416514 -0.258469
vt 3.447213 -0.222071
vt 2.331085 3.470193
vt 3.396892 -0.145916
vt 3.610735 -0.398333
vt 3.646005 -0.400262
vt 3.607283 -0.344267
vt 3.567358 -0.369323
vt 0.144646 3.578700
vt 1.057905 3.267256
vt 1.019692 0.293498
vt 2.325083 3.495839
vt 3.398182 -0.318420
vt 3.452791 -0.310879
vt 1.032074 0.354226
vt 3.493481 -0.281043
vt 1.290370 0.476835
vt -0.543569 3.322935
vt 1.983434 3.377554
vt 1.969328 3.345759
vt 1.320087 3.106127
vt 1.214321 0.566289
vt -1.282877 1.504742
vt 3.441742 -1.745520
vt 2.763110 -1.996904
vt -1.211447 1.563305
vt -1.042605 -0.007801
vt 1.329814 3.016594
vt 1.252358 2.969508
vt 1.572822 -2.617083
vt -1.027013 1.860889
vt 3.471939 -1.682359
vt 1.558781 -2.660941
vt -0.517449 3.326192
vt 1.292749 0.564169
vt -1.471199 1.323837
vt -0.538761 3.345753
vt 1.246431 3.023944
vt 1.501514 -2.661002
vt 1.320660 3.060945
vt -1.393541 1.458926
vt 2.458010 3.187503
vt 2.496473 3.204113
vt 3.694827 -0.380074
vt 3.444239 -0.079343
vt 3.417058 -1.711553
vt 3.673920 -0.387189
vt 3.643001 -0.324785
vt 3.413568 -0.117684
vt 1.294538 0.631737
vt 1.271127 0.627143
vt 1.293407 0.597095
vt 3.366585 3.500236
vt 3.369884 3.567221
vt 3.367194 3.587408
vt 2.335091 3.444120
vt 2.347120 3.411688
vt 3.092650 -1.257465
vt 3.162169 -1.205266
vt 3.091828 -1.203334
vt -0.421074 2.582686
vt -0.424233 2.520983
vt 1.120867 0.321214
vt 3.562510 -0.293739
vt 3.171776 -1.254774
vt 2.018749 3.381041
vt -0.418756 2.642761
vt -0.418163 2.696892
vt 2.515264 3.187490
vt -0.500907 2.719024
vt 3.560920 -0.234396
vt -1.378540 1.525905
vt -1.469204 1.506968
vt -1.765483 2.205678
vt -1.765724 2.164126
vt -0.734754 3.280541
vt 3.149483 -1.169796
vt 1.607941 -2.656642
vt -1.743824 2.116182
vt -1.680968 2.151469
vt 3.368284 3.613863
vt -1.791466 2.108405
vt 1.266544 0.505352
vt 1.291542 0.527178
vt 1.564378 -2.672225
vt 1.389948 3.188190
vt 1.353511 3.224444
vt -1.043334 0.014442
vt 1.193686 0.240673
vt 3.395376 0.019701
vt 3.394688 -0.016052
vt 3.509087 -0.328729
vt 3.491686 -0.362660
vt 1.599873 -2.702799
vt 0.076049 3.560962
vt -1.469584 1.417564
vt -0.476037 2.650744
vt 0.062827 3.592992
vt -0.499983 2.679741
vt 1.066962 3.282569
vt 3.390451 -0.087386
vt 3.391210 -0.049671
vt 1.275191 0.231799
vt 1.199287 0.290051
vt 3.263153 -1.242894
vt 3.257052 -1.186161
vt 1.557666 -2.712345
vt 3.406596 -0.344101
vt 2.319925 3.525655
vt 3.480798 0.025578
vt -1.527599 1.444174
vt -0.500620 2.635799
vt -0.605554 3.390501
vt 3.391902 0.051809
vt 3.480330 0.070210
vt 3.389767 0.083904
vt 1.619729 -2.722899
vt 1.362275 -1.717865
vt 1.406590 -1.767263
vt 1.395841 -1.703849
vt -1.551420 1.440475
vt 1.387477 3.232667
vt 1.485922 -2.724585
vt 1.449061 -2.717609
vt -1.527836 1.513001
vt -1.552691 1.572940
vt -1.552000 1.510770
vt 3.388103 3.657848
vt 3.578267 -1.605342
vt 3.571201 -1.573811
vt -0.699802 3.425352
vt -0.696528 3.442892
vt -0.479035 2.560363
vt 1.512340 -2.747766
vt 1.410347 3.054396
vt 1.403185 3.095078
vt 1.397622 3.138334
vt 3.303009 -1.925475
vt 3.296973 -1.966100
vt 3.407820 -0.365870
vt -0.501619 2.590577
vt -0.018773 3.555106
vt -1.589248 2.779126
vt -1.589207 2.827311
vt -1.611151 2.827065
vt -0.017468 3.593673
vt 1.073960 3.286345
vt 1.084151 3.236988
vt 1.084962 3.259404
vt 3.472500 -0.382909
vt 1.176154 -2.136107
vt 1.208076 -2.141581
vt 2.302582 3.638844
vt -0.503080 2.545171
vt 2.198165 2.709378
vt 1.266876 -2.097866
vt 1.295384 0.697375
vt 1.296056 0.660177
vt -2.582572 0.769322
vt 2.206219 2.736119
vt 1.423945 -1.698122
vt 1.423374 -1.735688
vt 1.478151 -1.746682
vt -0.717045 3.643923
vt 3.523911 -1.547240
vt 3.524587 -1.572462
vt 3.548697 -1.559444
vt -2.322012 0.690229
vt -2.456229 0.716931
vt -1.924586 0.769342
vt 1.132648 0.366482
vt 1.538655 -2.614037
vt 2.408088 2.070190
vt 0.774773 -0.424312
vt 0.774773 -0.532402
vt 0.779288 -0.502606
vt 0.602811 1.822316
vt 0.542276 1.783507
vt 0.496706 1.735407
vt 3.503822 -0.239107
vt 0.451931 1.695888
vt 0.427999 1.652270
vt 1.825480 0.156150
vt 1.819264 0.154326
vt 1.825480 0.075596
vt 1.819264 0.074094
vt 3.832676 3.534725
vt 3.834679 3.622486
vt 3.821525 3.597948
vt 3.345569 -1.844067
vt 1.556077 -1.758221
vt 1.557535 -1.725418
vt 1.830544 2.707112
vt 1.736452 2.691054
vt 0.363837 1.553807
vt 0.399196 1.606178
vt 1.156966 -2.207510
vt 1.131270 -2.198464
vt -1.038294 -0.257039
vt -1.039368 -0.302257
vt -1.031976 -0.256854
vt -1.033051 -0.302269
vt -1.570391 2.177065
vt -1.621851 2.164777
vt 3.337993 -1.781093
vt 3.862678 3.621923
vt 3.860674 3.534345
vt 0.783278 -0.587263
vt 3.819686 3.508905
vt 3.818633 3.433623
vt 3.831296 3.436099
vt -1.051718 0.170749
vt -1.040632 0.194577
vt -1.051718 0.277735
vt 1.957041 2.696233
vt 2.295106 2.082329
vt 3.261114 -1.142707
vt 3.207674 -1.153489
vt 1.204396 0.355149
vt 0.665392 2.819762
vt 0.655454 2.781942
vt 0.683259 2.737660
vt 0.688959 2.768508
vt 3.324307 -1.831292
vt 0.687736 2.808679
vt 2.208270 -2.174111
vt 2.217953 -2.093300
vt 2.143779 -2.124183
vt 2.297042 -2.077633
vt 2.291070 3.682426
vt 2.296510 3.665553
vt 2.310206 3.670821
vt 2.129806 -2.098438
vt 3.669981 3.540935
vt 3.668150 3.482805
vt 3.726739 3.490914
vt 1.953445 1.637700
vt 1.901571 1.825833
vt 1.799909 1.805672
vt 3.911929 3.605126
vt 3.910019 3.521457
vt 2.005261 1.825833
vt 2.209349 -2.065561
vt 2.293832 -2.048765
vt 2.379984 -2.048773
vt 0.292324 2.249856
vt 3.725338 3.419601
vt 3.756161 3.490364
vt 3.666794 3.413319
vt 0.462374 1.991571
vt 3.758039 3.549955
vt 3.728615 3.550869
vt 0.436446 1.959071
vt 3.817936 3.517074
vt 3.665958 3.335221
vt 3.724478 3.339439
vt 3.753914 3.339188
vt 3.724190 3.253422
vt 3.754772 3.419072
vt 3.814970 3.398299
vt 3.816237 3.462850
vt 3.814191 3.325730
vt 0.528899 1.946980
vt 0.660979 1.934980
vt 0.602852 1.916317
vt 1.467365 -2.700112
vt 0.676992 2.070154
vt 2.074586 2.648546
vt 2.402322 -2.161183
vt 1.522460 -1.676288
vt -2.780417 3.730300
vt -2.771969 3.625956
vt 3.357320 -1.684709
vt 3.331309 -1.693010
vt 0.235424 2.199477
vt 0.639398 2.724763
vt 0.622834 2.756597
vt -2.771015 3.574649
vt 1.835740 3.351585
vt 0.573645 2.769797
vt 2.417889 1.985729
vt 0.488288 2.938592
vt 2.357852 1.919575
vt 0.463831 2.890651
vt 2.344522 1.995713
vt 2.293955 2.005581
vt 1.427173 3.479095
vt 3.344295 -1.612362
vt 0.224356 2.158007
vt 0.216762 2.133658
vt 0.298757 2.136667
vt 2.856892 0.134787
vt 2.802590 0.169845
vt 2.801052 0.136585
vt 3.321035 -1.601385
vt 0.949694 3.450638
vt 1.010072 3.448915
vt 0.972654 3.488110
vt 3.304425 -1.531707
vt -1.696848 3.019866
vt 0.659331 3.103155
vt 1.418689 -2.679878
vt 1.392121 -2.706554
vt -1.664207 2.989756
vt -1.612230 3.038187
vt -2.776427 1.005103
vt 1.437122 3.685740
vt -2.793245 0.941999
vt -2.717537 0.938418
vt 2.292432 1.927978
vt 3.493908 -1.533941
vt 3.157533 3.470041
vt 3.183071 3.509758
vt 3.188755 3.414438
vt 1.031170 0.482086
vt 0.299177 2.172390
vt 0.613339 2.796426
vt 1.797777 3.378771
vt 1.804995 3.355501
vt 0.513628 2.784872
vt 1.040868 3.302878
vt 0.549411 2.745485
vt 1.326221 -1.781327
vt 1.371436 -1.778141
vt 1.320438 -1.739619
vt 1.389693 -1.638829
vt 1.355953 -1.639156
vt 2.598201 -1.156687
vt 2.532847 -1.180763
vt 1.559859 -2.757667
vt 1.313803 -1.659402
vt 2.367218 1.869234
vt 3.294118 -1.218273
vt 1.264249 -1.691267
vt -1.981735 2.680584
vt 1.269317 -1.748133
vt -1.685083 2.943149
vt -1.649385 2.888012
vt -1.597512 2.945766
vt 2.858631 0.197957
vt 2.800641 0.215534
vt 1.450129 -2.757915
vt -1.706620 2.872591
vt 2.521437 -1.356319
vt 2.527541 -1.264013
vt 0.745690 2.043636
vt 2.443740 -1.377986
vt 2.447200 -1.326711
vt 2.859660 0.265449
vt 2.799564 0.272149
vt 1.147838 -2.511555
vt 1.184333 -2.569078
vt 1.157238 -2.475897
vt 2.470339 -1.254777
vt 1.483604 -2.782983
vt 2.447098 -1.257596
vt 1.181700 -2.524898
vt 2.456935 -1.199348
vt 1.867528 -1.782052
vt 1.831550 -1.739178
vt -1.593733 2.896107
vt 1.385252 -1.557619
vt 0.326573 2.894268
vt 0.317949 2.848248
vt 0.344680 2.883722
vt 1.352663 -1.550443
vt 1.202330 -2.554560
vt 0.358730 2.829463
vt 1.310688 -1.555944
vt 1.867215 -1.751156
vt 1.825763 -1.696499
vt 2.572583 3.211571
vt 2.539604 3.222958
vt 1.091758 -2.574439
vt 1.082391 -2.608333
vt 2.291659 1.879960
vt -2.696408 0.845334
vt 2.452975 -1.165617
vt -1.597279 2.984470
vt -0.754871 3.398078
vt 3.754954 -1.470112
vt 3.697574 -1.462381
vt 3.751112 -1.585458
vt 3.638416 -1.586511
vt 3.693660 -1.579687
vt 3.628125 1.835246
vt 3.748245 -1.712789
vt 3.642252 -1.471527
vt 3.817157 1.287163
vt 3.784773 1.321644
vt 2.747328 0.272884
vt -0.746893 3.351381
vt 3.602001 1.959462
vt -1.746097 -0.688392
vt 0.133765 1.041919
vt 0.164745 1.016074
vt 0.238270 1.125937
vt 0.905155 3.517900
vt 0.045862 0.954105
vt -1.486011 -0.560627
vt 0.848138 3.542456
vt 3.615131 -1.484743
vt -2.430767 2.270591
vt -2.462252 2.273214
vt -1.580593 -0.504562
vt -1.654291 -0.604659
vt 3.611421 -1.596147
vt -1.527843 -0.392029
vt -0.057549 0.885139
vt -0.038789 0.849601
vt 0.071262 0.922763
vt 3.599611 1.848513
vt 2.121049 3.410020
vt -1.419795 -0.599798
vt -1.351382 -0.453912
vt 2.424997 -1.813066
vt 2.446147 -1.805618
vt 2.424530 -1.780907
vt 2.259803 -0.629363
vt 0.370727 2.787447
vt 0.329975 2.800774
vt 1.381273 -2.740419
vt 0.816103 3.448988
vt 0.872166 3.449765
vt 0.820795 3.471885
vt 1.349011 -2.714171
vt 0.883468 3.481296
vt -1.566594 2.315545
vt 1.358308 -2.675727
vt 2.144618 3.439277
vt 0.443250 2.846334
vt 0.412106 2.811510
vt 0.458550 2.798741
vt 0.834982 3.503106
vt 2.425184 -1.701276
vt 2.422999 -1.746692
vt 0.389171 2.864558
vt 0.432534 2.771184
vt 3.830593 3.330358
vt 3.871117 3.329715
vt 3.908702 3.427514
vt 3.817937 3.329360
vt 0.336642 1.400041
vt 0.357796 1.506279
vt 0.322229 1.413904
vt -1.036599 -0.158791
vt -1.030285 -0.158835
vt -1.035555 -0.053514
vt -1.029240 -0.053608
vt 3.827758 1.237215
vt -1.569441 2.460359
vt -1.575111 2.520358
vt -1.567889 2.412778
vt 0.367628 1.158457
vt 0.336573 1.291785
vt 0.319823 1.269720
vt 1.354141 -2.757354
vt 3.830595 3.221765
vt -1.035202 0.054628
vt -1.028887 0.054546
vt 3.831294 3.114239
vt 3.872181 3.115641
vt 3.818095 3.198043
vt 3.792776 1.364801
vt 0.486846 2.758967
vt 3.908029 3.223299
vt 3.908034 3.326868
vt 2.416676 -2.085437
vt -2.462098 2.180568
vt 3.665954 3.165436
vt 3.665676 3.251515
vt 1.769206 1.575402
vt -2.503483 2.108651
vt 3.753627 3.253449
vt 3.749078 3.165323
vt 2.433463 -1.637907
vt 3.814195 3.167926
vt 3.813931 3.247954
vt -2.555383 2.134139
vt 0.681366 1.900767
vt 2.452467 -1.554862
vt 0.360344 1.111320
vt -1.029480 0.189097
vt -1.035560 0.161686
vt 3.819995 3.015236
vt 3.818631 3.116068
vt 3.832677 3.012065
vt 2.237217 2.480119
vt 2.173281 2.568372
vt 2.464514 -2.065444
vt 2.557835 -2.142195
vt 2.544005 -2.098412
vt 2.428404 -1.591976
vt -1.575238 2.571228
vt -1.580687 2.632220
vt 1.617933 1.708543
vt 1.704225 1.765996
vt 1.113103 3.417378
vt 3.908705 3.120862
vt 1.487078 1.548944
vt 1.544713 1.635152
vt 3.666793 3.080388
vt 3.725343 3.077751
vt 2.654629 -2.225613
vt 2.431436 -1.492742
vt 2.431031 -1.530401
vt 2.676458 -2.207197
vt 2.615536 -2.146312
vt 3.668154 2.999533
vt 2.724340 -2.278711
vt 0.341383 2.941383
vt 3.811399 1.340544
vt 2.126539 3.468278
vt 1.781254 -1.632021
vt 0.808395 1.940324
vt 0.761466 1.900770
vt 0.840030 1.916386
vt 0.914007 1.946948
vt 3.754771 3.078132
vt 3.203395 -0.004262
vt 1.311239 -2.775927
vt 1.398124 -2.789253
vt 1.830025 -1.651416
vt 3.814973 3.088762
vt 3.816234 3.013539
vt 1.801319 0.083215
vt 1.810447 0.074094
vt 1.810447 0.132774
vt -1.119051 3.612170
vt 3.751965 2.919811
vt 3.756164 2.995304
vt 3.726738 2.994558
vt 3.817936 2.945130
vt -1.055610 3.585292
vt 0.980564 1.991443
vt 3.669983 2.925907
vt 1.381117 -1.316234
vt 1.381867 -1.378149
vt 2.784757 2.826762
vt 2.822661 2.746965
vt 2.822661 2.912963
vt -1.201623 3.604643
vt 1.383020 -1.468120
vt -1.588091 2.718490
vt 2.859998 0.333200
vt -1.580889 2.669646
vt 1.351829 -1.456823
vt 2.458779 -1.440184
vt 2.831485 0.387710
vt 2.806802 0.349907
vt 2.435834 -1.443782
vt 0.813827 2.036164
vt 1.211744 -1.752298
vt 0.772521 3.496969
vt 0.783071 3.527777
vt 0.795902 3.456174
vt 3.747088 -1.847582
vt 3.689586 -1.846576
vt 3.634431 -1.847605
vt -2.185109 0.690232
vt -2.051044 0.717062
vt -1.511198 -0.024302
vt -0.552383 0.799562
vt -0.540527 0.838154
vt -0.422694 0.773660
vt -1.008720 2.907560
vt -1.424077 -0.428413
vt 3.607554 -1.981409
vt 3.607554 -1.849227
vt -0.172411 0.837678
vt -0.290486 0.773481
vt -0.160897 0.798999
vt -1.492540 -0.147179
vt -0.418643 0.813801
vt -0.294281 0.813730
vt -1.498253 -0.271406
vt -1.389143 -0.286655
vt 0.871811 2.042203
vt 3.690960 -1.709421
vt 3.635777 -1.713534
vt 2.889604 2.149458
vt 3.608853 -1.719182
vt 2.849129 0.403037
vt 2.362167 1.635042
vt 2.703561 2.996267
vt 2.702502 3.100341
vt 2.690651 3.022312
vt 2.705266 2.900319
vt 2.731553 2.996477
vt 1.416247 2.606425
vt -1.046219 -0.450304
vt -1.039902 -0.450386
vt -1.047437 -0.350147
vt -1.041121 -0.350231
vt 1.132168 2.628581
vt -1.042978 -0.260209
vt -1.049295 -0.260090
vt 2.730504 3.100571
vt 2.689848 3.101707
vt 0.988014 -0.042751
vt 1.064100 0.008953
vt -1.045686 -0.556563
vt 2.780936 3.006157
vt 2.779938 3.105440
vt 0.749909 3.544911
vt 1.916465 -2.358470
vt 1.899724 -2.442890
vt -2.474169 3.348517
vt 0.799789 3.563850
vt 0.906373 -0.119954
vt 0.837334 -0.217935
vt 0.869194 -0.174080
vt 1.414718 2.671950
vt -1.051718 -0.183373
vt 2.692573 2.904264
vt 2.707566 2.816088
vt 2.694843 2.821243
vt 2.735558 2.816586
vt 0.800019 -0.308816
vt 1.549040 2.575543
vt 1.636286 2.644902
vt -1.045396 -0.183598
vt 2.710368 2.746964
vt -1.051718 0.170749
vt -1.039530 0.038847
vt -1.039567 0.147597
vt 3.837232 3.695961
vt 1.842020 0.137921
vt 1.842020 0.074094
vt 1.848331 0.074372
vt 1.848331 0.139676
vt 0.794509 -0.348211
vt 2.696982 2.768480
vt -1.051718 0.015600
vt 2.761390 2.906333
vt 2.782569 2.914742
vt 2.288779 1.708266
vt 2.784758 2.834555
vt 1.949553 -2.278912
vt -2.475839 3.506899
vt -2.474730 3.430920
vt 3.893286 3.687178
vt -1.120191 0.443442
vt -1.080397 0.393454
vt -1.080397 0.480012
vt 2.821529 2.956218
vt 2.784757 3.027881
vt 2.784757 2.912963
vt 2.106948 1.805550
vt 2.202704 1.765892
vt 2.111024 1.820021
vt 3.159244 2.742594
vt 3.442557 2.763500
vt 0.425463 0.994954
vt 0.427056 1.038879
vt 3.161300 2.651050
vt -1.035994 0.213519
vt -1.037372 0.311149
vt 3.821975 2.923395
vt 3.890782 2.925754
vt 3.910021 3.023431
vt 1.148158 -0.999630
vt 1.018341 -0.936618
vt 1.064100 -0.965658
vt 0.476131 0.935200
vt 3.445140 2.644437
vt -1.033051 0.397728
vt -1.039368 0.397739
vt -1.031055 0.311137
vt -1.039368 -0.302293
vt 3.834682 2.919075
vt 3.902993 -2.177702
vt 3.916158 -2.173010
vt 3.911929 2.934950
vn -0.6665 -0.6926 -0.2759
vn -0.5100 -0.6927 -0.5100
vn -0.7069 -0.6931 -0.1406
vn -0.0000 -0.6922 -0.7217
vn -0.7210 -0.6930 -0.0000
vn -0.7069 -0.6931 0.1406
vn 0.8190 0.4690 -0.3306
vn 0.4907 0.8308 -0.2628
vn 0.5203 0.8481 -0.1004
vn 0.8707 0.4604 -0.1732
vn 0.8721 -0.1778 -0.4558
vn 0.3863 0.8376 -0.3863
vn -0.9140 -0.0513 -0.4024
vn -0.9506 -0.0728 -0.3019
vn -0.9492 0.0485 -0.3108
vn 0.6881 -0.2293 -0.6885
vn 0.5241 -0.3193 -0.7896
vn 0.5538 0.0830 -0.8285
vn 0.6469 0.3760 0.6634
vn 0.8092 0.3673 0.4585
vn 0.7753 0.2542 0.5782
vn 0.0928 -0.9536 0.2863
vn 0.1984 -0.9380 0.2841
vn 0.0492 -0.9506 0.3065
vn -0.3276 -0.9083 0.2602
vn 0.7888 -0.3217 -0.5238
vn 0.8283 0.0813 -0.5543
vn -0.5534 0.7463 -0.3698
vn -0.6904 0.5574 -0.4612
vn -0.7671 0.5573 -0.3178
vn 0.5268 -0.7687 -0.3627
vn 0.4504 -0.7759 -0.4417
vn -0.6257 -0.7757 0.0822
vn -0.4799 -0.8462 0.2314
vn 0.1942 -0.9745 -0.1120
vn -0.4615 -0.7024 0.5419
vn -0.6568 -0.5071 0.5581
vn -0.4983 -0.5222 0.6921
vn 0.9209 0.0782 -0.3818
vn 0.9299 -0.3176 -0.1855
vn 0.8762 -0.3170 -0.3630
vn 0.9778 0.0778 -0.1943
vn 0.5816 -0.7790 -0.2345
vn -0.6045 -0.3781 0.7012
vn 0.6251 -0.7694 -0.1314
vn -0.7253 -0.3725 0.5789
vn 0.9598 0.1626 -0.2287
vn 0.9094 0.2589 -0.3256
vn 0.8728 0.1608 -0.4609
vn 0.7962 0.2623 -0.5452
vn -0.6528 0.7463 -0.1300
vn -0.8144 0.5572 -0.1621
vn 0.9413 0.0500 -0.3339
vn -0.6148 0.7464 -0.2548
vn 0.2222 -0.9746 -0.0298
vn -0.4684 0.8620 -0.1939
vn -0.4973 0.8619 -0.0990
vn 0.8584 0.0792 -0.5068
vn 0.7333 0.1646 -0.6596
vn -0.3352 -0.7975 -0.5017
vn -0.4269 -0.7973 -0.4267
vn -0.6928 -0.1992 -0.6931
vn -0.5443 -0.1994 -0.8148
vn -0.6468 0.4039 -0.6469
vn -0.5082 0.4036 -0.7609
vn 0.6864 -0.7272 -0.0033
vn 0.7191 -0.6948 0.0120
vn 0.2096 -0.9769 0.0415
vn 0.1366 -0.9745 -0.1779
vn 0.3507 -0.7690 -0.5344
vn -0.3648 -0.8467 0.3874
vn 0.0634 -0.9743 0.2161
vn -0.2460 -0.9147 0.3206
vn -0.1539 -0.9230 0.3527
vn 0.1929 -0.9465 0.2588
vn 0.2821 -0.9414 0.1849
vn -0.3594 -0.8131 0.4579
vn -0.5261 -0.6756 0.5164
vn -0.1355 -0.8575 0.4962
vn -0.3343 -0.6908 0.6411
vn -0.5817 -0.6907 0.4297
vn -0.3038 0.7018 -0.6443
vn -0.4618 0.6981 -0.5472
vn -0.1537 0.8611 -0.4847
vn 0.4218 -0.1837 -0.8879
vn 0.1839 -0.7715 -0.6091
vn 0.2909 -0.1319 -0.9476
vn -0.7683 -0.5036 0.3950
vn 0.1019 -0.2879 -0.9522
vn -0.7944 0.2958 -0.5305
vn 0.8365 0.0624 -0.5443
vn 0.6330 0.0532 -0.7723
vn 0.7540 -0.0545 -0.6546
vn -0.9165 -0.1595 -0.3669
vn -0.9800 -0.1569 -0.1221
vn -0.9436 -0.2675 -0.1950
vn -0.6756 0.2950 -0.6756
vn -0.8315 -0.0051 -0.5554
vn 0.4338 0.9008 -0.0218
vn 0.4598 0.8818 0.1050
vn 0.2364 0.9585 -0.1591
vn -0.9237 -0.0050 -0.3830
vn 0.5645 0.8243 0.0430
vn 0.6733 0.6751 0.3013
vn -0.8826 0.2952 -0.3658
vn 0.2750 -0.5088 -0.8158
vn 0.3933 0.1958 -0.8983
vn 0.2202 0.1661 -0.9612
vn 0.1488 -0.0773 -0.9858
vn -0.7933 -0.2996 -0.5300
vn -0.7006 -0.5388 -0.4678
vn -0.7780 -0.5393 -0.3223
vn 0.1849 -0.3188 -0.9296
vn -0.7729 -0.1630 -0.6132
vn -0.8938 -0.0738 -0.4423
vn -0.8815 -0.2993 -0.3652
vn -0.8525 -0.2729 -0.4459
vn 0.0281 0.6871 0.7260
vn 0.7204 0.6779 0.1465
vn -0.1371 0.6829 0.7176
vn 0.0305 0.9580 -0.2851
vn -0.0679 0.9396 -0.3354
vn 0.4984 -0.8623 -0.0895
vn 0.3548 -0.9325 0.0676
vn 0.4026 -0.9102 -0.0972
vn 0.0640 0.9290 -0.3644
vn -0.2700 0.8565 -0.4399
vn -0.2457 -0.8569 0.4532
vn -0.4902 -0.5849 0.6462
vn -0.3883 -0.6737 0.6288
vn -0.8262 -0.5389 -0.1644
vn -0.7855 0.3286 -0.5244
vn -0.4024 0.8751 -0.2688
vn -0.4470 0.8752 -0.1850
vn -0.8452 0.4039 -0.3499
vn -0.8727 0.3285 -0.3613
vn -0.7990 -0.4653 0.3808
vn -0.9176 -0.3415 0.2033
vn -0.8023 -0.3424 0.4890
vn -0.8972 0.4038 -0.1786
vn -0.4748 0.8750 -0.0945
vn -0.9263 0.3283 -0.1846
vn 0.6666 -0.5245 -0.5296
vn 0.7276 -0.3313 -0.6007
vn 0.7541 -0.5251 -0.3944
vn -0.8425 -0.5387 -0.0000
vn -0.9357 -0.2999 -0.1858
vn -1.0000 -0.0057 0.0000
vn -0.9808 -0.0057 -0.1947
vn 0.2337 -0.8006 -0.5517
vn 0.1011 -0.8548 -0.5089
vn -0.9370 0.2956 -0.1862
vn 0.4444 -0.1960 -0.8741
vn 0.3239 0.4778 -0.8166
vn 0.1879 0.4530 -0.8715
vn 0.0548 0.8478 -0.5274
vn -0.5581 -0.7969 -0.2312
vn -0.5008 -0.7983 -0.3347
vn -0.5930 -0.7009 -0.3963
vn -0.6590 -0.7009 -0.2728
vn -0.8146 -0.2006 -0.5442
vn -0.7608 0.4037 -0.5082
vn 0.3814 0.0824 -0.9207
vn 0.3651 -0.3195 -0.8744
vn 0.1905 -0.2155 -0.9577
vn 0.0004 0.0828 -0.9966
vn 0.0987 -0.7658 -0.6354
vn -0.3002 0.6856 0.6632
vn -0.4244 0.6893 0.5872
vn -0.6820 0.0940 0.7253
vn -0.6467 0.2140 0.7321
vn 0.7262 -0.1543 0.6700
vn -0.6811 -0.6112 0.4032
vn -0.5231 -0.6100 0.5953
vn -0.6272 -0.4650 0.6248
vn 0.7274 -0.0489 0.6844
vn -0.0110 -0.0523 0.9986
vn 0.2738 0.8211 -0.5009
vn 0.3088 -0.8318 -0.4613
vn -0.0967 0.8306 -0.5484
vn 0.2440 -0.7812 -0.5746
vn 0.0490 -0.9737 -0.2224
vn -0.7396 -0.0184 0.6728
vn -0.1597 -0.8871 -0.4330
vn 0.9682 -0.2457 -0.0474
vn 0.5694 -0.7920 -0.2205
vn 0.4734 -0.8115 -0.3427
vn 0.9405 -0.1568 -0.3016
vn -0.9056 -0.1986 -0.3748
vn -0.5918 -0.7974 -0.1176
vn 0.6215 -0.3572 -0.6973
vn -0.3422 0.8751 -0.3421
vn -0.5998 -0.6926 -0.4007
vn 0.8016 -0.3828 -0.4593
vn -0.5044 -0.7008 -0.5045
vn -0.6991 -0.7014 -0.1391
vn -0.9150 0.4035 -0.0000
vn -0.9611 -0.1993 -0.1913
vn -0.9798 -0.2002 -0.0000
vn -0.6026 -0.7980 -0.0000
vn -0.6629 -0.6707 0.3328
vn -0.6401 0.7577 0.1270
vn -0.6517 0.7585 0.0002
vn -0.9997 -0.0248 0.0000
vn -0.9804 -0.0257 0.1954
vn -0.9804 -0.0257 -0.1954
vn -0.6406 0.7573 -0.1274
vn -0.8828 -0.4358 -0.1754
vn -0.7456 -0.4924 0.4490
vn -0.8081 -0.5116 0.2921
vn 0.3504 0.9097 -0.2228
vn 0.5925 0.8049 -0.0316
vn 0.7467 0.0806 -0.6603
vn 0.7757 0.0024 -0.6312
vn 0.7352 0.6662 0.1256
vn -0.9236 -0.0241 0.3825
vn -0.6014 0.7590 0.2494
vn -0.8253 -0.3655 0.4306
vn -0.7061 -0.3734 0.6017
vn -0.5984 -0.4939 0.6309
vn 0.6390 -0.6952 -0.3293
vn 0.5555 -0.6871 -0.4683
vn -0.8828 -0.4358 0.1754
vn -0.8997 -0.4364 0.0000
vn 0.5403 -0.5236 -0.6587
vn -0.6834 -0.7173 -0.1359
vn -0.6964 -0.7177 0.0000
vn 0.8600 0.4936 0.1295
vn 0.8116 0.5000 0.3020
vn -0.6528 0.7463 0.1300
vn -0.6657 0.7463 -0.0000
vn -0.8304 0.5572 -0.0000
vn -0.8144 0.5572 0.1621
vn -0.9370 0.2956 0.1862
vn 0.7515 0.6593 -0.0238
vn -0.5069 0.8620 0.0000
vn -0.4973 0.8619 0.0990
vn -0.5513 -0.3599 0.7527
vn 0.8673 0.4964 -0.0387
vn -0.2985 -0.0617 -0.9524
vn -0.2262 -0.0022 -0.9741
vn -0.0659 0.0581 -0.9961
vn -0.4684 0.8620 0.1939
vn -0.6148 0.7464 0.2548
vn -0.7671 0.5573 0.3178
vn -0.5534 0.7463 0.3698
vn -0.9903 0.0222 -0.1374
vn -0.6904 0.5574 0.4612
vn -0.4707 0.7464 0.4704
vn -0.8826 0.2952 0.3658
vn -0.9808 -0.0057 0.1947
vn -0.9557 0.2944 0.0000
vn -0.9357 -0.2999 0.1858
vn -0.8815 -0.2993 0.3652
vn -0.9544 -0.2986 0.0000
vn 0.8411 -0.5110 -0.1775
vn 0.7260 -0.6875 0.0164
vn 0.7065 -0.6924 -0.1463
vn -0.9941 -0.0862 -0.0653
vn -0.9605 -0.0676 -0.2700
vn -0.4845 0.8748 0.0000
vn -0.9444 0.3288 0.0000
vn 0.8627 -0.5051 -0.0266
vn 0.6954 -0.6987 0.1679
vn -0.4748 0.8750 0.0945
vn 0.8590 -0.5064 0.0755
vn -0.8262 -0.5389 0.1644
vn -0.9263 0.3283 0.1846
vn -0.9237 -0.0050 0.3830
vn -0.9358 0.0312 -0.3513
vn 0.4835 -0.2290 0.8448
vn 0.5641 -0.1484 0.8123
vn 0.8221 -0.2185 0.5258
vn 0.9422 -0.2611 0.2099
vn 0.9851 -0.1684 0.0354
vn 0.9450 -0.1664 0.2816
vn 0.4487 -0.8651 -0.2243
vn -0.0513 -0.9048 -0.4228
vn -0.2064 -0.8297 -0.5187
vn 0.0061 -0.8318 -0.5551
vn -0.7521 -0.0747 -0.6548
vn 0.2806 -0.9598 -0.0087
vn -0.1116 -0.3100 -0.9441
vn 0.1943 -0.8309 -0.5215
vn 0.2277 -0.3446 -0.9107
vn 0.5005 -0.3103 -0.8082
vn -0.0373 -0.9112 0.4103
vn 0.3666 -0.8158 -0.4474
vn 0.2516 -0.5449 0.7998
vn -0.0970 -0.5554 0.8259
vn -0.3948 -0.5587 0.7294
vn 0.8849 0.0032 0.4658
vn 0.9126 -0.0803 0.4009
vn 0.8060 -0.0612 0.5887
vn -0.0463 -0.9528 -0.3000
vn -0.6204 -0.0641 -0.7816
vn -0.4860 0.0435 -0.8729
vn -0.4470 0.8752 0.1850
vn -0.8727 0.3285 0.3613
vn -0.7855 0.3286 0.5244
vn -0.7780 -0.5393 0.3223
vn -0.1191 0.3175 0.9408
vn -0.7130 -0.7012 -0.0000
vn -0.5918 -0.7974 0.1176
vn -0.9611 -0.1993 0.1913
vn 0.4255 -0.8842 0.1930
vn 0.5184 -0.8519 0.0746
vn -0.8972 0.4038 0.1786
vn -0.6991 -0.7014 0.1391
vn -0.5581 -0.7969 0.2312
vn -0.8452 0.4039 0.3499
vn -0.4024 0.8751 0.2688
vn 0.8612 -0.2581 0.4378
vn 0.8687 -0.1708 0.4649
vn 0.9419 -0.1223 0.3128
vn 0.8157 -0.1214 0.5657
vn 0.9434 -0.0493 0.3280
vn -0.9056 -0.1986 0.3748
vn -0.5529 -0.7678 0.3236
vn -0.5930 -0.7009 0.3963
vn -0.5008 -0.7983 0.3347
vn -0.8146 -0.2006 0.5442
vn -0.6590 -0.7009 0.2728
vn -0.6665 -0.6926 0.2759
vn -0.5998 -0.6926 0.4007
vn 0.8167 -0.1689 0.5518
vn -0.6748 -0.2988 0.6748
vn -0.8315 -0.0051 0.5554
vn -0.7933 -0.2996 0.5300
vn 0.1101 -0.8517 -0.5123
vn 0.7322 -0.2518 0.6328
vn 0.8681 -0.2582 0.4240
vn 0.9294 -0.1595 0.3328
vn 0.9707 -0.0487 0.2353
vn 0.6816 -0.3133 -0.6613
vn -0.4254 -0.3781 0.8222
vn -0.7316 -0.6109 0.3026
vn -0.7399 0.2589 0.6209
vn -0.9226 0.2120 0.3223
vn -0.6010 -0.5725 0.5577
vn -0.3181 -0.5178 0.7942
vn -0.7006 -0.5388 0.4678
vn -0.5960 -0.5384 0.5957
vn -0.7944 0.2958 0.5305
vn -0.7071 -0.0056 0.7071
vn -0.6756 0.2950 0.6756
vn -0.7608 0.4037 0.5082
vn -0.3422 0.8751 0.3421
vn -0.4269 -0.7973 0.4267
vn -0.6928 -0.1993 0.6931
vn -0.6468 0.4039 0.6469
vn -0.5044 -0.7008 0.5045
vn -0.2520 0.9193 -0.3021
vn -0.3641 0.8620 -0.3528
vn 0.6155 0.7584 -0.2143
vn -0.1407 -0.6924 0.7077
vn 0.7069 -0.6931 0.1406
vn 0.0000 -0.6922 0.7217
vn -0.8379 0.0078 -0.5458
vn 0.1274 0.7588 0.6388
vn 0.3825 -0.0256 0.9236
vn 0.2494 0.7589 0.6015
vn 0.1949 -0.0253 0.9805
vn -0.8983 -0.0721 -0.4334
vn 0.4614 0.5569 0.6906
vn 0.3177 0.5578 0.7668
vn 0.5307 0.2960 0.7942
vn 0.3698 0.7462 0.5535
vn 0.2549 0.7464 0.6148
vn 0.1758 -0.4369 0.8822
vn 0.3733 -0.8724 -0.3156
vn 0.4242 -0.6689 0.6104
vn 0.5825 -0.4969 0.6432
vn 0.5714 -0.6598 0.4880
vn -0.5755 0.6977 -0.4266
vn 0.1300 0.7461 0.6531
vn 0.1619 0.5569 0.8147
vn 0.1941 0.8619 0.4684
vn 0.0990 0.8620 0.4971
vn 0.3631 -0.5072 0.7816
vn -0.6998 0.5178 -0.4921
vn -0.7758 0.5181 -0.3600
vn 0.5443 -0.1994 0.8148
vn 0.6928 -0.1993 0.6931
vn 0.6468 0.4039 0.6469
vn 0.4269 -0.7973 0.4267
vn 0.8146 -0.2006 0.5442
vn 0.7608 0.4037 0.5082
vn 0.3422 0.8751 0.3421
vn 0.6748 -0.2988 0.6748
vn 0.7071 -0.0056 0.7071
vn 0.5557 -0.0051 0.8313
vn 0.4547 -0.8337 0.3134
vn 0.3656 0.2956 0.8826
vn 0.3824 -0.0061 0.9240
vn 0.1864 0.2958 0.9369
vn 0.5303 -0.2989 0.7934
vn 0.3650 -0.2991 0.8817
vn 0.3385 -0.9057 -0.2551
vn 0.3158 -0.8111 -0.4924
vn 0.1853 0.8750 0.4473
vn 0.2691 0.8749 0.4026
vn 0.5247 0.3286 0.7853
vn 0.9985 0.0132 0.0527
vn 0.3219 -0.5390 0.7784
vn 0.1645 -0.5387 0.8263
vn 0.3610 0.3281 0.8730
vn 0.4682 -0.5382 0.7008
vn 0.7723 0.5818 0.2552
vn 0.2028 0.9277 0.3136
vn 0.8696 0.4891 0.0677
vn 0.1784 0.4041 0.8971
vn 0.0942 0.8753 0.4744
vn 0.1844 0.3291 0.9261
vn 0.0000 0.3283 0.9446
vn 0.6525 -0.3649 0.6642
vn 0.5485 -0.2628 0.7937
vn 0.1950 -0.0057 0.9808
vn 0.4903 -0.3625 0.7926
vn 0.1863 -0.2998 0.9356
vn -0.0966 -0.7983 0.5945
vn -0.2384 -0.7130 0.6594
vn -0.0880 -0.6918 0.7168
vn 0.2015 -0.9684 0.1468
vn 0.2310 -0.7972 0.5578
vn 0.3751 -0.1992 0.9053
vn -0.3783 0.3583 0.8535
vn 0.1218 0.3859 0.9145
vn 0.5279 0.8409 0.1194
vn 0.9156 0.3894 -0.1006
vn -0.6594 0.6954 -0.2856
vn -0.8291 0.5098 -0.2298
vn -0.5223 0.4459 0.7269
vn -0.8398 0.2689 0.4716
vn -0.4712 0.5227 -0.7105
vn -0.5866 0.5235 -0.6180
vn -0.6008 0.3773 -0.7048
vn 0.1472 -0.0592 -0.9873
vn 0.3430 0.0583 -0.9375
vn 0.6566 -0.7506 -0.0743
vn 0.0207 0.0885 -0.9959
vn -0.1727 0.1739 -0.9695
vn -0.2141 0.0726 -0.9741
vn -0.1229 -0.5131 0.8495
vn -0.2361 -0.3347 0.9123
vn -0.4485 0.1747 -0.8765
vn -0.4150 0.0467 -0.9086
vn 0.9917 -0.0863 -0.0957
vn 1.0000 -0.0049 -0.0032
vn -0.7327 0.3756 -0.5675
vn -0.2124 -0.0003 -0.9772
vn -0.8354 0.3733 -0.4034
vn -0.8796 0.2639 -0.3958
vn -0.7504 0.2707 -0.6030
vn 0.7503 0.0782 -0.6565
vn 0.7422 -0.0540 -0.6680
vn 0.8394 0.0473 -0.5415
vn -0.6861 -0.2776 -0.6725
vn 0.9795 -0.1661 -0.1139
vn 0.9096 -0.3875 -0.1499
vn 0.2655 -0.6726 0.6907
vn 0.3352 -0.7975 0.5017
vn -0.5601 -0.1726 -0.8102
vn 0.5082 0.4036 0.7609
vn 0.3505 0.4034 0.8452
vn -0.4913 -0.2783 -0.8254
vn 0.1336 -0.5141 0.8473
vn 0.1391 -0.7006 0.6998
vn 0.2759 -0.6928 0.6663
vn 0.2730 -0.7012 0.6586
vn 0.3965 -0.7005 0.5934
vn 0.4010 -0.6922 0.6000
vn 0.1912 -0.2004 0.9609
vn 0.1178 -0.7982 0.5908
vn -0.6945 -0.7186 -0.0352
vn -0.6460 -0.7628 -0.0280
vn 0.6947 -0.7184 -0.0353
vn 0.6480 -0.7609 -0.0330
vn -0.9674 0.1244 0.2208
vn -0.7422 -0.6653 0.0812
vn 0.1407 -0.6924 0.7077
vn -0.0000 -0.0252 0.9997
vn 0.0002 0.7587 0.6514
vn -0.1949 -0.0253 0.9805
vn -0.1278 0.7588 0.6386
vn -0.9837 0.1263 0.1279
vn -0.0213 0.9982 0.0566
vn -0.3825 -0.0257 0.9236
vn -0.2493 0.7589 0.6016
vn 0.0000 -0.4369 0.8995
vn -0.1758 -0.4369 0.8822
vn 0.1694 -0.2430 0.9551
vn 0.4841 -0.3257 0.8121
vn -0.9923 -0.1085 -0.0601
vn -0.0000 -0.7176 0.6965
vn -0.1359 -0.7169 0.6838
vn -0.7098 0.0044 0.7044
vn 0.1359 -0.7169 0.6838
vn -0.1619 0.5569 0.8147
vn 0.0000 0.5570 0.8305
vn -0.1300 0.7461 0.6531
vn 0.0000 0.7463 0.6656
vn -0.0000 0.2956 0.9553
vn 0.0000 0.8620 0.5069
vn -0.0990 0.8620 0.4971
vn 0.8377 -0.2749 -0.4719
vn -0.3441 -0.4369 0.8311
vn 0.1443 -0.3412 0.9288
vn 0.7434 0.1006 -0.6612
vn 0.0303 -0.4019 -0.9152
vn -0.2733 -0.3808 -0.8833
vn -0.4828 -0.3051 -0.8208
vn 0.5104 0.0673 -0.8573
vn 0.4776 -0.0501 -0.8771
vn 0.6315 -0.0492 -0.7738
vn -0.4614 0.5569 0.6906
vn -0.3177 0.5578 0.7668
vn -0.3698 0.7462 0.5535
vn -0.2549 0.7464 0.6148
vn -0.1941 0.8619 0.4684
vn -0.1950 -0.0057 0.9808
vn 0.0000 -0.2988 0.9543
vn 0.0000 -0.0056 1.0000
vn -0.1863 -0.2998 0.9356
vn -0.1538 0.4615 0.8737
vn -0.1864 0.2958 0.9369
vn -0.6568 -0.2657 0.7057
vn -0.6391 -0.1691 0.7503
vn -0.5287 -0.2645 0.8066
vn 0.4788 -0.8163 -0.3233
vn 0.7570 0.0171 0.6532
vn -0.0000 -0.5386 0.8426
vn -0.1844 0.3291 0.9261
vn -0.0942 0.8753 0.4744
vn -0.1645 -0.5387 0.8263
vn -0.3650 -0.2991 0.8817
vn 0.6441 -0.1367 0.7527
vn 0.0000 0.8748 0.4845
vn 0.6036 -0.0490 0.7958
vn 0.4485 0.8505 0.2749
vn -0.3824 -0.0061 0.9240
vn -0.3656 0.2956 0.8826
vn -0.3219 -0.5390 0.7784
vn 0.2859 0.4368 0.8530
vn 0.9072 0.0694 0.4149
vn 0.9149 -0.0494 0.4007
vn 0.9586 -0.0594 0.2785
vn 0.9560 0.0783 0.2826
vn 0.9742 0.0129 0.2251
vn 0.8202 -0.0740 -0.5673
vn -0.7219 0.3552 0.5939
vn 0.6334 -0.0391 0.7729
vn 0.8709 -0.0107 0.4914
vn 0.8513 0.0541 0.5219
vn 0.7729 0.0561 0.6320
vn 0.8158 -0.0202 0.5779
vn -0.2800 0.9048 0.3209
vn 0.8295 0.2779 -0.4845
vn -0.6102 -0.5164 -0.6008
vn -0.7597 -0.3312 -0.5596
vn -0.6034 -0.3910 -0.6950
vn -0.4227 -0.5279 -0.7367
vn 0.7072 0.5026 0.4972
vn 0.3235 -0.3804 0.8664
vn 0.7226 0.6894 0.0511
vn 0.8613 0.5079 0.0135
vn 0.8516 0.5103 -0.1197
vn 0.5531 0.6928 -0.4627
vn 0.5885 0.2994 -0.7510
vn 0.6544 -0.1777 -0.7350
vn 0.9123 0.3624 0.1906
vn 0.4777 -0.1711 -0.8617
vn 0.3804 0.2364 -0.8941
vn 0.9128 0.3704 -0.1720
vn -0.3610 0.3281 0.8730
vn -0.4682 -0.5382 0.7008
vn -0.5247 0.3286 0.7853
vn -0.1853 0.8750 0.4473
vn 0.7105 0.6840 0.1654
vn -0.1784 0.4041 0.8971
vn -0.5679 -0.0500 0.8215
vn -0.6918 -0.0472 0.7206
vn 0.0000 0.4036 0.9149
vn -0.1178 -0.7982 0.5908
vn -0.1912 -0.2004 0.9609
vn -0.3751 -0.1992 0.9053
vn -0.0000 -0.7972 0.6037
vn 0.0000 -0.1989 0.9800
vn 0.8813 0.2556 0.3975
vn 0.9531 0.2578 0.1589
vn 0.0821 0.1668 -0.9826
vn 0.3014 0.1675 -0.9387
vn 0.1709 0.2675 -0.9483
vn -0.0884 0.2656 -0.9600
vn -0.2759 -0.6928 0.6663
vn -0.1391 -0.7006 0.6998
vn 0.0000 -0.7005 0.7137
vn -0.8279 -0.3769 -0.4154
vn -0.8689 -0.2549 -0.4243
vn -0.2730 -0.7012 0.6586
vn -0.2310 -0.7972 0.5578
vn -0.3505 0.4035 0.8452
vn -0.7871 -0.1607 0.5955
vn -0.7793 -0.0415 0.6252
vn -0.3965 -0.7005 0.5934
vn 0.8480 -0.0809 0.5238
vn -0.4010 -0.6922 0.6000
vn -0.8944 0.3695 -0.2519
vn -0.9458 0.2578 -0.1973
vn -0.6679 0.3287 0.6677
vn -0.2691 0.8749 0.4026
vn -0.5082 0.4036 0.7609
vn -0.5557 -0.0051 0.8313
vn -0.5307 0.2960 0.7942
vn -0.5303 -0.2989 0.7934
vn -0.3352 -0.7975 0.5017
vn -0.5443 -0.1994 0.8148
vn 0.8430 0.5128 0.1623
vn 0.4378 -0.8480 0.2985
vn 0.4032 0.2662 -0.8755
vn 0.4363 0.3699 -0.8203
vn 0.1987 0.3729 -0.9064
vn 0.6665 -0.6926 -0.2759
vn 0.7069 -0.6931 -0.1406
vn -0.5100 -0.6927 0.5100
vn -0.2569 0.5829 0.7708
vn 0.7210 -0.6930 -0.0000
vn 0.5998 -0.6926 -0.4007
vn 0.5100 -0.6927 -0.5100
vn 0.2759 -0.6928 -0.6663
vn 0.4010 -0.6922 -0.6000
vn -0.1407 -0.6924 -0.7077
vn -0.2759 -0.6928 -0.6663
vn -0.4010 -0.6922 -0.6000
vn 0.6665 -0.6926 0.2759
vn 0.5998 -0.6926 0.4007
vn -0.3451 -0.9278 0.1415
vn 0.5100 -0.6927 0.5100
vn 0.1407 -0.6924 -0.7077
vn 0.3422 0.8751 -0.3421
vn 0.6679 0.3287 -0.6677
vn 0.4024 0.8751 -0.2688
vn -0.0357 0.2748 -0.9608
vn 0.0557 0.1733 -0.9833
vn -0.1466 0.1689 -0.9747
vn 0.4682 -0.5382 -0.7008
vn 0.6748 -0.2988 -0.6748
vn 0.5960 -0.5384 -0.5957
vn -0.0651 0.0734 -0.9952
vn 0.1867 0.9148 0.3582
vn -0.0964 0.9352 0.3408
vn 0.1525 0.2788 -0.9482
vn -0.2091 0.2795 -0.9371
vn -0.7973 -0.2593 0.5450
vn -0.3039 0.1694 -0.9375
vn -0.2108 0.0524 -0.9761
vn -0.3446 0.0793 -0.9354
vn 0.6468 0.4039 -0.6469
vn 0.6928 -0.1992 -0.6931
vn 0.5443 -0.1994 -0.8148
vn 0.5044 -0.7008 -0.5045
vn -0.6888 -0.2621 -0.6760
vn 0.7855 0.3286 -0.5244
vn 0.4470 0.8752 -0.1850
vn 0.1843 0.2717 -0.9446
vn 0.4014 0.6890 -0.6034
vn 0.1683 0.3898 -0.9054
vn -0.0492 0.3898 -0.9196
vn 0.7006 -0.5388 -0.4678
vn 0.7780 -0.5393 -0.3223
vn -0.7760 -0.1421 -0.6145
vn -0.8660 -0.1716 -0.4697
vn 0.5247 0.3286 -0.7853
vn 0.9263 0.3283 -0.1846
vn 0.4748 0.8750 -0.0945
vn 0.8727 0.3285 -0.3613
vn 0.8262 -0.5389 -0.1644
vn 0.7956 -0.3622 0.4856
vn 0.4925 -0.4282 -0.7577
vn 0.6590 -0.7009 -0.2728
vn 0.5581 -0.7969 -0.2312
vn 0.6991 -0.7014 -0.1391
vn 0.8452 0.4039 -0.3499
vn 0.5930 -0.7009 -0.3963
vn 0.5008 -0.7983 -0.3347
vn -0.3310 0.5782 0.7457
vn 0.1486 0.5516 0.8208
vn 0.8146 -0.2006 -0.5442
vn 0.9056 -0.1986 -0.3748
vn 0.7608 0.4037 -0.5082
vn 0.4269 -0.7973 -0.4267
vn 0.7130 -0.7012 -0.0000
vn 0.5918 -0.7974 -0.1176
vn 0.9611 -0.1993 -0.1913
vn -0.3448 0.2717 -0.8985
vn -0.8473 0.5194 0.1106
vn -0.9226 0.3761 0.0854
vn -0.8100 0.4928 0.3179
vn 0.7487 -0.4946 0.4414
vn 0.8972 0.4038 -0.1786
vn 0.2691 0.8749 -0.4026
vn -0.9735 0.2188 0.0664
vn -0.5855 0.3418 0.7351
vn 0.5628 -0.7812 0.2701
vn 0.4463 -0.8806 0.1592
vn 0.1853 0.8750 -0.4473
vn 0.4199 0.5290 -0.7375
vn 0.1435 -0.9386 -0.3136
vn 0.2955 -0.9356 -0.1930
vn 0.3219 -0.5390 -0.7784
vn 0.3610 0.3281 -0.8730
vn 0.0673 -0.8964 -0.4382
vn -0.0000 0.4036 -0.9149
vn -0.0000 0.8748 -0.4845
vn 0.0942 0.8753 -0.4744
vn 0.1844 -0.6909 0.6991
vn -0.0010 -0.7114 0.7028
vn -0.0429 -0.8628 0.5037
vn 0.1844 0.3291 -0.9261
vn 0.9339 -0.2210 -0.2811
vn 0.1645 -0.5387 -0.8263
vn 0.1784 0.4041 -0.8971
vn 0.3505 0.4035 -0.8452
vn 0.3352 -0.7975 -0.5017
vn 0.2310 -0.7972 -0.5578
vn 0.3751 -0.1992 -0.9053
vn 0.5082 0.4036 -0.7609
vn 0.3965 -0.7005 -0.5934
vn 0.2730 -0.7012 -0.6586
vn 0.9103 0.2968 -0.2885
vn 0.7736 -0.0523 -0.6316
vn 0.7743 -0.1698 -0.6096
vn 0.7033 -0.0447 -0.7095
vn -0.9952 0.0887 0.0422
vn 0.6866 -0.1753 -0.7056
vn 0.8218 -0.2591 -0.5075
vn -0.1905 -0.6964 -0.6919
vn -0.3441 -0.6895 -0.6374
vn -0.2568 -0.9574 0.1321
vn -0.2203 -0.9557 0.1952
vn -0.8191 0.3735 0.4354
vn -0.9294 0.2997 0.2155
vn -0.3523 -0.8911 -0.2862
vn -0.2624 -0.8944 -0.3622
vn -0.4190 -0.0509 0.9065
vn -0.4770 -0.1664 0.8630
vn -0.3813 -0.2517 0.8895
vn 0.2013 -0.1543 0.9673
vn -0.1733 -0.8586 0.4824
vn 0.1178 -0.7982 -0.5908
vn 0.1391 -0.7006 -0.6998
vn -0.3469 -0.1693 -0.9225
vn 0.1583 -0.7955 0.5849
vn -0.0986 -0.6977 0.7095
vn 0.1139 -0.6862 0.7184
vn 0.1912 -0.2004 -0.9609
vn 0.0598 -0.8579 0.5103
vn -0.0000 -0.7005 -0.7137
vn -0.0942 0.8753 -0.4744
vn 0.2923 -0.8751 0.3858
vn 0.0000 0.3283 -0.9446
vn -0.0000 -0.5386 -0.8426
vn -0.6143 0.5580 0.5580
vn -0.1844 0.3291 -0.9261
vn -0.1645 -0.5387 -0.8263
vn 0.7020 -0.6419 0.3085
vn 0.1623 -0.9588 0.2331
vn -0.9601 -0.2628 0.0959
vn 0.0944 -0.9604 0.2622
vn -0.5247 0.3286 -0.7853
vn -0.4682 -0.5382 -0.7008
vn -0.3219 -0.5390 -0.7784
vn -0.1853 0.8750 -0.4473
vn -0.2691 0.8749 -0.4026
vn -0.3610 0.3281 -0.8730
vn -0.7068 0.6831 0.1840
vn -0.4130 0.8937 0.1751
vn -0.4620 0.4664 0.7543
vn -0.1178 -0.7982 -0.5908
vn 0.0000 -0.7972 -0.6037
vn 0.3064 -0.5178 -0.7988
vn 0.1617 -0.5379 -0.8274
vn 0.2117 -0.3798 -0.9005
vn 0.3095 -0.6986 -0.6452
vn -0.1391 -0.7006 -0.6998
vn -0.3751 -0.1992 -0.9053
vn -0.1912 -0.2004 -0.9609
vn 0.2265 0.1686 -0.9593
vn 0.0702 0.0530 -0.9961
vn 0.6922 -0.0102 0.7217
vn 0.6826 0.0821 0.7261
vn 0.5790 0.0725 0.8121
vn -0.1784 0.4041 -0.8971
vn 0.5997 -0.0520 0.7986
vn -0.5252 0.7482 0.4055
vn 0.0000 -0.1989 -0.9800
vn 0.0087 0.9660 0.2584
vn -0.0086 0.8862 0.4632
vn -0.0870 -0.0507 -0.9949
vn -0.4993 0.3062 0.8105
vn -0.2730 -0.7012 -0.6586
vn -0.3965 -0.7005 -0.5934
vn -0.2310 -0.7972 -0.5578
vn -0.3993 0.3903 0.8296
vn -0.3505 0.4035 -0.8452
vn -0.7381 0.6470 0.1915
vn -0.6679 0.3287 -0.6677
vn -0.5960 -0.5384 -0.5957
vn 0.4598 -0.0188 -0.8878
vn 0.9964 0.0797 0.0282
vn 0.1267 -0.9657 0.2266
vn -0.3561 -0.0510 -0.9331
vn 0.7410 -0.0853 0.6661
vn 0.9844 0.0321 -0.1730
vn 0.1788 -0.9824 0.0550
vn 0.4845 0.8748 0.0000
vn 0.9444 0.3288 0.0000
vn -0.9224 -0.2633 0.2825
vn 0.4748 0.8750 0.0945
vn 0.9150 0.4035 0.0000
vn 0.9263 0.3283 0.1846
vn 0.0011 0.6045 0.7966
vn -0.7253 0.0776 0.6840
vn -0.2851 0.5830 0.7608
vn -0.3457 -0.7057 0.6184
vn 0.0124 -0.7977 0.6030
vn 0.2893 0.5564 0.7789
vn 0.3982 0.8889 0.2265
vn 0.6579 0.6836 0.3161
vn 0.4028 -0.8364 -0.3716
vn 0.4989 -0.6959 -0.5165
vn 0.3005 0.9421 -0.1487
vn -0.0253 0.9748 -0.2215
vn -0.3023 0.9361 -0.1796
vn 0.2102 0.9530 -0.2182
vn 0.5277 0.8425 -0.1082
vn 0.4882 0.1773 0.8545
vn 0.4209 0.0851 0.9031
vn -0.3467 0.9096 -0.2290
vn 0.8425 -0.5387 0.0000
vn 0.3169 -0.9456 0.0733
vn 0.3448 -0.8930 -0.2894
vn 0.3918 -0.9134 -0.1102
vn 0.8262 -0.5389 0.1644
vn 0.4470 0.8752 0.1850
vn -0.2158 -0.5330 -0.8181
vn -0.0253 -0.6889 -0.7244
vn 0.4024 0.8751 0.2688
vn 0.8452 0.4039 0.3499
vn 0.8727 0.3285 0.3613
vn 0.7855 0.3286 0.5244
vn 0.7780 -0.5393 0.3223
vn 0.2617 -0.8548 -0.4482
vn 0.1184 -0.8634 -0.4904
vn -0.4536 -0.3978 -0.7975
vn 0.3479 -0.3404 0.8736
vn 0.3744 -0.1501 0.9150
vn 0.2277 -0.2271 0.9469
vn 0.1925 -0.3833 0.9033
vn 0.2787 -0.0458 0.9593
vn 0.0539 -0.3895 0.9194
vn -0.0285 0.6857 0.7273
vn 0.0438 -0.2765 0.9600
vn 0.4638 0.5911 0.6599
vn 0.4743 0.8426 -0.2552
vn 0.7434 0.6578 -0.1206
vn 0.1804 -0.5387 0.8229
vn 0.2773 0.1740 0.9449
vn 0.4468 0.0000 0.8947
vn 0.6026 -0.7980 -0.0000
vn 0.5918 -0.7974 0.1176
vn 0.9798 -0.2002 -0.0000
vn 0.9611 -0.1993 0.1913
vn 0.7141 0.2675 -0.6469
vn 0.6528 0.3796 -0.6556
vn 0.7736 0.3794 -0.5075
vn 0.0031 -0.5342 0.8454
vn 0.5464 0.2697 -0.7929
vn 0.3667 0.2669 -0.8912
vn 0.4832 0.3828 -0.7874
vn 0.3308 0.3910 -0.8589
vn -0.1503 -0.5333 0.8325
vn -0.1175 -0.3847 0.9155
vn 0.6601 0.6823 -0.3142
vn -0.5005 0.8092 0.3077
vn 0.6667 0.5172 -0.5366
vn 0.5528 0.5139 -0.6560
vn 0.5524 0.1556 -0.8189
vn 0.2137 0.1424 -0.9665
vn 0.3975 0.8296 0.3921
vn -0.1586 -0.2788 0.9472
vn -0.6304 0.7684 0.1098
vn -0.3102 -0.5339 0.7866
vn -0.3266 -0.3893 0.8613
vn 0.5417 0.6859 0.4860
vn -0.2917 -0.3456 0.8919
vn -0.1708 -0.2369 0.9564
vn -0.0124 -0.5280 -0.8491
vn 0.0559 -0.3837 -0.9218
vn -0.2951 -0.9429 0.1547
vn -0.3305 -0.3800 -0.8639
vn -0.5111 -0.2636 -0.8181
vn -0.3004 -0.2725 -0.9140
vn 0.1272 -0.7057 -0.6970
vn -0.0785 -0.2773 -0.9576
vn -0.1433 -0.3863 -0.9112
vn -0.1441 -0.8773 -0.4577
vn -0.2904 -0.9569 -0.0014
vn 0.3529 -0.7707 0.5306
vn 0.8972 0.4038 0.1786
vn -0.1309 -0.6933 -0.7087
vn 0.6991 -0.7014 0.1391
vn -0.8391 0.5120 -0.1838
vn -0.8561 0.5126 -0.0661
vn -0.6707 0.7054 -0.2291
vn -0.3271 -0.8485 0.4159
vn -0.7306 0.6794 -0.0678
vn -0.4620 0.8730 -0.1561
vn 0.5581 -0.7969 0.2312
vn 0.5930 -0.7009 0.3963
vn 0.6590 -0.7009 0.2728
vn -0.2787 0.9494 -0.1447
vn -0.1557 -0.7079 0.6889
vn -0.2668 -0.7029 0.6594
vn 0.1560 0.1727 -0.9725
vn 0.1800 0.2738 -0.9448
vn 0.9056 -0.1986 0.3748
vn -0.6432 -0.1748 -0.7455
vn 0.6679 0.3287 0.6677
vn 0.1270 0.9468 -0.2957
vn 0.7006 -0.5388 0.4678
vn 0.5960 -0.5384 0.5957
vn 0.7140 0.6855 -0.1424
vn 0.5044 -0.7008 0.5045
vn 0.7592 0.5177 -0.3945
vn 0.5008 -0.7983 0.3347
vn -0.3816 0.9045 0.1906
vn -0.0967 0.9360 0.3385
vn 0.8304 0.5032 -0.2393
vn 0.2467 0.8553 0.4556
vn -0.6195 0.1714 -0.7661
vn -0.5975 0.2724 -0.7542
vn -0.4614 0.2720 -0.8445
vn -0.2841 -0.6175 0.7334
vn -0.4372 0.3852 -0.8127
vn -0.4661 0.1700 -0.8682
vn -0.7606 0.6482 -0.0362
vn -0.5743 0.0544 -0.8168
vn -0.6988 0.0733 -0.7116
vn -0.7043 0.7093 0.0296
vn -0.4633 0.0491 -0.8848
vn -0.5059 0.8626 0.0011
vn -0.1310 -0.7449 0.6542
vn 0.7416 -0.1670 0.6498
vn 0.8187 -0.0569 0.5714
vn 0.7221 -0.0828 0.6868
vn 0.3852 -0.5360 0.7512
vn -0.8653 -0.0442 -0.4993
vn -0.8502 0.5125 0.1204
vn -0.9191 0.3722 0.1294
vn -0.9281 0.3713 -0.0260
vn 0.8603 -0.1693 0.4809
vn 0.9469 -0.1553 0.2815
vn 0.9187 -0.2696 0.2888
vn 0.8540 -0.2715 0.4439
vn 0.5534 0.7463 0.3698
vn 0.7671 0.5573 0.3178
vn 0.6148 0.7464 0.2548
vn 0.6528 0.7463 0.1300
vn 0.4684 0.8620 0.1939
vn -0.3416 0.9390 -0.0399
vn 0.0380 -0.9253 -0.3773
vn -0.8198 0.0007 -0.5727
vn 0.6904 0.5574 0.4612
vn 0.7944 0.2958 0.5305
vn -0.7061 0.6876 0.1690
vn -0.6632 0.6911 0.2873
vn 0.5871 0.5573 0.5871
vn 0.6756 0.2950 0.6756
vn -0.7402 0.5186 0.4279
vn -0.7995 0.5175 0.3050
vn 0.8826 0.2952 0.3658
vn 0.9237 -0.0050 0.3830
vn 0.9808 -0.0057 0.1947
vn -0.7058 -0.0417 -0.7072
vn -0.7743 0.3772 0.5081
vn 0.8815 -0.2993 0.3652
vn 0.9357 -0.2999 0.1858
vn 0.8315 -0.0051 0.5554
vn 0.7933 -0.2996 0.5300
vn 0.7671 0.5573 -0.3178
vn 0.6904 0.5574 -0.4612
vn 0.5534 0.7463 -0.3698
vn -0.8824 0.3812 0.2758
vn 0.4707 0.7464 -0.4704
vn 0.4219 0.8618 -0.2818
vn -0.8392 0.3772 0.3918
vn -0.8512 0.2628 0.4543
vn -0.7076 -0.0651 -0.7036
vn -0.5670 -0.0807 -0.8198
vn -0.4971 -0.1691 -0.8511
vn 0.4684 0.8620 -0.1939
vn 0.4973 0.8619 -0.0990
vn 0.6528 0.7463 -0.1300
vn 0.6148 0.7464 -0.2548
vn -0.0624 -0.6080 0.7915
vn -0.3038 -0.4577 0.8356
vn -0.8115 -0.0891 -0.5776
vn 0.8144 0.5572 -0.1621
vn 0.6657 0.7463 -0.0000
vn 0.8826 0.2952 -0.3658
vn -0.7503 0.2610 0.6074
vn 0.7944 0.2958 -0.5305
vn 0.6756 0.2950 -0.6756
vn 0.9237 -0.0050 -0.3830
vn 0.8315 -0.0051 -0.5554
vn 0.7071 -0.0056 -0.7071
vn 0.7933 -0.2996 -0.5300
vn 0.8815 -0.2993 -0.3652
vn 0.9370 0.2956 -0.1862
vn 1.0000 -0.0057 0.0000
vn 0.9808 -0.0057 -0.1947
vn 0.9557 0.2944 -0.0000
vn -0.7569 0.1702 0.6310
vn 0.6557 -0.0161 0.7548
vn 0.5491 -0.0776 0.8321
vn 0.3466 -0.8618 0.3705
vn 0.0243 -0.8374 0.5461
vn -0.9032 0.3772 -0.2050
vn -0.9622 0.2655 -0.0612
vn 0.0687 -0.4560 0.8873
vn -0.3591 -0.0648 -0.9311
vn -0.4101 -0.0659 -0.9097
vn 0.9357 -0.2999 -0.1858
vn 0.8144 0.5572 0.1621
vn 0.8304 0.5572 -0.0000
vn 0.7163 -0.1712 0.6765
vn 0.5069 0.8620 -0.0000
vn 0.4973 0.8619 0.0990
vn 0.0467 -0.9559 -0.2899
vn 0.9965 0.0830 0.0000
vn 0.9775 0.0824 0.1944
vn 0.6834 -0.7173 0.1359
vn 0.6964 -0.7177 0.0000
vn 0.6834 -0.7173 -0.1359
vn 0.4370 -0.1706 0.8831
vn 0.9544 -0.2986 0.0000
vn -0.6712 0.0061 -0.7413
vn 0.9370 0.2956 0.1862
vn -0.9450 0.2633 -0.1940
vn -0.9871 0.1576 -0.0283
vn -0.9768 0.1626 -0.1393
vn 0.6435 -0.2702 0.7161
vn 0.4897 -0.2710 0.8287
vn 0.5024 -0.3813 0.7760
vn -0.7719 0.0684 -0.6321
vn 0.9804 -0.0256 -0.1954
vn 0.9997 -0.0247 0.0000
vn 0.8997 -0.4364 0.0000
vn 0.6397 0.7581 -0.1270
vn 0.6512 0.7589 -0.0001
vn 0.8828 -0.4358 -0.1754
vn 0.4224 -0.8958 0.1386
vn 0.4730 -0.8626 0.1791
vn 0.1146 -0.9696 0.2164
vn -0.5843 -0.0754 -0.8080
vn -0.6824 -0.0059 -0.7309
vn 0.9236 -0.0240 -0.3826
vn 0.6016 0.7590 -0.2491
vn -0.7009 -0.0821 -0.7085
vn -0.4776 -0.0525 -0.8770
vn 0.8623 0.3750 -0.3403
vn 0.8192 0.2618 -0.5102
vn 0.5773 -0.1640 0.7999
vn -0.6045 -0.7870 0.1237
vn -0.7083 -0.6851 0.1702
vn -0.5102 -0.8077 0.2955
vn 0.4897 -0.1755 0.8540
vn 0.6508 -0.1740 0.7391
vn -0.6597 -0.6945 0.2872
vn 0.3623 -0.2664 0.8932
vn 0.3525 -0.0847 0.9320
vn 0.4235 -0.1758 0.8887
vn -0.5523 0.0320 -0.8330
vn 0.1699 0.7563 0.6317
vn 0.8315 -0.4360 -0.3443
vn 0.7478 -0.4371 -0.4998
vn 0.8314 -0.0241 -0.5552
vn 0.5812 0.7894 -0.1975
vn -0.7755 -0.0148 -0.6311
vn -0.0106 -0.0106 -0.9999
vn 0.4886 -0.0774 -0.8691
vn 0.7162 -0.2672 0.6447
vn 0.4692 -0.0818 0.8793
vn -0.4357 -0.1779 -0.8823
vn -0.2235 -0.1764 -0.9586
vn -0.8128 -0.0796 -0.5771
vn -0.5977 -0.3382 0.7269
vn -0.5785 -0.0799 -0.8117
vn 0.9292 0.3696 0.0003
vn 0.8512 0.4460 -0.2767
vn 0.7666 0.6370 0.0801
vn 0.1112 -0.9755 0.1896
vn -0.1893 -0.9553 0.2270
vn 0.1622 -0.9116 -0.3777
vn 0.1870 -0.2731 0.9436
vn 0.1314 -0.3724 0.9187
vn -0.3424 0.7214 0.6020
vn 0.7300 0.6520 -0.2051
vn 0.7139 0.5405 -0.4451
vn 0.7076 0.3410 -0.6188
vn 0.9076 0.2800 -0.3129
vn 0.5153 -0.2718 0.8128
vn 0.3363 -0.8716 -0.3565
vn -0.9742 0.2173 0.0615
vn 0.7066 0.6953 0.1312
vn 0.5132 0.7611 0.3967
vn -0.9870 0.0713 0.1441
vn -0.9488 0.2651 0.1717
vn -0.9656 0.1634 0.2024
vn 0.4341 -0.0511 0.8994
vn 0.2502 -0.0036 -0.9682
vn 0.2433 0.0953 -0.9652
vn 0.3627 0.0581 -0.9301
vn 0.3716 -0.0850 -0.9245
vn 0.1681 -0.0782 -0.9827
vn 0.3215 -0.1702 -0.9315
vn 0.5161 -0.8562 0.0240
vn -0.0696 0.3833 0.9210
vn 0.0805 0.5137 0.8542
vn 0.1021 0.3778 0.9202
vn -0.1064 0.5181 0.8487
vn 0.7246 0.5544 0.4094
vn 0.8520 0.4424 0.2800
vn 0.5737 -0.1744 0.8003
vn 0.3177 0.5120 0.7981
vn 0.2847 0.3853 0.8778
vn 0.5860 0.6883 0.4277
vn 0.5410 0.5238 0.6580
vn 0.7180 0.3328 0.6114
vn -0.0090 0.2741 0.9617
vn -0.3456 -0.0538 -0.9368
vn -0.2343 0.2711 0.9336
vn 0.7203 -0.6937 -0.0005
vn 0.6370 0.0655 -0.7681
vn 0.4660 0.3104 -0.8285
vn -0.4647 -0.0687 -0.8828
vn 0.4261 0.0476 -0.9034
vn 0.1965 0.1712 0.9654
vn 0.1648 0.2735 0.9476
vn 0.9114 0.2678 0.3126
vn 0.1976 -0.1638 0.9665
vn 0.9855 0.1413 -0.0943
vn 0.8596 0.1408 -0.4912
vn 0.0096 -0.2263 0.9740
vn 0.9386 0.1456 0.3127
vn 0.9944 0.0009 -0.1052
vn 0.8709 -0.0031 -0.4914
vn 0.9430 0.2627 -0.2042
vn 0.9653 0.2611 -0.0040
vn 0.9813 0.1617 -0.1044
vn 0.9360 0.1589 -0.3141
vn -0.0433 -0.0942 -0.9946
vn 0.6296 -0.1181 -0.7679
vn 0.8654 -0.1411 -0.4808
vn 0.9289 0.3699 0.0181
vn 0.9100 0.3712 0.1847
vn 0.9772 0.1646 0.1342
vn -0.1174 -0.1711 -0.9782
vn 0.9379 0.2611 0.2283
vn 0.2458 -0.0692 0.9669
vn 0.9847 -0.1460 -0.0948
vn 0.4004 0.2674 0.8765
vn 0.9508 0.0494 -0.3059
vn 0.9145 0.0509 -0.4014
vn 0.4291 0.1657 0.8879
vn 0.9960 0.0721 -0.0524
vn 0.9789 0.0501 -0.1982
vn -0.6028 0.0170 -0.7977
vn 0.6536 0.6756 -0.3411
vn 0.9374 -0.1443 0.3171
vn 0.7351 0.6764 -0.0459
vn 0.0221 -0.0807 0.9965
vn 0.6889 0.1683 -0.7051
vn 0.2241 0.0572 -0.9729
vn 0.8405 0.1644 -0.5163
vn -0.4911 -0.2392 0.8376
vn 0.4590 0.0775 -0.8851
vn 0.7142 0.0631 -0.6971
vn 0.7825 0.0590 -0.6198
vn 0.4149 -0.0008 -0.9099
vn 0.6139 0.0774 -0.7856
vn 0.1497 0.9637 0.2212
vn -0.2992 0.8930 0.3363
vn -0.2791 0.9309 0.2356
vn 0.5370 0.1635 -0.8276
vn -0.1423 -0.1607 0.9767
vn 0.3811 0.1759 -0.9076
vn 0.7208 0.6926 0.0274
vn 0.5030 0.8601 0.0847
vn 0.4585 0.8685 0.1886
vn 0.7264 0.6734 0.1374
vn 0.7502 0.1502 0.6439
vn 0.3585 0.8947 0.2665
vn 0.6302 0.2666 0.7292
vn 0.5946 0.1589 0.7881
vn 0.7577 -0.0055 0.6526
vn 0.9506 0.0011 0.3103
vn 0.4670 0.3059 0.8297
vn -0.4750 0.8401 0.2620
vn 0.4912 0.0706 0.8682
vn 0.9946 0.0545 0.0888
vn 0.9205 0.1710 0.3514
vn 0.8532 0.2628 0.4505
vn 0.7448 -0.1333 0.6539
vn 0.0526 0.9620 0.2678
vn 0.5383 0.6750 0.5045
vn 0.6891 0.6758 0.2616
vn -0.6488 0.6855 0.3302
vn -0.7289 0.6753 0.1129
vn 0.4860 -0.1159 0.8663
vn 0.8427 0.5107 0.1703
vn 0.6772 0.6900 0.2555
vn 0.3413 0.6746 0.6546
vn 0.4874 0.6738 -0.5554
vn -0.9985 0.0543 -0.0075
vn -0.9890 0.0688 -0.1307
vn -0.9922 -0.0580 -0.1104
vn -0.3953 -0.6909 0.6053
vn -0.5386 -0.6825 0.4940
vn -0.4538 -0.8682 0.2008
vn -0.6029 0.7921 0.0953
vn -0.7170 -0.2509 0.6504
vn 0.9241 -0.3704 0.0937
vn 0.9772 -0.2125 -0.0011
vn 0.9674 -0.2246 0.1169
vn -0.5101 -0.8452 0.1598
vn -0.3068 0.9423 0.1342
vn 0.9272 -0.3709 -0.0527
vn 0.8530 -0.5204 0.0388
vn 0.7128 -0.6858 0.1469
vn -0.6610 -0.5148 0.5459
vn -0.6425 -0.6819 0.3495
vn -0.4741 -0.5237 0.7078
vn 0.5011 0.0665 -0.8628
vn 0.4448 -0.0196 -0.8954
vn 0.3425 0.0552 0.9379
vn 0.5006 0.0737 0.8626
vn -0.5313 -0.3907 0.7517
vn -0.6728 -0.3729 0.6389
vn -0.3557 -0.3597 0.8626
vn -0.1334 -0.3738 0.9179
vn -0.3530 -0.4955 0.7937
vn 0.6705 0.1449 0.7276
vn -0.6970 -0.2692 0.6646
vn 0.6193 0.2623 0.7400
vn 0.9609 0.2716 0.0548
vn 0.9114 0.3809 0.1558
vn 0.5149 0.3875 0.7646
vn -0.5930 -0.5069 -0.6257
vn -0.5959 -0.6813 -0.4251
vn -0.4850 -0.6872 -0.5408
vn -0.4514 -0.5080 -0.7336
vn -0.9607 -0.2566 -0.1057
vn -0.9170 -0.3666 -0.1569
vn 0.6402 0.7576 0.1273
vn -0.6003 -0.4828 0.6376
vn 0.8384 -0.5140 0.1811
vn 0.6014 0.7591 0.2492
vn 0.9804 -0.0257 0.1954
vn -0.8288 -0.5150 -0.2188
vn -0.4288 -0.8844 -0.1844
vn 0.8828 -0.4358 0.1754
vn 0.9236 -0.0240 0.3826
vn 0.8315 -0.4360 0.3443
vn 0.8302 0.5162 0.2103
vn -0.4013 -0.9096 0.1073
vn 0.3825 -0.0255 -0.9236
vn 0.1949 -0.0249 -0.9805
vn 0.1275 0.7586 -0.6389
vn 0.2500 0.7584 -0.6019
vn 0.1758 -0.4369 -0.8822
vn -0.3387 -0.6990 -0.6299
vn 0.3698 0.7462 -0.5535
vn 0.3177 0.5578 -0.7668
vn 0.2549 0.7464 -0.6148
vn 0.4614 0.5569 -0.6906
vn -0.7192 -0.6944 0.0238
vn 0.3002 -0.8253 -0.4783
vn 0.0572 -0.8947 -0.4429
vn 0.5097 -0.7820 -0.3587
vn 0.5307 0.2960 -0.7942
vn -0.5321 -0.8395 -0.1105
vn -0.4538 -0.8633 -0.2209
vn -0.3687 -0.8769 -0.3084
vn -0.1005 -0.5066 0.8563
vn 0.8601 0.5101 -0.0066
vn 0.1941 0.8619 -0.4684
vn 0.1300 0.7461 -0.6531
vn 0.1619 0.5569 -0.8147
vn 0.9645 0.2615 0.0377
vn 0.9594 0.2691 -0.0845
vn 0.9277 0.3729 -0.0157
vn 0.0990 0.8620 -0.4971
vn 0.1864 0.2958 -0.9369
vn 0.9158 0.3671 -0.1628
vn -0.1421 -0.2873 0.9473
vn 0.9533 0.2176 -0.2093
vn 0.9065 0.1601 0.3907
vn 0.9832 0.0778 0.1654
vn 0.8243 0.0640 0.5625
vn 0.3656 0.2956 -0.8826
vn 0.5557 -0.0051 -0.8313
vn 0.3824 -0.0061 -0.9240
vn 0.3650 -0.2991 -0.8817
vn 0.5303 -0.2989 -0.7934
vn 0.7866 0.1644 0.5952
vn 0.1950 -0.0057 -0.9808
vn 0.0000 0.2956 -0.9553
vn 0.1863 -0.2998 -0.9356
vn 0.6509 0.1557 0.7431
vn 0.6580 0.0996 0.7464
vn 0.7827 0.0499 0.6205
vn 0.1610 -0.0730 -0.9842
vn -0.1278 0.7588 -0.6387
vn -0.1949 -0.0250 -0.9805
vn -0.3825 -0.0255 -0.9236
vn -0.2497 0.7585 -0.6019
vn -0.1859 -0.1636 0.9688
vn 0.0000 0.7582 -0.6520
vn -0.0000 -0.0251 -0.9997
vn -0.3870 -0.9041 -0.1813
vn -0.1939 -0.9253 -0.3259
vn 0.0685 0.7380 -0.6713
vn -0.0453 0.7320 -0.6798
vn -0.1449 0.7268 -0.6714
vn -0.0000 0.5570 -0.8305
vn 0.3977 -0.0692 -0.9149
vn -0.2853 -0.5120 -0.8102
vn -0.0000 0.8620 -0.5069
vn -0.1590 -0.5038 -0.8491
vn -0.3374 -0.3899 0.8568
vn -0.3731 -0.2746 0.8862
vn 0.8966 0.2604 -0.3582
vn -0.1758 -0.4369 -0.8822
vn 0.9514 0.2622 0.1613
vn 0.9189 0.3770 0.1161
vn 0.8875 0.3757 0.2668
vn 0.9697 -0.2133 -0.1188
vn 0.8697 0.0561 -0.4903
vn 0.8524 -0.5120 -0.1059
vn 0.9225 0.2616 0.2838
vn 0.9657 0.1596 0.2047
vn 0.9064 -0.3734 -0.1977
vn 0.9851 0.1637 0.0521
vn 0.8252 -0.5095 -0.2439
vn -0.4013 -0.8859 -0.2327
vn -0.8101 -0.2990 0.5043
vn -0.8221 -0.3540 0.4460
vn -0.4854 0.1653 0.8586
vn -0.6776 0.1683 0.7159
vn 0.9475 -0.2168 -0.2351
vn 0.7978 0.5152 0.3133
vn 0.0130 -0.5138 -0.8578
vn -0.9527 0.0559 0.2988
vn 0.0000 -0.4369 -0.8995
vn -0.7598 -0.5552 0.3381
vn -0.0000 -0.7176 -0.6965
vn -0.1359 -0.7169 -0.6838
vn -0.9926 -0.0036 0.1211
vn -0.9642 -0.0595 0.2585
vn 0.6135 0.7011 0.3635
vn 0.1359 -0.7169 -0.6838
vn -0.0000 0.0831 -0.9965
vn 0.1945 0.0832 -0.9774
vn -0.1619 0.5569 -0.8147
vn -0.1300 0.7461 -0.6531
vn -0.0000 0.7463 -0.6656
vn -0.0990 0.8620 -0.4971
vn -0.9082 0.0788 0.4111
vn -0.8407 0.0617 0.5379
vn -0.9157 0.1660 0.3661
vn -0.7471 -0.5883 0.3094
vn -0.4614 0.5569 -0.6906
vn -0.3698 0.7462 -0.5535
vn -0.3177 0.5578 -0.7668
vn -0.2549 0.7464 -0.6148
vn -0.1941 0.8619 -0.4684
vn -0.1737 0.1809 0.9680
vn 0.0105 0.1435 0.9896
vn -0.4707 0.7464 -0.4704
vn -0.2817 0.8619 -0.4217
vn -0.1864 0.2958 -0.9369
vn 0.0000 -0.0056 -1.0000
vn -0.1950 -0.0057 -0.9808
vn -0.3824 -0.0061 -0.9240
vn -0.3521 -0.2265 0.9081
vn 0.0000 -0.2988 -0.9543
vn -0.1863 -0.2998 -0.9356
vn -0.9160 0.2610 0.3046
vn -0.8441 0.1649 0.5102
vn -0.5015 -0.8652 -0.0012
vn -0.6965 -0.6840 0.2166
vn -0.7330 -0.6785 0.0481
vn -0.8709 -0.4615 0.1690
vn -0.9342 -0.3452 -0.0903
vn -0.4830 -0.2760 0.8310
vn -0.3650 -0.2991 -0.8817
vn -0.3656 0.2956 -0.8826
vn -0.5307 0.2960 -0.7942
vn -0.5303 -0.2989 -0.7934
vn -0.5557 -0.0051 -0.8313
vn -0.8691 0.4832 0.1058
vn -0.3430 0.7278 0.5939
vn -0.4575 0.7312 0.5060
vn 0.5128 0.6819 -0.5216
vn -0.9306 0.3593 0.0705
vn -0.5632 0.7348 0.3780
vn -0.6423 0.7274 0.2417
vn 0.6597 0.6889 -0.3005
vn -0.4918 0.5916 0.6389
vn 0.7024 0.6884 -0.1808
vn 0.6011 0.6901 -0.4031
vn -0.1866 0.0747 0.9796
vn -0.2190 0.7281 0.6496
vn 0.2172 0.6812 -0.6991
vn -0.6286 0.5883 0.5087
vn -0.5281 0.5701 -0.6293
vn 0.3731 0.6847 -0.6261
vn 0.6260 0.5702 0.5320
vn 0.3927 -0.3810 -0.8370
vn 0.4294 -0.5455 -0.7198
vn 0.4306 -0.2261 -0.8738
vn 0.2782 -0.2282 -0.9330
vn -0.6462 -0.6888 0.3287
vn 0.1877 0.0652 0.9801
vn -0.9527 0.2440 0.1813
vn -0.1715 -0.3841 -0.9072
vn -0.0475 -0.2644 -0.9632
vn -0.2824 -0.2663 -0.9216
vn 0.6160 0.7335 0.2873
vn 0.5471 0.7284 0.4124
vn -0.6236 0.6890 -0.3694
vn 0.4547 0.7302 0.5099
vn -0.5394 0.6904 -0.4821
vn 0.3429 0.7279 0.5938
vn -0.4546 0.6935 -0.5589
vn 0.2216 0.7272 0.6497
vn 0.6310 0.5898 0.5040
vn -0.1910 0.6850 -0.7030
vn -0.3507 0.6819 -0.6419
vn 0.1254 -0.2183 -0.9678
vn 0.5336 0.5699 -0.6249
vn -0.6685 0.6940 -0.2674
vn -0.7024 0.6910 -0.1707
vn 0.4736 0.5955 0.6489
vn -0.6235 0.5713 0.5337
vn -0.4574 0.7283 -0.5103
vn 0.5896 0.6844 0.4289
vn -0.5461 0.7323 -0.4070
vn -0.3459 0.7290 -0.5907
vn 0.4631 0.6816 0.5665
vn -0.2203 0.7281 -0.6492
vn 0.3173 0.6867 0.6540
vn -0.5325 0.5711 0.6247
vn 0.1885 0.6859 0.7029
vn -0.6261 0.5892 -0.5107
vn -0.2136 -0.0573 -0.9752
vn -0.6264 0.7355 -0.2583
vn 0.6794 0.6825 0.2694
vn -0.7743 -0.5166 0.3655
vn -0.0423 -0.1730 -0.9840
vn 0.5185 -0.8073 -0.2818
vn -0.8824 -0.4585 -0.1054
vn 0.0460 -0.3791 -0.9242
vn -0.7846 -0.6042 0.1391
vn 0.2485 -0.4959 -0.8321
vn 0.4466 -0.4997 -0.7422
vn 0.3290 -0.3637 -0.8715
vn -0.5436 0.0693 0.8365
vn 0.2724 -0.6694 -0.6911
vn 0.7018 -0.6893 -0.1797
vn 0.0110 0.0231 0.9997
vn 0.9130 -0.0235 -0.4073
vn 0.1412 -0.0538 0.9885
vn 0.1280 -0.8074 -0.5760
vn 0.4975 -0.6429 -0.5823
vn 0.9676 0.0280 -0.2508
vn 0.9678 0.0783 -0.2393
vn -0.7732 0.0700 0.6303
vn -0.6807 0.0503 0.7308
vn -0.2464 -0.9175 -0.3123
vn -0.8433 0.1668 0.5109
vn 0.5963 0.5749 -0.5603
vn -0.5564 0.5806 -0.5944
vn -0.6774 0.7275 -0.1091
vn 0.7170 0.6885 0.1091
vn -0.5096 0.6821 0.5245
vn -0.3518 0.6820 0.6412
vn 0.3479 0.7290 -0.5895
vn 0.4711 0.7363 -0.4856
vn 0.4781 -0.8704 -0.1177
vn 0.5870 0.7378 -0.3333
vn -0.6004 0.6913 0.4021
vn 0.5915 0.0715 0.8031
vn 0.6579 0.7334 -0.1711
vn -0.7057 0.6882 0.1681
vn -0.6185 0.5726 -0.5381
vn 0.5338 0.5844 -0.6112
vn 0.2259 0.7308 -0.6441
vn -0.1897 0.6854 0.7030
vn -0.7724 0.0681 0.6314
vn -0.6609 0.6895 0.2963
vn 0.6324 0.5905 -0.5014
vn 0.5336 0.5699 0.6249
vn 0.3203 -0.0640 0.9451
vn -0.3472 0.2994 0.8887
vn -0.6840 0.0135 -0.7293
vn -0.8079 0.0470 -0.5875
vn -0.9026 0.0133 -0.4302
vn -0.9443 0.1660 0.2840
vn 0.4914 -0.8400 -0.2302
vn 0.4115 -0.9114 -0.0093
vn 0.9986 0.0148 0.0512
vn -0.1488 0.6831 -0.7150
vn -0.3610 0.2993 -0.8832
vn -0.7042 0.6790 -0.2076
vn -0.4925 -0.2194 -0.8422
vn -0.6605 -0.1584 -0.7339
vn -0.6717 -0.2692 -0.6902
vn 0.1079 -0.9120 0.3958
vn 0.6549 0.6840 -0.3214
vn -0.8788 0.0171 0.4769
vn -0.9287 -0.0514 0.3672
vn 0.6133 -0.7817 -0.1131
vn -0.8037 0.5141 0.2994
vn -0.8707 0.3774 0.3154
vn -0.8018 0.3790 0.4620
vn -0.2233 0.3096 -0.9243
vn -0.7787 0.4978 0.3819
vn -0.8449 0.4866 0.2222
vn -0.8872 -0.0764 0.4549
vn -0.8301 -0.0733 0.5527
vn -0.8106 0.3664 0.4568
vn -0.8739 0.3643 0.3219
vn -0.9115 0.3686 0.1827
vn -0.5328 0.6865 0.4948
vn -0.6437 0.6798 0.3514
vn 0.8792 -0.3222 -0.3510
vn 0.9290 -0.1464 -0.3400
vn -0.8599 0.4977 0.1131
vn -0.7051 0.6863 0.1788
vn -0.8560 0.2733 0.4389
vn 0.9268 0.3265 0.1855
vn 0.8601 0.3732 0.3478
vn 0.7842 0.5188 0.3404
vn 0.5720 -0.2328 -0.7865
vn 0.7122 -0.2440 -0.6582
vn 0.3899 0.2965 0.8718
vn 0.8642 -0.1686 -0.4741
vn -0.8228 0.2678 0.5013
vn -0.9141 0.2590 0.3121
vn -0.8607 0.1578 0.4841
vn -0.9244 0.1604 0.3460
vn 0.7072 -0.6877 -0.1639
vn 0.8680 -0.3437 -0.3583
vn 0.7338 -0.6793 -0.0007
vn 0.1052 -0.6590 -0.7448
vn -0.0115 -0.2201 -0.9754
vn 0.2811 0.3061 -0.9096
vn -0.7132 0.5197 0.4704
vn -0.6997 0.3796 0.6052
vn 0.8014 0.3852 0.4576
vn -0.8232 0.2651 0.5020
vn -0.9045 0.2617 0.3366
vn -0.8537 0.1716 0.4917
vn -0.3646 -0.3793 -0.8504
vn -0.5152 -0.3757 -0.7703
vn -0.9585 0.2591 0.1193
vn -0.5931 0.2714 0.7580
vn -0.5561 0.3844 0.7368
vn -0.9310 0.3650 0.0060
vn -0.8652 0.4932 -0.0903
vn -0.6641 0.1680 0.7285
vn -0.5030 0.1746 0.8465
vn 0.1703 0.6889 0.7046
vn 0.3106 0.6855 0.6585
vn -0.6536 -0.3737 -0.6582
vn -0.6489 -0.3659 -0.6672
vn -0.6434 -0.0099 -0.7655
vn -0.8533 0.4835 -0.1952
vn -0.0715 -0.6925 -0.7179
vn -0.2465 -0.3032 -0.9205
vn -0.9324 0.3274 0.1530
vn 0.9012 0.2891 0.3230
vn -0.1584 -0.8383 -0.5218
vn -0.1163 -0.6576 -0.7444
vn -0.8617 -0.0352 -0.5062
vn -0.9291 -0.1504 -0.3379
vn -0.7262 0.6800 -0.1011
vn -0.3606 -0.1870 -0.9138
vn -0.4831 -0.2467 -0.8401
vn -0.5172 0.8549 0.0406
vn 0.4595 0.6822 0.5688
vn 0.6254 0.0097 0.7803
vn -0.6063 -0.6298 -0.4855
vn -0.9659 0.2580 -0.0208
vn 0.5793 0.6840 0.4433
vn -0.3893 -0.9143 -0.1115
vn -0.4113 0.2735 0.8695
vn -0.9141 0.3650 -0.1766
vn -0.3235 0.1719 0.9305
vn -0.7612 -0.0496 0.6466
vn -0.5703 0.0501 0.8199
vn -0.4364 0.0838 0.8959
vn -0.7331 0.2651 0.6263
vn -0.1004 0.9692 0.2250
vn -0.7868 0.1394 0.6013
vn -0.9167 -0.2484 0.3129
vn 0.6590 0.6851 0.3105
vn -0.9085 0.3598 -0.2127
vn -0.7334 0.6798 0.0005
vn -0.8942 0.3070 -0.3259
vn 0.9109 0.3019 -0.2814
vn -0.9655 0.2484 -0.0778
vn 0.9329 -0.0016 0.3600
vn 0.4893 -0.0539 0.8704
vn 0.7386 -0.0741 0.6701
vn 0.8541 -0.0722 0.5150
vn 0.5840 0.0666 0.8090
vn -0.8008 0.3592 -0.4792
vn -0.6700 -0.2606 0.6951
vn -0.9123 0.2478 -0.3259
vn 0.7405 0.5190 0.4269
vn 0.6362 -0.5354 -0.5555
vn 0.7458 -0.5216 -0.4145
vn 0.6382 -0.6921 -0.3372
vn 0.6183 -0.0766 0.7822
vn 0.8311 -0.0295 0.5554
vn 0.5363 -0.8409 -0.0724
vn -0.9270 -0.3683 -0.0714
vn -0.9277 -0.3687 0.0583
vn -0.9762 -0.2046 0.0717
vn -0.0737 0.7116 0.6987
vn -0.0176 0.5332 0.8458
vn 0.1249 0.5316 0.8378
vn 0.1411 0.9296 0.3406
vn 0.3463 0.8636 0.3664
vn -0.2005 0.8681 0.4541
vn -0.2433 0.7137 0.6569
vn -0.9167 -0.2512 -0.3107
vn -0.9689 -0.2474 -0.0010
vn 0.6272 -0.6845 0.3716
vn 0.5128 -0.6809 0.5229
vn 0.6098 -0.0144 -0.7925
vn -0.3123 0.6852 -0.6580
vn -0.7141 -0.2630 0.6487
vn -0.7865 -0.3334 0.5199
vn 0.5259 0.7029 0.4789
vn 0.0786 -0.6948 0.7149
vn -0.2388 0.3109 0.9200
vn 0.1855 -0.6862 0.7034
vn 0.8379 0.3759 0.3957
vn 0.7617 0.3786 0.5259
vn -0.9460 -0.1636 0.2799
vn -0.9399 -0.2673 0.2126
vn -0.7092 -0.4983 -0.4988
vn 0.6446 0.5194 0.5610
vn -0.6944 -0.6620 -0.2821
vn -0.7926 -0.3651 -0.4884
vn 0.7907 -0.0572 -0.6095
vn 0.6874 -0.0754 -0.7224
vn 0.6343 -0.3842 0.6709
vn 0.5579 -0.5267 0.6414
vn 0.3455 -0.6963 0.6291
vn 0.7051 -0.6813 0.1966
vn 0.2964 -0.8900 -0.3464
vn 0.0224 -0.9385 -0.3445
vn -0.6114 0.6785 -0.4071
vn -0.2496 -0.9548 0.1611
vn -0.5235 -0.8208 -0.2285
vn -0.4718 0.6797 -0.5616
vn -0.1806 0.5289 0.8292
vn 0.9346 -0.0752 -0.3475
vn -0.0012 -0.6958 0.7183
vn -0.0792 -0.9539 -0.2896
vn -0.8648 0.2982 -0.4040
vn 0.0224 -0.8981 0.4393
vn 0.7279 0.6848 -0.0350
vn 0.9070 0.3196 -0.2744
vn -0.0690 0.3911 0.9178
vn 0.0607 0.3909 0.9184
vn 0.5457 -0.0863 -0.8335
vn -0.6375 -0.1655 0.7524
vn -0.7908 -0.1653 0.5894
vn 0.9975 -0.0701 -0.0074
vn -0.7199 -0.6814 -0.1320
vn -0.6705 -0.6893 -0.2743
vn -0.8465 -0.5103 -0.1518
vn -0.2088 0.8286 -0.5195
vn -0.0519 0.8551 -0.5159
vn -0.1933 0.9505 -0.2433
vn -0.8592 -0.5115 0.0095
vn 0.3350 0.2978 -0.8939
vn 0.2796 0.3085 0.9092
vn -0.5702 -0.2712 0.7754
vn -0.5455 -0.6885 0.4779
vn -0.4376 -0.6866 0.5806
vn -0.6800 -0.6893 0.2499
vn -0.7070 0.7049 -0.0578
vn -0.9001 -0.3696 0.2305
vn -0.9818 -0.1477 -0.1190
vn -0.8396 -0.5070 0.1949
vn -0.7158 0.6983 -0.0090
vn -0.3146 -0.1728 0.9334
vn -0.4753 -0.1699 0.8633
vn -0.7090 -0.6920 0.1359
vn 0.8140 -0.1693 -0.5557
vn -0.0365 -0.9818 -0.1863
vn -0.0790 -0.6938 0.7158
vn -0.2646 0.9249 0.2731
vn -0.3403 0.8652 0.3682
vn -0.1847 -0.6888 0.7010
vn 0.7044 0.6868 -0.1794
vn 0.2386 0.6848 -0.6885
vn 0.3965 0.6798 -0.6170
vn -0.0004 0.6921 -0.7218
vn 0.1118 0.6899 -0.7152
vn -0.7745 -0.0588 0.6299
vn -0.8103 -0.1476 0.5672
vn -0.9159 -0.0365 0.3998
vn -0.7842 0.0697 -0.6166
vn 0.5535 0.6799 -0.4809
vn -0.6231 -0.6892 0.3697
vn -0.7205 -0.6927 0.0326
vn -0.9996 -0.0039 -0.0275
vn 0.1296 -0.8941 0.4286
vn -0.3091 -0.6871 0.6575
vn -0.9420 0.0884 0.3238
vn -0.8791 0.0777 0.4702
vn -0.9156 0.1742 0.3625
vn -0.5624 -0.8260 -0.0367
vn 0.6487 -0.6433 -0.4067
vn 0.8086 -0.4805 -0.3396
vn 0.6686 -0.4828 -0.5657
vn 0.8377 -0.3175 -0.4444
vn 0.6832 -0.3627 -0.6338
vn 0.0659 -0.1749 -0.9824
vn -0.9788 -0.1507 -0.1389
vn -0.9666 -0.1504 0.2077
vn 0.3983 0.6808 -0.6147
vn 0.3620 0.8677 -0.3408
vn 0.4900 0.7039 -0.5142
vn 0.3363 0.5280 -0.7798
vn 0.4713 0.5332 -0.7025
vn -0.9247 0.0135 0.3806
vn -0.3247 -0.0523 0.9444
vn -0.4621 -0.0803 0.8832
vn 0.7438 -0.2763 0.6087
vn 0.0511 -0.9658 -0.2540
vn 0.7974 -0.4322 -0.4211
vn -0.4053 -0.2706 -0.8732
vn 0.6871 -0.3576 -0.6325
vn 0.3709 0.9167 -0.1485
vn 0.3020 0.9243 -0.2335
vn 0.2797 0.9600 -0.0075
vn -0.3746 0.6904 0.6189
vn -0.5657 -0.0482 0.8232
vn 0.2576 0.7043 -0.6615
vn 0.8712 -0.0688 -0.4861
vn -0.7376 0.1714 -0.6531
vn -0.3560 0.5283 0.7708
vn -0.8380 0.1744 -0.5170
vn -0.2268 0.3909 0.8920
vn 0.2027 -0.9376 -0.2826
vn -0.8369 0.0183 0.5470
vn 0.5281 -0.2655 0.8066
vn -0.7685 0.0495 0.6380
vn -0.8437 -0.3780 0.3811
vn 0.4188 -0.1713 0.8918
vn 0.7931 -0.2663 -0.5478
vn 0.7993 -0.3745 -0.4699
vn 0.7020 -0.3783 -0.6035
vn -0.0472 0.2768 0.9598
vn 0.8613 -0.3708 -0.3474
vn 0.7925 -0.5218 -0.3156
vn 0.4747 -0.7010 0.5322
vn 0.0343 0.0804 0.9962
vn 0.2047 0.0584 0.9771
vn 0.0769 0.1739 0.9818
vn 0.8631 -0.1679 -0.4762
vn 0.9370 -0.0651 -0.3433
vn 0.9458 -0.1638 -0.2806
vn 0.1204 0.2754 0.9538
vn -0.4846 0.0230 -0.8744
vn -0.3667 0.0719 -0.9276
vn 0.2951 -0.8652 0.4054
vn 0.1787 -0.9336 -0.3107
vn 0.1190 -0.9634 -0.2404
vn -0.8097 0.0572 -0.5841
vn -0.9061 0.0692 0.4174
vn -0.8938 0.0739 -0.4424
vn 0.1958 -0.5395 -0.8189
vn 0.0131 -0.5407 -0.8411
vn 0.0162 -0.3850 -0.9228
vn -0.8773 0.0089 -0.4798
vn 0.1485 -0.7094 -0.6890
vn -0.0106 -0.7035 -0.7106
vn 0.7426 -0.1622 -0.6498
vn 0.6246 -0.2364 -0.7443
vn 0.5310 -0.1659 -0.8310
vn -0.6726 0.0589 0.7376
vn 0.7508 -0.3809 0.5396
vn 0.6752 -0.5203 0.5228
vn -0.8820 -0.2221 0.4156
vn 0.9315 0.1636 0.3249
vn 0.8987 0.0484 0.4359
vn 0.8956 -0.3643 -0.2555
vn 0.7364 -0.6475 -0.1962
vn -0.1794 -0.5372 -0.8241
vn -0.6736 -0.0336 0.7383
vn -0.7587 -0.0612 0.6486
vn 0.0783 -0.1708 -0.9822
vn 0.5443 -0.5101 -0.6660
vn 0.4037 -0.2726 0.8734
vn 0.5688 -0.3806 -0.7291
vn 0.1671 -0.9065 -0.3877
vn 0.7516 -0.1626 -0.6393
vn 0.4290 -0.1684 -0.8875
vn 0.5066 -0.2642 -0.8207
vn 0.2730 -0.2745 0.9220
vn 0.1494 -0.9581 -0.2445
vn -0.4144 -0.0013 0.9101
vn 0.2210 -0.9694 -0.1067
vn 0.2323 -0.9694 0.0792
vn 0.2823 -0.9061 0.3151
vn 0.3068 0.0670 0.9494
vn 0.8620 -0.4830 -0.1539
vn 0.5075 -0.2857 -0.8129
vn 0.2546 -0.8626 -0.4372
vn 0.7516 -0.2715 -0.6011
vn 0.2562 -0.8519 0.4567
vn 0.5197 -0.3650 -0.7724
vn 0.7379 -0.2532 -0.6256
vn 0.5683 -0.2790 -0.7741
vn 0.1680 -0.9609 -0.2202
vn -0.2446 -0.9693 -0.0232
vn -0.2163 -0.9759 0.0296
vn 0.6854 -0.2190 -0.6944
vn -0.9856 0.1587 0.0581
vn -0.3098 -0.9505 -0.0226
vn -0.9833 0.0763 0.1653
vn 0.2447 -0.2665 -0.9323
vn -0.1946 0.0708 -0.9783
vn -0.1792 -0.3957 -0.9007
vn -0.3743 0.0312 -0.9268
vn -0.4516 -0.7773 -0.4380
vn -0.1623 0.0175 -0.9866
vn -0.4032 0.0094 -0.9151
vn -0.0096 -0.0372 -0.9993
vn 0.0001 0.0298 -0.9996
vn -0.2326 -0.7993 -0.5541
vn -0.7819 0.0267 0.6228
vn -0.0955 -0.8721 -0.4798
vn 0.3336 -0.2747 -0.9018
vn -0.7109 -0.0036 0.7033
vn -0.8899 -0.0181 0.4557
vn -0.7457 -0.6649 -0.0423
vn 0.0402 -0.8747 -0.4831
vn -0.8056 0.5080 -0.3048
vn 0.9688 0.0703 0.2375
vn -0.1208 -0.2179 -0.9685
vn -0.0021 -0.8005 -0.5994
vn -0.2715 0.8398 -0.4701
vn -0.3299 0.4687 -0.8194
vn -0.1734 0.4603 -0.8706
vn -0.6278 0.7529 -0.1974
vn -0.8527 -0.5066 -0.1273
vn -0.8117 -0.4919 -0.3150
vn -0.8842 -0.3653 -0.2912
vn -0.9261 -0.3669 -0.0875
vn -0.9173 -0.2595 -0.3019
vn 0.6402 0.0731 -0.7647
vn 0.5968 -0.0141 -0.8023
vn -0.5624 0.0309 -0.8263
vn -0.5622 0.1412 -0.8149
vn -0.5303 -0.2496 -0.8102
vn -0.3424 0.2730 0.8990
vn -0.1795 0.2743 0.9447
vn 0.2213 0.8673 0.4459
vn -0.2986 0.0720 0.9516
vn -0.4389 0.0252 0.8982
vn -0.0940 0.1705 0.9809
vn -0.4797 0.8613 -0.1673
vn -0.2296 0.1694 0.9584
vn -0.6817 0.3093 -0.6631
vn -0.4697 -0.6782 -0.5651
vn -0.6909 0.6841 -0.2340
vn -0.5949 -0.4693 -0.6525
vn -0.7043 -0.2606 -0.6603
vn 0.3133 -0.6977 -0.6443
vn -0.4101 -0.8233 -0.3925
vn -0.3079 -0.8319 -0.4617
vn -0.5025 0.4683 -0.7268
vn -0.6291 0.4501 -0.6338
vn -0.5535 0.0832 -0.8287
vn -0.1985 0.0677 -0.9778
vn -0.6381 0.6759 -0.3689
vn 0.8653 -0.4852 -0.1256
vn -0.9234 0.1673 -0.3455
vn -0.1685 -0.3624 -0.9167
vn -0.3633 -0.3134 -0.8774
vn -0.3797 0.0769 -0.9219
vn -0.8535 0.3658 -0.3712
vn 0.8299 -0.3735 0.4144
vn 0.8824 -0.3777 0.2806
vn 0.9150 -0.2611 0.3075
vn -0.0943 -0.7714 -0.6293
vn -0.2433 -0.7822 -0.5736
vn -0.0455 -0.9729 -0.2267
vn -0.1364 -0.9746 -0.1778
vn 0.8403 -0.2626 0.4742
vn 0.8971 -0.1663 0.4093
vn 0.6450 -0.0924 -0.7586
vn -0.5243 -0.3198 -0.7892
vn 0.1211 -0.8641 0.4885
vn 0.7642 -0.5156 0.3875
vn 0.8269 -0.5134 0.2294
vn -0.3512 -0.7688 -0.5344
vn -0.3339 -0.9417 0.0418
vn 0.6421 -0.6929 0.3280
vn -0.0207 -0.0640 0.9977
vn -0.0085 0.4703 -0.8824
vn -0.0063 -0.3534 -0.9354
vn -0.7071 0.5091 -0.4907
vn 0.2900 -0.9339 -0.2092
vn -0.3798 0.8333 -0.4016
vn -0.7393 -0.1986 -0.6434
vn 0.4564 0.6893 0.5627
vn -0.6140 -0.7714 -0.1671
vn -0.5466 -0.7914 -0.2737
vn 0.9532 -0.2461 -0.1756
vn -0.3989 -0.8242 -0.4020
vn -0.0021 0.9390 0.3438
vn 0.5812 -0.5726 0.5782
vn 0.4684 0.3099 0.8274
vn 0.5824 -0.6961 0.4199
vn 0.1066 -0.2734 -0.9560
vn 0.7317 -0.6071 0.3098
vn 0.7384 0.2848 0.6113
vn -0.2031 -0.9732 0.1075
vn 0.1212 -0.2699 -0.9552
vn -0.6714 -0.2949 -0.6800
vn -0.8189 -0.2453 -0.5188
vn -0.9223 -0.1947 -0.3338
vn -0.3237 0.9368 0.1325
vn -0.2481 0.9686 -0.0137
vn -0.9709 0.0004 0.2397
vn 0.8782 0.2450 0.4107
vn 0.7978 -0.0768 -0.5980
vn -0.4798 0.7098 0.5157
vn -0.2161 0.9691 0.1188
vn -0.3835 0.3882 0.8380
vn 0.8253 -0.1712 -0.5381
vn 0.6796 -0.1764 -0.7121
vn -0.4971 0.5241 0.6916
vn -0.6455 0.5239 0.5557
vn -0.6017 0.3886 0.6978
vn 0.7760 -0.2692 -0.5704
vn 0.0535 -0.8761 0.4792
vn 0.0188 -0.9272 0.3742
vn -0.4769 0.3825 0.7914
vn -0.9837 0.0570 -0.1703
vn -0.5093 0.2713 0.8167
vn -0.3656 0.1703 0.9151
vn -0.5060 0.1711 0.8454
vn -0.9998 -0.0014 0.0195
vn -0.8829 -0.0646 -0.4651
vn 0.7467 -0.2696 0.6081
vn -0.4846 0.8255 -0.2893
vn -0.0759 0.9482 0.3083
vn 0.7978 -0.1662 0.5796
vn -0.2137 0.0516 0.9755
vn 0.5378 0.5255 0.6592
vn 0.3168 0.7155 0.6227
vn 0.4229 0.5259 0.7380
vn 0.8887 -0.0661 0.4536
vn 0.7880 -0.0683 0.6118
vn 0.0733 0.8573 0.5095
vn -0.6994 0.3717 0.6105
vn -0.6418 0.2620 0.7207
vn -0.7980 -0.5146 -0.3137
vn -0.7124 -0.5168 -0.4748
vn -0.1234 -0.3949 -0.9104
vn -0.0959 -0.2209 -0.9706
vn -0.7309 -0.6653 0.1520
vn 0.6707 -0.0781 0.7376
vn -0.8661 -0.4935 0.0803
vn 0.0719 0.8465 -0.5275
vn 0.1631 0.8927 -0.4201
vn 0.3356 0.8927 -0.3007
vn 0.1848 0.8493 -0.4945
vn -0.9581 0.0538 0.2813
vn -0.9556 -0.0678 0.2868
vn -0.9130 -0.0470 0.4052
vn -0.5908 -0.6905 -0.4172
vn -0.9020 -0.3708 -0.2210
vn 0.1703 -0.3858 -0.9067
vn -0.9280 -0.3545 0.1144
vn 0.0039 0.0098 0.9999
vn 0.1387 -0.0130 0.9902
vn -0.8535 -0.0425 0.5194
vn -0.2551 -0.9339 -0.2506
vn 0.0351 -0.2254 -0.9736
vn -0.9699 -0.1528 -0.1898
vn -0.8941 -0.1408 -0.4252
vn 0.9844 0.0739 -0.1595
vn 0.9997 0.0165 -0.0161
vn 0.9961 0.0723 0.0510
vn -0.5404 0.6885 -0.4838
vn 0.0754 -0.9370 -0.3410
vn 0.3370 -0.9106 -0.2392
vn -0.2713 -0.8463 -0.4585
vn -0.2970 -0.8793 -0.3723
vn -0.6627 -0.7462 -0.0641
vn 0.0601 -0.0781 0.9951
vn -0.0648 -0.0718 0.9953
vn -0.5736 0.5104 -0.6407
vn -0.8929 -0.3588 0.2720
vn -0.3706 0.8930 -0.2553
vn 0.9896 -0.0069 0.1434
vn 0.2064 -0.0810 0.9751
vn 0.9537 -0.0537 0.2960
vn -0.8110 -0.2135 -0.5447
vn -1.0000 -0.0067 -0.0034
vn -0.7181 -0.6957 0.0171
vn 0.8860 -0.4577 0.0741
vn -0.9716 -0.1504 -0.1828
vn -0.9936 -0.0792 -0.0803
vn 0.1739 -0.2239 -0.9590
vn 0.3021 -0.2230 -0.9268
vn 0.3015 -0.3933 -0.8685
vn -0.1943 -0.9745 -0.1120
vn 0.9702 0.1403 0.1977
vn 0.7439 -0.6628 0.0849
vn 0.4099 -0.1639 -0.8973
vn 0.6130 -0.7717 -0.1696
vn -0.1767 -0.7505 -0.6368
vn -0.3078 -0.7132 -0.6298
vn 0.6556 0.0792 -0.7509
vn -0.9657 -0.2596 0.0054
vn -0.4300 0.6973 -0.5735
vn 0.9957 -0.0838 -0.0382
vn -0.4483 0.5141 -0.7312
vn 0.3763 -0.5310 -0.7592
vn -0.1107 0.0540 0.9924
vn 0.9901 -0.0497 -0.1315
vn -0.9319 -0.0723 -0.3556
vn 0.6680 -0.0452 -0.7428
vn 0.4512 -0.0557 -0.8907
vn 0.0035 0.0578 0.9983
vn -0.9698 0.1629 -0.1816
vn 0.9916 -0.0808 0.1005
vn 0.2722 0.0548 0.9607
vn 0.3031 -0.0653 0.9507
vn -0.8656 -0.0793 -0.4944
vn -0.9513 -0.2045 0.2306
vn 0.9929 0.0949 0.0717
vn 0.7149 0.0389 0.6981
vn -0.9878 -0.1540 0.0228
vn 0.9356 -0.3147 0.1604
vn -0.7757 -0.0772 -0.6263
vn -0.1852 -0.0751 0.9798
vn 0.4883 0.8600 -0.1481
vn 0.1305 0.9040 -0.4072
vn 0.4098 0.8526 -0.3242
vn 0.0131 -0.0931 -0.9956
vn 0.1642 0.7085 0.6863
vn 0.2351 0.9627 0.1340
vn 0.1691 -0.1871 0.9677
vn 0.0020 -0.1809 0.9835
vn 0.4593 0.8603 -0.2211
vn 0.2088 -0.9661 -0.1517
vn -0.0653 0.8742 0.4811
vn 0.0563 0.7059 0.7060
vn -0.2654 0.9622 -0.0614
vn 0.9259 -0.3760 0.0347
vn 0.9650 -0.2192 -0.1440
vn 0.9655 -0.2602 0.0124
vn -0.1824 0.9417 0.2828
vn 0.9507 -0.0458 0.3068
vn 0.9498 -0.1664 0.2651
vn 0.9830 -0.0757 0.1675
vn 0.6551 0.7506 -0.0866
vn 0.6461 0.7021 -0.2994
vn 0.7898 0.6134 0.0006
vn -0.9694 0.1700 -0.1772
vn 0.5029 0.8622 0.0604
vn 0.6446 0.7501 0.1478
vn 0.5237 0.7592 0.3864
vn 0.3080 -0.1820 0.9338
vn 0.1763 -0.9694 -0.1707
vn 0.4617 0.5839 -0.6677
vn 0.3615 0.9014 -0.2382
vn 0.4243 0.9042 -0.0488
vn 0.2984 0.5069 -0.8087
vn 0.2049 0.3642 -0.9085
vn -0.9478 0.0709 -0.3108
vn -0.9778 0.0628 -0.1997
vn 0.8863 -0.0188 -0.4627
vn 0.5501 0.8154 -0.1804
vn 0.3329 0.9082 -0.2535
vn 0.3974 0.9099 0.1189
vn -0.9561 -0.0110 -0.2928
vn -0.8259 0.2569 -0.5018
vn 0.3388 0.7794 -0.5270
vn -0.9748 -0.0750 -0.2103
vn 0.0385 0.9350 0.3525
vn 0.1427 0.9295 0.3401
vn -0.0788 0.8309 0.5508
vn 0.0779 0.8262 0.5579
vn -0.9338 -0.0580 -0.3530
vn -0.7116 0.2672 -0.6498
vn -0.8713 0.1637 -0.4627
vn -0.6735 0.1640 -0.7207
vn 0.5614 0.6844 -0.4653
vn -0.1140 0.6892 0.7156
vn 0.0542 0.6824 0.7289
vn 0.9778 -0.1722 0.1195
vn 0.2492 0.9417 0.2259
vn -0.8442 -0.2587 0.4695
vn 0.0235 0.0039 -0.9997
vn -0.1429 0.0185 -0.9896
vn 0.1667 -0.9684 -0.1854
vn -0.3006 -0.9438 -0.1376
vn -0.1266 -0.0853 -0.9883
vn 0.3882 0.7854 0.4821
vn 0.5612 0.8104 0.1679
vn -0.9513 -0.1625 -0.2620
vn -0.9812 -0.1710 -0.0890
vn -0.9478 -0.2783 -0.1557
vn 0.9847 0.0079 0.1741
vn 0.1904 0.2745 -0.9426
vn 0.0715 0.2298 -0.9706
vn 0.1824 0.3880 -0.9034
vn 0.7677 -0.6394 0.0428
vn 0.8829 -0.4667 0.0513
vn 0.0384 0.3901 -0.9200
vn 0.3406 0.5819 0.7386
vn -0.0347 0.2787 -0.9597
vn -0.0438 0.1663 -0.9851
vn -0.2654 -0.0595 -0.9623
vn -0.1074 0.8395 -0.5326
vn -0.0874 0.6905 -0.7181
vn -0.3075 0.6858 -0.6596
vn -0.5503 -0.1711 0.8173
vn -0.7274 -0.1399 0.6719
vn 0.9821 0.1619 -0.0962
vn 0.9969 0.0494 -0.0607
vn -0.1596 -0.1737 0.9718
vn -0.3228 -0.0529 0.9450
vn 0.9351 -0.3543 0.0087
vn -0.1431 0.2821 -0.9486
vn -0.1234 0.3884 -0.9132
vn -0.1732 0.1699 -0.9701
vn -0.2614 0.2298 -0.9375
vn -0.2531 0.0657 -0.9652
vn 0.1906 0.0674 -0.9794
vn 0.2784 -0.0601 -0.9586
vn 0.1562 -0.0657 -0.9855
vn 0.7157 0.6255 0.3105
vn 0.9575 -0.0754 -0.2784
vn 0.9806 0.0711 -0.1826
vn -0.8050 -0.1731 0.5674
vn -0.9108 -0.1453 0.3865
vn -0.8815 -0.0645 0.4677
vn -0.8430 -0.5083 -0.1761
vn -0.8623 -0.5063 -0.0142
vn -0.9242 -0.3790 -0.0472
vn -0.6963 -0.6924 -0.1890
vn 0.8701 -0.2649 -0.4157
vn -0.9369 -0.3292 0.1179
vn 0.8944 -0.0938 -0.4374
vn 0.0397 -0.0762 -0.9963
vn 0.6862 -0.6482 -0.3300
vn 0.9142 -0.3735 -0.1573
vn 0.7039 -0.6965 -0.1390
vn -0.1708 -0.9819 -0.0824
vn 0.8413 0.4556 0.2910
vn -0.3462 0.0758 0.9351
vn -0.4608 0.0502 0.8861
vn -0.2473 0.0087 0.9689
vn 0.8900 0.4554 0.0234
vn 0.1191 -0.1675 0.9786
vn -0.0601 -0.1737 0.9830
vn 0.5060 -0.2696 -0.8193
vn 0.0255 -0.1720 -0.9848
vn -0.1501 -0.1757 -0.9729
vn 0.0827 -0.0842 0.9930
vn -0.1128 -0.0857 0.9899
vn -0.6908 -0.6465 -0.3238
vn -0.0877 0.0072 0.9961
vn -0.7658 -0.3699 -0.5260
vn -0.8122 0.1486 -0.5641
vn -0.5957 -0.0675 0.8003
vn -0.7801 -0.0080 0.6256
vn -0.4915 0.8326 -0.2554
vn -0.7301 0.4684 -0.4975
vn 0.4609 -0.3912 -0.7966
vn -0.2574 -0.1729 0.9507
vn -0.6869 -0.2255 -0.6909
vn -0.8282 0.0811 -0.5546
vn -0.5125 -0.8347 -0.2017
vn -0.7450 -0.3878 -0.5428
vn -0.4068 -0.8723 -0.2713
vn 0.4123 -0.2209 -0.8839
vn 0.5137 -0.2228 -0.8286
vn -0.2305 -0.0715 -0.9704
vn -0.8190 0.4691 -0.3306
vn 0.5903 -0.2118 -0.7789
vn -0.5376 0.8359 -0.1106
vn -0.8707 0.4604 -0.1732
vn -0.9778 0.0778 -0.1943
vn 0.7296 -0.5431 0.4155
vn -0.9209 0.0782 -0.3818
vn -0.3088 -0.1761 -0.9347
vn 0.5615 -0.5581 0.6110
vn 0.8349 -0.4833 0.2634
vn 0.6353 -0.7693 0.0677
vn 0.1683 -0.9399 -0.2972
vn 0.4359 -0.8838 -0.1701
vn -0.9817 -0.1819 -0.0567
vn -0.1495 -0.9772 0.1507
vn -0.6657 -0.2747 0.6938
vn -0.8169 -0.2611 0.5143
vn 0.9259 -0.2744 -0.2595
vn 0.9364 -0.1651 -0.3095
vn 0.6796 0.5190 0.5185
vn 0.9160 -0.3712 -0.1520
vn -0.1263 -0.9631 -0.2376
vn -0.4423 -0.1662 -0.8814
vn 0.3043 0.2746 -0.9121
vn 0.1171 0.8563 0.5030
vn 0.6002 0.5202 -0.6077
vn 0.4000 0.7065 0.5838
vn 0.2579 -0.0432 0.9652
vn 0.1112 0.0080 0.9938
vn -0.7893 -0.3205 -0.5238
vn 0.4960 0.3840 -0.7788
vn 0.6126 0.3834 -0.6912
vn 0.3663 -0.0169 0.9303
vn -0.4494 -0.7757 -0.4430
vn -0.5269 -0.7695 -0.3610
vn 0.4629 0.2739 -0.8431
vn 0.6150 0.2723 -0.7400
vn -0.8762 -0.3170 -0.3630
vn -0.9299 -0.3176 -0.1855
vn -0.9967 0.0808 -0.0000
vn -0.5816 -0.7790 -0.2345
vn -0.6251 -0.7694 -0.1314
vn -0.2224 -0.9745 -0.0299
vn 0.8805 -0.2662 -0.3922
vn -0.3518 -0.2749 0.8948
vn 0.5430 0.5266 0.6541
vn 0.7175 0.3787 0.5846
vn 0.4349 -0.6857 -0.5837
vn 0.6084 0.3824 0.6954
vn 0.3515 0.3859 -0.8530
vn -0.4793 -0.8554 -0.1963
vn -0.7146 -0.6959 -0.0708
vn -0.6017 0.7960 -0.0660
vn -0.2548 0.8388 -0.4812
vn -0.4665 0.6890 -0.5547
vn -0.1675 -0.9723 0.1631
vn -0.2075 -0.9615 0.1801
vn -0.1383 -0.2738 -0.9518
vn -0.0038 -0.2752 -0.9614
vn 0.1827 -0.1763 -0.9672
vn -0.9964 -0.0451 -0.0713
vn -0.2524 -0.9635 0.0896
vn -0.2284 -0.9621 0.1490
vn 0.3345 0.0500 -0.9411
vn 0.2123 0.0777 -0.9741
vn 0.3837 0.1686 -0.9079
vn -0.6436 0.1724 0.7457
vn -0.5808 0.0709 0.8109
vn -0.4330 -0.8929 -0.1232
vn -0.2363 -0.9594 -0.1542
vn -0.5625 -0.0512 0.8252
vn -0.9935 -0.0513 0.1020
vn -0.4383 0.8985 0.0256
vn 0.4649 -0.7554 -0.4617
vn -0.3238 -0.2888 -0.9010
vn -0.5101 -0.1577 0.8455
vn 0.7067 0.3866 -0.5926
vn -0.4446 -0.0747 0.8926
vn 0.7314 0.2672 -0.6274
vn 0.6421 0.1690 -0.7477
vn 0.5332 0.1732 -0.8280
vn 0.7368 0.1718 -0.6539
vn -0.7047 0.6592 -0.2626
vn 0.6824 0.0671 -0.7279
vn -0.5516 0.5180 -0.6538
vn 0.5766 0.0485 -0.8156
vn 0.4656 0.0708 -0.8821
vn -0.6982 0.5155 -0.4967
vn -0.3369 -0.0694 0.9390
vn -0.7147 0.3767 -0.5893
vn -0.5998 0.6813 -0.4197
vn 0.3939 0.0182 -0.9190
vn 0.4078 -0.0845 -0.9092
vn 0.5271 -0.0411 -0.8488
vn -0.1166 0.9138 0.3891
vn -0.3307 0.9324 0.1458
vn -0.8491 -0.5103 0.1365
vn -0.5470 0.8153 -0.1901
vn -0.2975 -0.1781 0.9380
vn -0.1410 -0.2661 0.9536
vn -0.7187 -0.6934 0.0518
vn -0.4238 -0.1752 0.8886
vn 0.2284 0.7083 0.6680
vn -0.6646 -0.0743 0.7435
vn 0.9952 0.0676 0.0706
vn 0.9806 0.0527 0.1886
vn -0.2890 -0.9538 0.0824
vn -0.2719 -0.0437 0.9613
vn -0.4179 -0.7030 0.5755
vn -0.4889 -0.5245 0.6970
vn -0.5460 -0.6900 0.4751
vn -0.4303 -0.8520 0.2981
vn -0.3922 -0.2775 -0.8770
vn -0.6396 -0.0653 0.7659
vn -0.5155 -0.3847 0.7657
vn -0.9539 -0.0526 0.2955
vn 0.9835 -0.1647 0.0752
vn 0.9524 -0.1623 0.2580
vn -0.9224 -0.3317 -0.1979
vn 0.8853 -0.1745 0.4310
vn 0.9482 -0.2629 0.1783
vn -0.9726 -0.0813 -0.2177
vn -0.8835 0.2549 -0.3931
vn -0.9313 0.3266 -0.1613
vn -0.8186 -0.5345 -0.2101
vn -0.8978 -0.2418 -0.3680
vn -0.9501 -0.2483 -0.1886
vn 0.2984 -0.9382 -0.1751
vn 0.5820 -0.8120 0.0439
vn -0.9712 0.0157 -0.2376
vn -0.5447 -0.8315 -0.1086
vn -0.1694 -0.9587 0.2284
vn -0.5628 -0.1749 0.8079
vn -0.4743 0.7911 -0.3864
vn 0.6271 -0.0476 -0.7775
vn -0.5922 0.6638 -0.4568
vn -0.7318 0.4857 -0.4781
vn 0.5871 0.5573 -0.5871
vn -0.5814 -0.1743 -0.7947
vn -0.7050 -0.1687 -0.6889
vn 0.1960 0.7560 -0.6246
vn 0.2853 0.1713 -0.9430
vn 0.4168 0.1669 -0.8935
vn 0.2737 0.7606 -0.5887
vn 0.9772 -0.1653 -0.1336
vn -0.6864 -0.2732 -0.6739
vn 0.4386 0.5305 0.7254
vn 0.1654 0.1441 -0.9756
vn -0.8263 -0.4549 -0.3322
vn -0.6662 -0.6847 -0.2955
vn 0.6421 0.0084 0.7666
vn 0.5638 -0.0832 0.8217
vn 0.1379 0.7461 -0.6514
vn -0.9798 0.0573 0.1915
vn -0.9972 0.0475 0.0574
vn 0.4575 -0.0466 0.8880
vn -0.1190 -0.9600 0.2534
vn 0.8044 0.5119 -0.3015
vn 0.8030 0.3816 -0.4578
vn 0.7189 0.5152 -0.4666
vn 0.6492 0.6918 -0.3160
vn 0.6869 0.6943 -0.2147
vn 0.9241 -0.1679 -0.3433
vn 0.4418 0.8963 0.0394
vn 0.7159 0.6911 -0.0994
vn -0.0624 0.8565 0.5124
vn 0.4849 0.3839 0.7858
vn -0.8867 0.0483 0.4598
vn -0.0394 0.1709 -0.9845
vn -0.0322 0.2724 -0.9617
vn 0.2937 0.5325 0.7939
vn -0.3271 -0.9029 -0.2790
vn 0.4954 0.8603 -0.1201
vn -0.0866 0.0637 -0.9942
vn 0.0813 0.0525 -0.9953
vn 0.2574 0.9589 0.1196
vn -0.2465 0.1734 -0.9535
vn 0.0230 0.7048 0.7090
vn -0.9039 -0.3748 -0.2062
vn 0.8857 -0.2622 -0.3830
vn -0.0419 -0.9716 0.2329
vn 0.5362 0.0254 0.8437
vn -0.0256 -0.9608 -0.2760
vn -0.1121 -0.9654 0.2355
vn -0.4946 0.0609 0.8670
vn -0.6150 0.0152 0.7884
vn -0.3147 0.5911 -0.7427
vn -0.0584 0.3484 -0.9355
vn -0.8009 -0.2728 -0.5331
vn 0.6915 -0.6775 0.2506
vn 0.8603 -0.5091 -0.0258
vn 0.8456 -0.5006 0.1854
vn 0.3300 0.8417 -0.4273
vn -0.2343 0.9189 0.3173
vn 0.2905 0.3822 0.8772
vn 0.1306 0.5194 0.8445
vn 0.5528 0.4289 0.7145
vn -0.1080 -0.9398 0.3243
vn -0.6330 0.0328 0.7735
vn 0.2817 0.8619 -0.4217
vn 0.2431 0.9388 0.2440
vn 0.7312 0.2652 0.6285
vn 0.3441 -0.4369 -0.8311
vn 0.8187 0.1685 0.5490
vn 0.9463 -0.2615 -0.1901
vn -0.1349 -0.9274 0.3490
vn -0.2219 -0.8580 0.4632
vn 0.2668 -0.7170 -0.6440
vn 0.4999 -0.4367 -0.7480
vn 0.8446 0.5109 -0.1600
vn 0.7383 -0.0122 0.6743
vn 0.9787 -0.0469 -0.1999
vn -0.5083 -0.2693 -0.8180
vn 0.9944 -0.0668 -0.0815
vn 0.9429 0.2667 -0.1996
vn 0.9020 0.2611 -0.3437
vn -0.9770 -0.1687 0.1308
vn -0.9667 -0.2554 -0.0163
vn -0.4644 -0.6984 -0.5445
vn 0.5415 0.7593 -0.3609
vn 0.6029 0.7873 -0.1289
vn 0.6062 0.6129 -0.5069
vn 0.3914 -0.8538 0.3433
vn 0.3781 -0.8317 0.4066
vn 0.5509 0.7893 -0.2712
vn 0.8753 0.3729 -0.3080
vn 0.8254 0.2640 -0.4990
vn 0.3587 0.8618 -0.3587
vn 0.8289 0.0837 -0.5531
vn 0.9207 0.0826 -0.3815
vn 0.8342 0.1677 -0.5254
vn 0.6435 -0.7174 -0.2667
vn -0.3228 -0.7923 0.5178
vn -0.5541 -0.7603 0.3390
vn 0.5791 -0.7178 -0.3866
vn -0.2769 -0.8526 0.4432
vn 0.9775 0.0824 -0.1944
vn 0.9006 0.2645 -0.3448
vn 0.9139 0.1629 -0.3718
vn 0.9034 0.0723 -0.4228
vn 0.8463 0.0524 -0.5301
vn 0.7332 0.1609 -0.6607
vn 0.4144 0.7654 -0.4924
vn 0.6396 0.1710 -0.7494
vn 0.5887 0.2705 -0.7617
vn 0.7048 0.2692 -0.6563
vn -0.0018 -0.8302 0.5574
vn 0.8428 0.2644 -0.4687
vn 0.7938 0.2090 -0.5712
vn 0.7713 0.3727 -0.5160
vn 0.8516 0.3728 -0.3684
vn -0.9844 -0.1670 -0.0548
vn -0.9938 -0.0670 0.0892
vn 0.5344 0.7833 -0.3177
vn -0.0728 0.9644 -0.2542
vn 0.3015 0.9518 0.0555
vn 0.1682 0.9775 -0.1272
vn -0.1717 0.9134 -0.3691
vn -0.0032 0.9451 -0.3266
vn 0.4862 0.7632 -0.4256
vn 0.9976 -0.0494 0.0491
vn -0.3308 -0.0756 0.9406
vn -0.3096 0.0135 0.9508
vn -0.1739 -0.0530 0.9833
vn 0.6033 -0.6833 0.4112
vn -0.1456 -0.8512 -0.5042
vn 0.2525 0.6909 -0.6774
vn 0.1144 0.7001 -0.7048
vn 0.4390 0.8754 0.2024
vn -0.5189 -0.8548 0.0058
vn -0.5031 -0.8562 0.1173
vn 0.1782 -0.8623 0.4740
vn 0.5971 0.6895 -0.4101
vn 0.1532 -0.2736 -0.9496
vn 0.1847 -0.1660 -0.9687
vn 0.0075 -0.1374 -0.9905
vn 0.3886 -0.9161 -0.0988
vn -0.2879 -0.8909 0.3512
vn -0.0219 -0.8971 0.4412
vn 0.9840 -0.0718 0.1633
vn -0.6175 -0.7781 0.1151
vn -0.1674 -0.1393 -0.9760
vn -0.0496 -0.0918 0.9945
vn -0.9956 -0.0597 -0.0724
vn 0.2385 0.5237 -0.8178
vn 0.1850 -0.9766 0.1093
vn 0.9465 0.0132 -0.3223
vn 0.8947 0.0557 -0.4432
vn -0.9454 -0.2629 -0.1926
vn -0.9654 -0.1549 -0.2096
vn 0.2309 -0.9265 0.2969
vn 0.1843 0.3930 -0.9009
vn 0.0981 0.5246 -0.8457
vn 0.9508 -0.0698 -0.3019
vn -0.9189 -0.2190 -0.3281
vn -0.0243 0.3893 -0.9208
vn -0.9749 0.1625 0.1523
vn -0.9511 0.0464 0.3054
vn -0.8988 0.0695 0.4328
vn 0.2462 -0.0573 -0.9675
vn -0.3624 -0.1703 -0.9163
vn -0.2521 -0.2799 -0.9264
vn -0.3683 -0.9019 0.2258
vn -0.5519 -0.7000 0.4532
vn -0.3950 -0.9077 0.1415
vn -0.1213 -0.1753 0.9770
vn -0.3320 0.5305 -0.7799
vn -0.0885 0.5305 -0.8430
vn 0.1705 -0.1719 0.9702
vn 0.4631 -0.8851 0.0468
vn 0.3614 0.7588 -0.5418
vn 0.5554 -0.0249 -0.8312
vn 0.4612 0.7580 -0.4613
vn 0.3481 0.7616 -0.5466
vn 0.6362 -0.4358 -0.6367
vn 0.7068 -0.0260 -0.7069
vn -0.2514 0.8216 0.5116
vn 0.2052 -0.8842 0.4196
vn -0.2437 0.3931 -0.8866
vn -0.2720 0.6875 0.6733
vn -0.4126 0.6928 0.5914
vn -0.9811 0.0514 0.1865
vn 0.2908 0.0758 0.9538
vn 0.1352 -0.0001 0.9908
vn -0.9105 -0.0503 0.4104
vn -0.2135 0.2787 -0.9363
vn -0.3941 0.2719 -0.8779
vn -0.4068 0.3777 -0.8318
vn -0.3085 0.5195 0.7968
vn -0.6439 -0.6629 0.3820
vn 0.8310 -0.4985 -0.2469
vn 0.8298 -0.3613 -0.4253
vn 0.7550 -0.4891 -0.4367
vn 0.9065 -0.3592 -0.2220
vn -0.1123 -0.0129 -0.9936
vn -0.5071 0.5137 0.6921
vn 0.0931 -0.0004 -0.9957
vn 0.6128 0.2656 0.7443
vn -0.4635 0.3708 0.8048
vn -0.6987 0.4353 0.5678
vn -0.8698 0.3317 0.3652
vn 0.5339 0.1658 -0.8291
vn -0.2622 0.3773 0.8882
vn 0.4834 0.2753 -0.8310
vn 0.3337 0.2725 -0.9024
vn 0.9285 0.2347 0.2878
vn 0.1853 -0.1752 -0.9670
vn 0.6710 0.1690 0.7220
vn 0.4573 0.2695 0.8475
vn 0.8947 -0.2917 -0.3382
vn -0.9967 0.0719 0.0387
vn -0.5417 -0.0822 -0.8366
vn -0.6732 -0.0770 -0.7355
vn -0.4011 -0.0574 -0.9142
vn -0.3353 -0.1561 -0.9291
vn -0.2605 -0.0451 -0.9644
vn -0.6604 0.7501 -0.0364
vn -0.7129 0.5292 0.4602
vn 0.7488 0.4017 0.5272
vn -0.4263 0.2669 0.8643
vn -0.2093 -0.5289 0.8225
vn -0.2515 -0.3878 0.8868
vn -0.3512 -0.5214 0.7777
vn -0.3311 -0.7135 0.6174
vn -0.2165 -0.7062 0.6741
vn -0.9575 0.1666 -0.2356
vn -0.9862 0.1649 -0.0144
vn -0.9321 0.2618 -0.2502
vn -0.9660 0.2551 -0.0423
vn -0.9967 0.0554 -0.0585
vn -0.9934 0.0466 0.1052
vn 0.9293 -0.3684 -0.0242
vn 0.8571 -0.5030 -0.1110
vn 0.4082 -0.1720 0.8965
vn 0.2048 -0.2790 0.9382
vn -0.3601 0.8395 0.4069
vn 0.2205 0.2729 0.9364
vn -0.5442 0.6838 0.4860
vn -0.8161 0.0103 0.5779
vn -0.9507 0.2584 -0.1717
vn -0.9831 0.1640 -0.0818
vn -0.5067 0.0295 -0.8616
vn -0.6351 0.0260 -0.7720
vn -0.3414 -0.8684 0.3597
vn -0.2467 -0.8713 0.4243
vn 0.5889 -0.7943 0.1493
vn -0.9051 0.1683 0.3904
vn -0.8663 0.0502 0.4969
vn -0.8206 0.1654 0.5470
vn -0.3053 -0.9399 -0.1532
vn -0.4744 -0.8792 -0.0446
vn -0.2318 -0.9698 0.0760
vn -0.2165 -0.9716 0.0949
vn -0.9453 -0.2366 -0.2245
vn -0.9087 0.2588 -0.3276
vn -0.9859 0.0668 -0.1533
vn 0.5730 0.6303 0.5238
vn -0.1523 -0.9570 -0.2469
vn 0.2711 -0.8589 -0.4345
vn 0.6663 -0.7452 -0.0257
vn -0.6831 0.5059 0.5267
vn 0.9280 -0.0732 -0.3654
vn -0.5933 0.3844 0.7072
vn -0.6974 0.3714 0.6130
vn 0.8200 -0.5039 -0.2714
vn 0.8776 -0.3769 -0.2963
vn 0.8790 0.3446 0.3295
vn 0.7202 -0.6855 0.1064
vn 0.9244 -0.3649 -0.1110
vn -0.3605 0.5187 0.7752
vn -0.4677 -0.5282 0.7088
vn -0.4609 -0.6987 0.5471
vn 0.7593 -0.3760 -0.5311
vn 0.6227 -0.1764 0.7623
vn 0.7154 -0.2737 0.6428
vn -0.4875 -0.8548 0.1777
vn -0.7766 0.0175 -0.6298
vn 0.9853 -0.0099 -0.1707
vn 0.7519 -0.0460 -0.6576
vn 0.5269 -0.5960 -0.6059
vn 0.0036 -0.2825 -0.9593
vn -0.9421 0.1640 -0.2926
vn -0.3746 0.1797 0.9096
vn 0.9757 -0.2066 0.0724
vn 0.5522 -0.8036 -0.2220
vn 0.5635 -0.8250 -0.0429
vn -0.4068 0.0618 0.9114
vn 0.7467 -0.6636 0.0457
vn 0.4660 -0.8631 0.1949
vn 0.2394 -0.3739 -0.8960
vn 0.1559 -0.5160 -0.8423
vn 0.3601 -0.4935 -0.7917
vn 0.8602 -0.5061 0.0632
vn 0.2357 -0.7076 -0.6661
vn 0.0324 -0.8957 -0.4435
vn 0.3960 -0.6987 -0.5958
vn 0.9854 -0.1435 -0.0917
vn 0.7439 -0.5117 -0.4299
vn 0.6818 -0.6745 -0.2833
vn -0.7341 0.2308 0.6386
vn -0.9787 -0.0662 0.1944
vn -0.9979 -0.0029 0.0647
vn 0.4803 0.4746 0.7376
vn 0.2264 -0.2788 -0.9333
vn 0.9543 -0.2026 -0.2197
vn 0.8728 -0.2157 -0.4379
vn 0.1117 -0.7046 -0.7007
vn 0.3442 -0.6947 -0.6316
vn 0.3186 0.3560 0.8785
vn 0.9521 0.2500 0.1763
vn -0.6848 -0.6521 0.3253
vn -0.4103 -0.6042 -0.6831
vn -0.5706 -0.7901 0.2238
vn -0.0257 0.0133 0.9996
vn 0.3991 -0.8695 0.2910
vn 0.9850 0.1630 0.0567
vn 0.9666 -0.2562 0.0096
vn 0.9885 -0.1484 -0.0286
vn 0.4999 -0.8399 0.2111
vn 0.5459 -0.8318 0.1005
vn -0.7691 -0.6371 -0.0507
vn 0.0659 -0.9202 -0.3859
vn 0.1853 -0.6688 -0.7200
vn 0.7361 -0.6737 -0.0659
vn -0.7334 0.0131 0.6797
vn -0.9682 -0.1669 0.1862
vn -0.8793 -0.1625 0.4477
vn -0.9841 -0.1606 -0.0765
vn 0.4264 -0.2707 0.8631
vn -0.6167 -0.0339 0.7865
vn 0.5339 0.3581 0.7659
vn -0.3951 -0.9156 -0.0750
vn 0.6894 0.4640 0.5562
vn 0.9838 -0.0547 -0.1706
vn 0.9643 0.0165 -0.2643
vn 0.9374 -0.0860 -0.3374
vn -0.1541 -0.0738 0.9853
vn -0.9968 -0.0714 -0.0372
vn 0.9983 -0.0199 -0.0548
vn -0.3659 -0.0903 0.9263
vn -0.3547 -0.1751 0.9184
vn 0.9964 -0.0517 0.0669
vn -0.2573 -0.2694 0.9280
vn -0.9978 0.0082 -0.0660
vn 0.1083 0.0450 -0.9931
vn 0.7488 0.3539 0.5605
vn 0.8938 0.3452 0.2863
vn -0.9763 -0.0500 -0.2106
vn -0.1666 -0.9799 -0.1098
vn -0.0232 -0.2777 0.9604
vn 0.9094 -0.3653 0.1988
vn -0.9484 0.0511 -0.3129
vn -0.8929 0.0484 -0.4476
vn 0.9344 -0.2566 0.2471
vn 0.8766 0.2366 0.4192
vn -0.9944 0.0238 -0.1030
vn -0.0086 0.0637 -0.9979
vn -0.3152 -0.9249 -0.2127
vn -0.8401 0.0655 -0.5384
vn -0.6581 -0.6220 -0.4243
vn 0.8281 -0.5006 0.2523
vn 0.6893 0.2473 0.6810
vn -0.8078 0.0107 -0.5893
vn 0.4151 -0.2729 -0.8679
vn 0.4703 -0.1800 -0.8639
vn -0.9486 0.2574 0.1842
vn -0.9638 0.1660 0.2085
vn 0.9701 -0.1569 0.1850
vn -0.1382 0.1429 0.9800
vn -0.2685 0.1733 0.9476
vn -0.2378 0.2694 0.9332
vn -0.0337 -0.9149 -0.4022
vn -0.3977 0.2723 0.8762
vn 0.3282 -0.8782 0.3481
vn -0.2415 0.0199 0.9702
vn -0.4268 0.1661 0.8890
vn -0.2634 -0.9609 -0.0849
vn -0.0877 -0.6691 -0.7380
vn -0.0900 -0.8727 -0.4799
vn 0.0964 -0.6896 -0.7177
vn -0.2725 -0.8951 -0.3528
vn -0.2733 -0.9194 -0.2827
vn -0.3081 0.7310 0.6088
vn -0.2035 0.7258 0.6572
vn -0.1147 0.7174 0.6872
vn -0.9261 0.0708 0.3705
vn 0.4676 -0.5207 -0.7142
vn -0.9702 0.0577 0.2352
vn -0.4380 -0.0178 0.8988
vn -0.4390 0.0749 0.8954
vn 0.1821 -0.5152 -0.8375
vn -0.0252 -0.5319 -0.8464
vn 0.0061 -0.3888 -0.9213
vn 0.1118 -0.9075 -0.4050
vn 0.3073 -0.5281 -0.7916
vn -0.9304 -0.0689 -0.3599
vn -0.8677 -0.0644 -0.4929
vn 0.9250 -0.3731 0.0721
vn 0.9023 -0.1548 0.4023
vn 0.8772 0.2653 0.4002
vn 0.8279 0.2616 0.4962
vn 0.9214 0.1648 0.3519
vn 0.8516 0.1711 0.4955
vn 0.9572 -0.2565 0.1339
vn 0.9632 -0.2604 -0.0664
vn -0.2408 -0.9615 -0.1321
vn 0.8259 -0.3688 0.4265
vn 0.7911 -0.5092 0.3389
vn 0.9062 -0.3285 0.2661
vn 0.6890 -0.5183 0.5066
vn -0.2066 0.5684 0.7964
vn -0.4696 -0.8616 0.1927
vn 0.2413 0.5472 -0.8015
vn -0.4490 0.5040 0.7379
vn -0.9744 0.0810 -0.2098
vn -0.6381 -0.5184 0.5693
vn -0.2203 -0.6894 0.6900
vn -0.3822 -0.8634 0.3294
vn -0.2615 -0.8399 0.4756
vn -0.6036 0.4454 0.6612
vn 0.3532 0.5448 -0.7606
vn -0.2799 -0.8869 0.3676
vn -0.4123 -0.9080 0.0745
vn -0.9831 -0.0550 -0.1744
vn -0.9980 -0.0572 -0.0275
vn -0.6248 -0.6842 0.3761
vn 0.3185 -0.0912 -0.9435
vn 0.9866 -0.1627 0.0114
vn 0.9689 -0.1354 0.2070
vn 0.1394 -0.0566 -0.9886
vn -0.5422 -0.8283 -0.1414
vn -0.7498 -0.5130 0.4179
vn -0.6770 -0.6900 0.2560
vn 0.4347 0.4893 -0.7561
vn 0.5623 0.4615 -0.6861
vn -0.9872 -0.0680 0.1445
vn -0.3543 -0.8655 -0.3540
vn -0.5911 -0.6953 -0.4089
vn -0.2439 -0.8764 -0.4153
vn -0.5226 -0.7036 -0.4815
vn -0.3983 -0.8703 -0.2899
vn -0.4970 -0.8578 -0.1312
vn -0.7265 0.2607 0.6358
vn -0.7472 0.1645 0.6439
vn -0.8143 0.0667 0.5766
vn 0.0810 0.5933 -0.8009
vn -0.4631 0.1652 -0.8708
vn 0.9695 -0.0555 -0.2389
vn 0.9672 -0.1579 -0.1989
vn 0.9072 -0.0761 -0.4137
vn 0.5179 -0.6924 -0.5023
vn -0.6006 0.2632 0.7550
vn 0.5715 -0.0546 -0.8188
vn 0.9980 -0.0487 -0.0405
vn -0.5730 0.1722 0.8013
vn -0.7321 -0.0488 0.6794
vn -0.4245 0.0974 -0.9002
vn 0.8286 -0.2700 -0.4904
vn 0.9254 -0.2641 -0.2717
vn 0.7799 0.5243 -0.3420
vn 0.7192 0.5195 -0.4614
vn 0.8997 -0.1686 -0.4026
vn -0.7368 -0.5154 -0.4377
vn 0.6400 0.3810 0.6673
vn 0.2927 -0.8146 0.5007
vn 0.7342 0.2661 0.6246
vn -0.8865 -0.1669 -0.4316
vn -0.5378 0.0622 0.8408
vn 0.7610 0.1700 0.6261
vn -0.7889 -0.1681 -0.5910
vn 0.8404 0.0498 0.5396
vn -0.6371 -0.0651 0.7681
vn -0.9875 -0.0582 0.1467
vn 0.8498 0.0212 0.5267
vn 0.9152 0.0529 0.3995
vn -0.6803 0.0699 0.7296
vn 0.6051 -0.2641 -0.7511
vn 0.2695 -0.8102 0.5205
vn -0.2061 -0.9733 -0.1012
vn 0.3447 0.3886 -0.8545
vn 0.1735 -0.9118 -0.3722
vn 0.4055 -0.5230 0.7497
vn 0.4113 -0.3867 0.8254
vn 0.2164 -0.5284 0.8209
vn -0.9108 -0.0497 0.4098
vn 0.1901 -0.6974 0.6910
vn -0.8282 -0.0574 0.5575
vn 0.7680 0.0672 -0.6370
vn 0.7546 -0.0503 -0.6543
vn 0.6633 -0.0529 -0.7465
vn 0.9491 0.0710 0.3067
vn 0.9569 -0.0505 0.2861
vn 0.9075 -0.0016 0.4200
vn -0.0192 -0.6959 0.7179
vn -0.4861 -0.8640 0.1314
vn 0.6373 -0.1653 -0.7527
vn -0.9549 -0.0633 0.2902
vn 0.9004 0.3708 -0.2274
vn 0.8288 0.5100 -0.2303
vn 0.8520 0.5074 -0.1293
vn 0.1835 -0.0516 -0.9817
vn 0.7317 0.2851 -0.6192
vn 0.3138 -0.0724 -0.9467
vn -0.0153 -0.5304 0.8476
vn -0.0853 -0.8393 0.5369
vn 0.4455 -0.0505 -0.8939
vn -0.8340 0.2603 0.4865
vn -0.8469 0.3759 0.3760
vn -0.7498 0.3775 0.5434
vn 0.0187 -0.2649 -0.9641
vn 0.1692 -0.1703 -0.9708
vn 0.2623 -0.2772 -0.9243
vn -0.6647 -0.3746 0.6464
vn -0.5387 -0.2752 0.7963
vn -0.6891 -0.2199 0.6905
vn 0.0704 -0.9575 0.2797
vn -0.8750 -0.2774 -0.3968
vn 0.0069 -0.9617 0.2738
vn -0.9246 0.2652 0.2733
vn 0.9113 -0.0790 0.4041
vn 0.8971 0.0799 0.4346
vn 0.0273 -0.9790 0.2019
vn -0.3955 0.0213 -0.9182
vn -0.3378 -0.9062 0.2542
vn -0.9796 -0.0515 -0.1944
vn -0.9497 -0.0382 -0.3107
vn -0.8863 -0.2135 -0.4109
vn -0.2016 -0.0483 -0.9783
vn -0.8087 -0.3717 -0.4560
vn -0.8388 -0.2191 -0.4983
vn -0.7194 -0.3775 -0.5831
vn -0.5573 0.0685 -0.8275
vn -0.9844 0.1759 0.0035
vn 0.3292 0.1199 -0.9366
vn 0.5613 -0.0753 -0.8242
vn -0.3257 0.8601 -0.3927
vn 0.6432 0.3422 -0.6850
vn -0.6416 -0.5206 -0.5633
vn -0.3073 0.6954 -0.6496
vn 0.3064 -0.9493 -0.0709
vn -0.2320 -0.2739 0.9333
vn 0.2489 -0.9671 -0.0527
vn -0.0102 -0.1391 -0.9902
vn -0.0793 -0.2732 0.9587
vn 0.7795 -0.1730 0.6020
vn 0.2095 -0.3934 0.8952
vn 0.1833 -0.3856 -0.9043
vn -0.2414 -0.1738 -0.9547
vn -0.1677 -0.2716 -0.9477
vn -0.3583 -0.2697 -0.8938
vn 0.7582 0.0591 0.6493
vn 0.6559 0.1676 0.7360
vn -0.5644 -0.1633 0.8092
vn 0.3783 -0.1746 -0.9091
vn 0.5879 -0.1663 -0.7917
vn 0.4951 -0.2708 -0.8256
vn 0.3557 -0.1709 -0.9188
vn 0.7037 0.5549 0.4437
vn -0.4181 -0.1753 0.8913
vn -0.3950 -0.0567 0.9169
vn 0.4344 0.0775 -0.8974
vn 0.2847 0.0071 -0.9586
vn -0.8659 -0.0613 0.4964
vn -0.7862 -0.0706 0.6139
vn -0.5584 0.7560 0.3416
vn -0.5713 0.7119 0.4083
vn 0.5035 0.6726 0.5423
vn -0.6139 0.7575 0.2221
vn 0.3872 0.6877 0.6142
vn -0.4082 -0.8477 0.3388
vn 0.8449 -0.0729 0.5299
vn 0.7714 -0.0491 0.6344
vn -0.7881 -0.2149 -0.5768
vn -0.8960 0.0235 -0.4435
vn -0.7238 -0.2186 -0.6544
vn -0.7557 0.3691 -0.5409
vn 0.5977 -0.3820 -0.7048
vn 0.4209 -0.3838 -0.8219
vn -0.8159 0.2601 -0.5164
vn -0.8642 0.1643 -0.4756
vn 0.7929 -0.1662 -0.5863
vn -0.8835 -0.1682 0.4373
vn -0.9204 -0.0721 0.3843
vn 0.2266 -0.2841 -0.9316
vn 0.6217 -0.5210 -0.5848
vn 0.5698 -0.6790 -0.4630
vn -0.8962 -0.0636 -0.4390
vn 0.5067 -0.1682 -0.8455
vn -0.6557 0.3767 0.6543
vn -0.5590 0.2669 0.7850
vn -0.7099 0.2666 0.6519
vn 0.1501 0.2561 0.9549
vn 0.4297 0.2577 0.8654
vn -0.5513 -0.0809 0.8304
vn -0.6722 -0.0671 0.7373
vn -0.7223 0.1788 0.6681
vn -0.5621 0.1702 0.8094
vn -0.4412 0.0217 0.8972
vn -0.5732 0.0121 0.8193
vn 0.8061 -0.0457 -0.5900
vn 0.7187 -0.0473 -0.6937
vn -0.3683 -0.9266 0.0760
vn 0.8696 -0.1679 -0.4643
vn 0.5001 -0.2713 -0.8224
vn 0.3733 -0.2897 -0.8813
vn 0.5217 0.0206 0.8529
vn 0.3441 0.0051 0.9389
vn 0.8712 0.0085 0.4909
vn -0.2870 -0.9579 0.0062
vn -0.2581 -0.9661 -0.0006
vn -0.7255 -0.0219 0.6879
vn 0.0161 -0.0105 0.9998
vn -0.0780 -0.0714 0.9944
vn 0.1138 -0.0927 0.9892
vn 0.0003 -0.1737 0.9848
vn 0.3249 0.1603 0.9321
vn -0.4372 0.7256 0.5314
vn 0.1818 -0.0237 0.9831
vn 0.2983 0.6875 0.6621
vn -0.2615 -0.7718 -0.5796
vn -0.4666 -0.7556 -0.4598
vn 0.0001 0.6974 0.7167
vn -0.2300 -0.0865 0.9693
vn -0.1591 0.0584 0.9855
vn -0.2957 -0.0153 0.9552
vn 0.8949 -0.0794 -0.4391
vn 0.8935 -0.2609 0.3655
vn 0.4953 -0.8562 0.1471
vn 0.3691 -0.9292 -0.0207
vn -0.3307 -0.9168 0.2240
vn 0.7092 -0.6654 0.2328
vn 0.1239 -0.9656 -0.2285
vn -0.5434 -0.0721 0.8364
vn -0.3978 -0.0815 0.9138
vn -0.6713 -0.0831 0.7365
vn -0.3331 0.0805 0.9394
vn -0.7720 -0.1731 0.6115
vn -0.4609 0.0439 0.8864
vn 0.5594 -0.1641 -0.8125
vn 0.4781 -0.0581 -0.8764
vn 0.6347 -0.0609 -0.7704
vn -0.4451 -0.0775 0.8921
vn -0.7546 0.1725 -0.6331
vn -0.6297 0.3747 -0.6805
vn -0.6805 0.2659 -0.6827
vn 0.3869 -0.7176 -0.5791
vn 0.4932 -0.7165 -0.4934
vn -0.7668 -0.1453 0.6253
vn 0.5970 0.2699 0.7555
vn 0.7548 0.6085 -0.2450
vn -0.2388 -0.9692 0.0596
vn -0.2500 -0.9682 0.0064
vn -0.3416 -0.1737 0.9237
vn -0.5724 -0.1715 0.8018
vn -0.9217 -0.2646 -0.2836
vn 0.0667 -0.9602 0.2712
vn 0.7045 0.0830 -0.7048
vn 0.5535 0.0828 -0.8288
vn 0.5613 0.0241 -0.8273
vn 0.2464 -0.1778 0.9527
vn -0.1210 -0.9009 -0.4168
vn 0.2169 -0.9431 -0.2520
vn -0.7181 -0.0183 0.6957
vn 0.3651 -0.9117 -0.1882
vn -0.0173 -0.0186 -0.9997
vn 0.0454 0.1711 0.9842
vn -0.2544 0.1655 0.9528
vn 0.3815 0.0833 -0.9206
vn 0.5136 -0.5092 -0.6906
vn 0.6874 -0.3748 -0.6221
vn 0.6742 -0.4659 -0.5731
vn -0.4998 0.3827 -0.7770
vn 0.6621 0.6127 -0.4315
vn 0.3671 0.9299 0.0241
vn 0.2936 0.0681 0.9535
vn 0.6792 0.4566 -0.5746
vn -0.5164 0.2671 -0.8136
vn -0.7634 -0.1667 0.6241
vn 0.3420 -0.9028 -0.2606
vn -0.5955 0.1749 -0.7841
vn -0.8194 -0.2772 0.5018
vn -0.8421 0.1009 -0.5299
vn 0.8490 0.4511 -0.2750
vn -0.8656 -0.3451 -0.3627
vn 0.2444 -0.9618 0.1234
vn 0.8631 -0.0096 -0.5050
vn 0.5962 0.7988 0.0802
vn 0.6848 0.6850 0.2486
vn 0.5045 0.8481 0.1621
vn 0.7294 0.6753 0.1093
vn 0.0444 0.0760 -0.9961
vn -0.0592 0.0765 -0.9953
vn 0.7440 -0.3686 0.5573
vn 0.8433 -0.2614 0.4696
vn 0.8439 -0.3628 0.3952
vn -0.1490 0.0706 -0.9863
vn 0.5766 0.3262 -0.7491
vn 0.7567 0.3332 -0.5625
vn 0.2715 -0.9595 0.0753
vn 0.2531 -0.9658 0.0561
vn -0.3178 0.8686 -0.3803
vn 0.7393 -0.4979 0.4534
vn -0.1780 0.6077 -0.7740
vn -0.0679 0.6128 -0.7873
vn 0.0676 0.5750 0.8153
vn -0.7245 -0.2828 0.6285
vn 0.8554 0.5095 0.0938
vn 0.7211 0.6927 -0.0140
vn -0.2622 0.7164 -0.6466
vn -0.3436 0.0241 -0.9388
vn -0.2619 0.6518 -0.7117
vn -0.3269 0.7146 -0.6185
vn -0.7680 -0.3747 0.5194
vn -0.8562 -0.3723 0.3582
vn -0.3762 0.1367 -0.9164
vn -0.8169 -0.5136 0.2626
vn 0.3204 -0.2685 0.9084
vn 0.8953 -0.0536 -0.4423
vn -0.1945 0.0832 -0.9774
vn 0.9404 0.3393 -0.0228
vn 0.8863 0.3325 -0.3225
vn -0.7894 -0.2726 0.5500
vn 0.1550 0.7050 -0.6921
vn 0.1514 0.9137 -0.3772
vn 0.2182 0.8715 -0.4391
vn -0.8684 -0.2122 0.4481
vn -0.6465 -0.4850 -0.5889
vn -0.7980 -0.4738 -0.3724
vn -0.7316 -0.6267 -0.2683
vn 0.9515 0.0526 -0.3031
vn -0.7420 -0.3458 -0.5743
vn -0.6298 -0.6365 -0.4452
vn 0.2206 0.9715 -0.0874
vn -0.5928 -0.7587 -0.2703
vn -0.4867 -0.6432 -0.5911
vn 0.1333 0.9572 0.2569
vn 0.2175 0.8905 0.3997
vn 0.1040 0.8213 0.5610
vn 0.0818 -0.2776 0.9572
vn -0.2668 -0.7170 -0.6440
vn -0.3815 0.0833 -0.9206
vn 0.5128 0.2433 -0.8233
vn 0.8045 0.2346 -0.5457
vn -0.3441 -0.4369 -0.8311
vn -0.7405 0.0696 -0.6685
vn 0.1407 0.9698 -0.1993
vn 0.2625 0.9595 0.1020
vn -0.6200 -0.7809 -0.0761
vn 0.3912 -0.9046 -0.1693
vn 0.0580 -0.3828 0.9220
vn 0.2160 -0.3891 0.8955
vn 0.2022 -0.2576 0.9449
vn -0.4024 -0.2763 0.8728
vn -0.8996 -0.3711 0.2303
vn -0.9417 -0.2116 0.2616
vn 0.3059 -0.0888 -0.9479
vn 0.3486 0.0111 -0.9372
vn 0.4868 -0.0621 -0.8713
vn -0.5323 -0.2823 0.7981
vn -0.8038 0.0087 -0.5948
vn -0.9101 -0.2157 0.3538
vn 0.0165 -0.8882 0.4592
vn 0.1629 -0.7001 0.6952
vn -0.0814 -0.9115 0.4032
vn 0.3173 -0.9480 0.0235
vn -0.2341 -0.9534 -0.1905
vn -0.2489 -0.8655 -0.4347
vn -0.2283 -0.9730 0.0333
vn 0.1532 -0.0173 -0.9880
vn -0.6825 -0.0045 -0.7309
vn 0.7303 -0.2749 0.6253
vn 0.0333 0.8739 -0.4849
vn -0.0090 0.7080 -0.7062
vn 0.0610 0.5374 -0.8411
vn -0.7746 -0.6263 -0.0873
vn -0.1607 -0.8764 0.4540
vn -0.1937 -0.9707 0.1420
vn -0.0859 0.5197 -0.8500
vn -0.2246 0.5341 -0.8150
vn -0.5715 0.0670 -0.8178
vn 0.1929 -0.5351 0.8225
vn 0.0769 -0.5279 0.8458
vn -0.0629 -0.5255 0.8485
vn 0.0082 -0.7155 0.6986
vn -0.4070 0.1720 -0.8971
vn 0.2944 0.8684 0.3990
vn 0.2667 0.7030 0.6592
vn 0.2675 -0.9630 0.0318
vn -0.3654 0.0509 -0.9295
vn -0.1088 -0.7073 0.6985
vn 0.5154 -0.5086 0.6897
vn 0.3885 -0.6920 0.6084
vn 0.4064 -0.5321 0.7428
vn -0.0997 -0.3876 0.9164
vn -0.1525 -0.2618 0.9530
vn 0.4038 -0.9098 -0.0958
vn 0.9102 -0.3094 0.2753
vn 0.8648 -0.4000 0.3036
vn 0.7413 -0.3158 0.5923
vn 0.5188 -0.3796 0.7660
vn 0.3937 -0.9163 -0.0731
vn 0.6372 -0.4574 0.6202
vn -0.6399 -0.2651 0.7213
vn 0.1618 0.7113 0.6840
vn 0.0104 0.7048 0.7093
vn 0.1575 0.5243 0.8368
vn 0.3166 0.5266 0.7890
vn -0.2019 -0.1738 0.9639
vn -0.3967 -0.1752 0.9011
vn 0.5301 -0.8453 0.0667
vn -0.3424 -0.2694 0.9001
vn 0.4192 0.8003 0.4287
vn 0.4068 -0.9135 -0.0113
vn 0.6227 -0.2752 0.7325
vn -0.7035 -0.6883 0.1772
vn 0.5282 -0.6891 0.4961
vn 0.8341 -0.0760 -0.5463
vn 0.4367 -0.8511 0.2914
vn 0.3930 0.6966 0.6002
vn 0.4112 -0.8608 0.2998
vn -0.6325 -0.7550 -0.1729
vn -0.6049 -0.7961 0.0188
vn 0.3566 -0.9335 0.0389
vn -0.8132 -0.0560 0.5793
vn -0.8751 -0.0572 0.4805
vn -0.7928 -0.1581 0.5886
vn -0.9248 0.3744 -0.0685
vn 0.7476 -0.1636 -0.6437
vn -0.9668 0.2507 -0.0491
vn -0.9545 0.2665 0.1336
vn 0.8887 -0.1636 -0.4283
vn 0.8007 -0.2275 -0.5542
vn 0.1341 -0.8279 0.5446
vn -0.1133 -0.8948 0.4319
vn -0.6661 -0.7458 -0.0100
vn -0.9852 0.1683 0.0314
vn -0.9592 0.1714 0.2249
vn 0.4931 0.5180 0.6989
vn 0.0143 0.1780 0.9839
vn -0.0233 0.0686 0.9974
vn -0.9168 0.3687 0.1534
vn -0.2735 0.3886 -0.8799
vn -0.3817 0.2731 -0.8830
vn 0.2281 0.5366 -0.8124
vn -0.7741 0.0544 0.6307
vn -0.2576 -0.7121 -0.6531
vn -0.9867 0.0749 0.1445
vn -0.1717 -0.5351 -0.8272
vn -0.3571 -0.8699 -0.3403
vn -0.9950 0.0915 -0.0391
vn 0.9432 -0.0687 -0.3250
vn -0.9998 0.0144 0.0164
vn -0.0004 0.5247 0.8513
vn 0.0331 0.3860 0.9219
vn -0.9935 0.0111 -0.1136
vn 0.2219 0.3809 0.8976
vn -0.9970 -0.0749 0.0185
vn -0.9684 -0.0500 0.2443
vn -0.0708 0.2684 0.9607
vn 0.0985 0.2715 0.9574
vn 0.9869 -0.1569 -0.0365
vn 0.1503 0.1749 0.9731
vn -0.2345 -0.3736 -0.8975
vn 0.2549 0.2341 0.9382
vn -0.9662 0.0227 0.2566
vn 0.4255 0.3819 0.8204
vn -0.9297 -0.0791 0.3597
vn -0.9271 0.0231 0.3740
vn 0.6757 -0.2669 -0.6872
vn -0.1484 -0.5997 -0.7863
vn -0.5814 0.1298 -0.8032
vn 0.1498 0.0731 0.9860
vn 0.4146 0.2722 0.8684
vn 0.5677 0.1611 0.8073
vn 0.4337 0.1601 0.8867
vn -0.6151 -0.0482 0.7870
vn -0.5864 0.0702 0.8070
vn -0.6803 0.0536 0.7310
vn 0.6265 -0.6558 0.4211
vn -0.2536 0.1493 -0.9557
vn 0.5007 0.0578 0.8637
vn 0.3306 0.0554 0.9422
vn -0.5928 -0.2714 -0.7582
vn -0.4892 -0.3906 -0.7798
vn -0.6295 -0.3867 -0.6739
vn -0.9875 -0.0501 0.1494
vn -0.9583 -0.0755 0.2756
vn -0.5507 0.3876 -0.7392
vn -0.3055 -0.6942 -0.6517
vn -0.0926 -0.8667 -0.4901
vn -0.5862 0.2195 -0.7799
vn 0.0634 -0.9313 -0.3588
vn -0.4716 -0.0515 0.8803
vn 0.9853 -0.0707 -0.1555
vn -0.4978 -0.5289 -0.6874
vn -0.0615 0.8806 -0.4699
vn -0.1618 0.7119 -0.6833
vn -0.4322 -0.6921 -0.5781
vn -0.3419 -0.5250 -0.7794
vn -0.4400 -0.3783 -0.8144
vn -0.4928 -0.5227 -0.6957
vn -0.3755 -0.6853 -0.6239
vn -0.2795 0.7083 -0.6483
vn -0.7170 0.2682 -0.6434
vn -0.7470 0.1653 -0.6440
vn -0.5642 -0.1689 0.8082
vn 0.4221 -0.7127 0.5602
vn 0.5909 -0.7011 0.3991
vn 0.5537 -0.7940 0.2508
vn -0.7262 -0.0688 0.6840
vn -0.8386 0.3775 -0.3928
vn -0.8498 0.2624 -0.4572
vn 0.9855 -0.1695 -0.0032
vn -0.1966 -0.9646 -0.1760
vn 0.9543 -0.2736 -0.1206
vn -0.1307 -0.9847 -0.1157
vn -0.3868 0.5246 -0.7584
vn -0.4486 0.3863 -0.8059
vn 0.9737 -0.1624 -0.1596
vn -0.9934 -0.0712 -0.0905
vn 0.8203 -0.0541 -0.5693
vn -0.8828 0.1700 -0.4379
vn 0.7640 -0.1628 -0.6243
vn -0.8551 0.0947 -0.5097
vn 0.9991 -0.0414 0.0124
vn -0.9883 0.0516 0.1438
vn 0.9325 -0.2662 -0.2440
vn 0.3612 -0.2247 -0.9050
vn -0.9801 -0.1667 0.1081
vn 0.5106 0.6885 0.5151
vn -0.3050 -0.2383 -0.9221
vn -0.4021 -0.2651 -0.8764
vn 0.5598 -0.3689 -0.7420
vn -0.5266 -0.2637 -0.8082
vn 0.3875 -0.3738 -0.8427
vn 0.4743 0.8454 0.2454
vn 0.5088 -0.2760 -0.8155
vn 0.5306 -0.1532 -0.8337
vn 0.5133 -0.6881 0.5129
vn -0.1866 -0.9640 -0.1895
vn 0.3897 -0.9127 0.1228
vn 0.5444 -0.5900 0.5963
vn 0.7211 -0.5661 0.3995
vn -0.9997 0.0197 0.0125
vn 0.3112 -0.9440 -0.1094
vn -0.1890 0.8612 -0.4717
vn 0.6841 -0.4282 0.5904
vn 0.4623 -0.8709 0.1666
vn -0.5033 -0.7890 -0.3523
vn -0.3036 -0.8229 -0.4802
vn -0.0659 0.5590 0.8266
vn -0.9414 -0.1656 0.2940
vn 0.2390 0.6057 0.7590
vn 0.9483 -0.2635 0.1769
vn -0.1085 -0.9637 -0.2441
vn 0.9763 -0.1666 0.1384
vn -0.0981 -0.9686 -0.2286
vn 0.6159 0.6853 0.3886
vn 0.1595 0.6910 0.7050
vn 0.6057 -0.0296 -0.7952
vn 0.7203 -0.0453 -0.6922
vn -0.7575 -0.1644 0.6318
vn -0.5912 -0.1701 0.7883
vn 0.7604 -0.2686 -0.5913
vn 0.7171 -0.3713 -0.5899
vn -0.9304 0.0629 -0.3611
vn -0.6220 0.0655 -0.7803
vn -0.7553 0.0633 -0.6524
vn 0.0456 0.1745 0.9836
vn 0.0042 0.0583 0.9983
vn 0.1550 0.0651 0.9858
vn 0.5737 0.3823 0.7244
vn -0.1077 0.0553 0.9926
vn 0.6141 -0.4981 -0.6121
vn -0.1493 0.1738 0.9734
vn -0.2113 0.2777 0.9372
vn -0.2556 0.0537 0.9653
vn 0.6246 0.5079 0.5932
vn -0.9927 0.0574 -0.1058
vn 0.8070 -0.1502 -0.5712
vn 0.6558 -0.2177 -0.7229
vn 0.5730 -0.3806 0.7258
vn 0.5336 -0.2670 0.8025
vn -0.6902 -0.6956 -0.1994
vn -0.8723 0.0070 -0.4890
vn 0.4155 -0.0211 0.9094
vn -0.4213 0.7042 -0.5716
vn -0.4886 0.5280 -0.6946
vn 0.1494 -0.0807 0.9855
vn -0.5987 0.5315 -0.5992
vn -0.6863 0.5232 -0.5053
vn -0.6019 0.3789 -0.7029
vn -0.4069 0.6511 -0.6407
vn -0.7032 0.3792 -0.6014
vn -0.6449 0.2706 -0.7148
vn -0.4555 0.0191 -0.8900
vn -0.5204 0.0565 -0.8520
vn 0.0570 0.8792 -0.4731
vn 0.0488 0.9671 -0.2496
vn 0.4758 -0.0484 0.8782
vn 0.6881 -0.0251 0.7251
vn 0.0887 0.7568 -0.6475
vn 0.1116 0.6313 -0.7675
vn -0.5282 0.2734 -0.8039
vn 0.3421 -0.2753 0.8984
vn 0.4643 -0.2677 0.8443
vn 0.3423 0.6161 0.7094
vn 0.3647 -0.3878 0.8465
vn -0.5180 0.1727 -0.8378
vn 0.0826 -0.0216 0.9963
vn 0.8451 -0.2674 0.4630
vn 0.4961 -0.3870 0.7772
vn 0.3174 -0.5407 0.7790
vn 0.7126 -0.3724 0.5946
vn 0.4308 -0.5293 0.7310
vn -0.0038 -0.9335 0.3585
vn 0.7068 -0.2657 0.6557
vn -0.6454 0.1696 -0.7448
vn -0.0667 -0.0709 0.9952
vn 0.8471 -0.0005 0.5314
vn -0.8905 -0.1535 -0.4283
vn -0.2389 0.7705 -0.5910
vn 0.6010 0.2673 0.7532
vn 0.9307 -0.0713 0.3588
vn 0.1999 0.9780 0.0598
vn -0.6247 0.0523 -0.7791
vn -0.0336 -0.0803 -0.9962
vn -0.7621 0.1729 -0.6239
vn -0.7272 0.0828 -0.6814
vn -0.7018 -0.0182 -0.7122
vn -0.6079 -0.0470 0.7926
vn -0.0000 1.0000 0.0000
vn -0.4041 0.7135 -0.5723
vn -0.1987 0.9783 -0.0585
vn -0.0463 0.9680 0.2468
vn -0.4655 0.7031 -0.5376
vn 0.5709 -0.2568 0.7798
vn 0.4270 0.6210 0.6573
vn -0.2325 0.8927 -0.3860
vn -0.7224 -0.0469 0.6899
vn 0.5671 -0.0578 -0.8216
vn 0.6519 -0.1726 0.7384
vn -0.9675 -0.0476 -0.2483
vn -0.2394 -0.0701 0.9684
vn -0.5081 0.8124 -0.2860
vn 0.2645 -0.1754 0.9483
vn 0.0919 -0.1755 0.9802
vn -0.8253 -0.0515 0.5623
vn -0.4641 -0.2732 0.8426
vn -0.1706 0.0214 -0.9851
vn -0.2310 -0.8910 -0.3908
vn 0.6199 -0.3377 0.7084
vn 0.7597 -0.1743 0.6264
vn 0.3818 -0.6877 0.6175
vn 0.1630 -0.8742 0.4574
vn -0.0387 -0.9690 0.2438
vn 0.2717 -0.8698 0.4119
vn 0.4214 -0.7152 0.5577
vn 0.7116 -0.2548 0.6548
vn 0.6921 -0.3825 0.6121
vn 0.5638 -0.5202 0.6415
vn 0.3069 -0.7052 0.6391
vn -0.6510 -0.2688 0.7099
vn 0.5691 -0.5220 0.6353
vn -0.6307 -0.2218 -0.7436
vn -0.6045 -0.3715 -0.7046
vn 0.4035 -0.4394 0.8025
vn -0.6027 -0.5185 -0.6066
vn 0.5989 0.0135 -0.8007
vn -0.1241 -0.9168 -0.3797
vn -0.4001 0.9091 -0.1159
vn -0.0124 0.0104 -0.9999
vn 0.2640 -0.5986 0.7563
vn -0.4978 -0.6757 -0.5436
vn -0.3471 0.9106 0.2246
vn 0.4358 -0.0534 -0.8984
vn -0.5460 0.8176 0.1828
vn -0.5565 -0.6938 -0.4571
vn -0.9977 -0.0678 0.0040
vn -0.7013 -0.5007 -0.5074
vn -0.7121 0.6963 -0.0896
vn -0.5554 -0.0249 -0.8312
vn -0.3616 0.7585 -0.5421
vn -0.4617 0.7575 -0.4615
vn -0.7068 -0.0259 -0.7069
vn -0.5278 0.6922 -0.4922
vn 0.4989 0.6469 0.5768
vn -0.4985 0.6794 -0.5385
vn -0.1427 0.6265 -0.7662
vn -0.4618 -0.8596 -0.2188
vn -0.3994 -0.8970 -0.1892
vn -0.6060 0.6875 -0.4001
vn 0.5731 0.6471 0.5029
vn 0.0276 0.5088 -0.8604
vn 0.1128 -0.2762 0.9545
vn 0.9761 -0.1688 -0.1369
vn 0.9577 -0.2603 -0.1225
vn 0.1737 0.8478 -0.5011
vn 0.1743 0.2325 -0.9568
vn 0.0504 -0.5724 -0.8184
vn 0.2819 -0.5620 -0.7776
vn 0.4546 0.6632 -0.5946
vn 0.2564 -0.9443 -0.2064
vn -0.9600 -0.0009 -0.2799
vn -0.9735 -0.0614 0.2205
vn 0.9571 -0.1677 0.2364
vn 0.1669 -0.9719 -0.1661
vn 0.7175 0.6942 -0.0571
vn -0.9342 -0.0758 -0.3485
vn 0.6324 0.0449 0.7733
vn 0.7387 0.5064 0.4448
vn 0.5910 0.6639 0.4583
vn -0.1111 -0.1800 0.9774
vn -0.4069 0.5862 -0.7006
vn -0.1438 0.8998 -0.4118
vn 0.7434 0.2669 0.6133
vn 0.7927 0.3677 0.4863
vn 0.8373 0.2651 0.4783
vn 0.6941 0.3744 0.6149
vn 0.0078 -0.0570 -0.9983
vn -0.1494 -0.0796 -0.9856
vn -0.2319 -0.0227 -0.9725
vn 0.3534 -0.9291 -0.1092
vn -0.2380 0.0847 -0.9676
vn 0.8658 -0.0923 -0.4919
vn 0.9047 0.0136 -0.4258
vn 0.7981 -0.0501 -0.6005
vn -0.3580 0.0204 -0.9335
vn 0.8173 0.5062 0.2752
vn -0.3504 -0.0845 -0.9328
vn -0.7294 -0.3772 -0.5707
vn -0.5441 0.6946 -0.4706
vn 0.7140 -0.0324 0.6994
vn 0.8003 0.0849 0.5936
vn 0.7905 0.0018 0.6125
vn -0.8366 0.0575 0.5448
vn 0.8656 0.3655 0.3422
vn 0.9139 0.2626 0.3097
vn 0.9190 0.3661 0.1466
vn -0.1452 -0.1734 -0.9741
vn 0.6808 -0.0973 0.7260
vn -0.4735 0.7990 -0.3706
vn -0.7395 -0.2651 -0.6188
vn -0.7384 0.6425 -0.2047
vn 0.9568 0.2672 0.1147
vn -0.8763 -0.0431 -0.4798
vn -0.7411 -0.1769 -0.6477
vn 0.8258 -0.1763 0.5356
vn 0.1594 0.9759 0.1489
vn -0.5754 0.6914 -0.4368
vn -0.9936 0.0300 -0.1093
vn 0.6704 -0.0884 -0.7367
vn -0.6864 0.5566 -0.4681
vn 0.8590 -0.0819 0.5055
vn -0.4493 0.8437 0.2937
vn -0.6076 0.6798 0.4106
vn -0.8485 -0.1584 -0.5049
vn -0.7907 0.4119 -0.4528
vn -0.8627 0.4983 -0.0867
vn 0.7014 0.1680 0.6927
vn 0.8267 0.1698 0.5364
vn -0.8324 0.2885 -0.4732
vn 0.9228 0.1655 0.3478
vn 0.0022 -0.0586 0.9983
vn -0.1350 0.0097 0.9908
vn -0.1783 -0.0849 0.9803
vn -0.3501 -0.1717 -0.9208
vn -0.9497 0.3009 -0.0863
vn -0.3224 -0.8344 0.4470
vn -0.8191 0.5233 0.2349
vn 0.5546 -0.8309 -0.0454
vn -0.6862 0.6907 0.2281
vn -0.8428 -0.2671 -0.4673
vn -0.8181 -0.3729 -0.4378
vn 0.8630 0.0072 0.5051
vn 0.2180 0.8932 0.3933
vn -0.7484 -0.1672 0.6419
vn -0.1567 -0.2744 0.9488
vn -0.1285 -0.3888 0.9123
vn 0.0777 -0.2769 0.9577
vn -0.2513 -0.9316 0.2625
vn -0.1299 -0.1781 0.9754
vn 0.9266 -0.0564 0.3719
vn 0.9218 0.0607 0.3829
vn -0.8055 -0.2701 0.5275
vn -0.0323 -0.9297 -0.3670
vn 0.7135 0.0286 -0.7001
vn 0.9674 -0.2530 0.0057
vn 0.2037 -0.7475 0.6322
vn 0.9747 -0.0753 0.2106
vn 0.9586 -0.0061 0.2846
vn 0.9820 0.0505 0.1818
vn 0.6001 0.3852 -0.7010
vn 0.6269 0.5238 -0.5767
vn 0.4981 0.5229 -0.6918
vn -0.9697 -0.0835 -0.2297
vn -0.9841 -0.1552 -0.0869
vn -0.9503 -0.2179 -0.2225
vn -0.9643 -0.2598 -0.0522
vn 0.2994 0.9481 -0.1072
vn 0.2085 0.9773 0.0388
vn 0.2398 0.9700 0.0391
vn -0.9895 0.0088 0.1444
vn 0.1101 0.7645 0.6352
vn 0.0278 -0.3881 0.9212
vn -0.9143 -0.2133 -0.3443
vn -0.8883 -0.3540 -0.2927
vn -0.2594 -0.5274 0.8091
vn 0.4719 0.8689 -0.1496
vn 0.4231 0.8665 -0.2648
vn -0.6581 -0.6784 -0.3266
vn 0.6681 0.6456 0.3698
vn -0.0921 0.8846 0.4573
vn 0.5636 0.6967 -0.4438
vn 0.6487 0.6897 -0.3217
vn 0.9520 -0.2625 0.1572
vn 0.0354 -0.6169 0.7862
vn 0.8926 -0.2618 -0.3670
vn -0.7049 -0.6967 -0.1332
vn -0.8020 -0.4895 -0.3424
vn -0.1578 0.7477 0.6450
vn 0.6947 0.3915 -0.6034
vn 0.1044 0.5546 0.8255
vn 0.5240 -0.7087 0.4724
vn -0.1175 0.6195 0.7761
vn -0.2658 0.4314 0.8621
vn -0.4716 -0.8804 -0.0490
vn -0.6730 0.6866 -0.2750
vn -0.0522 0.3725 0.9266
vn 0.3878 -0.8198 0.4213
vn 0.3145 0.6994 -0.6418
vn -0.9460 0.0704 0.3165
vn 0.5165 -0.8504 0.1001
vn -0.8961 -0.3414 -0.2835
vn 0.2154 0.3087 0.9264
vn 0.1599 -0.9371 0.3102
vn 0.0503 -0.9721 0.2292
vn -0.3557 0.7793 0.5159
vn -0.5036 0.0309 -0.8634
vn 0.3411 -0.2695 0.9006
vn -0.3929 0.5902 0.7052
vn -0.1680 -0.6759 0.7176
vn -0.5974 0.6154 0.5141
vn 0.3228 0.9021 -0.2863
vn 0.3054 0.8752 -0.3753
vn 0.6061 -0.2738 -0.7468
vn -0.5686 0.3979 0.7199
vn -0.5398 0.8385 0.0743
vn -0.4708 0.8488 0.2408
vn -0.8836 0.4681 -0.0088
vn -0.8638 0.4680 0.1865
vn -0.8169 0.4771 0.3241
vn -0.7302 0.4679 0.4978
vn -0.4690 -0.0642 -0.8808
vn -0.5529 -0.1741 -0.8149
vn -0.5788 -0.0635 -0.8130
vn 0.9752 0.1583 0.1548
vn 0.6340 0.6513 0.4169
vn -0.9493 -0.3145 0.0000
vn 0.5955 -0.1712 0.7849
vn 0.4138 -0.1707 0.8942
vn 0.7296 0.6460 0.2244
vn 0.7629 0.6396 0.0942
vn -0.7237 0.6900 -0.0085
vn -0.6299 -0.7766 0.0040
vn -0.9778 0.0778 0.1943
vn -0.2099 -0.9769 0.0413
vn -0.8283 0.0813 0.5543
vn -0.9209 0.0782 0.3818
vn -0.8762 -0.3170 0.3630
vn -0.9299 -0.3176 0.1855
vn 0.7958 0.6017 -0.0682
vn -0.5844 -0.7758 0.2379
vn 0.2182 -0.1768 0.9598
vn -0.6793 0.7182 -0.1511
vn 0.7004 0.6757 0.2298
vn 0.6818 0.6534 0.3291
vn 0.8575 0.5093 -0.0729
vn -0.6280 -0.7682 0.1247
vn -0.2189 -0.6762 0.7035
vn -0.3869 -0.7176 -0.5791
vn -0.8620 -0.5057 0.0342
vn -0.8525 -0.4997 -0.1534
vn 0.8335 0.5074 -0.2184
vn 0.8977 0.3702 -0.2391
vn -0.6362 -0.4358 -0.6367
vn -0.4999 -0.4367 -0.7480
vn -0.3587 0.8618 -0.3587
vn -0.7045 0.0830 -0.7048
vn -0.5535 0.0828 -0.8287
vn -0.4932 -0.7165 -0.4934
vn 0.6691 0.6855 -0.2871
vn 0.5886 0.6872 -0.4259
vn 0.7646 0.5061 -0.3990
vn -0.7771 0.4192 0.4694
vn 0.3641 0.8608 -0.3556
vn -0.9127 0.2869 0.2909
vn -0.7304 -0.3841 -0.5648
vn -0.0763 0.8171 0.5714
vn 0.0384 0.9571 0.2872
vn -0.7326 0.2666 0.6263
vn -0.4817 0.1984 0.8536
vn -0.9021 -0.2739 0.3335
vn -0.8289 0.0837 -0.5531
vn -0.4219 0.8618 -0.2818
vn -0.5871 0.5573 -0.5871
vn -0.9548 -0.2560 0.1513
vn -0.8206 0.0539 -0.5689
vn -0.8807 0.0012 -0.4737
vn -0.8683 0.0854 -0.4887
vn -0.8315 -0.0645 -0.5517
vn -0.7737 0.0103 -0.6335
vn -0.2231 -0.3664 -0.9033
vn -0.4480 -0.4943 -0.7450
vn -0.2076 -0.4891 -0.8472
vn 0.7837 -0.3271 0.5280
vn 0.4516 0.7092 -0.5414
vn 0.3868 0.5320 -0.7532
vn -0.9283 -0.3530 -0.1167
vn 0.2236 -0.2675 -0.9373
vn -0.8831 -0.0840 -0.4616
vn 0.4750 0.3843 -0.7917
vn -0.7759 -0.0891 -0.6246
vn -0.6166 0.6791 -0.3984
vn 0.1556 -0.9326 -0.3257
vn 0.8060 0.3748 -0.4582
vn -0.8314 -0.0241 -0.5552
vn -0.5470 -0.3649 -0.7534
vn -0.5416 0.7593 -0.3608
vn -0.9236 -0.0240 -0.3826
vn -0.9826 -0.1685 -0.0787
vn -0.9634 -0.2639 -0.0475
vn -0.3179 0.5219 -0.7916
vn 0.9846 0.0492 -0.1678
vn -0.3180 -0.6470 -0.6930
vn -0.3700 0.3867 -0.8447
vn -0.1361 0.6917 -0.7093
vn -0.1184 0.5231 -0.8440
vn 0.7360 -0.2571 -0.6262
vn 0.0185 -0.4983 -0.8668
vn 0.2693 -0.9448 -0.1866
vn -0.6947 0.6734 -0.2527
vn -0.8147 0.5068 -0.2819
vn -0.3121 0.2680 -0.9115
vn -0.9316 -0.0623 -0.3581
vn -0.1872 0.3862 -0.9032
vn -0.8677 -0.4812 -0.1251
vn -0.6109 0.6968 -0.3758
vn -0.3981 0.8712 -0.2873
vn -0.6726 0.6762 -0.3007
vn -0.8592 0.5072 -0.0679
vn 0.8527 -0.1654 0.4955
vn -0.0155 0.9643 0.2645
vn 0.2089 -0.9174 -0.3387
vn -0.2247 0.8347 0.5028
vn 0.2741 -0.9272 -0.2554
vn -0.3708 0.7038 0.6059
vn -0.2539 0.6905 0.6774
vn -0.4383 0.5238 0.7304
vn 0.2685 -0.6318 0.7271
vn 0.9178 -0.2012 0.3422
vn 0.9448 -0.0933 0.3140
vn 0.8643 -0.2620 0.4294
vn -0.3268 0.3861 0.8626
vn -0.2946 0.5265 0.7975
vn -0.5123 0.3809 0.7697
vn -0.9307 -0.1673 -0.3254
vn -0.1088 0.6936 0.7121
vn -0.0397 0.6986 -0.7144
vn 0.1462 0.6798 -0.7187
vn -0.1479 0.5273 0.8367
vn -0.1379 0.3875 0.9115
vn -0.9153 0.3730 -0.1521
vn -0.9731 -0.0607 -0.2222
vn -0.9543 0.0154 -0.2985
vn -0.9272 0.3716 0.0470
vn 0.9799 -0.0460 0.1941
vn -0.8161 -0.5582 0.1495
vn 0.9783 -0.0775 0.1924
vn 0.1841 0.3871 -0.9035
vn 0.0868 0.5215 -0.8488
vn 0.0149 0.3811 -0.9244
vn 0.9388 -0.0370 0.3424
vn -0.7863 0.5128 -0.3447
vn -0.9217 -0.2657 -0.2827
vn -0.7708 0.2649 -0.5795
vn 0.9533 -0.2143 0.2130
vn -0.2799 -0.2660 -0.9224
vn -0.5257 -0.2577 -0.8107
vn -0.8997 0.3740 0.2250
vn 0.2744 -0.9297 -0.2457
vn -0.7855 0.3784 -0.4898
vn -0.0652 0.0485 0.9967
vn -0.2351 0.1007 0.9667
vn 0.6941 -0.2679 -0.6681
vn -0.7071 0.6833 -0.1821
vn -0.2242 0.1651 -0.9605
vn -0.0630 0.2735 -0.9598
vn 0.9933 -0.0792 0.0843
vn -0.8480 0.3773 -0.3722
vn -0.2594 -0.9634 -0.0672
vn -0.2523 -0.9675 -0.0189
vn -0.8315 -0.4360 -0.3443
vn -0.1940 -0.9745 0.1131
vn -0.6018 0.7588 -0.2493
vn -0.8214 -0.1713 -0.5440
vn 0.7186 0.6831 0.1301
vn -0.7631 -0.5568 0.3282
vn -0.8534 0.2656 -0.4485
vn -0.9069 0.2645 -0.3279
vn -0.1709 0.0542 -0.9838
vn 0.8472 -0.2686 -0.4583
vn -0.7442 0.6679 0.0101
vn -0.7344 0.6744 -0.0762
vn -0.8306 0.3788 0.4083
vn -0.8736 0.2648 0.4083
vn 0.8583 0.0255 0.5125
vn 0.3298 -0.9337 -0.1394
vn 0.3144 0.0077 0.9492
vn -0.2497 -0.9590 -0.1338
vn -0.0528 0.1723 -0.9836
vn -0.8527 0.1653 -0.4956
vn -0.9074 0.1671 -0.3856
vn -0.8613 0.0768 0.5022
vn 0.0756 -0.3674 -0.9270
vn 0.2578 -0.5195 0.8147
vn 0.2163 -0.7094 0.6709
vn 0.0807 -0.5305 0.8438
vn 0.0856 -0.6901 0.7186
vn -0.7915 0.0776 0.6062
vn 0.3561 -0.3855 0.8512
vn -0.7478 -0.4371 -0.4998
vn -0.5791 -0.7178 -0.3866
vn 0.9425 -0.1686 -0.2886
vn -0.9293 0.0784 -0.3609
vn -0.1648 -0.9725 -0.1643
vn -0.8326 -0.2699 -0.4836
vn 0.1793 0.2689 -0.9463
vn -0.6392 -0.1980 0.7431
vn -0.5263 -0.8280 0.1935
vn -0.3362 0.4632 0.8200
vn -0.1866 0.4674 0.8641
vn -0.0633 0.8238 0.5634
vn 0.9422 -0.1633 0.2925
vn -0.2083 0.8399 0.5012
vn 0.0085 0.4698 0.8827
vn 0.0028 -0.8005 0.5993
vn -0.1015 -0.8545 0.5095
vn -0.0962 -0.1894 0.9772
vn 0.0960 -0.8736 0.4771
vn -0.9207 0.0826 -0.3815
vn -0.9775 0.0824 -0.1944
vn -0.3000 0.8316 0.4674
vn -0.6435 -0.7174 -0.2667
vn 0.3199 0.2658 -0.9094
vn 0.3528 0.3811 -0.8546
vn 0.6659 -0.5187 0.5362
vn 0.8383 -0.3798 0.3911
vn 0.7307 -0.5117 0.4519
vn -0.1685 -0.3624 0.9167
vn -0.0063 -0.3534 0.9354
vn -0.1985 0.0677 0.9778
vn 0.0004 0.0828 0.9966
vn -0.2433 -0.7822 0.5736
vn -0.0457 -0.9728 0.2269
vn -0.0943 -0.7714 0.6293
vn 0.6024 -0.6912 0.3992
vn -0.3797 0.0769 0.9219
vn -0.9965 0.0830 0.0000
vn -0.3633 -0.3134 0.8774
vn 0.8837 -0.1686 0.4366
vn 0.3523 -0.8746 0.3331
vn 0.9169 -0.2661 0.2975
vn -0.0351 -0.3890 -0.9205
vn -0.9043 -0.0626 -0.4223
vn -0.0712 -0.9712 -0.2276
vn -0.8849 0.0212 -0.4653
vn 0.0696 -0.5229 -0.8496
vn 0.2662 0.5192 -0.8121
vn 0.2996 -0.5251 -0.7966
vn -0.7071 -0.0056 -0.7071
vn -0.6748 -0.2988 -0.6748
vn -0.0013 -0.2632 -0.9647
vn 0.2215 0.0615 0.9732
vn -0.9503 0.1657 -0.2637
vn 0.2096 -0.1079 0.9718
vn -0.9728 0.0677 -0.2214
vn -0.0175 0.0826 -0.9964
vn 0.1750 0.1700 -0.9698
vn 0.6654 0.4447 -0.5996
vn 0.3995 0.1673 -0.9013
vn 0.7880 -0.5206 0.3286
vn 0.6949 0.6979 -0.1734
vn 0.8923 -0.3716 0.2565
vn -0.8241 -0.0725 -0.5617
vn 0.4228 0.9057 -0.0302
vn 0.6769 -0.6822 0.2764
vn -0.5042 -0.0195 0.8634
vn -0.2172 -0.3925 -0.8937
vn 0.8125 0.0824 -0.5770
vn -0.7037 -0.0898 0.7048
vn -0.4836 -0.0913 0.8705
vn 0.8009 -0.1722 0.5736
vn 0.4124 -0.8729 0.2606
vn 0.3264 0.8263 -0.4590
vn 0.1799 0.9009 -0.3949
vn 0.2828 -0.6818 -0.6747
vn -0.1224 -0.5163 -0.8476
vn 0.3381 0.6838 -0.6466
vn 0.4795 0.6965 -0.5338
vn 0.5411 0.7596 0.3608
vn 0.1606 0.6665 0.7280
vn -0.4833 -0.1644 -0.8599
vn -0.3819 0.8192 0.4278
vn 0.0291 -0.0232 0.9993
vn 0.6313 -0.1733 0.7559
vn 0.8707 -0.2609 0.4170
vn 0.3199 -0.1738 0.9314
vn 0.8314 -0.0241 0.5552
vn 0.4612 0.7581 0.4610
vn 0.7478 -0.4371 0.4998
vn 0.9207 0.0826 0.3815
vn -0.7721 -0.0207 -0.6352
vn -0.7149 -0.0830 -0.6943
vn 0.4219 0.8618 0.2818
vn 0.6435 -0.7174 0.2667
vn -0.7008 -0.0646 -0.7104
vn -0.7953 -0.0065 -0.6062
vn 0.5791 -0.7178 0.3866
vn -0.1287 0.9542 0.2699
vn -0.0498 -0.9661 -0.2533
vn -0.4861 0.6867 0.5405
vn -0.4831 0.8659 0.1299
vn -0.2164 0.9703 -0.1086
vn 0.1351 0.8373 -0.5298
vn -0.0592 0.9226 -0.3812
vn -0.9059 0.0673 -0.4180
vn -0.5787 0.5191 0.6290
vn -0.6950 0.5094 0.5075
vn -0.7463 -0.1682 -0.6441
vn -0.7456 -0.2492 -0.6181
vn 0.4518 -0.2778 0.8478
vn 0.5057 0.8626 0.0093
vn -0.9964 0.0424 -0.0737
vn -0.9351 0.1382 -0.3262
vn -0.9394 0.1490 0.3088
vn 0.5072 -0.8438 -0.1754
vn 0.3915 -0.8054 -0.4449
vn -0.9579 0.2626 -0.1156
vn -0.3167 0.9467 0.0587
vn -0.4583 0.8485 0.2646
vn 0.7742 -0.2779 0.5687
vn -0.0189 -0.9722 -0.2335
vn 0.9733 -0.0700 -0.2184
vn -0.8644 0.4734 -0.1695
vn 0.9983 -0.0553 0.0201
vn 0.9941 -0.0485 -0.0970
vn 0.0031 -0.9710 -0.2392
vn -0.8200 0.0659 -0.5685
vn 0.6778 -0.2663 0.6853
vn -0.7441 0.0780 -0.6635
vn -0.7982 0.4920 0.3475
vn -0.9883 0.1463 -0.0442
vn -0.9979 -0.0293 -0.0581
vn -0.9809 -0.0796 0.1777
vn -0.7206 0.4958 0.4847
vn -0.3973 -0.3906 -0.8304
vn 0.8543 -0.2634 0.4481
vn -0.5478 -0.7111 0.4408
vn 0.1046 -0.6835 -0.7224
vn 0.4061 0.5220 -0.7501
vn 0.1925 -0.0538 0.9798
vn 0.1053 0.0254 0.9941
vn -0.3004 -0.5301 -0.7929
vn -0.0623 -0.8786 -0.4736
vn 0.1627 -0.9267 -0.3387
vn 0.0405 -0.1745 0.9838
vn -0.3187 -0.6467 0.6930
vn -0.1540 -0.6473 0.7466
vn -0.5092 -0.6082 0.6090
vn -0.1364 -0.9746 0.1778
vn -0.5988 0.2742 0.7524
vn -0.5002 0.1676 0.8495
vn 0.9380 -0.2698 -0.2177
vn -0.3162 0.1726 0.9329
vn -0.9726 -0.2168 -0.0835
vn -0.9963 -0.0570 0.0638
vn -0.9972 -0.0571 -0.0485
vn -0.6021 0.6956 0.3919
vn 0.0856 -0.9552 -0.2832
vn 0.4768 -0.5191 -0.7094
vn 0.4762 -0.0559 0.8776
vn 0.3417 -0.0786 0.9365
vn -0.9809 -0.0432 0.1898
vn 0.9858 -0.0760 0.1499
vn -0.3111 0.8978 0.3116
vn -0.2204 0.1850 0.9577
vn 0.0120 0.1784 0.9839
vn 0.5422 0.3804 -0.7492
vn 0.4896 0.2666 -0.8302
vn 0.9860 -0.1652 0.0208
vn 0.5494 0.5063 -0.6647
vn 0.9628 -0.2262 0.1480
vn -0.0636 -0.0033 0.9980
vn 0.0096 -0.9108 -0.4128
vn -0.0038 0.6856 0.7280
vn -0.9840 -0.0800 -0.1594
vn 0.0547 -0.9035 -0.4250
vn -0.9483 -0.1688 -0.2687
vn -0.3554 0.0082 0.9347
vn -0.3897 -0.7495 0.5352
vn -0.4919 -0.1288 0.8611
vn -0.2183 -0.1165 0.9689
vn 0.9791 -0.1660 -0.1179
vn -0.7564 0.1335 0.6403
vn 0.7069 0.1640 -0.6880
vn 0.7760 0.2638 -0.5729
vn 0.6455 0.2651 -0.7163
vn 0.5149 -0.8094 -0.2822
vn 0.8683 -0.0749 0.4903
vn 0.6834 0.3794 -0.6237
vn -0.3166 -0.2759 -0.9076
vn -0.5456 -0.2636 -0.7955
vn 0.5777 0.1650 -0.7994
vn -0.8777 -0.0561 0.4760
vn 0.4294 -0.6900 -0.5827
vn -0.7029 0.6712 0.2354
vn -0.6329 0.0030 0.7742
vn -0.7412 -0.1376 0.6570
vn 0.7715 -0.1648 0.6145
vn -0.3848 0.6740 0.6305
vn -0.9920 0.0758 0.1006
vn -0.9984 0.0495 -0.0268
vn 0.6564 0.5148 -0.5514
vn -0.1667 -0.9838 -0.0658
vn -0.7379 -0.0751 -0.6707
vn 0.9630 -0.2689 -0.0175
vn -0.6691 -0.7367 0.0979
vn -0.1421 -0.9118 -0.3853
vn -0.6741 -0.6287 0.3877
vn 0.7677 -0.0533 0.6386
vn 0.6181 -0.1395 0.7737
vn -0.4986 -0.0143 -0.8667
vn -0.5929 -0.0531 -0.8035
vn 0.9324 0.3594 -0.0394
vn 0.9769 0.2114 -0.0308
vn -0.6716 -0.1710 -0.7209
vn -0.1939 0.6692 0.7174
vn 0.5063 0.0692 0.8596
vn 0.5864 -0.0456 0.8087
vn 0.9485 0.2585 -0.1832
vn -0.0710 -0.9008 -0.4284
vn -0.4302 -0.0848 -0.8987
vn 0.3648 0.0204 0.9308
vn -0.5751 0.6736 0.4642
vn 0.3612 0.7590 0.5417
vn -0.2572 -0.9358 0.2412
vn -0.9857 0.0183 -0.1675
vn 0.8289 0.0837 0.5531
vn 0.7045 0.0830 0.7048
vn 0.4932 -0.7165 0.4934
vn 0.6362 -0.4358 0.6367
vn 0.3587 0.8618 0.3587
vn 0.4707 0.7464 0.4704
vn 0.0323 -0.6687 0.7428
vn -0.1135 0.1768 0.9777
vn 0.7068 -0.0260 0.7069
vn 0.5554 -0.0250 0.8312
vn 0.9684 0.1539 -0.1962
vn 0.6795 -0.0675 0.7306
vn 0.1511 -0.6818 0.7158
vn 0.3032 -0.6925 0.6546
vn 0.0490 -0.9737 0.2226
vn -0.0003 -0.9869 -0.1610
vn -0.2942 0.0650 -0.9535
vn -0.2675 -0.0838 0.9599
vn 0.1917 0.0827 0.9780
vn 0.3782 0.0926 0.9211
vn 0.8845 0.2585 -0.3884
vn 0.3441 -0.4369 0.8311
vn 0.2817 0.8619 0.4217
vn 0.4999 -0.4367 0.7480
vn 0.3869 -0.7176 0.5791
vn 0.2668 -0.7170 0.6440
vn -0.7828 0.0451 -0.6206
vn -0.6407 0.0957 -0.7618
vn 0.5075 -0.1784 0.8430
vn 0.4198 -0.0433 0.9066
vn 0.5535 0.0828 0.8288
vn -0.1081 -0.9467 -0.3034
vn 0.8993 0.1611 -0.4065
vn 0.8128 0.1603 -0.5601
vn 0.1945 0.0832 0.9774
vn -0.0000 0.0831 0.9965
vn 0.3815 0.0833 0.9206
vn 0.1022 -0.1685 -0.9804
vn 0.5458 0.0121 0.8378
vn -0.9811 -0.1715 0.0898
vn 0.9599 0.0455 -0.2765
vn 0.0288 0.0797 0.9964
vn 0.9107 0.0454 -0.4105
vn -0.0904 -0.2736 -0.9576
vn 0.4516 -0.2669 0.8514
vn 0.9981 -0.0337 0.0523
vn 0.9952 -0.0632 -0.0753
vn 0.9958 -0.0742 0.0533
vn -0.3324 -0.9276 0.1706
vn -0.2539 -0.9455 0.2036
vn -0.1793 -0.1615 -0.9704
vn 0.9883 -0.1516 -0.0144
vn 0.9923 -0.0794 -0.0948
vn 0.0830 -0.0860 0.9928
vn -0.6026 -0.7297 0.3232
vn -0.6400 -0.6885 0.3411
vn -0.4914 -0.7924 0.3615
vn -0.7684 -0.1259 0.6274
vn -0.6718 -0.5997 0.4348
vn -0.9979 -0.0496 0.0421
vn -0.9745 -0.2008 0.1001
vn -0.6611 0.2593 0.7040
vn -0.8122 0.1486 0.5641
vn -0.7043 -0.2606 0.6603
vn -0.0236 -0.0740 -0.9970
vn -0.2356 -0.0742 -0.9690
vn -0.3486 -0.6705 0.6549
vn -0.3203 -0.7288 0.6052
vn -0.6207 -0.0275 0.7836
vn -0.5143 0.2377 0.8240
vn -0.3961 -0.8083 0.4357
vn -0.4503 -0.0685 -0.8902
vn -0.5303 -0.2496 0.8102
vn -0.9597 -0.2521 0.1239
vn 0.1674 -0.9612 0.2191
vn -0.3473 -0.9320 0.1033
vn -0.9785 -0.1617 -0.1277
vn 0.9876 0.0787 -0.1359
vn -0.6543 -0.1648 -0.7381
vn -0.9622 -0.2579 -0.0870
vn 0.1919 0.9368 -0.2927
vn 0.2389 0.8645 -0.4423
vn -0.7086 -0.2691 -0.6523
vn 0.9985 0.0509 0.0184
vn 0.1405 0.8556 -0.4982
vn 0.3618 -0.9247 -0.1188
vn 0.9800 0.0285 -0.1969
vn 0.9968 0.0678 -0.0423
vn 0.4494 -0.8798 -0.1552
vn 0.7605 0.0613 0.6464
vn -0.9941 -0.0734 -0.0804
vn -0.8789 -0.0914 0.4682
vn 0.1065 0.7037 -0.7025
vn -0.9856 -0.0537 0.1603
vn 0.1949 -0.9325 0.3041
vn -0.4061 -0.8729 0.2704
vn -0.7450 -0.3878 0.5428
vn -0.4021 0.8291 0.3885
vn -0.6325 0.4474 0.6323
vn -0.6741 0.7297 0.1148
vn -0.4104 -0.8233 0.3922
vn -0.3083 -0.8314 0.4623
vn -0.9326 -0.3505 0.0862
vn -0.8350 -0.5068 0.2144
vn -0.4926 0.4604 0.7385
vn 0.9825 -0.0059 0.1860
vn -0.8874 -0.3639 0.2831
vn 0.2952 0.9554 -0.0131
vn 0.2621 0.8085 0.5270
vn 0.1042 -0.9173 0.3842
vn -0.4932 -0.1704 -0.8531
vn 0.1488 0.5376 -0.8299
vn -0.5418 -0.2709 -0.7956
vn 0.9214 -0.1664 -0.3512
vn 0.8234 -0.0716 -0.5629
vn -0.8573 -0.1612 0.4889
vn 0.9958 -0.0079 -0.0915
vn 0.9745 -0.0584 -0.2167
vn -0.4504 -0.7759 0.4417
vn -0.6881 -0.2293 0.6885
vn -0.5268 -0.7687 0.3627
vn 0.7995 0.0582 -0.5978
vn 0.9032 0.0197 -0.4287
vn -0.8349 -0.1714 0.5230
vn -0.6365 -0.1647 0.7535
vn -0.0042 0.5325 -0.8464
vn -0.3507 -0.7690 0.5344
vn -0.8600 -0.2676 0.4345
vn -0.7757 -0.2699 0.5704
vn -0.9527 -0.1378 0.2710
vn -0.7888 -0.3217 0.5238
vn 0.2948 -0.9297 0.2210
vn -0.5241 -0.3193 0.7896
vn -0.5538 0.0830 0.8285
vn 0.3234 -0.9350 0.1457
vn -0.6210 -0.6067 0.4963
vn 0.6514 0.0280 0.7582
vn 0.4226 -0.9063 0.0009
vn -0.9474 -0.2553 0.1927
vn -0.7562 0.2682 0.5968
vn 0.2331 -0.9458 0.2260
vn -0.9666 -0.0765 0.2447
vn -0.4024 -0.1725 0.8991
vn -0.0452 0.7046 -0.7082
vn 0.0258 0.8750 -0.4834
vn 0.8860 -0.0679 -0.4587
vn -0.1806 0.7099 -0.6807
vn 0.9618 -0.1595 -0.2224
vn -0.2033 0.5236 -0.8273
vn -0.3422 -0.2757 -0.8983
vn -0.2625 0.3924 -0.8815
vn 0.4310 -0.9023 -0.0082
vn -0.6829 0.1696 0.7106
vn 0.9298 -0.2483 -0.2716
vn 0.8806 -0.1644 -0.4443
vn 0.9358 -0.0627 -0.3469
vn -0.3336 0.5260 -0.7823
vn 0.9909 -0.1241 -0.0512
vn -0.5663 -0.8215 0.0670
vn -0.6417 -0.7645 -0.0616
vn -0.9948 -0.0408 0.0932
vn 0.2134 -0.0583 -0.9752
vn -0.9697 -0.2444 -0.0034
vn -0.5515 -0.8341 -0.0092
vn -0.8963 -0.3875 0.2158
vn -0.9412 0.3365 -0.0290
vn -0.8094 -0.3647 0.4603
vn -0.8959 -0.2548 0.3639
vn -0.6534 -0.7320 0.1931
vn -0.7632 -0.5979 0.2449
vn -0.9564 0.1923 0.2198
vn -0.7012 -0.6823 0.2067
vn -0.4800 -0.8720 0.0961
vn -0.9054 -0.2580 0.3372
vn -0.8791 0.2796 0.3861
vn -0.9346 -0.1707 0.3121
vn -0.9213 -0.0290 0.3878
vn -0.6568 0.7266 0.2016
vn -0.9628 -0.0127 0.2700
vn 0.6473 -0.2671 0.7139
vn 0.0660 -0.9629 -0.2618
vn -0.6916 0.0229 -0.7219
vn -0.0266 -0.8291 0.5584
vn 0.0715 -0.6857 0.7244
vn -0.1025 -0.0974 0.9900
vn 0.0091 -0.5823 0.8129
vn -0.0590 -0.1768 0.9825
vn -0.6889 0.7249 -0.0031
vn 0.0671 -0.7299 0.6803
vn 0.1498 -0.5811 0.7999
vn -0.0365 0.0454 -0.9983
vn 0.7294 0.6836 0.0254
vn -0.9971 -0.0764 0.0044
vn 0.3954 -0.9120 0.1093
vn 0.3204 -0.9429 0.0908
vn 0.0053 0.1125 0.9936
vn -0.2007 0.1580 0.9668
vn -0.1849 -0.3188 0.9296
vn -0.3583 0.0213 -0.9334
vn 0.0740 -0.9560 0.2838
vn -0.1443 -0.8392 0.5244
vn 0.7081 0.6997 -0.0953
vn -0.3133 -0.0491 0.9484
vn -0.4007 0.1901 0.8963
vn -0.2816 -0.1744 -0.9435
vn -0.9346 -0.1674 0.3138
vn -0.2337 -0.8009 0.5513
vn 0.9323 -0.0771 -0.3534
vn -0.8899 -0.1574 0.4282
vn 0.8462 0.0303 -0.5321
vn 0.9575 0.0222 -0.2875
vn 0.1964 -0.2739 0.9415
vn 0.1792 -0.3957 0.9007
vn 0.6718 0.0538 0.7387
vn -0.2620 -0.9289 0.2618
vn -0.9137 -0.2662 0.3072
vn 0.6929 -0.0734 0.7173
vn 0.3931 0.3863 0.8344
vn 0.4611 0.2711 0.8449
vn 0.5232 0.3823 0.7616
vn 0.6880 0.7028 -0.1807
vn 0.0167 0.9998 0.0085
vn -0.1815 -0.9318 0.3144
vn -0.2850 -0.0537 -0.9570
vn 0.2702 0.5278 0.8052
vn 0.2144 -0.9239 0.3170
vn 0.1169 -0.2722 -0.9551
vn 0.3079 -0.9215 0.2369
vn 0.2064 0.3881 0.8982
vn 0.3189 -0.1675 0.9329
vn 0.2409 -0.2677 0.9329
vn 0.1998 0.8151 -0.5438
vn 0.5510 0.6719 -0.4949
vn 0.3082 0.8307 -0.4635
vn 0.3160 0.2738 0.9084
vn 0.0233 0.9292 -0.3689
vn -0.1095 -0.2849 -0.9523
vn 0.3411 -0.9133 0.2224
vn 0.3887 0.9090 0.1504
vn 0.9884 -0.0446 -0.1455
vn 0.4108 0.6750 -0.6129
vn -0.7147 -0.6964 -0.0655
vn -0.6026 0.0177 -0.7979
vn 0.2377 0.1767 0.9551
vn 0.5184 0.1714 0.8378
vn -0.9813 -0.1647 0.0996
vn -0.1734 -0.7085 -0.6841
vn -0.3500 -0.4762 -0.8067
vn 0.1825 0.9246 -0.3345
vn -0.0798 0.9562 -0.2816
vn -0.2118 0.9485 -0.2356
vn 0.4589 0.0508 0.8870
vn 0.5747 0.0739 0.8150
vn 0.4835 -0.2768 -0.8305
vn 0.3295 -0.2675 -0.9055
vn 0.5900 -0.0512 0.8058
vn 0.9681 0.0603 -0.2431
vn -0.4226 0.8922 -0.1592
vn 0.3809 0.1735 0.9082
vn -0.7529 -0.0471 -0.6564
vn -0.6659 -0.0733 -0.7424
vn -0.8481 -0.0713 -0.5249
vn 0.1421 -0.3883 0.9105
vn 0.7657 -0.1619 0.6225
vn -0.9142 -0.1700 -0.3678
vn 0.3563 0.0143 -0.9343
vn -0.1560 -0.0683 -0.9854
vn -0.4176 -0.2796 0.8645
vn -0.4044 0.9137 -0.0408
vn -0.5201 0.8541 0.0044
vn -0.2529 -0.3679 -0.8948
vn 0.1574 -0.9254 0.3448
vn -0.9274 -0.2695 -0.2595
vn -0.7043 0.6818 0.1978
vn -0.7230 0.6907 0.0101
vn 0.0526 -0.0042 -0.9986
vn -0.0028 -0.0767 -0.9970
vn 0.7181 -0.0537 0.6939
vn -0.4258 -0.2794 -0.8606
vn -0.5704 -0.7105 -0.4120
vn -0.4724 -0.8203 -0.3224
vn 0.4163 0.8185 -0.3959
vn -0.5472 0.4971 -0.6734
vn -0.6354 0.3638 -0.6811
vn -0.4438 0.3669 -0.8176
vn -0.2221 0.0685 0.9726
vn -0.3118 0.0220 0.9499
vn 0.1462 -0.9204 0.3626
vn -0.0196 -0.2670 0.9635
vn 0.0886 -0.1624 0.9827
vn -0.7210 -0.1669 -0.6726
vn 0.1390 0.0696 -0.9878
vn -0.0446 0.0264 0.9987
vn 0.3250 0.0554 -0.9441
vn -0.1557 -0.0549 0.9863
vn -0.0822 -0.2777 0.9571
vn 0.9380 -0.2598 0.2296
vn 0.9743 -0.2118 0.0772
vn 0.8217 -0.0233 0.5695
vn 0.7775 -0.1702 -0.6054
vn 0.3300 0.0689 0.9415
vn -0.9182 0.0516 -0.3928
vn 0.9394 -0.0315 0.3412
vn 0.9218 -0.1682 0.3494
vn -0.4248 0.6652 -0.6141
vn -0.9771 -0.0571 -0.2051
vn -0.3584 0.8351 -0.4172
vn 0.0826 -0.9286 0.3617
vn 0.7000 -0.1690 0.6939
vn -0.6095 -0.7603 -0.2246
vn 0.8514 -0.1654 0.4977
vn -0.1776 0.6656 -0.7249
vn 0.8823 -0.0402 0.4690
vn 0.4771 -0.0704 0.8760
vn 0.3974 -0.8789 0.2638
vn -0.6483 0.0266 0.7609
vn -0.8398 -0.0167 -0.5426
vn -0.0743 -0.3944 0.9159
vn -0.5690 0.0446 0.8211
vn 0.0004 -0.9630 0.2696
vn 0.8385 -0.2631 -0.4772
vn -0.0990 -0.9391 0.3291
vn -0.5480 -0.1744 -0.8181
vn -0.5165 -0.0455 -0.8551
vn -0.4293 -0.1674 -0.8875
vn -0.8860 -0.1689 -0.4318
vn -0.9479 -0.1634 -0.2735
vn 0.1703 -0.0588 -0.9836
vn -0.1413 -0.1717 0.9750
vn -0.6166 -0.0381 -0.7864
vn 0.8884 -0.3579 0.2874
vn -0.8022 -0.1618 -0.5747
vn -0.6975 -0.1789 -0.6939
vn -0.5161 -0.2759 0.8109
vn -0.1822 -0.9298 0.3197
vn -0.3162 -0.1771 0.9320
vn 0.3472 -0.0500 0.9365
vn 0.4320 -0.1711 0.8855
vn -0.1987 -0.2239 -0.9542
vn -0.2946 -0.2272 -0.9282
vn -0.3875 -0.0777 -0.9186
vn -0.3299 0.9383 0.1038
vn 0.1593 -0.1323 0.9783
vn 0.6023 -0.2653 -0.7529
vn 0.1308 -0.8996 0.4168
vn -0.3365 0.9028 -0.2677
vn -0.0123 -0.9807 0.1952
vn 0.6619 0.0480 0.7480
vn -0.1084 -0.1732 -0.9789
vn -0.0198 -0.0825 0.9964
vn 0.1087 -0.0341 0.9935
vn -0.2325 0.8583 0.4574
vn 0.2476 -0.0434 0.9679
vn 0.5738 -0.1679 0.8016
vn -0.8116 -0.2756 -0.5151
vn -0.7299 -0.2560 -0.6338
vn 0.2693 -0.9461 0.1801
vn 0.0544 -0.1708 -0.9838
vn 0.0872 -0.9687 -0.2322
vn -0.3269 0.9186 0.2221
vn -0.3258 -0.8116 -0.4850
vn -0.8640 -0.0334 0.5024
vn 0.5480 -0.2758 0.7897
vn -0.1277 -0.8874 0.4429
vn -0.0465 -0.9151 0.4006
vn -0.1426 0.6939 0.7058
vn -0.0524 0.5299 0.8464
vn -0.3268 0.9437 -0.0522
vn -0.2116 0.9204 -0.3288
vn 0.4376 -0.2700 0.8576
vn 0.1026 -0.9659 -0.2376
vn -0.7190 -0.1296 0.6828
vn -0.0389 -0.8170 -0.5754
vn -0.9176 -0.2665 -0.2950
vn -0.3645 0.8544 0.3704
vn 0.0086 -0.9008 0.4341
vn 0.0323 -0.9715 0.2347
vn -0.3148 0.4995 -0.8071
vn 0.1770 -0.9838 0.0277
vn 0.2714 -0.9571 0.1017
vn 0.7647 0.0535 -0.6421
vn 0.3827 0.8632 0.3292
vn 0.3850 0.6839 0.6198
vn 0.2197 0.6964 0.6832
vn -0.5409 0.7597 0.3609
vn 0.1316 -0.7554 -0.6419
vn -0.9618 -0.2649 0.0684
vn 0.0719 -0.8492 -0.5231
vn -0.3614 0.7589 0.5417
vn -0.4617 0.7575 0.4614
vn 0.3323 -0.0750 -0.9402
vn -0.9969 -0.0778 0.0111
vn 0.7944 -0.6027 -0.0747
vn 0.7870 -0.6154 0.0444
vn 0.8596 -0.5082 0.0537
vn 0.7626 -0.6427 -0.0738
vn -0.2793 -0.0828 0.9566
vn 0.7543 -0.6547 0.0489
vn 0.9680 0.1695 0.1852
vn 0.9453 0.3254 -0.0233
vn -0.5357 0.2650 -0.8018
vn 0.5339 0.6839 0.4972
vn 0.5564 0.5101 0.6559
vn 0.5651 -0.8144 0.1320
vn 0.5059 0.7919 0.3420
vn 0.9776 0.0145 0.2099
vn -0.4133 0.0256 -0.9103
vn 0.9697 -0.2444 0.0034
vn 0.9481 -0.2490 0.1975
vn 0.9269 0.0492 0.3722
vn 0.9236 0.0066 0.3832
vn 0.2627 -0.1683 -0.9501
vn -0.3255 0.2660 -0.9074
vn -0.2278 0.3724 -0.8997
vn 0.9781 -0.1962 0.0700
vn 0.5508 0.8268 0.1137
vn 0.5515 0.8341 -0.0128
vn 0.5012 0.8384 0.2143
vn 0.9863 0.0702 -0.1493
vn 0.8880 0.4598 0.0000
vn 0.9967 0.0808 -0.0000
vn 0.5452 -0.8312 0.1087
vn 0.5551 -0.8008 0.2249
vn 0.5514 -0.8342 0.0086
vn 0.8707 0.4604 0.1732
vn 0.8196 0.4613 0.3397
vn 0.7391 0.4689 0.4836
vn 0.9778 0.0778 0.1943
vn 0.9493 -0.3145 0.0000
vn 0.6299 -0.7766 0.0040
vn 0.9209 0.0782 0.3818
vn 0.8762 -0.3170 0.3630
vn 0.8282 0.0811 0.5546
vn 0.9299 -0.3176 0.1855
vn 0.6280 -0.7682 0.1247
vn 0.5844 -0.7758 0.2379
vn 0.1939 -0.9745 0.1127
vn -0.1592 0.8106 -0.5635
vn 0.6667 -0.7350 0.1236
vn 0.7257 -0.1812 0.6637
vn 0.4654 0.3695 0.8043
vn 0.9986 -0.0527 0.0106
vn -0.6041 0.0096 -0.7968
vn 0.9971 -0.0552 -0.0521
vn -0.0997 0.5200 -0.8483
vn 0.0956 0.5056 -0.8574
vn -0.9864 -0.0809 0.1434
vn 0.5346 0.1679 -0.8283
vn -0.9438 -0.1669 0.2853
vn 0.6094 0.2648 -0.7473
vn -0.9749 -0.1667 0.1478
vn -0.7571 0.6424 0.1189
vn -0.5697 -0.0735 -0.8186
vn 0.9870 -0.0530 -0.1517
vn 0.9693 -0.0559 -0.2394
vn 0.9966 -0.0645 0.0506
vn -0.9798 -0.1625 -0.1167
vn 0.0767 0.6753 -0.7335
vn 0.0253 0.8162 -0.5772
vn 0.9409 0.0006 -0.3388
vn -0.7317 0.6434 0.2251
vn 0.2288 -0.8237 -0.5187
vn 0.6612 0.0718 -0.7468
vn -0.0316 0.3745 -0.9267
vn 0.2970 0.5119 -0.8060
vn 0.0698 0.3857 0.9200
vn -0.2789 0.7023 0.6549
vn -0.2487 0.5275 0.8123
vn -0.8921 -0.1742 0.4168
vn -0.1480 0.3871 0.9101
vn -0.0161 0.2737 0.9617
vn 0.9080 -0.0378 -0.4172
vn 0.8409 0.0202 -0.5408
vn 0.1757 -0.9764 0.1253
vn 0.9695 -0.0481 0.2402
vn -0.4140 0.8815 0.2272
vn 0.8437 -0.0785 -0.5311
vn -0.7135 -0.1760 0.6782
vn -0.8109 -0.1712 0.5596
vn 0.6255 -0.7251 0.2882
vn 0.8984 -0.0100 0.4390
vn 0.7151 0.6720 -0.1924
vn 0.6736 0.6629 -0.3267
vn -0.7879 -0.2594 0.5584
vn -0.4257 0.6958 0.5785
vn 0.2283 -0.9687 0.0978
vn 0.8411 0.4952 -0.2176
vn 0.9277 0.3654 -0.0763
vn 0.8873 0.3593 -0.2892
vn -0.4347 0.5257 0.7312
vn 0.7617 0.4962 -0.4166
vn -0.3859 0.3880 0.8369
vn 0.9601 0.2601 -0.1028
vn -0.6648 -0.2703 0.6964
vn 0.3612 -0.9201 0.1518
vn -0.4619 0.8568 -0.2294
vn -0.7128 0.6900 -0.1257
vn -0.7478 -0.4371 0.4998
vn -0.8314 -0.0243 0.5552
vn -0.8315 -0.4360 0.3443
vn 0.9413 0.2362 -0.2414
vn 0.9651 0.2312 0.1234
vn 0.9104 -0.0886 0.4042
vn -0.6834 -0.7173 0.1359
vn -0.9775 0.0824 0.1944
vn -0.9125 -0.1691 -0.3726
vn -0.9207 0.0826 0.3815
vn -0.4219 0.8618 0.2818
vn -0.8090 -0.1701 -0.5627
vn -0.6435 -0.7174 0.2667
vn -0.8561 0.5114 -0.0745
vn -0.8289 0.0837 0.5531
vn -0.5791 -0.7178 0.3866
vn -0.7045 0.0830 0.7048
vn 0.0749 -0.2681 0.9605
vn -0.3219 0.9430 -0.0841
vn -0.5854 -0.3907 -0.7103
vn -0.0934 0.9273 -0.3626
vn -0.8371 -0.2678 -0.4770
vn 0.2612 0.6719 -0.6931
vn 0.8346 0.1475 -0.5308
vn 0.6243 0.3718 -0.6870
vn 0.6214 0.5019 -0.6016
vn 0.4769 0.5086 -0.7169
vn -0.7192 -0.2656 -0.6421
vn 0.2201 -0.9618 -0.1627
vn 0.2204 -0.9694 -0.1079
vn 0.7828 0.3637 -0.5049
vn 0.8239 0.1203 0.5539
vn 0.7881 -0.3158 0.5284
vn 0.8362 0.0380 0.5471
vn 0.4863 -0.8094 0.3291
vn 0.5627 -0.7906 0.2415
vn 0.1568 -0.9860 -0.0573
vn 0.3333 -0.7771 0.5339
vn 0.3976 -0.8138 0.4239
vn -0.4997 0.8470 0.1817
vn 0.6993 0.0296 0.7142
vn 0.7313 0.0431 0.6807
vn 0.5477 0.1047 0.8301
vn 0.5255 -0.3189 0.7888
vn 0.9866 0.1619 0.0191
vn 0.4222 -0.8016 0.4233
vn 0.4320 -0.8548 0.2875
vn 0.4267 0.8318 0.3550
vn -0.8523 0.5129 0.1025
vn 0.6177 0.4627 0.6359
vn 0.7893 -0.3205 0.5238
vn 0.6869 -0.2255 0.6909
vn 0.4494 -0.7757 0.4430
vn 0.5269 -0.7695 0.3610
vn -0.3926 -0.2743 0.8778
vn 0.3453 -0.6797 0.6472
vn 0.5664 0.2148 0.7957
vn 0.3106 -0.0289 0.9501
vn 0.4030 0.1218 0.9070
vn 0.2494 0.8511 0.4620
vn 0.5025 0.4665 0.7279
vn 0.3472 -0.9378 -0.0097
vn 0.2258 -0.9729 -0.0490
vn 0.2873 -0.8556 0.4306
vn 0.2251 -0.8028 0.5522
vn 0.5535 0.0832 0.8287
vn 0.1124 0.8554 0.5056
vn 0.2775 -0.9603 0.0293
vn 0.1748 0.4470 0.8773
vn 0.3299 0.4704 0.8185
vn 0.9557 0.1514 -0.2525
vn 0.9857 0.1641 0.0379
vn 0.1365 -0.9746 0.1778
vn 0.3512 -0.7688 0.5344
vn 0.2440 -0.7812 0.5746
vn 0.5243 -0.3198 0.7892
vn -0.6436 0.6920 0.3269
vn -0.5395 0.6965 0.4731
vn 0.1905 -0.2155 0.9577
vn 0.3651 -0.3195 0.8744
vn 0.3814 0.0824 0.9207
vn 0.0987 -0.7658 0.6354
vn 0.2305 -0.9729 -0.0197
vn 0.5438 -0.7216 0.4285
vn -0.5814 0.5210 0.6249
vn -0.5717 -0.2678 0.7756
vn 0.6445 0.0848 0.7599
vn 0.7499 0.0189 0.6613
vn -0.5543 -0.2700 -0.7873
vn -0.5554 -0.0251 0.8312
vn -0.4999 -0.4367 0.7480
vn -0.1945 0.0832 0.9774
vn -0.2668 -0.7170 0.6440
vn -0.3587 0.8618 0.3587
vn -0.3869 -0.7176 0.5791
vn -0.4932 -0.7165 0.4934
vn -0.3815 0.0833 0.9206
vn -0.5535 0.0828 0.8288
vn -0.2817 0.8619 0.4217
vn 0.4047 -0.6959 0.5933
vn -0.7068 -0.0264 0.7069
vn -0.6362 -0.4358 0.6367
vn -0.5871 0.5573 0.5871
vn 0.4089 -0.8243 -0.3916
vn 0.6611 0.2593 -0.7040
vn 0.5143 0.2377 -0.8240
vn 0.7704 -0.3001 -0.5625
vn 0.8122 0.1486 -0.5641
vn 0.7043 -0.2606 -0.6603
vn 0.6379 -0.2420 -0.7311
vn 0.8109 -0.2845 -0.5113
vn 0.6471 -0.7057 -0.2886
vn 0.5303 -0.2496 -0.8102
vn 0.3672 -0.7158 -0.5939
vn 0.6291 0.4499 -0.6339
vn 0.5023 0.4679 -0.7271
vn -0.6781 -0.1657 -0.7160
vn 0.6715 -0.5997 -0.4352
vn 0.9127 -0.3649 -0.1840
vn 0.8838 0.2536 -0.3932
vn 0.9054 -0.2580 -0.3372
vn 0.9527 0.2426 -0.1831
vn 0.8184 -0.5348 -0.2104
vn 0.7450 -0.3878 -0.5428
vn 0.4062 -0.8726 -0.2713
vn 0.5277 -0.8269 -0.1941
vn 0.7300 0.4689 -0.4973
vn 0.8963 -0.3875 -0.2158
vn 0.4802 -0.8720 -0.0952
vn 0.1334 -0.8343 0.5350
vn 0.3441 -0.5059 0.7909
vn 0.1925 0.1552 0.9689
usemtl Default_OBJ
s 1
f 1/1/1 2/2/2 3/3/3
f 3/3/3 4/4/4 5/5/5
f 6/6/6 5/5/5 4/4/4
f 12/7/7 13/8/8 14/9/9
f 12/7/7 14/9/9 15/10/10
f 20/11/11 14/9/9 13/8/8
f 20/11/11 13/8/8 24/12/12
f 26/13/13 27/14/14 28/15/15
f 30/16/16 31/17/17 32/18/18
f 22/19/19 566/20/20 34/21/21
f 18/22/22 17/23/23 618/24/24
f 18/22/22 618/24/24 19/25/25
f 35/26/26 30/16/16 40/27/27
f 41/28/28 42/29/29 43/30/30
f 30/16/16 44/31/31 45/32/32
f 19/25/25 46/33/33 29/34/34
f 35/26/26 44/31/31 30/16/16
f 44/35/31 47/36/35 45/37/32
f 48/38/36 49/39/37 50/40/38
f 51/41/39 52/42/40 53/43/41
f 51/41/39 54/44/42 52/42/40
f 53/43/41 55/45/43 44/31/31
f 7/46/44 50/40/38 49/39/37
f 52/47/40 56/48/45 55/49/43
f 7/46/44 49/39/37 57/50/46
f 52/47/40 55/49/43 53/51/41
f 58/52/47 4585/53/48 59/54/49
f 54/44/42 51/41/39 12/55/7
f 51/41/39 53/43/41 40/27/27
f 59/54/49 4585/53/48 60/56/50
f 54/44/42 12/55/7 15/57/10
f 61/58/51 43/30/30 62/59/52
f 63/60/53 58/52/47 59/54/49
f 47/36/35 44/35/31 55/49/43
f 41/28/28 43/30/30 64/61/54
f 61/58/51 64/61/54 43/30/30
f 55/49/43 56/48/45 79/62/55
f 53/43/41 35/26/26 40/27/27
f 66/63/56 64/64/54 61/65/51
f 53/43/41 44/31/31 35/26/26
f 67/66/57 66/63/56 61/65/51
f 65/67/58 59/54/49 68/68/59
f 70/69/60 71/70/61 72/71/62
f 70/69/60 72/71/62 73/72/63
f 72/71/62 76/73/64 73/72/63
f 76/73/64 77/74/65 73/72/63
f 55/49/43 79/62/55 47/36/35
f 78/75/66 460/76/67 79/62/55
f 79/62/55 80/77/68 78/75/66
f 45/37/32 81/78/69 82/79/70
f 82/80/70 30/16/16 45/32/32
f 31/17/17 30/16/16 82/80/70
f 45/37/32 47/36/35 81/78/69
f 84/81/71 128/82/72 88/83/73
f 321/84/74 1513/85/75 338/86/76
f 90/87/77 91/88/78 1701/89/79
f 91/88/78 92/90/80 1701/89/79
f 48/38/36 83/91/81 49/39/37
f 69/92/82 145/93/83 38/94/84
f 96/95/85 97/96/86 98/97/87
f 1513/85/75 321/84/74 90/87/77
f 101/98/88 49/39/37 83/91/81
f 98/97/87 97/96/86 100/99/89
f 43/30/30 42/29/29 104/100/90
f 89/101/91 94/102/92 107/103/93
f 106/104/94 108/105/95 109/106/96
f 110/107/97 111/108/98 104/100/90
f 129/109/99 75/110/100 74/111/101
f 104/100/90 111/108/98 113/112/102
f 75/110/100 114/113/103 115/114/104
f 104/100/90 113/112/102 116/115/105
f 117/116/106 118/117/107 119/118/108
f 102/119/109 117/116/106 119/118/108
f 123/120/110 124/121/111 125/122/112
f 118/117/107 122/123/113 119/118/108
f 120/124/114 121/125/115 106/104/94
f 123/120/110 125/122/112 126/126/116
f 117/127/106 102/128/109 97/129/86
f 113/112/102 111/108/98 123/120/110
f 102/130/109 100/99/89 97/96/86
f 113/112/102 123/120/110 126/126/116
f 43/30/30 104/100/90 116/115/105
f 106/104/94 109/106/96 105/131/117
f 131/132/118 132/133/119 133/134/120
f 130/135/121 129/109/99 74/111/101
f 137/136/122 130/135/121 74/111/101
f 127/137/123 1127/138/124 103/139/125
f 39/140/126 137/136/122 74/111/101
f 128/82/72 103/139/125 1127/138/124
f 39/140/126 140/141/127 137/136/122
f 48/142/36 95/143/128 83/144/81
f 95/143/128 128/82/72 84/81/71
f 84/81/71 83/144/81 95/143/128
f 75/110/100 129/109/99 114/113/103
f 39/140/126 38/94/84 140/141/127
f 128/82/72 95/143/128 143/145/129
f 144/146/130 95/143/128 48/142/36
f 38/94/84 145/93/83 140/141/127
f 125/122/112 147/147/131 126/126/116
f 48/38/36 50/40/38 144/148/130
f 124/121/111 148/149/132 125/122/112
f 148/150/132 149/151/133 150/152/134
f 149/151/133 152/153/135 150/152/134
f 65/67/58 63/60/53 59/54/49
f 153/154/136 125/122/112 148/149/132
f 146/155/137 1389/156/138 154/157/139
f 150/152/134 155/158/140 156/159/141
f 150/152/134 156/159/141 157/160/142
f 158/161/143 159/162/144 160/163/145
f 147/147/131 161/164/146 162/165/147
f 163/166/148 164/167/149 162/165/147
f 164/167/149 126/126/116 162/165/147
f 113/112/102 126/126/116 164/167/149
f 150/152/134 157/160/142 153/168/136
f 148/150/132 150/152/134 153/168/136
f 122/123/113 118/117/107 165/169/150
f 147/147/131 153/154/136 157/170/142
f 165/169/150 166/171/151 122/123/113
f 116/115/105 164/167/149 167/172/152
f 116/115/105 113/112/102 164/167/149
f 162/165/147 126/126/116 147/147/131
f 153/154/136 147/147/131 125/122/112
f 116/115/105 167/172/152 62/59/52
f 62/59/52 43/30/30 116/115/105
f 166/173/151 165/174/150 170/175/153
f 171/176/154 172/177/155 173/178/156
f 174/179/157 175/180/158 176/181/159
f 176/181/159 177/182/160 174/179/157
f 175/183/158 174/184/157 178/185/161
f 179/186/162 72/71/62 178/185/161
f 181/187/163 182/188/164 180/189/165
f 181/187/163 180/189/165 172/190/155
f 181/187/163 172/190/155 171/191/154
f 185/192/166 172/190/155 180/189/165
f 180/189/165 182/188/164 186/193/167
f 32/18/18 182/188/164 181/187/163
f 133/134/120 132/133/119 187/194/168
f 188/195/169 187/194/168 132/133/119
f 9/196/170 184/197/171 183/198/172
f 151/199/173 146/200/137 944/201/174
f 944/201/174 146/200/137 142/202/175
f 183/198/172 135/203/176 189/204/177
f 170/205/153 190/206/178 173/178/156
f 190/206/178 171/176/154 173/178/156
f 191/207/179 20/208/11 170/175/153
f 20/11/11 24/12/12 170/205/153
f 9/196/170 183/198/172 189/204/177
f 173/178/156 192/209/180 170/205/153
f 193/210/181 182/188/164 31/17/17
f 186/193/167 182/188/164 193/210/181
f 193/211/181 194/212/182 186/213/167
f 189/204/177 4472/214/183 9/196/170
f 32/18/18 181/187/163 171/191/154
f 193/210/181 31/17/17 82/80/70
f 32/18/18 31/17/17 182/188/164
f 194/212/182 193/211/181 81/78/69
f 82/79/70 81/78/69 193/211/181
f 195/215/184 189/216/177 196/217/185
f 81/78/69 47/36/35 85/218/186
f 197/219/187 85/220/186 201/221/188
f 178/185/161 174/184/157 202/222/189
f 178/185/161 202/222/189 152/223/135
f 152/223/135 179/186/162 178/185/161
f 152/153/135 149/151/133 179/224/162
f 202/222/189 174/184/157 203/225/190
f 159/162/144 158/161/143 204/226/191
f 1/227/1 3/228/3 177/229/160
f 175/180/158 71/230/61 176/181/159
f 72/71/62 71/70/61 178/185/161
f 178/185/161 71/70/61 175/183/158
f 72/71/62 179/186/162 76/73/64
f 205/231/192 76/232/64 179/224/162
f 205/231/192 179/224/162 149/151/133
f 206/233/193 176/234/159 2/235/2
f 206/233/193 177/229/160 176/234/159
f 177/229/160 206/233/193 1/227/1
f 159/162/144 207/236/194 160/163/145
f 71/230/61 208/237/195 176/181/159
f 209/238/196 174/179/157 177/182/160
f 150/152/134 152/153/135 155/158/140
f 155/158/140 210/239/197 156/159/141
f 209/238/196 203/240/190 174/179/157
f 202/222/189 203/225/190 211/241/198
f 212/242/199 203/225/190 213/243/200
f 211/241/198 203/225/190 212/242/199
f 90/87/77 214/244/201 91/88/78
f 202/222/189 211/241/198 155/245/140
f 152/223/135 202/222/189 155/245/140
f 3/228/3 209/246/196 177/229/160
f 215/247/202 216/248/203 218/249/204
f 218/249/204 219/250/205 215/247/202
f 220/251/206 218/249/204 37/252/207
f 216/248/203 37/252/207 218/249/204
f 220/251/206 221/253/208 218/249/204
f 214/254/201 217/255/209 91/256/78
f 214/254/201 2028/257/210 217/255/209
f 199/258/211 200/259/212 114/113/103
f 129/109/99 199/258/211 114/113/103
f 189/260/177 195/261/184 4472/262/183
f 68/68/59 222/263/213 65/67/58
f 65/67/58 222/263/213 1874/264/214
f 199/258/211 129/109/99 130/135/121
f 114/113/103 224/265/215 115/114/104
f 226/266/216 227/267/217 219/250/205
f 228/268/218 229/269/219 217/255/209
f 217/255/209 229/269/219 93/270/220
f 231/271/221 232/272/222 158/161/143
f 233/273/223 218/249/204 234/274/224
f 224/265/215 114/113/103 200/259/212
f 218/249/204 221/253/208 234/274/224
f 218/249/204 233/273/223 219/250/205
f 217/255/209 93/270/220 91/256/78
f 158/161/143 232/272/222 235/275/225
f 234/274/224 221/253/208 238/276/226
f 238/276/226 239/277/227 234/274/224
f 224/278/215 240/279/228 236/280/229
f 197/281/187 81/78/69 85/218/186
f 241/282/230 242/283/231 243/284/232
f 242/283/231 61/58/51 243/284/232
f 241/282/230 243/284/232 244/285/233
f 245/286/234 244/285/233 243/284/232
f 246/287/235 240/279/228 224/278/215
f 247/288/236 242/289/231 248/290/237
f 242/289/231 241/291/230 248/290/237
f 61/58/51 62/59/52 243/284/232
f 62/59/52 167/172/152 243/284/232
f 242/289/231 67/66/57 61/65/51
f 67/66/57 242/289/231 247/288/236
f 249/292/238 93/270/220 229/269/219
f 253/293/239 240/279/228 246/287/235
f 303/294/240 255/295/241 254/296/242
f 224/265/215 200/259/212 246/297/235
f 91/256/78 93/270/220 92/298/80
f 248/290/237 241/291/230 258/299/243
f 259/300/244 260/301/245 261/302/246
f 4472/262/183 195/261/184 264/303/247
f 259/304/244 241/291/230 260/305/245
f 258/299/243 241/291/230 259/304/244
f 260/305/245 241/291/230 244/306/233
f 262/307/248 261/302/246 260/301/245
f 261/302/246 262/307/248 263/308/249
f 265/309/250 245/286/234 266/310/251
f 163/166/148 266/310/251 245/286/234
f 245/286/234 267/311/252 163/166/148
f 167/172/152 163/166/148 267/311/252
f 164/167/149 163/166/148 167/172/152
f 269/312/253 266/310/251 163/166/148
f 269/312/253 270/313/254 266/310/251
f 269/312/253 163/166/148 271/314/255
f 257/315/256 256/316/257 268/317/258
f 163/166/148 162/165/147 271/314/255
f 267/311/252 245/286/234 243/284/232
f 267/311/252 243/284/232 167/172/152
f 4479/318/259 264/303/247 272/319/260
f 273/320/261 274/321/262 156/159/141
f 256/322/257 275/323/263 276/324/264
f 273/320/261 277/325/265 274/321/262
f 276/324/264 275/323/263 278/326/266
f 273/320/261 210/239/197 277/325/265
f 269/312/253 271/314/255 161/164/146
f 269/312/253 161/164/146 279/327/267
f 271/314/255 162/165/147 161/164/146
f 161/164/146 274/328/262 279/327/267
f 257/329/256 275/330/263 256/331/257
f 161/164/146 147/147/131 274/328/262
f 274/321/262 277/325/265 281/332/268
f 274/328/262 281/333/268 279/327/267
f 157/160/142 156/159/141 274/321/262
f 274/328/262 147/147/131 157/170/142
f 266/310/251 282/334/269 265/309/250
f 266/310/251 270/313/254 282/334/269
f 264/303/247 368/335/270 272/319/260
f 494/336/271 285/337/272 3157/338/273
f 160/163/145 231/271/221 158/161/143
f 286/339/274 230/340/275 287/341/276
f 231/342/221 127/137/123 103/139/125
f 286/339/274 196/217/185 230/340/275
f 103/139/125 237/343/277 232/344/222
f 231/342/221 103/139/125 232/344/222
f 196/217/185 286/339/274 293/345/278
f 288/346/279 194/212/182 290/347/280
f 250/348/281 121/125/115 120/124/114
f 128/82/72 348/349/282 103/139/125
f 128/82/72 143/145/129 348/349/282
f 288/350/279 290/351/280 291/352/283
f 284/353/284 290/347/280 194/212/182
f 290/351/280 284/354/284 292/355/285
f 292/355/285 291/352/283 290/351/280
f 292/355/285 284/354/284 296/356/286
f 144/146/130 364/357/287 95/143/128
f 284/354/284 198/358/288 296/356/286
f 284/353/284 194/212/182 198/359/288
f 364/357/287 143/145/129 95/143/128
f 293/345/278 195/215/184 196/217/185
f 300/360/289 299/361/290 301/362/291
f 297/363/292 141/364/293 295/365/294
f 298/366/295 293/345/278 286/339/274
f 289/367/296 303/368/240 223/369/297
f 281/332/268 277/325/265 304/370/298
f 281/332/268 304/370/298 305/371/299
f 306/372/300 305/371/299 304/370/298
f 279/327/267 305/373/299 307/374/301
f 300/375/289 302/376/302 299/377/290
f 305/378/299 306/379/300 307/380/301
f 307/374/301 270/313/254 279/327/267
f 270/313/254 269/312/253 279/327/267
f 279/327/267 281/333/268 305/373/299
f 260/381/245 244/285/233 265/309/250
f 244/285/233 245/286/234 265/309/250
f 308/382/303 203/240/190 209/238/196
f 156/159/141 210/239/197 273/320/261
f 309/383/304 310/384/305 212/242/199
f 256/316/257 280/385/306 311/386/307
f 212/242/199 213/243/200 309/383/304
f 310/384/305 210/387/197 212/242/199
f 310/384/305 313/388/308 210/387/197
f 213/389/200 308/382/303 309/390/304
f 293/391/278 264/303/247 195/261/184
f 256/316/257 311/386/307 268/317/258
f 313/392/308 277/325/265 210/239/197
f 203/240/190 308/382/303 213/389/200
f 210/387/197 211/241/198 212/242/199
f 155/245/140 211/241/198 210/387/197
f 293/391/278 368/335/270 264/303/247
f 3/228/3 5/393/5 308/394/303
f 308/394/303 209/246/196 3/228/3
f 293/391/278 298/395/295 368/335/270
f 308/394/303 5/393/5 6/396/6
f 309/390/304 314/397/309 315/398/310
f 309/390/304 308/382/303 314/397/309
f 314/399/309 308/394/303 6/396/6
f 304/370/298 316/400/311 317/401/312
f 318/402/313 286/339/274 960/403/314
f 286/339/274 287/341/276 960/403/314
f 319/404/315 326/405/316 312/406/317
f 320/407/318 309/383/304 315/408/310
f 309/383/304 320/407/318 310/384/305
f 313/388/308 310/384/305 320/407/318
f 90/87/77 321/84/74 322/409/319
f 320/407/318 316/410/311 313/388/308
f 313/392/308 316/400/311 304/370/298
f 304/370/298 277/325/265 313/392/308
f 324/411/320 325/412/321 315/398/310
f 325/413/321 327/414/322 315/415/310
f 315/415/310 327/414/322 320/416/318
f 328/417/323 329/418/324 330/419/325
f 328/420/323 315/398/310 314/397/309
f 6/396/6 329/421/324 328/422/323
f 6/396/6 328/422/323 314/399/309
f 141/364/293 294/423/326 295/365/294
f 331/424/327 332/425/328 333/426/329
f 306/372/300 304/370/298 317/401/312
f 323/427/330 298/366/295 318/402/313
f 318/402/313 298/366/295 286/339/274
f 429/428/331 294/423/326 334/429/332
f 301/430/291 299/377/290 302/376/302
f 335/431/333 141/364/293 134/432/334
f 81/78/69 198/359/288 194/212/182
f 198/358/288 197/219/187 336/433/335
f 322/409/319 214/244/201 90/87/77
f 198/359/288 81/78/69 197/281/187
f 7/46/44 341/434/336 50/40/38
f 283/435/337 344/436/338 343/437/339
f 301/362/291 339/438/340 300/360/289
f 50/40/38 341/434/336 345/439/341
f 280/385/306 18/22/22 338/86/76
f 18/22/22 321/84/74 338/86/76
f 311/386/307 280/385/306 338/86/76
f 307/380/301 306/379/300 347/440/342
f 333/426/329 307/441/301 347/442/342
f 333/426/329 347/442/342 350/443/343
f 260/301/245 265/444/250 351/445/344
f 282/446/269 351/445/344 265/444/250
f 262/307/248 260/301/245 351/445/344
f 282/446/269 332/425/328 351/445/344
f 307/441/301 333/426/329 270/447/254
f 282/446/269 270/447/254 333/426/329
f 333/426/329 332/425/328 282/446/269
f 332/425/328 353/448/345 354/449/346
f 331/424/327 353/448/345 332/425/328
f 357/450/347 317/401/312 316/400/311
f 317/401/312 357/450/347 358/451/348
f 359/452/349 325/412/321 324/411/320
f 348/349/282 237/343/277 103/139/125
f 325/413/321 359/453/349 327/414/322
f 359/453/349 362/454/350 327/414/322
f 316/455/311 320/416/318 327/414/322
f 327/414/322 357/456/347 316/455/311
f 327/414/322 362/454/350 357/456/347
f 362/454/350 363/457/351 357/456/347
f 324/411/320 315/398/310 328/420/323
f 328/417/323 330/419/325 324/458/320
f 358/451/348 357/450/347 363/459/351
f 324/411/320 365/460/352 359/452/349
f 130/135/121 137/136/122 4505/461/353
f 323/462/330 368/335/270 298/395/295
f 369/463/354 4505/461/353 137/136/122
f 200/259/212 4481/464/355 246/297/235
f 296/356/286 198/358/288 336/433/335
f 371/465/356 372/466/357 373/467/358
f 4481/464/355 200/259/212 199/258/211
f 374/468/359 368/335/270 323/462/330
f 375/469/360 376/470/361 377/471/362
f 375/469/360 378/472/363 376/470/361
f 368/335/270 379/473/364 272/319/260
f 379/473/364 368/335/270 374/468/359
f 381/474/365 382/475/366 383/476/367
f 385/477/368 382/475/366 381/474/365
f 386/478/369 382/475/366 385/477/368
f 378/472/363 389/479/370 376/470/361
f 364/357/287 348/349/282 143/145/129
f 237/343/277 348/349/282 349/480/371
f 140/141/127 369/463/354 137/136/122
f 391/481/372 388/482/373 380/483/374
f 140/141/127 145/93/83 393/484/375
f 386/485/369 392/486/376 382/487/366
f 392/486/376 394/488/377 382/487/366
f 395/489/378 396/490/379 386/485/369
f 386/485/369 396/490/379 392/486/376
f 391/481/372 464/491/380 388/482/373
f 393/484/375 369/463/354 140/141/127
f 385/492/368 395/489/378 386/485/369
f 169/493/381 397/494/382 393/495/375
f 145/496/83 169/493/381 393/495/375
f 399/497/383 400/498/384 401/499/385
f 402/500/386 403/501/387 400/498/384
f 403/501/387 404/502/388 400/498/384
f 401/503/385 404/504/388 406/505/389
f 407/506/390 408/507/391 409/508/392
f 380/509/374 390/510/393 391/511/372
f 410/512/394 411/513/395 409/508/392
f 410/512/394 382/475/366 413/514/396
f 383/476/367 410/512/394 409/508/392
f 141/364/293 297/363/292 134/432/334
f 414/515/397 407/506/390 409/508/392
f 409/508/392 416/516/398 414/515/397
f 409/508/392 411/513/395 416/516/398
f 134/432/334 337/517/399 139/518/400
f 383/476/367 382/475/366 410/512/394
f 417/519/401 418/520/402 419/521/403
f 418/520/402 406/505/389 419/521/403
f 418/520/402 401/503/385 406/505/389
f 134/432/334 139/518/400 138/522/404
f 422/523/405 423/524/406 424/525/407
f 417/519/401 419/521/403 424/526/407
f 416/516/398 422/523/405 425/527/408
f 425/527/408 414/515/397 416/516/398
f 419/528/403 422/523/405 424/525/407
f 419/528/403 425/527/408 422/523/405
f 109/106/96 139/529/400 105/131/117
f 337/530/399 105/131/117 139/529/400
f 415/531/409 443/532/410 719/533/411
f 426/534/412 417/519/401 427/535/413
f 427/535/413 417/519/401 430/536/414
f 105/131/117 120/124/114 106/104/94
f 431/537/415 430/538/414 423/539/406
f 430/536/414 417/519/401 424/526/407
f 430/540/414 424/525/407 423/524/406
f 410/512/394 413/514/396 411/513/395
f 429/428/331 428/541/416 432/542/417
f 433/543/418 411/513/395 413/514/396
f 435/544/419 432/542/417 428/541/416
f 423/524/406 416/516/398 436/545/420
f 422/523/405 416/516/398 423/524/406
f 436/545/420 416/516/398 411/513/395
f 367/546/421 437/547/422 434/548/423
f 436/545/420 411/513/395 433/543/418
f 382/475/366 394/549/377 413/514/396
f 348/349/282 364/357/287 1905/550/424
f 438/551/425 399/497/383 439/552/426
f 367/546/421 364/357/287 437/547/422
f 297/363/292 337/517/399 134/432/334
f 301/430/291 442/553/427 339/554/340
f 302/376/302 442/553/427 301/430/291
f 300/375/289 440/555/428 302/376/302
f 223/556/297 303/294/240 254/296/242
f 440/555/428 442/553/427 302/376/302
f 421/557/429 939/558/430 443/532/410
f 393/484/375 387/559/431 369/463/354
f 397/494/382 387/560/431 393/495/375
f 397/494/382 405/561/432 387/560/431
f 442/553/427 446/562/433 344/436/338
f 339/554/340 442/553/427 344/436/338
f 343/437/339 344/436/338 448/563/434
f 447/564/435 168/565/436 69/566/82
f 344/436/338 283/435/337 339/554/340
f 447/564/435 449/567/437 168/565/436
f 254/296/242 450/568/438 412/569/439
f 50/40/38 437/570/422 144/148/130
f 364/357/287 144/146/130 437/547/422
f 47/36/35 86/571/440 85/218/186
f 86/572/440 201/573/188 85/574/186
f 437/570/422 50/40/38 345/439/341
f 452/575/441 361/576/442 360/577/443
f 345/439/341 434/578/423 437/570/422
f 434/578/423 345/439/341 4317/579/444
f 4317/579/444 345/439/341 453/580/445
f 355/581/446 356/582/447 361/576/442
f 168/565/436 145/496/83 69/566/82
f 454/583/448 86/572/440 4450/584/449
f 361/576/442 356/582/447 360/577/443
f 449/567/437 456/585/450 168/565/436
f 356/582/447 420/586/451 360/577/443
f 86/572/440 454/583/448 201/573/188
f 168/565/436 169/493/381 145/496/83
f 456/585/450 169/493/381 168/565/436
f 47/36/35 79/62/55 86/571/440
f 456/585/450 606/587/452 169/493/381
f 459/588/453 606/587/452 456/585/450
f 4450/584/449 86/572/440 460/589/67
f 458/590/454 459/588/453 456/585/450
f 457/591/455 462/592/456 455/593/457
f 444/594/458 120/124/114 105/131/117
f 460/76/67 86/571/440 79/62/55
f 415/595/409 466/596/459 465/597/460
f 464/491/380 391/481/372 467/598/461
f 468/599/462 399/497/383 438/551/425
f 2521/600/463 120/124/114 444/594/458
f 399/497/383 469/601/464 470/602/465
f 2521/600/463 444/594/458 471/603/466
f 470/602/465 439/552/426 399/497/383
f 417/519/401 470/604/465 469/605/464
f 468/599/462 400/498/384 399/497/383
f 399/497/383 401/499/385 469/601/464
f 464/491/380 467/598/461 473/606/467
f 474/607/468 475/608/469 476/609/470
f 468/610/462 438/611/425 477/612/471
f 476/609/470 475/608/469 477/613/471
f 478/614/472 477/613/471 475/608/469
f 476/615/470 477/612/471 438/611/425
f 402/500/386 400/498/384 468/599/462
f 469/605/464 418/520/402 417/519/401
f 418/520/402 469/605/464 401/503/385
f 482/616/473 483/617/474 439/552/426
f 388/482/373 435/544/419 428/541/416
f 439/552/426 483/617/474 438/551/425
f 484/618/475 485/619/476 2052/620/477
f 2603/621/478 2052/620/477 485/619/476
f 439/552/426 470/602/465 426/622/412
f 482/616/473 439/552/426 426/622/412
f 470/604/465 417/519/401 426/534/412
f 479/623/479 486/624/480 283/625/337
f 474/607/468 487/626/481 475/608/469
f 476/615/470 483/627/474 474/628/468
f 476/615/470 438/611/425 483/627/474
f 283/625/337 343/629/339 479/623/479
f 488/630/482 489/631/483 490/632/484
f 491/633/485 490/632/484 489/631/483
f 486/624/480 479/623/479 480/634/486
f 488/630/482 378/635/363 489/631/483
f 375/636/360 489/631/483 378/635/363
f 377/637/362 4199/638/487 375/639/360
f 492/640/488 490/632/484 491/633/485
f 492/640/488 491/633/485 493/641/489
f 490/632/484 500/642/490 488/630/482
f 501/643/491 490/632/484 492/640/488
f 497/644/492 494/336/271 3414/645/493
f 501/643/491 500/642/490 490/632/484
f 484/646/475 486/624/480 499/647/494
f 502/648/495 500/642/490 501/643/491
f 499/647/494 485/649/476 484/646/475
f 501/643/491 503/650/496 502/648/495
f 486/624/480 4469/651/497 499/647/494
f 378/635/363 500/642/490 389/652/370
f 378/635/363 488/630/482 500/642/490
f 500/642/490 502/648/495 389/652/370
f 389/652/370 502/648/495 504/653/498
f 507/654/499 508/655/500 509/656/501
f 508/655/500 510/657/502 509/656/501
f 507/654/499 511/658/503 508/655/500
f 510/659/502 512/660/504 509/661/501
f 512/660/504 513/662/505 509/661/501
f 197/219/187 201/221/188 514/663/506
f 3157/338/273 285/337/272 326/405/316
f 392/486/376 508/664/500 394/488/377
f 508/655/500 511/658/503 394/665/377
f 392/486/376 510/659/502 508/664/500
f 396/490/379 512/660/504 392/486/376
f 512/660/504 510/659/502 392/486/376
f 501/643/491 492/640/488 515/666/507
f 515/666/507 503/650/496 501/643/491
f 497/644/492 3414/645/493 496/667/508
f 516/668/509 296/356/286 336/433/335
f 517/669/510 518/670/511 291/352/283
f 291/352/283 292/355/285 517/669/510
f 291/352/283 518/670/511 519/671/512
f 4227/672/513 520/673/514 505/674/515
f 521/675/516 522/676/517 523/677/518
f 524/678/519 525/679/520 523/680/518
f 524/681/519 523/677/518 522/676/517
f 507/654/499 509/656/501 522/676/517
f 509/656/501 524/681/519 522/676/517
f 524/678/519 509/661/501 513/662/505
f 525/679/520 524/678/519 513/662/505
f 527/682/521 528/683/522 529/684/523
f 530/685/524 528/683/522 527/682/521
f 440/555/428 441/686/525 442/553/427
f 533/687/526 507/654/499 522/676/517
f 511/658/503 533/687/526 527/682/521
f 8/688/527 532/689/528 346/690/529
f 527/682/521 529/684/523 511/658/503
f 534/691/530 297/363/292 472/692/531
f 529/684/523 433/693/418 511/658/503
f 433/693/418 413/694/396 511/658/503
f 529/684/523 528/683/522 433/693/418
f 528/683/522 436/695/420 433/693/418
f 511/658/503 507/654/499 533/687/526
f 394/665/377 511/658/503 413/694/396
f 530/685/524 535/696/532 528/683/522
f 431/697/415 536/698/533 537/699/534
f 535/696/532 530/685/524 538/700/535
f 530/685/524 541/701/536 538/700/535
f 295/365/294 540/702/537 472/692/531
f 536/703/533 431/704/415 538/700/535
f 543/705/538 431/697/415 537/699/534
f 431/697/415 543/705/538 427/535/413
f 472/692/531 540/702/537 481/706/539
f 538/700/535 431/704/415 535/696/532
f 535/696/532 423/707/406 436/695/420
f 436/695/420 528/683/522 535/696/532
f 431/697/415 427/535/413 430/536/414
f 535/708/532 431/537/415 423/539/406
f 443/532/410 498/709/540 421/557/429
f 472/692/531 297/363/292 295/365/294
f 544/710/541 527/682/521 533/687/526
f 530/685/524 527/682/521 544/710/541
f 545/711/542 544/710/541 533/687/526
f 538/700/535 541/701/536 546/712/543
f 440/555/428 547/713/544 441/686/525
f 549/714/545 548/715/546 550/716/547
f 549/714/545 550/716/547 1209/717/548
f 550/716/547 1216/718/549 1209/717/548
f 462/592/456 461/719/550 455/593/457
f 552/720/551 344/436/338 446/562/433
f 786/721/552 326/405/316 285/337/272
f 441/686/525 446/562/433 442/553/427
f 197/219/187 514/663/506 336/433/335
f 553/722/553 326/405/316 786/721/552
f 549/714/545 554/723/554 548/715/546
f 552/720/551 448/563/434 344/436/338
f 555/724/555 556/725/556 554/723/554
f 443/532/410 415/531/409 559/726/557
f 449/567/437 458/590/454 456/585/450
f 336/433/335 560/727/558 516/668/509
f 563/728/559 562/729/560 564/730/561
f 565/731/562 563/728/559 564/730/561
f 388/482/373 464/491/380 435/544/419
f 566/20/20 451/732/563 236/280/229
f 236/280/229 451/732/563 115/733/104
f 435/544/419 464/491/380 463/734/564
f 236/280/229 115/733/104 224/278/215
f 445/735/565 571/736/566 572/737/567
f 516/738/509 567/739/568 576/740/569
f 462/592/456 505/674/515 573/741/570
f 352/742/571 566/20/20 236/280/229
f 505/674/515 520/673/514 575/743/572
f 517/669/510 576/744/569 574/745/573
f 296/356/286 516/668/509 576/744/569
f 571/746/566 577/747/574 572/748/567
f 517/669/510 292/355/285 576/744/569
f 292/355/285 296/356/286 576/744/569
f 530/685/524 544/710/541 541/701/536
f 546/712/543 578/749/575 538/700/535
f 533/687/526 522/676/517 545/711/542
f 541/701/536 580/750/576 546/712/543
f 580/750/576 581/751/577 546/712/543
f 578/749/575 546/712/543 581/751/577
f 578/752/575 581/753/577 583/754/578
f 421/557/429 498/709/540 445/755/565
f 236/280/229 240/279/228 352/742/571
f 537/699/534 536/698/533 583/754/578
f 578/752/575 583/754/578 536/698/533
f 445/755/565 498/709/540 582/756/579
f 538/700/535 578/749/575 536/703/533
f 585/757/580 537/699/534 583/754/578
f 579/758/581 532/689/528 531/759/582
f 585/757/580 586/760/583 537/699/534
f 587/761/584 588/762/585 589/763/586
f 588/762/585 590/764/587 591/765/588
f 588/762/585 587/761/584 590/764/587
f 586/766/583 588/762/585 591/765/588
f 586/766/583 585/767/580 588/762/585
f 569/768/589 352/742/571 592/769/590
f 482/770/473 591/765/588 590/764/587
f 586/766/583 591/765/588 482/770/473
f 586/766/583 482/770/473 426/771/412
f 595/772/591 593/773/592 594/774/593
f 34/21/21 566/20/20 569/768/589
f 366/775/594 595/772/591 594/774/593
f 586/760/583 426/534/412 427/535/413
f 596/776/595 371/777/356 597/778/596
f 598/779/597 590/780/587 587/781/584
f 598/779/597 587/781/584 597/782/596
f 483/627/474 590/780/587 598/779/597
f 586/760/583 543/705/538 537/699/534
f 1999/783/598 584/784/599 562/729/560
f 483/785/474 482/770/473 590/764/587
f 427/535/413 543/705/538 586/760/583
f 598/786/597 597/778/596 371/777/356
f 373/787/358 598/786/597 371/777/356
f 474/628/468 483/627/474 598/779/597
f 598/786/597 373/787/358 487/788/481
f 474/789/468 598/786/597 487/788/481
f 599/790/600 587/781/584 600/791/601
f 599/790/600 597/782/596 587/781/584
f 585/757/580 583/754/578 601/792/602
f 589/763/586 600/793/601 587/761/584
f 589/763/586 588/762/585 585/767/580
f 601/794/602 589/763/586 585/767/580
f 602/795/603 603/796/604 531/759/582
f 352/742/571 569/768/589 566/20/20
f 602/795/603 531/759/582 532/689/528
f 599/797/600 596/776/595 597/778/596
f 532/689/528 8/688/527 602/795/603
f 599/790/600 600/791/601 604/798/605
f 599/797/600 604/799/605 596/776/595
f 607/800/606 554/723/554 556/725/556
f 596/776/595 604/799/605 605/801/607
f 397/494/382 606/587/452 608/802/608
f 397/494/382 608/802/608 405/561/432
f 608/802/608 606/587/452 3182/803/609
f 607/800/606 548/715/546 554/723/554
f 581/751/577 580/750/576 350/443/343
f 581/751/577 350/443/343 609/804/610
f 581/753/577 358/451/348 610/805/611
f 606/587/452 397/494/382 169/493/381
f 610/805/611 583/754/578 581/753/577
f 610/805/611 611/806/612 583/754/578
f 544/710/541 612/807/613 541/701/536
f 613/808/614 545/711/542 522/676/517
f 521/675/516 613/808/614 522/676/517
f 545/711/542 612/807/613 544/710/541
f 613/808/614 612/807/613 545/711/542
f 580/750/576 541/701/536 614/809/615
f 541/701/536 612/807/613 614/809/615
f 365/460/352 617/810/616 359/452/349
f 617/811/616 619/812/617 362/454/350
f 571/746/566 582/813/579 620/814/618
f 618/24/24 17/23/23 16/815/619
f 362/454/350 359/453/349 617/811/616
f 593/773/592 622/816/620 594/774/593
f 604/798/605 600/791/601 617/810/616
f 571/746/566 445/817/565 582/813/579
f 619/812/617 589/763/586 601/794/602
f 365/460/352 604/798/605 617/810/616
f 600/793/601 589/763/586 619/812/617
f 619/812/617 617/811/616 600/793/601
f 619/812/617 601/794/602 611/818/612
f 611/818/612 363/457/351 619/812/617
f 601/792/602 583/754/578 611/806/612
f 610/805/611 363/459/351 611/806/612
f 610/805/611 358/451/348 363/459/351
f 619/812/617 363/457/351 362/454/350
f 622/816/620 623/819/621 4473/820/622
f 624/821/623 625/822/624 626/823/625
f 627/824/626 465/597/460 183/825/172
f 622/816/620 4473/820/622 594/774/593
f 628/826/627 372/466/357 626/823/625
f 629/827/628 624/821/623 626/823/625
f 630/828/629 629/827/628 626/823/625
f 631/829/630 632/830/631 626/823/625
f 632/830/631 630/828/629 626/823/625
f 625/822/624 628/826/627 626/823/625
f 4/4/4 3/3/3 633/831/632
f 633/831/632 3/3/3 634/832/633
f 634/832/633 3/3/3 635/833/634
f 635/833/634 3/3/3 2/2/2
f 206/834/193 2/2/2 1/1/1
f 605/835/607 626/823/625 372/466/357
f 636/836/635 475/837/469 372/466/357
f 637/838/636 475/837/469 636/836/635
f 618/24/24 1859/839/637 19/25/25
f 487/840/481 372/466/357 475/837/469
f 475/837/469 637/838/636 638/841/638
f 638/841/638 478/842/472 475/837/469
f 373/467/358 372/466/357 487/840/481
f 639/843/639 631/829/630 626/823/625
f 329/844/324 6/6/6 4/4/4
f 330/845/325 329/844/324 4/4/4
f 605/835/607 372/466/357 596/846/595
f 596/846/595 372/466/357 371/465/356
f 4/4/4 639/843/639 626/823/625
f 330/845/325 4/4/4 626/823/625
f 642/847/640 643/848/641 644/849/642
f 641/850/643 645/851/644 640/852/645
f 415/531/409 465/853/460 627/854/626
f 627/854/626 559/726/557 415/531/409
f 646/855/646 647/856/647 648/857/648
f 649/858/649 640/852/645 645/851/644
f 650/859/650 443/532/410 568/860/651
f 498/709/540 443/532/410 650/859/650
f 568/860/651 443/532/410 559/726/557
f 645/851/644 641/850/643 651/861/652
f 361/576/442 595/772/591 366/775/594
f 640/852/645 653/862/653 641/850/643
f 652/863/654 602/795/603 8/688/527
f 640/852/645 654/864/655 653/862/653
f 655/865/656 656/866/657 640/852/645
f 640/852/645 656/866/657 654/864/655
f 657/867/658 658/868/659 659/869/660
f 632/870/631 662/871/661 630/872/629
f 562/729/560 660/873/662 564/730/561
f 644/849/642 664/874/663 665/875/664
f 663/876/665 517/669/510 574/745/573
f 518/670/511 517/669/510 663/876/665
f 667/877/666 663/878/665 574/879/573
f 651/861/652 641/850/643 666/880/667
f 666/880/667 641/850/643 661/881/668
f 664/882/663 668/883/669 669/884/670
f 562/729/560 616/885/671 660/873/662
f 648/857/648 668/886/669 643/887/641
f 668/886/669 664/888/663 643/887/641
f 644/849/642 643/848/641 664/874/663
f 584/784/599 671/889/672 562/729/560
f 673/890/673 648/857/648 643/887/641
f 562/729/560 671/889/672 616/885/671
f 674/891/674 675/892/675 665/875/664
f 665/875/664 664/874/663 677/893/676
f 678/894/677 677/895/676 669/884/670
f 678/894/677 674/896/674 677/895/676
f 677/893/676 674/891/674 665/875/664
f 664/882/663 669/884/670 677/895/676
f 429/428/331 679/897/678 428/541/416
f 553/722/553 4385/898/679 312/406/317
f 680/899/680 681/900/681 682/901/682
f 683/902/683 644/849/642 665/875/664
f 684/903/684 685/904/685 681/900/681
f 684/903/684 681/900/681 680/899/680
f 686/905/686 441/686/525 687/906/687
f 681/907/681 685/908/685 689/909/688
f 681/907/681 689/909/688 690/910/689
f 691/911/690 689/909/688 658/868/659
f 312/406/317 326/405/316 553/722/553
f 683/912/683 690/910/689 689/909/688
f 691/911/690 683/912/683 689/909/688
f 691/913/690 644/849/642 683/902/683
f 625/914/624 624/915/623 680/916/680
f 625/914/624 680/916/680 682/917/682
f 691/911/690 658/868/659 657/867/658
f 691/913/690 657/918/658 642/847/640
f 642/847/640 644/849/642 691/913/690
f 692/919/691 685/904/685 684/903/684
f 685/908/685 692/920/691 689/909/688
f 692/920/691 658/868/659 689/909/688
f 567/739/568 574/879/573 576/740/569
f 630/872/629 684/921/684 629/922/628
f 680/916/680 624/915/623 629/922/628
f 684/921/684 680/916/680 629/922/628
f 662/923/661 692/919/691 684/903/684
f 630/872/629 662/871/661 684/921/684
f 693/924/692 628/925/627 625/926/624
f 682/901/682 694/927/693 693/928/692
f 694/927/693 682/901/682 681/900/681
f 661/881/668 641/850/643 653/862/653
f 694/929/693 681/907/681 690/910/689
f 690/910/689 695/930/694 694/929/693
f 653/862/653 654/864/655 696/931/695
f 8/688/527 57/50/46 652/863/654
f 255/295/241 450/568/438 254/296/242
f 7/46/44 57/50/46 8/688/527
f 697/932/696 698/933/697 699/934/698
f 700/935/699 428/541/416 679/897/678
f 704/936/700 695/930/694 690/910/689
f 683/912/683 704/936/700 690/910/689
f 704/937/700 665/875/664 675/892/675
f 665/875/664 704/937/700 683/902/683
f 682/938/682 693/924/692 625/926/624
f 452/575/441 595/772/591 361/576/442
f 642/847/640 657/918/658 705/939/701
f 184/940/171 706/941/702 698/933/697
f 184/940/171 698/933/697 800/942/703
f 703/943/704 398/944/705 390/510/393
f 646/855/646 648/857/648 673/890/673
f 567/739/568 667/877/666 574/879/573
f 380/509/374 703/943/704 390/510/393
f 642/847/640 705/939/701 673/945/673
f 642/847/640 673/945/673 643/848/641
f 673/945/673 705/939/701 709/946/706
f 558/947/707 667/948/666 567/949/568
f 398/944/705 707/950/708 922/951/709
f 673/890/673 710/952/710 646/855/646
f 673/945/673 709/946/706 711/953/711
f 673/890/673 711/954/711 710/952/710
f 922/951/709 707/950/708 712/955/712
f 713/956/713 714/957/714 715/958/715
f 702/959/716 717/960/717 701/961/718
f 715/958/715 718/962/719 709/946/706
f 466/596/459 719/963/411 716/964/720
f 716/965/720 201/221/188 466/966/459
f 710/952/710 711/954/711 720/967/721
f 711/953/711 709/946/706 718/962/719
f 718/968/719 720/967/721 711/954/711
f 721/969/722 709/946/706 722/970/723
f 723/971/724 724/972/725 659/869/660
f 724/972/725 725/973/726 659/869/660
f 657/867/658 659/869/660 726/974/727
f 722/975/723 659/869/660 725/973/726
f 722/975/723 726/974/727 659/869/660
f 722/970/723 709/946/706 726/976/727
f 716/965/720 514/663/506 201/221/188
f 727/977/728 724/978/725 723/979/724
f 723/971/724 659/869/660 658/868/659
f 727/977/728 730/980/729 724/978/725
f 466/596/459 201/573/188 454/583/448
f 631/981/630 730/982/729 727/983/728
f 632/870/631 631/981/630 727/983/728
f 255/295/241 303/294/240 450/568/438
f 662/923/661 727/977/728 723/979/724
f 514/663/506 716/965/720 729/984/730
f 692/919/691 662/923/661 723/979/724
f 723/971/724 658/868/659 692/920/691
f 657/918/658 726/976/727 705/939/701
f 726/976/727 709/946/706 705/939/701
f 727/983/728 662/871/661 632/870/631
f 49/39/37 101/98/88 57/50/46
f 733/985/731 734/986/732 735/987/733
f 486/624/480 480/634/486 732/988/734
f 486/624/480 732/988/734 4469/651/497
f 734/986/732 159/162/144 736/989/735
f 159/162/144 1545/990/736 207/236/194
f 735/987/733 734/986/732 736/989/735
f 848/991/737 2436/992/738 565/993/562
f 737/994/739 731/995/740 701/961/718
f 343/629/339 448/996/434 738/997/741
f 343/629/339 480/634/486 479/623/479
f 343/629/339 739/998/742 480/634/486
f 743/999/743 737/994/739 688/1000/744
f 579/758/581 740/1001/745 741/1002/746
f 388/482/373 428/541/416 700/935/699
f 560/727/558 336/433/335 514/663/506
f 741/1002/746 532/689/528 579/758/581
f 737/994/739 743/999/743 731/995/740
f 342/1003/747 346/690/529 741/1002/746
f 532/689/528 741/1002/746 346/690/529
f 341/434/336 346/690/529 342/1003/747
f 495/1004/748 494/336/271 497/644/492
f 701/961/718 717/960/717 676/1005/749
f 494/336/271 495/1004/748 285/337/272
f 552/720/551 738/1006/741 448/563/434
f 746/1007/750 730/980/729 747/1008/751
f 721/969/722 715/958/715 709/946/706
f 755/1009/752 303/294/240 289/1010/296
f 746/1007/750 724/978/725 730/980/729
f 748/1011/753 749/1012/754 756/1013/755
f 750/1014/756 725/973/726 746/1015/750
f 728/1016/757 749/1012/754 748/1011/753
f 721/1017/722 725/973/726 750/1014/756
f 746/1015/750 725/973/726 724/972/725
f 721/1017/722 722/975/723 725/973/726
f 631/981/630 747/1018/751 730/982/729
f 747/1018/751 631/981/630 639/1019/639
f 746/1007/750 747/1008/751 751/1020/758
f 560/727/558 514/663/506 729/984/730
f 700/935/699 380/483/374 388/482/373
f 714/957/714 713/956/713 752/1021/759
f 728/1016/757 748/1011/753 858/1022/760
f 753/1023/761 754/1024/762 720/967/721
f 552/720/551 446/562/433 757/1025/763
f 753/1026/761 714/957/714 752/1021/759
f 715/958/715 714/957/714 753/1026/761
f 753/1026/761 752/1021/759 758/1027/764
f 753/1026/761 718/962/719 715/958/715
f 753/1023/761 758/1028/764 759/1029/765
f 759/1029/765 754/1024/762 753/1023/761
f 720/967/721 718/968/719 753/1023/761
f 742/1030/766 380/483/374 700/935/699
f 765/1031/767 762/1032/768 744/1033/769
f 183/198/172 184/197/171 800/1034/703
f 473/606/467 467/598/461 756/1035/755
f 766/1036/770 767/1037/771 768/1038/772
f 766/1039/770 769/1040/773 770/1041/774
f 771/1042/775 769/1040/773 766/1039/770
f 769/1040/773 758/1027/764 752/1021/759
f 771/1042/775 758/1027/764 769/1040/773
f 768/1038/772 771/1043/775 766/1036/770
f 759/1044/765 758/1045/764 771/1043/775
f 768/1038/772 759/1044/765 771/1043/775
f 751/1046/758 4/1047/4 633/1048/632
f 751/1046/758 639/1019/639 4/1047/4
f 772/1049/776 773/1050/777 774/1051/778
f 775/1052/779 776/1053/780 751/1020/758
f 777/1054/781 778/1055/782 779/1056/783
f 780/1057/784 778/1055/782 777/1054/781
f 775/1052/779 751/1020/758 782/1058/785
f 775/1059/779 783/1060/786 784/1061/787
f 676/1005/749 737/994/739 701/961/718
f 651/861/652 787/1062/788 645/851/644
f 787/1062/788 788/1063/789 645/851/644
f 645/851/644 788/1063/789 649/858/649
f 792/1064/790 764/1065/791 790/1066/792
f 784/1061/787 783/1060/786 794/1067/793
f 790/1066/792 795/1068/794 792/1064/790
f 796/1069/795 773/1050/777 772/1049/776
f 784/1061/787 776/1070/780 775/1059/779
f 776/1070/780 784/1061/787 797/1071/796
f 791/1072/797 773/1050/777 798/1073/798
f 797/1071/796 784/1061/787 713/1074/713
f 713/1074/713 784/1061/787 794/1067/793
f 794/1075/793 752/1021/759 713/956/713
f 793/1076/799 655/865/656 649/858/649
f 746/1007/750 751/1020/758 776/1053/780
f 746/1015/750 776/1070/780 750/1014/756
f 797/1071/796 750/1014/756 776/1070/780
f 799/1077/800 800/1034/703 774/1078/778
f 797/1071/796 713/1074/713 750/1014/756
f 713/1074/713 721/1017/722 750/1014/756
f 715/958/715 721/969/722 713/956/713
f 800/942/703 698/933/697 697/932/696
f 800/942/703 697/932/696 774/1079/778
f 782/1080/785 751/1046/758 633/1048/632
f 751/1046/758 747/1018/751 639/1019/639
f 772/1081/776 774/1079/778 697/932/696
f 803/1082/801 782/1080/785 634/1083/633
f 633/1048/632 634/1083/633 782/1080/785
f 804/1084/802 803/1085/801 634/1086/633
f 804/1084/802 634/1086/633 635/1087/634
f 769/1040/773 752/1021/759 794/1075/793
f 803/1088/801 775/1052/779 782/1058/785
f 805/1089/803 775/1052/779 803/1088/801
f 788/1063/789 793/1076/799 649/858/649
f 805/1090/803 783/1060/786 775/1059/779
f 802/1091/804 627/1092/626 800/1034/703
f 806/1093/805 794/1067/793 783/1060/786
f 649/858/649 655/865/656 640/852/645
f 806/1094/805 769/1040/773 794/1075/793
f 205/231/192 770/1041/774 76/232/64
f 183/198/172 800/1034/703 627/1092/626
f 802/1095/804 807/1096/806 627/854/626
f 205/231/192 766/1039/770 770/1041/774
f 766/1097/770 808/1098/807 809/1099/808
f 767/1100/771 766/1097/770 809/1099/808
f 450/568/438 112/1101/809 412/569/439
f 205/231/192 808/1102/807 766/1039/770
f 76/232/64 770/1041/774 77/1103/65
f 800/1034/703 799/1077/800 802/1091/804
f 208/237/195 71/230/61 70/1104/60
f 765/1105/767 744/1106/769 745/1107/810
f 745/1107/810 744/1106/769 789/1108/811
f 764/1065/791 792/1064/790 555/724/555
f 73/72/63 783/1109/786 805/1110/803
f 656/866/657 655/865/656 810/1111/812
f 77/74/65 806/1112/805 73/72/63
f 783/1109/786 73/72/63 806/1112/805
f 769/1040/773 806/1094/805 77/1103/65
f 176/234/159 208/1113/195 2/235/2
f 208/237/195 70/1104/60 804/1114/802
f 805/1089/803 803/1088/801 804/1114/802
f 70/1104/60 805/1089/803 804/1114/802
f 770/1041/774 769/1040/773 77/1103/65
f 73/72/63 805/1110/803 70/69/60
f 804/1084/802 635/1087/634 208/1113/195
f 1032/1115/813 555/724/555 792/1064/790
f 1032/1115/813 556/725/556 555/724/555
f 635/1087/634 2/235/2 208/1113/195
f 809/1099/808 124/121/111 123/120/110
f 765/1105/767 815/1116/814 814/1117/815
f 808/1102/807 205/231/192 149/151/133
f 808/1098/807 124/121/111 809/1099/808
f 808/1102/807 149/151/133 148/150/132
f 808/1098/807 148/149/132 124/121/111
f 819/1118/816 675/892/675 820/1119/817
f 762/1032/768 765/1031/767 812/1120/818
f 814/1121/815 812/1120/818 765/1031/767
f 821/1122/819 822/1123/820 819/1118/816
f 675/892/675 674/891/674 820/1119/817
f 821/1122/819 819/1118/816 820/1119/817
f 820/1119/817 823/1124/821 821/1122/819
f 826/1125/822 827/1126/823 828/1127/824
f 827/1126/823 799/1077/800 828/1127/824
f 774/1078/778 828/1127/824 799/1077/800
f 829/1128/825 830/1129/826 826/1125/822
f 829/1128/825 826/1125/822 831/1130/827
f 831/1131/827 826/1132/822 832/1133/828
f 832/1133/828 826/1132/822 791/1072/797
f 773/1050/777 828/1134/824 774/1051/778
f 828/1134/824 773/1050/777 826/1132/822
f 826/1132/822 773/1050/777 791/1072/797
f 582/756/579 498/709/540 836/1135/829
f 824/1136/830 780/1137/784 825/1138/831
f 567/739/568 516/738/509 560/1139/558
f 837/1140/832 3050/1141/833 838/1142/834
f 837/1140/832 839/1143/835 3053/1144/836
f 840/1145/837 841/1146/838 790/1066/792
f 838/1142/834 3050/1141/833 842/1147/839
f 820/1148/817 674/896/674 678/894/677
f 843/1149/840 820/1148/817 678/894/677
f 837/1140/832 838/1142/834 839/1143/835
f 817/1150/841 844/1151/842 818/1152/843
f 820/1153/817 846/1154/844 823/1155/821
f 843/1156/840 846/1154/844 820/1153/817
f 847/1157/845 821/1122/819 823/1124/821
f 848/1158/737 849/1159/846 850/1160/847
f 847/1157/845 851/1161/848 852/1162/849
f 823/1124/821 854/1163/850 847/1157/845
f 847/1157/845 854/1163/850 855/1164/851
f 844/1151/842 780/1137/784 824/1136/830
f 855/1165/851 854/1166/850 856/1167/852
f 844/1151/842 824/1136/830 818/1152/843
f 781/1168/853 780/1137/784 844/1151/842
f 848/991/737 850/1169/847 857/1170/854
f 552/720/551 757/1025/763 738/1006/741
f 712/955/712 848/991/737 857/1170/854
f 446/562/433 441/686/525 686/905/686
f 849/1159/846 565/1171/562 861/1172/855
f 877/1173/856 862/1174/857 813/1175/858
f 863/1176/859 877/1173/856 813/1175/858
f 849/1159/846 848/1158/737 565/1171/562
f 547/713/544 687/906/687 441/686/525
f 495/1004/748 1831/1177/860 285/337/272
f 863/1176/859 813/1175/858 860/1178/861
f 686/905/686 687/906/687 864/1179/862
f 860/1180/861 813/1181/858 859/1182/863
f 864/1179/862 687/906/687 865/1183/864
f 3053/1144/836 867/1184/865 868/1185/866
f 702/1186/716 866/1187/867 717/1188/717
f 343/629/339 738/997/741 739/998/742
f 3053/1144/836 839/1143/835 867/1184/865
f 841/1146/838 840/1145/837 869/1189/868
f 841/1146/838 870/1190/869 790/1066/792
f 1831/1177/860 786/721/552 285/337/272
f 846/1154/844 854/1166/850 823/1155/821
f 856/1167/852 854/1166/850 846/1154/844
f 694/927/693 871/1191/870 693/928/692
f 871/1191/870 872/1192/871 693/928/692
f 871/1193/870 874/1194/872 872/1195/871
f 874/1194/872 876/1196/873 872/1195/871
f 863/1176/859 866/1187/867 877/1173/856
f 875/1197/874 873/1198/875 878/1199/876
f 836/1200/829 620/814/618 582/813/579
f 860/1180/861 880/1201/877 863/1202/859
f 880/1201/877 866/1203/867 863/1202/859
f 866/1203/867 880/1201/877 717/1204/717
f 886/1205/878 882/1206/879 557/1207/880
f 883/1208/881 558/947/707 557/1207/880
f 860/1180/861 884/1209/882 880/1201/877
f 859/1182/863 885/1210/883 860/1180/861
f 884/1209/882 860/1180/861 885/1210/883
f 567/739/568 560/1139/558 760/1211/884
f 881/1212/885 559/726/557 627/854/626
f 570/1213/886 567/949/568 760/1214/884
f 728/1016/757 858/1022/760 817/1150/841
f 873/1198/875 708/1215/887 570/1213/886
f 467/1216/461 748/1011/753 756/1013/755
f 708/1215/887 567/949/568 570/1213/886
f 557/1207/880 708/1215/887 873/1198/875
f 708/1215/887 558/947/707 567/949/568
f 708/1215/887 557/1207/880 558/947/707
f 412/569/439 887/1217/888 3406/1218/889
f 888/1219/890 498/709/540 650/859/650
f 836/1135/829 498/709/540 888/1219/890
f 94/102/92 887/1217/888 412/569/439
f 889/1220/891 885/1210/883 859/1182/863
f 882/1206/879 883/1208/881 557/1207/880
f 875/1197/874 886/1205/878 873/1198/875
f 559/726/557 881/1212/885 890/1221/892
f 886/1205/878 557/1207/880 873/1198/875
f 892/1222/893 885/1210/883 893/1223/894
f 922/951/709 817/1150/841 858/1022/760
f 817/1150/841 922/951/709 844/1151/842
f 888/1219/890 896/1224/895 836/1135/829
f 790/1066/792 870/1190/869 795/1068/794
f 496/1225/508 894/1226/896 897/1227/897
f 900/1228/898 899/1229/899 778/1055/782
f 737/994/739 676/1005/749 2326/1230/900
f 901/1231/901 906/1232/902 1095/1233/903
f 902/1234/904 900/1228/898 778/1055/782
f 902/1234/904 778/1055/782 780/1057/784
f 861/1172/855 901/1231/901 849/1159/846
f 903/1235/905 899/1229/899 904/1236/906
f 737/994/739 905/1237/907 688/1000/744
f 900/1228/898 904/1236/906 899/1229/899
f 564/730/561 906/1238/902 861/1239/855
f 564/730/561 861/1239/855 565/731/562
f 737/994/739 2365/1240/908 905/1237/907
f 901/1241/901 861/1239/855 906/1238/902
f 849/1159/846 901/1231/901 904/1236/906
f 849/1159/846 904/1236/906 900/1228/898
f 906/1238/902 564/730/561 660/873/662
f 908/1242/909 748/1011/753 467/1216/461
f 874/1194/872 822/1243/820 876/1196/873
f 822/1243/820 909/1244/910 876/1196/873
f 905/1237/907 910/1245/911 688/1000/744
f 695/1246/694 874/1194/872 694/1247/693
f 874/1194/872 871/1193/870 694/1247/693
f 822/1243/820 874/1194/872 695/1246/694
f 822/1243/820 695/1246/694 704/1248/700
f 704/937/700 675/892/675 822/1123/820
f 822/1123/820 675/892/675 819/1118/816
f 693/924/692 372/1249/357 628/925/627
f 822/1123/820 821/1122/819 909/1250/910
f 872/1192/871 913/1251/912 693/928/692
f 693/924/692 913/1252/912 372/1249/357
f 781/1168/853 902/1253/904 780/1137/784
f 914/1254/913 912/1255/914 915/1256/915
f 676/1005/749 916/1257/916 2326/1230/900
f 915/1258/915 907/1259/917 845/1260/918
f 915/1256/915 912/1255/914 907/1261/917
f 900/1228/898 850/1160/847 849/1159/846
f 919/1262/919 920/1263/920 921/1264/921
f 737/994/739 2326/1230/900 2365/1240/908
f 842/1147/839 835/1265/922 838/1142/834
f 898/1266/923 676/1005/749 717/960/717
f 884/1209/882 917/1267/924 898/1268/923
f 916/1257/916 676/1005/749 898/1266/923
f 924/1269/925 2378/1270/926 882/1206/879
f 898/1268/923 717/1204/717 880/1201/877
f 909/1250/910 821/1122/819 847/1157/845
f 909/1250/910 847/1157/845 852/1162/849
f 852/1162/849 851/1161/848 404/504/388
f 913/1251/912 872/1192/871 919/1262/919
f 926/1271/927 919/1272/919 872/1195/871
f 926/1271/927 872/1195/871 876/1196/873
f 926/1271/927 876/1196/873 909/1244/910
f 926/1271/927 909/1244/910 852/1273/849
f 913/1251/912 919/1262/919 921/1264/921
f 636/1274/635 372/1249/357 921/1275/921
f 913/1252/912 921/1275/921 372/1249/357
f 637/1276/636 921/1275/921 920/1277/920
f 816/1278/928 660/873/662 616/885/671
f 406/505/389 851/1161/848 927/1279/929
f 404/504/388 851/1161/848 406/505/389
f 838/1142/834 834/1280/930 839/1143/835
f 847/1157/845 855/1164/851 851/1161/848
f 867/1184/865 839/1143/835 834/1280/930
f 927/1281/929 928/1282/931 929/1283/932
f 419/528/403 929/1283/932 425/527/408
f 851/1161/848 855/1164/851 927/1279/929
f 729/1284/730 930/1285/933 760/1211/884
f 927/1281/929 855/1165/851 928/1282/931
f 856/1167/852 928/1282/931 855/1165/851
f 402/1286/386 468/610/462 931/1287/934
f 477/613/471 478/614/472 931/1288/934
f 478/614/472 638/1289/638 931/1288/934
f 637/1276/636 636/1274/635 921/1275/921
f 932/1290/935 760/1211/884 930/1285/933
f 931/1287/934 468/610/462 477/612/471
f 920/1263/920 919/1262/919 933/1291/936
f 402/1286/386 920/1263/920 933/1291/936
f 402/1286/386 931/1287/934 920/1263/920
f 403/501/387 402/500/386 933/1292/936
f 401/499/385 400/498/384 404/502/388
f 559/726/557 934/1293/937 568/860/651
f 933/1292/936 919/1272/919 403/501/387
f 926/1271/927 403/501/387 919/1272/919
f 570/1213/886 760/1214/884 932/1294/935
f 403/501/387 926/1271/927 852/1273/849
f 935/1295/938 568/860/651 934/1293/937
f 403/501/387 852/1273/849 404/502/388
f 637/1276/636 920/1277/920 638/1289/638
f 920/1277/920 931/1288/934 638/1289/638
f 932/1294/935 878/1199/876 873/1198/875
f 419/521/403 406/505/389 927/1279/929
f 929/1283/932 419/528/403 927/1281/929
f 317/401/312 358/451/348 609/1296/610
f 568/860/651 935/1295/938 650/859/650
f 873/1198/875 570/1213/886 932/1294/935
f 845/1260/918 835/1265/922 842/1147/839
f 358/451/348 581/753/577 609/1296/610
f 445/755/565 572/1297/567 930/1285/933
f 572/1297/567 937/1298/939 930/1285/933
f 884/1209/882 898/1268/923 880/1201/877
f 898/1266/923 917/1299/924 916/1257/916
f 466/596/459 415/595/409 719/963/411
f 885/1210/883 892/1222/893 884/1209/882
f 719/533/411 443/532/410 939/558/430
f 938/1300/940 896/1224/895 888/1219/890
f 938/1300/940 888/1219/890 650/859/650
f 884/1209/882 892/1222/893 917/1267/924
f 716/965/720 719/1301/411 939/1302/430
f 941/1303/941 1766/1304/942 942/1305/943
f 807/1096/806 881/1212/885 627/854/626
f 945/1306/944 944/201/174 142/202/175
f 943/1307/945 942/1305/943 1766/1304/942
f 807/1096/806 890/1221/892 881/1212/885
f 781/1168/853 922/951/709 857/1170/854
f 696/931/695 946/1308/946 942/1309/943
f 781/1168/853 844/1151/842 922/951/709
f 941/1303/941 942/1305/943 946/1310/946
f 890/1221/892 807/1096/806 948/1311/947
f 946/1310/946 949/1312/948 941/1303/941
f 950/1313/949 941/1303/941 949/1312/948
f 946/1308/946 696/931/695 654/864/655
f 934/1293/937 559/726/557 890/1221/892
f 907/1259/917 953/1314/950 845/1260/918
f 656/866/657 946/1308/946 654/864/655
f 908/1242/909 858/1022/760 748/1011/753
f 656/1315/657 963/1316/951 946/1310/946
f 953/1314/950 954/1317/952 845/1260/918
f 945/1318/944 951/1319/953 944/1320/174
f 391/511/372 908/1242/909 467/1216/461
f 390/510/393 908/1242/909 391/511/372
f 957/1321/954 958/1322/955 959/1323/956
f 866/1187/867 702/1186/716 956/1324/957
f 398/944/705 922/951/709 858/1022/760
f 838/1142/834 835/1265/922 834/1280/930
f 729/984/730 716/965/720 939/1302/430
f 954/1317/952 835/1265/922 845/1260/918
f 671/889/672 615/1325/958 616/885/671
f 656/866/657 810/1111/812 963/1326/951
f 615/1325/958 671/889/672 26/13/13
f 908/1242/909 398/944/705 858/1022/760
f 350/443/343 347/442/342 609/804/610
f 902/1253/904 781/1168/853 857/1170/854
f 347/442/342 306/1327/300 609/804/610
f 317/401/312 609/1296/610 306/372/300
f 604/799/605 365/1328/352 605/801/607
f 626/1329/625 605/801/607 365/1328/352
f 626/1329/625 324/458/320 330/419/325
f 365/1328/352 324/458/320 626/1329/625
f 912/1255/914 964/1330/959 907/1261/917
f 965/1331/960 964/1330/959 912/1255/914
f 912/1255/914 918/1332/961 965/1331/960
f 607/800/606 925/1333/962 548/715/546
f 953/1334/950 907/1261/917 964/1330/959
f 551/1335/963 548/715/546 925/1333/962
f 969/1336/964 551/1335/963 925/1333/962
f 969/1336/964 925/1333/962 967/1337/965
f 970/1338/966 971/1339/967 972/1340/968
f 971/1341/967 973/1342/969 972/1343/968
f 973/1342/969 974/1344/970 972/1343/968
f 954/1317/952 968/1345/971 835/1265/922
f 902/1253/904 857/1170/854 850/1169/847
f 1677/1346/972 975/1347/973 615/1325/958
f 850/1160/847 900/1228/898 902/1234/904
f 971/1339/967 976/1348/974 977/1349/975
f 989/1350/976 978/1351/977 954/1317/952
f 971/1339/967 970/1338/966 976/1348/974
f 979/1352/978 980/1353/979 976/1348/974
f 981/1354/980 978/1355/977 982/1356/981
f 978/1355/977 989/1357/976 982/1356/981
f 983/1358/982 984/1359/983 985/1360/984
f 616/885/671 975/1347/973 986/1361/985
f 390/510/393 398/944/705 908/1242/909
f 615/1325/958 975/1347/973 616/885/671
f 982/1356/981 987/1362/986 981/1354/980
f 856/1167/852 846/1154/844 988/1363/987
f 953/1314/950 989/1350/976 954/1317/952
f 988/1363/987 846/1154/844 990/1364/988
f 983/1358/982 971/1339/967 977/1349/975
f 425/527/408 929/1283/932 407/506/390
f 977/1349/975 980/1353/979 991/1365/989
f 980/1353/979 408/507/391 991/1365/989
f 989/1366/976 964/1330/959 982/1367/981
f 408/507/391 407/506/390 991/1365/989
f 407/506/390 992/1368/990 991/1365/989
f 984/1359/983 983/1358/982 977/1349/975
f 984/1359/983 977/1349/975 991/1365/989
f 988/1363/987 992/1368/990 856/1167/852
f 992/1368/990 988/1363/987 984/1359/983
f 984/1359/983 991/1365/989 992/1368/990
f 976/1348/974 980/1353/979 977/1349/975
f 929/1283/932 928/1282/931 992/1368/990
f 407/506/390 929/1283/932 992/1368/990
f 992/1368/990 928/1282/931 856/1167/852
f 964/1330/959 989/1366/976 953/1334/950
f 994/1369/991 995/1370/992 996/1371/993
f 28/15/15 1677/1346/972 615/1325/958
f 997/1372/994 982/1367/981 964/1330/959
f 998/1373/995 999/1374/996 996/1371/993
f 26/13/13 28/15/15 615/1325/958
f 993/1375/997 982/1367/981 997/1372/994
f 1001/1376/998 993/1377/997 997/1378/994
f 294/423/326 540/702/537 295/365/294
f 965/1331/960 997/1372/994 964/1330/959
f 1002/1379/999 1003/1380/1000 1004/1381/1001
f 1005/1382/1002 1006/1383/1003 1007/1384/1004
f 1008/1385/1005 999/1374/996 1005/1382/1002
f 1009/1386/1006 945/1306/944 895/1387/1007
f 421/557/429 729/1284/730 939/558/430
f 384/1388/1008 379/473/364 374/468/359
f 930/1285/933 729/1284/730 421/557/429
f 1007/1384/1004 994/1369/991 1008/1385/1005
f 994/1369/991 1007/1384/1004 1011/1389/1009
f 1012/1390/1010 1007/1384/1004 1006/1383/1003
f 1008/1385/1005 994/1369/991 996/1371/993
f 1005/1382/1002 1007/1384/1004 1008/1385/1005
f 1011/1391/1009 1013/1392/1011 994/1393/991
f 993/1377/997 1001/1376/998 987/1362/986
f 1001/1376/998 1010/1394/1012 987/1362/986
f 1015/1395/1013 1016/1396/1014 995/1397/992
f 922/951/709 712/955/712 857/1170/854
f 1017/1398/1015 1018/1399/1016 1015/1395/1013
f 1017/1398/1015 1015/1395/1013 1013/1392/1011
f 374/468/359 1002/1379/999 384/1388/1008
f 994/1393/991 1013/1392/1011 1015/1395/1013
f 995/1397/992 994/1393/991 1015/1395/1013
f 1016/1396/1014 1018/1399/1016 1019/1400/1017
f 1016/1396/1014 1015/1395/1013 1018/1399/1016
f 930/1285/933 421/557/429 445/755/565
f 647/856/647 1020/1401/1018 648/857/648
f 1020/1401/1018 1018/1399/1016 1017/1398/1015
f 1020/1401/1018 1017/1398/1015 1021/1402/1019
f 1018/1399/1016 1020/1401/1018 647/856/647
f 647/856/647 1019/1400/1017 1018/1399/1016
f 669/1403/670 668/886/669 1020/1401/1018
f 1020/1401/1018 1021/1402/1019 669/1403/670
f 1020/1401/1018 668/886/669 648/857/648
f 1011/1391/1009 1022/1404/1020 1013/1392/1011
f 1023/1405/1021 1024/1406/1022 1022/1407/1020
f 1022/1407/1020 1025/1408/1023 1023/1405/1021
f 1014/1409/1024 1010/1394/1012 1001/1376/998
f 993/1377/997 987/1362/986 982/1356/981
f 959/1323/956 1026/1410/1025 1027/1411/1026
f 963/1316/951 949/1312/948 946/1310/946
f 3538/1412/1027 952/1413/1028 951/1319/953
f 918/1332/961 912/1255/914 914/1254/913
f 1029/1414/1029 918/1332/961 914/1254/913
f 1029/1414/1029 1030/1415/1030 918/1332/961
f 429/428/331 540/702/537 294/423/326
f 1032/1115/813 792/1064/790 795/1068/794
f 866/1187/867 956/1324/957 877/1173/856
f 496/1225/508 1031/1416/1031 894/1226/896
f 895/1387/1007 894/1226/896 1031/1416/1031
f 607/800/606 556/725/556 1032/1115/813
f 1028/1417/1032 420/586/451 356/582/447
f 1091/1418/1033 1004/1381/1001 1003/1380/1000
f 616/885/671 986/1361/985 816/1278/928
f 1024/1419/1022 1035/1420/1034 1021/1402/1019
f 957/1321/954 960/403/314 958/1322/955
f 660/873/662 816/1278/928 906/1238/902
f 318/402/313 960/403/314 957/1321/954
f 1017/1398/1015 1013/1392/1011 1024/1419/1022
f 1013/1392/1011 1022/1404/1020 1024/1419/1022
f 669/1403/670 1021/1402/1019 678/1421/677
f 1021/1402/1019 1035/1420/1034 678/1421/677
f 1021/1402/1019 1017/1398/1015 1024/1419/1022
f 1036/1422/1035 973/1342/969 971/1341/967
f 1037/1423/1036 1011/1389/1009 1007/1384/1004
f 1022/1407/1020 1011/1424/1009 1037/1425/1036
f 1032/1115/813 795/1068/794 1038/1426/1037
f 971/1339/967 983/1358/982 1036/1427/1035
f 1012/1390/1010 1039/1428/1038 1040/1429/1039
f 967/1337/965 925/1333/962 1038/1426/1037
f 925/1333/962 607/800/606 1032/1115/813
f 940/1430/1040 323/427/330 318/402/313
f 1032/1115/813 1038/1426/1037 925/1333/962
f 1039/1428/1038 1041/1431/1041 1040/1429/1039
f 1042/1432/1042 1040/1429/1039 1041/1431/1041
f 1039/1428/1038 1006/1383/1003 1041/1431/1041
f 1041/1433/1041 1043/1434/1043 1042/1435/1042
f 1041/1433/1041 1044/1436/1044 1043/1434/1043
f 1045/1437/1045 1044/1436/1044 1041/1433/1041
f 1037/1423/1036 1007/1384/1004 1012/1390/1010
f 1006/1383/1003 1039/1428/1038 1012/1390/1010
f 973/1342/969 1036/1422/1035 1037/1423/1036
f 1012/1390/1010 973/1342/969 1037/1423/1036
f 540/702/537 429/428/331 432/542/417
f 973/1342/969 1040/1429/1039 974/1344/970
f 973/1342/969 1012/1390/1010 1040/1429/1039
f 1023/1405/1021 1035/1438/1034 1024/1406/1022
f 540/702/537 432/542/417 1046/1439/1046
f 1023/1405/1021 1047/1440/1047 1035/1438/1034
f 1002/1379/999 1033/1441/1048 1003/1380/1000
f 1037/1425/1036 1025/1408/1023 1022/1407/1020
f 988/1363/987 985/1360/984 984/1359/983
f 983/1358/982 985/1360/984 1048/1442/1049
f 1023/1405/1021 1025/1408/1023 1048/1442/1049
f 985/1360/984 1023/1405/1021 1048/1442/1049
f 1049/1443/1050 1030/1415/1030 1029/1414/1029
f 1047/1440/1047 1023/1405/1021 990/1364/988
f 985/1360/984 990/1364/988 1023/1405/1021
f 990/1364/988 846/1154/844 1047/1440/1047
f 985/1360/984 988/1363/987 990/1364/988
f 1037/1425/1036 1036/1427/1035 1048/1442/1049
f 1036/1427/1035 983/1358/982 1048/1442/1049
f 1048/1442/1049 1025/1408/1023 1037/1425/1036
f 1047/1440/1047 678/1444/677 1035/1438/1034
f 843/1156/840 678/1444/677 1047/1440/1047
f 846/1154/844 843/1156/840 1047/1440/1047
f 1050/1445/1051 1030/1415/1030 1049/1443/1050
f 1049/1443/1050 1052/1446/1052 1050/1445/1051
f 374/468/359 323/462/330 940/1447/1040
f 1053/1448/1053 1055/1449/1054 955/1450/1055
f 940/1447/1040 1056/1451/1056 374/468/359
f 1057/1452/1057 1058/1453/1058 1059/1454/1059
f 1060/1455/1060 1054/1456/1061 1058/1453/1058
f 1058/1453/1058 1057/1452/1057 1060/1455/1060
f 1057/1452/1057 1059/1454/1059 1061/1457/1062
f 877/1173/856 956/1324/957 955/1450/1055
f 877/1173/856 955/1450/1055 1055/1449/1054
f 1002/1379/999 1056/1451/1056 1033/1441/1048
f 1064/1458/1063 1065/1459/1064 1066/1460/1065
f 1067/1461/1066 962/1462/1067 949/1312/948
f 1057/1463/1057 1069/1464/1068 1068/1465/1069
f 962/1462/1067 1067/1461/1066 1070/1466/1070
f 1002/1379/999 374/468/359 1056/1451/1056
f 810/1111/812 1074/1467/1071 963/1326/951
f 1072/1468/1072 878/1199/876 932/1294/935
f 878/1199/876 1072/1468/1072 1073/1469/1073
f 957/1321/954 1027/1411/1026 1075/1470/1074
f 937/1298/939 932/1290/935 930/1285/933
f 957/1321/954 959/1323/956 1027/1411/1026
f 1074/1471/1071 949/1312/948 963/1316/951
f 1074/1471/1071 1067/1461/1066 949/1312/948
f 1072/1468/1072 937/1472/939 572/1473/567
f 1076/1474/1075 1077/1475/1076 1148/1476/1077
f 577/1477/574 1072/1468/1072 572/1473/567
f 1078/1478/1078 1055/1449/1054 1079/1479/1079
f 1148/1476/1077 1077/1475/1076 1080/1480/1080
f 432/542/417 1051/1481/1081 1046/1439/1046
f 1072/1468/1072 932/1294/935 937/1472/939
f 1051/1481/1081 432/542/417 435/544/419
f 560/1139/558 729/1284/730 760/1211/884
f 1082/1482/1082 1083/1483/1083 1075/1470/1074
f 463/734/564 1051/1481/1081 435/544/419
f 1082/1482/1082 1075/1470/1074 1027/1411/1026
f 412/569/439 112/1101/809 94/102/92
f 1053/1448/1053 1079/1479/1079 1055/1449/1054
f 1003/1380/1000 1033/1441/1048 1084/1484/1084
f 757/1025/763 446/562/433 686/905/686
f 1085/1485/1085 686/905/686 864/1179/862
f 1057/1463/1057 1068/1465/1069 1060/1486/1060
f 1069/1464/1068 1057/1463/1057 1087/1487/1086
f 1057/1463/1057 1061/1488/1062 1087/1487/1086
f 877/1173/856 1078/1478/1078 862/1174/857
f 1069/1464/1068 1088/1489/1087 1089/1490/1088
f 1055/1449/1054 1078/1478/1078 877/1173/856
f 1068/1491/1069 1090/1492/1089 1060/1493/1060
f 1069/1464/1068 1087/1487/1086 1088/1489/1087
f 1003/1380/1000 1084/1484/1084 1091/1418/1033
f 1061/1494/1062 1045/1437/1045 1087/1495/1086
f 1092/1496/1090 950/1313/949 962/1462/1067
f 1093/1497/1091 452/575/441 360/577/443
f 112/1101/809 450/568/438 853/1498/1092
f 938/1300/940 650/859/650 935/1295/938
f 1081/1499/1093 318/402/313 957/1321/954
f 699/1500/698 739/1501/742 738/1006/741
f 1094/1502/1094 795/1068/794 870/1190/869
f 318/402/313 1081/1499/1093 940/1430/1040
f 1095/1233/903 1097/1503/1095 1096/1504/1096
f 1093/1497/1091 360/577/443 420/586/451
f 1095/1233/903 904/1236/906 901/1231/901
f 962/1462/1067 950/1313/949 949/1312/948
f 1097/1503/1095 1095/1233/903 906/1232/902
f 706/941/702 739/998/742 698/933/697
f 1975/1505/1097 1092/1496/1090 1070/1466/1070
f 739/998/742 699/934/698 698/933/697
f 1099/1506/1098 142/202/175 154/1507/139
f 1070/1466/1070 1092/1496/1090 962/1462/1067
f 816/1278/928 1097/1508/1095 906/1238/902
f 1158/1509/1099 816/1278/928 986/1361/985
f 816/1278/928 1158/1509/1099 1097/1508/1095
f 1100/1510/1100 1101/1511/1101 1102/1512/1102
f 772/1081/776 697/932/696 699/934/698
f 1135/1513/1103 1066/1460/1065 1071/1514/1104
f 738/1006/741 757/1025/763 699/1500/698
f 1103/1515/1105 940/1430/1040 1081/1499/1093
f 463/734/564 1104/1516/1106 1051/1481/1081
f 1104/1516/1106 463/734/564 1105/1517/1107
f 1085/1485/1085 1106/1518/1108 686/905/686
f 864/1519/862 865/1520/864 1085/1521/1085
f 464/491/380 1105/1517/1107 463/734/564
f 473/606/467 1105/1517/1107 464/491/380
f 1102/1512/1102 1101/1511/1101 1107/1522/1109
f 1103/1523/1105 1056/1451/1056 940/1447/1040
f 1107/1524/1109 1101/1525/1101 1108/1526/1110
f 1108/1526/1110 1101/1525/1101 1109/1527/1111
f 1033/1441/1048 1056/1451/1056 1103/1523/1105
f 1110/1528/1112 1101/1511/1101 1100/1510/1100
f 1081/1499/1093 1075/1470/1074 1111/1529/1113
f 1111/1529/1113 1112/1530/1114 1081/1499/1093
f 1114/1531/1115 918/1332/961 1030/1415/1030
f 1075/1470/1074 1081/1499/1093 957/1321/954
f 1050/1445/1051 1114/1531/1115 1030/1415/1030
f 1118/1532/1116 832/1133/828 1119/1533/1117
f 1050/1445/1051 1350/1534/1118 1114/1531/1115
f 1116/1535/1119 918/1332/961 1114/1531/1115
f 1116/1535/1119 1114/1531/1115 1115/1536/1120
f 1116/1535/1119 965/1331/960 918/1332/961
f 798/1073/798 1085/1521/1085 1119/1533/1117
f 1112/1530/1114 1103/1515/1105 1081/1499/1093
f 540/702/537 1046/1439/1046 481/706/539
f 798/1073/798 773/1050/777 796/1069/795
f 1119/1533/1117 791/1072/797 798/1073/798
f 832/1133/828 791/1072/797 1119/1533/1117
f 757/1025/763 686/905/686 1106/1518/1108
f 1046/1439/1046 1117/1537/1121 481/706/539
f 796/1069/795 1106/1538/1108 798/1073/798
f 798/1073/798 1106/1538/1108 1085/1521/1085
f 757/1025/763 796/1539/795 699/1500/698
f 1106/1518/1108 796/1539/795 757/1025/763
f 772/1081/776 699/934/698 796/1540/795
f 1084/1484/1084 1103/1523/1105 1112/1541/1114
f 1033/1441/1048 1103/1523/1105 1084/1484/1084
f 1091/1418/1033 1084/1484/1084 1112/1541/1114
f 1123/1542/1122 2385/1543/1123 1122/1544/1124
f 1124/1545/1125 1123/1542/1122 1122/1544/1124
f 1124/1545/1125 1126/1546/1126 1123/1542/1122
f 894/1226/896 895/1387/1007 1099/1506/1098
f 945/1306/944 142/202/175 895/1387/1007
f 142/202/175 1099/1506/1098 895/1387/1007
f 1739/1547/1127 1126/1546/1126 1124/1545/1125
f 1127/138/124 1121/1548/1128 1064/1458/1063
f 1130/1549/1129 1131/1550/1130 1132/1551/1131
f 1130/1549/1129 1133/1552/1132 1131/1550/1130
f 1135/1513/1103 88/83/73 128/82/72
f 1140/1553/1133 1141/1554/1134 1102/1512/1102
f 1102/1512/1102 1141/1554/1134 1100/1510/1100
f 1143/1555/1135 1038/1426/1037 795/1068/794
f 1132/1556/1131 4413/1557/1136 1144/1558/1137
f 1145/1559/1138 1140/1553/1133 1102/1512/1102
f 1143/1555/1135 795/1068/794 1094/1502/1094
f 1064/1458/1063 1135/1513/1103 1127/138/124
f 1146/1560/1139 1142/1561/1140 1140/1553/1133
f 1141/1554/1134 1140/1553/1133 1142/1561/1140
f 1130/1549/1129 1132/1551/1131 1147/1562/1141
f 1097/1503/1095 1149/1563/1142 1096/1504/1096
f 1130/1549/1129 1147/1562/1141 1150/1564/1143
f 1065/1459/1064 1064/1458/1063 1120/1565/1144
f 1109/1527/1111 1152/1566/1145 1151/1567/1146
f 1098/1568/1147 1149/1563/1142 1097/1503/1095
f 1152/1566/1145 1153/1569/1148 1151/1567/1146
f 1137/1570/1149 1147/1562/1141 1139/1571/1150
f 1109/1527/1111 1101/1525/1101 1110/1572/1112
f 1121/1548/1128 1120/1565/1144 1064/1458/1063
f 1141/1554/1134 1154/1573/1151 1100/1510/1100
f 1051/1481/1081 1155/1574/1152 1046/1439/1046
f 1104/1516/1106 1155/1574/1152 1051/1481/1081
f 1100/1510/1100 1156/1575/1153 1110/1528/1112
f 1110/1572/1112 1156/1576/1153 1157/1577/1154
f 1157/1577/1154 1109/1527/1111 1110/1572/1112
f 1109/1527/1111 1157/1577/1154 1152/1566/1145
f 1154/1573/1151 1156/1575/1153 1100/1510/1100
f 1097/1508/1095 1158/1509/1099 1098/1578/1147
f 1159/1579/1155 1155/1580/1152 1104/1581/1106
f 1160/1582/1156 1161/1583/1157 1156/1575/1153
f 1152/1566/1145 1157/1577/1154 1162/1584/1158
f 1128/1585/1159 1134/1586/1160 1136/1587/1161
f 1136/1587/1161 1129/1588/1162 1128/1585/1159
f 1093/1497/1091 420/586/451 1164/1589/1163
f 1162/1584/1158 1165/1590/1164 1152/1566/1145
f 1162/1584/1158 1166/1591/1165 1165/1590/1164
f 1134/1586/1160 621/1592/1166 1167/1593/1167
f 1134/1586/1160 1173/1594/1168 1136/1587/1161
f 420/586/451 1028/1417/1032 1164/1589/1163
f 1164/1589/1163 1028/1417/1032 1169/1595/1169
f 1135/1513/1103 1064/1458/1063 1066/1460/1065
f 1156/1576/1153 1161/1596/1157 1162/1584/1158
f 1162/1584/1158 1157/1577/1154 1156/1576/1153
f 1167/1593/1167 1170/1597/1170 1134/1586/1160
f 1117/1537/1121 1046/1439/1046 1172/1598/1171
f 1155/1574/1152 1172/1598/1171 1046/1439/1046
f 1166/1591/1165 1162/1584/1158 1161/1596/1157
f 1147/1562/1141 1132/1551/1131 1139/1571/1150
f 1161/1596/1157 1171/1599/1172 1166/1591/1165
f 1139/1600/1150 1132/1601/1131 1144/1602/1137
f 1139/1603/1150 1144/1558/1137 1138/1604/1173
f 1139/1603/1150 1138/1604/1173 1137/1605/1149
f 1174/1606/1174 1175/1607/1175 1129/1608/1162
f 1138/1604/1173 1176/1609/1176 1137/1605/1149
f 1177/1610/1177 1178/1611/1178 1136/1587/1161
f 1174/1606/1174 1129/1608/1162 1136/1612/1161
f 1174/1606/1174 1136/1612/1161 1178/1613/1178
f 1173/1594/1168 1134/1586/1160 1170/1597/1170
f 986/1361/985 1791/1614/1179 1158/1509/1099
f 1171/1599/1172 1063/1615/1180 1166/1591/1165
f 1180/1616/1181 1256/1617/1182 1171/1618/1172
f 1155/1580/1152 1159/1579/1155 1181/1619/1183
f 1141/1554/1134 1142/1561/1140 1154/1573/1151
f 1073/1469/1073 875/1197/874 878/1199/876
f 879/1620/1184 875/1197/874 1073/1469/1073
f 1184/1621/1185 593/773/592 595/772/591
f 452/575/441 1184/1621/1185 595/772/591
f 879/1620/1184 1073/1469/1073 1187/1622/1186
f 1190/1623/1187 897/1227/897 894/1226/896
f 1184/1621/1185 1191/1624/1188 593/773/592
f 1189/1625/1189 879/1620/1184 1187/1622/1186
f 1193/1626/1190 1189/1625/1189 1187/1622/1186
f 1194/1627/1191 1191/1624/1188 1184/1621/1185
f 1186/1628/1192 879/1620/1184 1189/1625/1189
f 1185/1629/1193 1188/1630/1194 1195/1631/1195
f 886/1205/878 875/1197/874 879/1620/1184
f 879/1620/1184 891/1632/1196 886/1205/878
f 497/1633/492 1179/1634/1197 495/1635/748
f 897/1227/897 497/1633/492 496/1225/508
f 886/1205/878 891/1632/1196 923/1636/1198
f 923/1636/1198 882/1206/879 886/1205/878
f 1182/1637/1199 1192/1638/1200 1197/1639/1201
f 1179/1634/1197 497/1633/492 897/1227/897
f 1122/1544/1124 2385/1543/1123 923/1636/1198
f 1199/1640/1202 1182/1637/1199 1197/1639/1201
f 1142/1561/1140 1160/1582/1156 1154/1573/1151
f 1142/1561/1140 1200/1641/1203 1160/1582/1156
f 1185/1629/1193 1220/1642/1204 1197/1639/1201
f 1154/1573/1151 1160/1582/1156 1156/1575/1153
f 1138/1604/1173 33/1643/1205 1310/1644/1206
f 1192/1638/1200 1185/1629/1193 1197/1639/1201
f 1200/1641/1203 1201/1645/1207 1202/1646/1208
f 1200/1641/1203 1202/1646/1208 1160/1582/1156
f 1160/1582/1156 1202/1646/1208 1161/1583/1157
f 1204/1647/1209 1200/1641/1203 1142/1561/1140
f 1211/1648/1210 1195/1631/1195 1188/1630/1194
f 1204/1647/1209 1205/1649/1211 1200/1641/1203
f 1173/1594/1168 1206/1650/1212 1177/1610/1177
f 1205/1649/1211 1201/1645/1207 1200/1641/1203
f 1173/1594/1168 1177/1610/1177 1136/1587/1161
f 1071/1514/1104 1076/1474/1075 1148/1476/1077
f 1207/1651/1213 1170/1597/1170 1208/1652/1214
f 1161/1583/1157 1202/1646/1208 1171/1618/1172
f 1170/1597/1170 1207/1651/1213 1173/1594/1168
f 1201/1645/1207 1180/1616/1181 1202/1646/1208
f 1201/1645/1207 1210/1653/1215 1180/1616/1181
f 1195/1631/1195 1230/1654/1216 1185/1629/1193
f 1171/1618/1172 1202/1646/1208 1180/1616/1181
f 1210/1653/1215 1212/1655/1217 1213/1656/1218
f 1210/1653/1215 1213/1656/1218 1180/1616/1181
f 1220/1642/1204 1185/1629/1193 1230/1654/1216
f 1209/717/548 1173/1594/1168 1207/1651/1213
f 1209/717/548 1206/1650/1212 1173/1594/1168
f 1380/1657/1219 1214/1658/1220 1211/1648/1210
f 1205/1649/1211 1215/1659/1221 1210/1653/1215
f 1215/1659/1221 1212/1655/1217 1210/1653/1215
f 1205/1649/1211 1210/1653/1215 1201/1645/1207
f 1209/717/548 1216/718/549 1206/1650/1212
f 1217/1660/1222 1199/1661/1202 1218/1662/1223
f 1215/1659/1221 3858/1663/1224 1212/1655/1217
f 1148/1476/1077 88/83/73 1071/1514/1104
f 1135/1513/1103 1071/1514/1104 88/83/73
f 1168/1664/1225 1063/1665/1180 1060/1493/1060
f 1219/1666/1226 1350/1534/1118 1050/1445/1051
f 1166/1591/1165 1168/1667/1225 1165/1590/1164
f 1218/1668/1223 1197/1639/1201 1220/1642/1204
f 621/1592/1166 571/746/566 620/814/618
f 1199/1640/1202 1197/1639/1201 1218/1668/1223
f 621/1592/1166 1128/1585/1159 577/747/574
f 1134/1586/1160 1128/1585/1159 621/1592/1166
f 577/747/574 571/746/566 621/1592/1166
f 1219/1666/1226 1052/1446/1052 1223/1669/1227
f 1219/1666/1226 1050/1445/1051 1052/1446/1052
f 1219/1666/1226 1223/1669/1227 3757/1670/1228
f 3559/1671/1229 1221/1672/1230 1224/1673/1231
f 1211/1648/1210 1225/1674/1232 1195/1631/1195
f 1190/1623/1187 894/1226/896 1574/1675/1233
f 894/1226/896 1099/1506/1098 1574/1675/1233
f 1229/1676/1234 1227/1677/1235 1228/1678/1236
f 1224/1673/1231 1221/1672/1230 1222/1679/1237
f 1230/1654/1216 1195/1631/1195 1231/1680/1238
f 1225/1674/1232 1231/1680/1238 1195/1631/1195
f 1236/1681/1239 1229/1676/1234 1237/1682/1240
f 1237/1682/1240 1238/1683/1241 1120/1684/1144
f 1239/1685/1242 1240/1686/1243 1221/1687/1230
f 1238/1688/1241 1065/1459/1064 1120/1565/1144
f 1222/1679/1237 1221/1672/1230 1240/1689/1243
f 3559/1690/1229 1241/1691/1244 1221/1687/1230
f 1196/1692/1245 879/1620/1184 1186/1628/1192
f 879/1620/1184 1196/1692/1245 891/1632/1196
f 1184/1621/1185 452/575/441 1093/1497/1091
f 1159/1579/1155 1104/1581/1106 1105/1693/1107
f 1196/1692/1245 923/1636/1198 891/1632/1196
f 1122/1544/1124 923/1636/1198 1196/1692/1245
f 1125/1694/1246 1122/1544/1124 1196/1692/1245
f 1176/1609/1176 1244/1695/1247 1137/1605/1149
f 1310/1644/1206 1245/1696/1248 1176/1609/1176
f 1176/1609/1176 1138/1604/1173 1310/1644/1206
f 1239/1685/1242 1241/1691/1244 1246/1697/1249
f 1239/1685/1242 1246/1697/1249 1247/1698/1250
f 1250/1699/1251 1251/1700/1252 1252/1701/1253
f 1221/1687/1230 1241/1691/1244 1239/1685/1242
f 4381/1702/1254 1235/1703/1255 1253/1704/1256
f 1253/1705/1256 1242/1706/1257 4381/1707/1254
f 1242/1706/1257 1253/1705/1256 1243/1708/1258
f 1243/1708/1258 1253/1705/1256 833/1709/1259
f 1256/1710/1182 1054/1711/1061 1063/1665/1180
f 1248/1712/1260 1257/1713/1261 1254/1714/1262
f 1063/1615/1180 1171/1599/1172 1256/1715/1182
f 1254/1714/1262 1258/1716/1263 1248/1712/1260
f 1054/1711/1061 1060/1493/1060 1063/1665/1180
f 1232/1717/1264 1259/1718/1265 1235/1719/1255
f 1166/1591/1165 1063/1615/1180 1168/1667/1225
f 1212/1720/1217 1062/1721/1266 1213/1722/1218
f 1253/1704/1256 1235/1703/1255 833/1723/1259
f 1054/1711/1061 1256/1710/1182 1062/1721/1266
f 1235/1703/1255 1260/1724/1267 833/1723/1259
f 831/1130/827 833/1723/1259 1260/1724/1267
f 1229/1676/1234 1233/1725/1268 1237/1682/1240
f 1213/1722/1218 1062/1721/1266 1256/1710/1182
f 1256/1617/1182 1180/1616/1181 1213/1656/1218
f 1238/1683/1241 1237/1682/1240 1233/1725/1268
f 1062/1726/1266 966/1727/1269 1261/1728/1270
f 1235/1719/1255 1259/1718/1265 1262/1729/1271
f 1058/1453/1058 1062/1726/1266 1261/1728/1270
f 1254/1730/1262 1257/1731/1261 1255/1732/1272
f 1062/1726/1266 1058/1453/1058 1054/1456/1061
f 1062/1721/1266 1212/1720/1217 966/1733/1269
f 3858/1734/1224 966/1733/1269 1212/1720/1217
f 1261/1728/1270 1264/1735/1273 1058/1453/1058
f 1261/1728/1270 966/1727/1269 1265/1736/1274
f 831/1131/827 1118/1532/1116 833/1737/1259
f 1261/1728/1270 1265/1736/1274 1266/1738/1275
f 831/1131/827 832/1133/828 1118/1532/1116
f 1043/1739/1043 1059/1454/1059 1264/1735/1273
f 1266/1738/1275 1043/1739/1043 1264/1735/1273
f 1043/1739/1043 1044/1740/1044 1059/1454/1059
f 1243/1708/1258 833/1709/1259 1268/1741/1276
f 1061/1494/1062 1059/1742/1059 1045/1437/1045
f 1059/1742/1059 1044/1436/1044 1045/1437/1045
f 731/995/740 743/999/743 1255/1732/1272
f 1118/1743/1116 1268/1741/1276 833/1709/1259
f 1264/1735/1273 1059/1454/1059 1058/1453/1058
f 1264/1735/1273 1261/1728/1270 1266/1738/1275
f 1071/1514/1104 1066/1460/1065 1267/1744/1277
f 743/999/743 1254/1730/1262 1255/1732/1272
f 1271/1745/1278 1272/1746/1279 1270/1747/1280
f 1271/1745/1278 1270/1747/1280 1269/1748/1281
f 1071/1514/1104 1267/1744/1277 1076/1474/1075
f 1273/1749/1282 1272/1746/1279 1271/1745/1278
f 743/999/743 1274/1750/1283 1254/1730/1262
f 1276/1751/1284 1277/1752/1285 1278/1753/1286
f 1279/1754/1287 1277/1752/1285 1276/1751/1284
f 1077/1475/1076 1076/1474/1075 3654/1755/1288
f 1280/1756/1289 1282/1757/1290 2055/1758/1291
f 1277/1752/1285 1279/1754/1287 1281/1759/1292
f 1284/1760/1293 1285/1761/1294 1668/1762/1295
f 749/1763/754 761/1764/1296 756/1765/755
f 1183/1766/1297 1182/1767/1199 1199/1661/1202
f 1251/1700/1252 761/1764/1296 1252/1701/1253
f 1278/1768/1286 1287/1769/1298 1276/1770/1284
f 1289/1771/1299 1277/1752/1285 1290/1772/1300
f 1277/1752/1285 1289/1771/1299 1278/1753/1286
f 1291/1773/1301 1288/1774/1302 1286/1775/1303
f 749/1763/754 1252/1701/1253 761/1764/1296
f 1278/1768/1286 1289/1776/1299 1292/1777/1304
f 1278/1768/1286 1292/1777/1304 1287/1769/1298
f 1277/1752/1285 1293/1778/1305 1290/1772/1300
f 1286/1775/1303 1294/1779/1306 1183/1766/1297
f 1159/1579/1155 1251/1700/1252 1296/1780/1307
f 1297/1781/1308 1286/1775/1303 1288/1774/1302
f 1286/1775/1303 1297/1781/1308 1294/1779/1306
f 1295/1782/1309 1311/1783/1310 1307/1784/1311
f 1159/1579/1155 1105/1693/1107 1251/1700/1252
f 1277/1752/1285 1281/1759/1292 1298/1785/1312
f 1019/1400/1017 1300/1786/1313 1016/1396/1014
f 1016/1396/1014 1300/1786/1313 1281/1759/1292
f 1300/1786/1313 1301/1787/1314 1298/1785/1312
f 1298/1785/1312 1281/1759/1292 1300/1786/1313
f 473/1788/467 1251/1700/1252 1105/1693/1107
f 1300/1786/1313 1302/1789/1315 1301/1787/1314
f 1300/1786/1313 1303/1790/1316 1302/1789/1315
f 1300/1786/1313 647/856/647 1303/1790/1316
f 1019/1400/1017 647/856/647 1300/1786/1313
f 34/21/21 1283/1791/1317 33/1643/1205
f 473/1788/467 756/1765/755 761/1764/1296
f 1302/1789/1315 710/952/710 720/967/721
f 710/952/710 1302/1789/1315 646/855/646
f 1302/1789/1315 1303/1790/1316 646/855/646
f 33/1643/1205 22/19/19 34/21/21
f 1303/1790/1316 647/856/647 646/855/646
f 473/1788/467 761/1764/1296 1251/1700/1252
f 1304/1792/1318 1305/1793/1319 1293/1778/1305
f 1306/1794/1320 720/967/721 754/1024/762
f 1301/1787/1314 1302/1789/1315 1306/1794/1320
f 1304/1792/1318 1301/1787/1314 1306/1794/1320
f 1295/1782/1309 1307/1784/1311 1308/1795/1321
f 1301/1787/1314 1304/1792/1318 1293/1778/1305
f 1293/1778/1305 1298/1785/1312 1301/1787/1314
f 1298/1785/1312 1293/1778/1305 1277/1752/1285
f 1302/1789/1315 720/967/721 1306/1794/1320
f 1309/1796/1322 1310/1644/1206 1283/1791/1317
f 1310/1644/1206 33/1643/1205 1283/1791/1317
f 1309/1796/1322 1283/1791/1317 1313/1797/1323
f 1163/1798/1324 1184/1621/1185 1093/1497/1091
f 1316/1799/1325 1317/1800/1326 1318/1801/1327
f 1319/1802/1328 1316/1799/1325 1318/1801/1327
f 1310/1644/1206 1309/1796/1322 1245/1696/1248
f 1296/1780/1307 1320/1803/1329 1159/1579/1155
f 1321/1804/1330 1317/1800/1326 1316/1799/1325
f 1317/1800/1326 1321/1804/1330 1322/1805/1331
f 1275/1806/1332 1284/1760/1293 1668/1762/1295
f 1321/1804/1330 1272/1746/1279 1322/1805/1331
f 1226/1807/1333 1275/1806/1332 1668/1762/1295
f 1270/1747/1280 1272/1746/1279 1321/1804/1330
f 1323/1808/1334 1321/1809/1330 3051/1810/1335
f 1319/1811/1328 3060/1812/1336 1316/1813/1325
f 1289/1771/1299 1290/1772/1300 1324/1814/1337
f 1326/1815/1338 1184/1621/1185 1163/1798/1324
f 743/999/743 688/1000/744 910/1245/911
f 1274/1750/1283 743/999/743 910/1245/911
f 1324/1814/1337 1290/1772/1300 1305/1793/1319
f 1325/1816/1339 1274/1817/1283 910/1818/911
f 1327/1819/1340 1292/1777/1304 1289/1776/1299
f 1194/1627/1191 1184/1621/1185 1326/1815/1338
f 1325/1816/1339 910/1818/911 1328/1820/1341
f 1315/1821/1342 1314/1822/1343 1246/1697/1249
f 1246/1697/1249 1241/1691/1244 1315/1821/1342
f 1163/1798/1324 1093/1497/1091 1164/1589/1163
f 577/1477/574 1128/1823/1159 1329/1824/1344
f 1317/1800/1326 1330/1825/1345 1318/1801/1327
f 1072/1468/1072 577/1477/574 1329/1824/1344
f 1073/1469/1073 1072/1468/1072 1329/1824/1344
f 1334/1826/1346 1335/1827/1347 1336/1828/1348
f 1331/1829/1349 1227/1677/1235 1236/1681/1239
f 1129/1608/1162 1329/1824/1344 1128/1823/1159
f 1334/1826/1346 1291/1773/1301 1335/1827/1347
f 1329/1824/1344 1129/1608/1162 1187/1622/1186
f 1339/1830/1350 1187/1622/1186 1129/1608/1162
f 1344/1831/1351 1237/1682/1240 1120/1684/1144
f 1129/1608/1162 1175/1607/1175 1339/1830/1350
f 1236/1681/1239 1237/1682/1240 1344/1831/1351
f 1073/1469/1073 1329/1824/1344 1187/1622/1186
f 1286/1775/1303 1217/1660/1222 1335/1827/1347
f 1286/1775/1303 1335/1827/1347 1291/1773/1301
f 1334/1826/1346 1342/1832/1352 1343/1833/1353
f 1236/1681/1239 1344/1831/1351 1345/1834/1354
f 1346/1835/1355 1291/1773/1301 1334/1826/1346
f 1183/1766/1297 1199/1661/1202 1217/1660/1222
f 1217/1660/1222 1286/1775/1303 1183/1766/1297
f 1344/1836/1351 1120/1565/1144 1470/1837/1356
f 1341/1838/1357 1263/1839/1358 1340/1840/1359
f 1340/1841/1359 1347/1842/1360 1348/1843/1361
f 1331/1829/1349 1345/1834/1354 1333/1844/1362
f 1218/1662/1223 1349/1845/1363 1217/1660/1222
f 1236/1681/1239 1345/1834/1354 1331/1829/1349
f 910/1818/911 1332/1846/1364 1328/1820/1341
f 1350/1534/1118 1351/1847/1365 1115/1536/1120
f 1322/1805/1331 1352/1848/1366 1317/1800/1326
f 1350/1534/1118 1115/1536/1120 1114/1531/1115
f 1354/1849/1367 1341/1838/1357 1340/1840/1359
f 1317/1800/1326 1352/1848/1366 1330/1825/1345
f 1355/1850/1368 1356/1851/1369 1330/1825/1345
f 1360/1852/1370 1357/1853/1371 1350/1534/1118
f 1358/1854/1372 1218/1668/1223 1220/1642/1204
f 1352/1848/1366 1355/1850/1368 1330/1825/1345
f 1352/1848/1366 1272/1746/1279 1273/1749/1282
f 1355/1850/1368 1352/1848/1366 1273/1749/1282
f 1273/1749/1282 1359/1855/1373 1355/1850/1368
f 1350/1534/1118 1219/1666/1226 1360/1852/1370
f 1322/1805/1331 1272/1746/1279 1352/1848/1366
f 1327/1819/1340 1361/1856/1374 1362/1857/1375
f 1363/1858/1376 1364/1859/1377 1324/1860/1337
f 1365/1861/1378 1324/1860/1337 1364/1859/1377
f 1364/1859/1377 1366/1862/1379 1327/1819/1340
f 1364/1859/1377 1327/1819/1340 1365/1861/1378
f 1348/1843/1361 1354/1863/1367 1340/1841/1359
f 1365/1864/1378 1289/1771/1299 1324/1814/1337
f 1327/1819/1340 1289/1776/1299 1365/1861/1378
f 1358/1865/1372 1349/1845/1363 1218/1662/1223
f 1227/1677/1235 1229/1676/1234 1236/1681/1239
f 1367/1866/1380 1368/1867/1381 1369/1868/1382
f 1336/1828/1348 1217/1660/1222 1349/1845/1363
f 1341/1838/1357 1354/1849/1367 1353/1869/1383
f 1336/1828/1348 1335/1827/1347 1217/1660/1222
f 1371/1870/1384 1372/1871/1385 1373/1872/1386
f 1372/1871/1385 1374/1873/1387 1373/1872/1386
f 1375/1874/1388 1374/1873/1387 1372/1871/1385
f 1376/1875/1389 1150/1564/1143 1147/1562/1141
f 1373/1872/1386 1374/1873/1387 1364/1859/1377
f 1364/1859/1377 1363/1858/1376 1373/1872/1386
f 1374/1873/1387 1375/1874/1388 1366/1862/1379
f 1366/1862/1379 1364/1859/1377 1374/1873/1387
f 1147/1562/1141 1377/1876/1390 1376/1875/1389
f 1378/1877/1391 1379/1878/1392 1372/1871/1385
f 1363/1879/1376 1381/1880/1393 1373/1881/1386
f 1305/1793/1319 1383/1882/1394 1384/1883/1395
f 1381/1880/1393 1305/1793/1319 1384/1883/1395
f 1384/1883/1395 1385/1884/1396 1381/1880/1393
f 1250/1699/1251 1386/1885/1397 1251/1700/1252
f 1383/1882/1394 1387/1886/1398 1384/1883/1395
f 1387/1886/1398 1388/1887/1399 1384/1883/1395
f 1381/1880/1393 1363/1879/1376 1305/1793/1319
f 1324/1814/1337 1305/1793/1319 1363/1879/1376
f 1296/1780/1307 1251/1700/1252 1386/1885/1397
f 1305/1793/1319 1304/1792/1318 1383/1882/1394
f 1387/1886/1398 1383/1882/1394 1304/1792/1318
f 1304/1792/1318 1306/1794/1320 1387/1886/1398
f 1290/1772/1300 1293/1778/1305 1305/1793/1319
f 754/1024/762 759/1029/765 1388/1887/1399
f 754/1024/762 1388/1887/1399 1387/1886/1398
f 1369/1868/1382 1001/1376/998 1000/1888/1400
f 1369/1889/1382 1115/1536/1120 1351/1847/1365
f 1001/1376/998 1369/1868/1382 1392/1890/1401
f 1001/1376/998 997/1378/994 1000/1888/1400
f 1380/1657/1219 1211/1648/1210 1188/1630/1194
f 1296/1780/1307 1386/1885/1397 1320/1803/1329
f 1393/1891/1402 1394/1892/1403 1284/1760/1293
f 1337/1893/1404 1284/1760/1293 1394/1892/1403
f 1389/156/138 1390/1894/1405 1641/1895/1406
f 1386/1885/1397 1250/1699/1251 1397/1896/1407
f 754/1024/762 1387/1886/1398 1306/1794/1320
f 759/1029/765 1398/1897/1408 1388/1887/1399
f 1384/1883/1395 1388/1887/1399 1385/1884/1396
f 1399/1898/1409 1400/1899/1410 1373/1900/1386
f 1211/1648/1210 1214/1658/1220 1225/1674/1232
f 1388/1887/1399 1398/1897/1408 1385/1884/1396
f 1373/1881/1386 1381/1880/1393 1399/1901/1409
f 249/292/238 1397/1896/1407 1250/1699/1251
f 1381/1880/1393 1385/1884/1396 1399/1901/1409
f 1398/1902/1408 768/1903/772 767/1100/771
f 767/1100/771 1401/1904/1411 1398/1902/1408
f 759/1029/765 768/1905/772 1398/1897/1408
f 1398/1902/1408 1401/1904/1411 1403/1906/1412
f 1403/1906/1412 1385/1907/1396 1398/1902/1408
f 110/107/97 1371/1908/1384 1400/1899/1410
f 947/1909/1413 802/1091/804 799/1077/800
f 1371/1908/1384 1373/1900/1386 1400/1899/1410
f 1403/1906/1412 1400/1899/1410 1399/1898/1409
f 534/1910/530 105/131/117 337/530/399
f 1399/1898/1409 1385/1907/1396 1403/1906/1412
f 947/1911/1413 807/1912/806 802/1913/804
f 1408/1914/1414 1409/1915/1415 1410/1916/1416
f 1412/1917/1417 947/1911/1413 799/1918/800
f 1413/1919/1418 1410/1916/1416 1409/1915/1415
f 827/1920/823 1412/1917/1417 799/1918/800
f 1416/1921/1419 1415/1922/1420 1413/1919/1418
f 1418/1923/1421 1417/1924/1422 1416/1921/1419
f 1410/1916/1416 1413/1919/1418 1414/1925/1423
f 1377/1876/1390 1420/1926/1424 1376/1875/1389
f 1421/1927/1425 1406/1928/1426 1405/1929/1427
f 1407/1930/1428 1405/1929/1427 1406/1928/1426
f 1411/1931/1429 1406/1928/1426 1421/1927/1425
f 1411/1931/1429 1408/1914/1414 1410/1916/1416
f 1421/1927/1425 1408/1914/1414 1411/1931/1429
f 1422/1932/1430 1417/1924/1422 1418/1923/1421
f 1415/1922/1420 1416/1921/1419 1417/1924/1422
f 1414/1925/1423 1413/1919/1418 1415/1922/1420
f 1393/1891/1402 1284/1760/1293 1275/1806/1332
f 830/1129/826 827/1126/823 826/1125/822
f 1147/1562/1141 1137/1570/1149 1377/1876/1390
f 777/1054/781 1424/1933/1431 1425/1934/1432
f 830/1935/826 829/1936/825 1341/1838/1357
f 1341/1838/1357 1353/1869/1383 830/1935/826
f 1404/1937/1433 1424/1933/1431 1402/1938/1434
f 830/1935/826 1353/1869/1383 1426/1939/1435
f 830/1935/826 1426/1939/1435 827/1940/823
f 1427/1941/1436 1377/1876/1390 1137/1570/1149
f 1423/1942/1437 827/1920/823 1426/1943/1435
f 1425/1934/1432 825/1944/831 780/1057/784
f 1244/1695/1247 1427/1945/1436 1137/1605/1149
f 777/1054/781 1425/1934/1432 780/1057/784
f 1328/1820/1341 1428/1946/1438 1325/1816/1339
f 1402/1938/1434 1424/1933/1431 779/1056/783
f 777/1054/781 779/1056/783 1424/1933/1431
f 1428/1946/1438 1434/1947/1439 1429/1948/1440
f 1435/1949/1441 1433/1950/1442 1432/1951/1443
f 1436/1952/1444 1437/1953/1445 1433/1950/1442
f 1438/1954/1446 1439/1955/1447 1436/1952/1444
f 1440/1956/1448 1441/1957/1449 1442/1958/1450
f 1440/1956/1448 1443/1959/1451 1438/1954/1446
f 779/1056/783 1419/1960/1452 1402/1938/1434
f 1437/1953/1445 1436/1952/1444 1439/1955/1447
f 1444/1961/1453 1442/1958/1450 1441/1957/1449
f 1443/1959/1451 1440/1956/1448 1442/1958/1450
f 1439/1955/1447 1438/1954/1446 1443/1959/1451
f 1432/1951/1443 1445/1962/1454 1435/1949/1441
f 1432/1951/1443 1433/1950/1442 1437/1953/1445
f 1445/1962/1454 1430/1963/1455 1435/1949/1441
f 1431/1964/1456 1435/1949/1441 1430/1963/1455
f 1446/1965/1457 1431/1964/1456 1430/1963/1455
f 1449/1966/1458 1448/1967/1459 1447/1968/1460
f 1451/1969/1461 1450/1970/1462 1449/1966/1458
f 1452/1971/1463 1453/1972/1464 1451/1969/1461
f 1454/1973/1465 1455/1974/1466 1456/1975/1467
f 1448/1967/1459 1449/1966/1458 1450/1970/1462
f 1456/1975/1467 1455/1974/1466 1452/1971/1463
f 1096/1504/1096 1149/1563/1142 1457/1976/1468
f 1488/1977/1469 1447/1968/1460 1487/1978/1470
f 297/363/292 534/691/530 337/517/399
f 1448/1967/1459 1487/1978/1470 1447/1968/1460
f 1239/1685/1242 1458/1979/1471 1394/1980/1403
f 1459/1981/1472 1096/1504/1096 1457/1976/1468
f 534/1910/530 1465/1982/1473 105/131/117
f 1465/1982/1473 444/594/458 105/131/117
f 903/1235/905 1096/1504/1096 1459/1981/1472
f 1463/1983/1474 1641/1895/1406 1390/1894/1405
f 1332/1846/1364 1462/1984/1475 1428/1946/1438
f 1428/1946/1438 1328/1820/1341 1332/1846/1364
f 903/1235/905 1095/1233/903 1096/1504/1096
f 1095/1233/903 903/1235/905 904/1236/906
f 1116/1535/1119 1000/1985/1400 965/1331/960
f 997/1372/994 965/1331/960 1000/1985/1400
f 1116/1535/1119 1369/1889/1382 1000/1985/1400
f 1115/1536/1120 1369/1889/1382 1116/1535/1119
f 1390/1894/1405 1464/1986/1476 1463/1983/1474
f 1466/1987/1477 1468/1988/1478 1467/1989/1479
f 1469/1990/1480 1348/1843/1361 1347/1842/1360
f 1478/1991/1481 1468/1988/1478 1466/1987/1477
f 1470/1837/1356 1471/1992/1482 160/1993/145
f 1471/1992/1482 127/137/123 231/342/221
f 1471/1992/1482 1470/1837/1356 1120/1565/1144
f 1120/1565/1144 1121/1548/1128 1471/1992/1482
f 1472/1994/1483 1420/1926/1424 1377/1876/1390
f 1472/1994/1483 1377/1876/1390 1427/1941/1436
f 107/103/93 1476/1995/1484 89/101/91
f 1121/1548/1128 127/137/123 1471/1992/1482
f 1127/138/124 127/137/123 1121/1548/1128
f 2496/1996/1485 1472/1994/1483 1427/1941/1436
f 1280/1756/1289 1474/1997/1486 1282/1757/1290
f 1460/1998/1487 1474/1997/1486 1280/1756/1289
f 128/82/72 1127/138/124 1135/1513/1103
f 112/1101/809 107/103/93 94/102/92
f 1475/1999/1488 10/2000/1489 89/101/91
f 1478/2001/1481 1474/1997/1486 1460/1998/1487
f 1014/1409/1024 1392/1890/1401 1479/2002/1490
f 1479/2002/1490 1480/2003/1491 1014/1409/1024
f 1481/2004/1492 1282/1757/1290 1474/1997/1486
f 1392/1890/1401 1014/1409/1024 1001/1376/998
f 1353/2005/1383 1354/1863/1367 1382/2006/1493
f 1354/1863/1367 1348/1843/1361 1382/2006/1493
f 1483/2007/1494 1484/2008/1495 1485/2009/1496
f 1487/1978/1470 1486/2010/1497 1488/1977/1469
f 1485/2009/1496 1488/1977/1469 1486/2010/1497
f 1483/2007/1494 1485/2009/1496 1486/2010/1497
f 1369/1868/1382 1368/1867/1381 1392/1890/1401
f 1453/1972/1464 1452/1971/1463 1455/1974/1466
f 1450/1970/1462 1451/1969/1461 1453/1972/1464
f 1489/2011/1498 1490/2012/1499 1491/2013/1500
f 1491/2013/1500 1492/2014/1501 1489/2011/1498
f 1479/2002/1490 1392/1890/1401 1368/1867/1381
f 1465/2015/1473 472/692/531 1461/2016/1502
f 1493/2017/1503 1494/2018/1504 1492/2014/1501
f 472/692/531 481/706/539 1742/2019/1505
f 1493/2017/1503 1496/2020/1506 1497/2021/1507
f 1498/2022/1508 1497/2021/1507 1496/2020/1506
f 1496/2020/1506 1499/2023/1509 1498/2022/1508
f 1502/2024/1510 1491/2013/1500 1490/2012/1499
f 1490/2012/1499 1501/2025/1511 1502/2024/1510
f 1348/1843/1361 1469/1990/1480 1503/2026/1512
f 1497/2021/1507 1495/2027/1513 1493/2017/1503
f 1495/2027/1513 1494/2018/1504 1493/2017/1503
f 1489/2011/1498 1492/2014/1501 1494/2018/1504
f 1500/2028/1514 1502/2024/1510 1501/2025/1511
f 1501/2025/1511 1504/2029/1515 1500/2028/1514
f 231/271/221 160/163/145 1471/2030/1482
f 899/1229/899 903/1235/905 1419/1960/1452
f 779/1056/783 899/1229/899 1419/1960/1452
f 2496/2031/1485 1427/1945/1436 1506/2032/1516
f 903/1235/905 1459/1981/1472 1419/1960/1452
f 1427/1945/1436 1244/1695/1247 1506/2032/1516
f 779/1056/783 778/1055/782 899/1229/899
f 133/2033/120 1405/2034/1427 1507/2035/1517
f 1423/1942/1437 1412/1917/1417 827/1920/823
f 1244/1695/1247 1176/1609/1176 1245/1696/1248
f 1437/2036/1445 1439/2037/1447 1508/2038/1518
f 1437/2036/1445 1509/2039/1519 1432/2040/1443
f 1445/2041/1454 1432/2040/1443 1510/2042/1520
f 1382/2006/1493 1426/2043/1435 1353/2005/1383
f 1461/2016/1502 472/692/531 1742/2019/1505
f 1512/2044/1521 1426/2043/1435 1382/2006/1493
f 818/1152/843 1513/85/75 817/1150/841
f 1511/2045/1522 1514/2046/1523 818/1152/843
f 1465/2015/1473 534/691/530 472/692/531
f 1514/2046/1523 1513/85/75 818/1152/843
f 1312/2047/1524 1311/1783/1310 10/2048/1489
f 10/2048/1489 1475/2049/1488 1312/2047/1524
f 1647/2050/1525 1515/2051/1526 1456/2052/1467
f 1516/2053/1527 1488/2054/1469 1485/2055/1496
f 1522/2056/1528 1520/2057/1529 1521/2058/1530
f 444/594/458 1465/1982/1473 1461/2059/1502
f 817/1150/841 1517/2060/1531 728/1016/757
f 1513/85/75 1517/2060/1531 817/1150/841
f 1523/2061/1532 1496/2062/1506 1493/2063/1503
f 1370/2064/1533 1367/1866/1380 1524/2065/1534
f 1518/2066/1535 471/603/466 1461/2059/1502
f 1476/1995/1484 1475/1999/1488 89/101/91
f 444/594/458 1461/2059/1502 471/603/466
f 1526/2067/1536 1527/2068/1537 1528/2069/1538
f 1421/2070/1425 187/2071/168 1408/2072/1414
f 1507/2073/1517 1405/2074/1427 1529/2075/1539
f 1407/2076/1428 1406/2077/1426 100/2078/89
f 1742/2019/1505 1518/2079/1535 1461/2016/1502
f 1380/2080/1219 1391/2081/1540 1396/2082/1541
f 1370/2064/1533 1525/2083/1542 1532/2084/1543
f 1367/2085/1380 1351/1847/1365 1524/2086/1534
f 1370/2064/1533 1524/2065/1534 1525/2083/1542
f 1351/1847/1365 1367/2085/1380 1369/1889/1382
f 1531/2087/1544 1533/2088/1545 1391/2081/1540
f 96/2089/85 98/2090/87 1406/2077/1426
f 1405/2074/1427 1407/2091/1428 1529/2075/1539
f 1391/2092/1540 1533/2093/1545 1396/2094/1541
f 1533/2093/1545 1534/2095/1546 1396/2094/1541
f 1535/2096/1547 1536/2097/1548 1413/2098/1418
f 1333/2099/1362 1537/2100/1549 1338/2101/1550
f 1396/2094/1541 1214/2102/1220 1380/2103/1219
f 1396/2094/1541 1538/2104/1551 1214/2102/1220
f 1512/2105/1521 1423/1942/1437 1426/1943/1435
f 1418/2106/1421 1539/2107/1552 1540/2108/1553
f 1422/2109/1430 1543/2110/1554 1417/2111/1422
f 1543/2112/1554 1422/2113/1430 1540/2114/1553
f 1418/2115/1421 1540/2114/1553 1422/2113/1430
f 1544/2116/1555 1167/1593/1167 911/2117/1556
f 1470/2118/1356 1345/2119/1354 1344/2120/1351
f 1530/2121/1557 1410/2122/1416 1505/2123/1558
f 1167/1593/1167 620/814/618 911/2117/1556
f 1167/1593/1167 621/1592/1166 620/814/618
f 96/2089/85 1406/2077/1426 1411/2124/1429
f 1333/2099/1362 1345/2119/1354 1537/2100/1549
f 100/2078/89 1529/2125/1539 1407/2076/1428
f 836/1200/829 911/2117/1556 620/814/618
f 1406/2077/1426 98/2090/87 100/2078/89
f 1470/2118/1356 1537/2100/1549 1345/2119/1354
f 187/2071/168 1421/2070/1425 133/2033/120
f 1545/990/736 1537/2100/1549 207/236/194
f 1546/2126/1559 131/2127/118 1507/2035/1517
f 1470/2118/1356 207/236/194 1537/2100/1549
f 133/2033/120 1421/2070/1425 1405/2034/1427
f 1470/2118/1356 160/163/145 207/236/194
f 1534/2095/1546 1538/2104/1551 1396/2094/1541
f 1537/2100/1549 1542/2128/1560 1338/2101/1550
f 1481/2004/1492 1275/1806/1332 1226/1807/1333
f 1481/2004/1492 1226/1807/1333 1282/1757/1290
f 1548/2129/1561 1549/2130/1562 1531/2087/1544
f 1535/2096/1547 1413/2098/1418 1409/2131/1415
f 1531/2087/1544 1549/2130/1562 1533/2088/1545
f 1416/2132/1419 1413/2098/1418 1536/2097/1548
f 1416/2133/1419 1536/2134/1548 1539/2107/1552
f 1416/2133/1419 1539/2107/1552 1418/2106/1421
f 2796/2135/1563 1549/2130/1562 1548/2129/1561
f 1550/2136/1564 1549/2130/1562 2796/2135/1563
f 1551/2137/1565 1547/2138/1566 1417/2139/1422
f 1552/2140/1567 1551/2141/1565 1543/2110/1554
f 1466/1987/1477 1553/2142/1568 1478/1991/1481
f 188/2143/169 1535/2096/1547 1409/2131/1415
f 1408/2072/1414 188/2143/169 1409/2131/1415
f 1478/2001/1481 1553/2144/1568 1474/1997/1486
f 100/2078/89 99/2145/1569 1529/2125/1539
f 1554/2146/1570 1546/2147/1559 1529/2148/1539
f 1393/1891/1402 1240/1689/1243 1394/1892/1403
f 911/2117/1556 836/1200/829 896/2149/895
f 1526/2067/1536 1528/2069/1538 1555/2150/1571
f 1167/1593/1167 1544/2116/1555 1170/1597/1170
f 1528/2069/1538 1564/2151/1572 1555/2150/1571
f 1544/2116/1555 1556/2152/1573 1208/1652/1214
f 1208/1652/1214 1170/1597/1170 1544/2116/1555
f 1534/2095/1546 1533/2093/1545 1549/2153/1562
f 1557/2154/1574 1527/2068/1537 1558/2155/1575
f 1560/2156/1576 1557/2154/1574 1558/2155/1575
f 1527/2068/1537 1557/2154/1574 1528/2069/1538
f 1393/1891/1402 1275/1806/1332 1481/2004/1492
f 1559/2157/1577 1429/2158/1440 1522/2159/1528
f 1258/1716/1263 1561/2160/1578 1248/1712/1260
f 1534/2095/1546 1549/2153/1562 1562/2161/1579
f 1564/2151/1572 1565/2162/1580 1566/2163/1581
f 1538/2104/1551 1569/2164/1582 1570/2165/1583
f 1565/2162/1580 1571/2166/1584 1568/2167/1585
f 1572/2168/1586 131/2127/118 1546/2126/1559
f 1554/2169/1570 1441/2170/1449 1546/2171/1559
f 1573/2172/1587 1440/2173/1448 1438/2174/1446
f 1357/1853/1371 1524/2086/1534 1351/1847/1365
f 1534/2095/1546 1569/2164/1582 1538/2104/1551
f 1440/2173/1448 1572/2175/1586 1441/2176/1449
f 1572/2168/1586 1546/2126/1559 1441/2177/1449
f 1522/2056/1528 1521/2058/1530 1561/2160/1578
f 1561/2160/1578 1521/2058/1530 1249/2178/1588
f 1575/2179/1589 1437/2036/1445 1508/2038/1518
f 1508/2038/1518 1576/2180/1590 1575/2179/1589
f 1561/2160/1578 1249/2178/1588 1248/1712/1260
f 1576/2180/1590 1508/2038/1518 1439/2037/1447
f 1239/1685/1242 1394/1980/1403 1240/1686/1243
f 947/1911/1413 1603/2181/1591 948/2182/947
f 1529/2125/1539 99/2145/1569 1554/2183/1570
f 1577/2184/1592 1444/2185/1453 1554/2183/1570
f 807/1912/806 947/1911/1413 948/2182/947
f 1444/2185/1453 1577/2184/1592 1442/2186/1450
f 1578/2187/1593 1442/2186/1450 1577/2184/1592
f 1546/2147/1559 1507/2188/1517 1529/2148/1539
f 1441/2170/1449 1554/2169/1570 1444/2189/1453
f 1222/1679/1237 1240/1689/1243 1393/1891/1402
f 1258/1716/1263 1254/1714/1262 1274/2190/1283
f 1446/2191/1457 1579/2192/1594 1431/2193/1456
f 132/2194/119 1431/2195/1456 1580/2196/1595
f 1581/2197/1596 1474/1997/1486 1553/2144/1568
f 1580/2198/1595 1431/2193/1456 1579/2192/1594
f 1446/2199/1457 1430/2200/1455 1579/2201/1594
f 1466/1987/1477 1582/2202/1597 1553/2142/1568
f 1583/2203/1598 1584/2204/1599 1510/2042/1520
f 1583/2203/1598 1510/2042/1520 1432/2040/1443
f 1538/2104/1551 1570/2165/1583 1214/2102/1220
f 1553/2144/1568 1582/2205/1597 1581/2197/1596
f 1214/1658/1220 1585/2206/1600 1225/1674/1232
f 1325/2207/1339 1258/2208/1263 1274/2209/1283
f 1586/2210/1601 1443/2211/1451 1442/2186/1450
f 1586/2212/1601 1587/2213/1602 1443/2214/1451
f 1588/2215/1603 1225/1674/1232 1585/2206/1600
f 1258/2216/1263 1325/1816/1339 1559/2217/1577
f 1428/1946/1438 1559/2217/1577 1325/1816/1339
f 1429/1948/1440 1559/2217/1577 1428/1946/1438
f 1588/2215/1603 1231/1680/1238 1225/1674/1232
f 1522/2218/1528 1561/2219/1578 1559/2220/1577
f 1440/2173/1448 1573/2172/1587 1572/2175/1586
f 1561/2160/1578 1258/1716/1263 1559/2221/1577
f 1593/2222/1604 1573/2172/1587 1438/2174/1446
f 1439/2037/1447 1443/2214/1451 1576/2180/1590
f 1245/1696/1248 1309/1796/1322 1589/2223/1605
f 1570/2165/1583 1585/2224/1600 1214/2102/1220
f 1534/2095/1546 1562/2161/1579 1569/2164/1582
f 1437/2036/1445 1575/2179/1589 1590/2225/1606
f 1590/2225/1606 1509/2039/1519 1437/2036/1445
f 1591/2226/1607 1569/2164/1582 1562/2161/1579
f 1433/2227/1442 1592/2228/1608 1436/2229/1444
f 1234/2230/1609 1224/1673/1231 1481/2004/1492
f 1350/1534/1118 1357/1853/1371 1351/1847/1365
f 1234/2230/1609 1481/2004/1492 1581/2197/1596
f 1474/1997/1486 1581/2197/1596 1481/2004/1492
f 1568/2167/1585 1567/2231/1610 1565/2162/1580
f 1569/2164/1582 1595/2232/1611 1570/2165/1583
f 1567/2231/1610 1568/2167/1585 3337/2233/1612
f 1368/1867/1381 1596/2234/1613 1479/2002/1490
f 1568/2167/1585 1598/2235/1614 1597/2236/1615
f 1368/1867/1381 1367/1866/1380 1370/2064/1533
f 1565/2162/1580 1564/2151/1572 1600/2237/1616
f 1370/2064/1533 1532/2084/1543 1368/1867/1381
f 1600/2237/1616 1571/2166/1584 1565/2162/1580
f 1231/1680/1238 1601/2238/1617 1230/1654/1216
f 159/162/144 734/986/732 1545/990/736
f 824/1136/830 825/1138/831 1511/2045/1522
f 818/1152/843 824/1136/830 1511/2045/1522
f 1600/2237/1616 1528/2069/1538 1557/2154/1574
f 1557/2154/1574 1602/2239/1618 1600/2237/1616
f 1600/2237/1616 1564/2151/1572 1528/2069/1538
f 154/1507/139 142/202/175 146/200/137
f 1563/2240/1619 1574/1675/1233 154/1507/139
f 1252/1701/1253 249/292/238 1250/1699/1251
f 1309/1796/1322 1313/1797/1323 1589/2223/1605
f 154/157/139 1389/156/138 1563/2241/1619
f 146/155/137 1390/1894/1405 1389/156/138
f 1436/2229/1444 1592/2228/1608 1593/2222/1604
f 1438/2174/1446 1436/2229/1444 1593/2222/1604
f 1431/2195/1456 132/2194/119 1435/2242/1441
f 132/2194/119 1606/2243/1620 1435/2242/1441
f 1605/2244/1621 1603/2181/1591 947/1911/1413
f 1412/1917/1417 1605/2244/1621 947/1911/1413
f 1540/2108/1553 1609/2245/1622 1607/2246/1623
f 1483/2247/1494 1608/2248/1624 1484/2249/1495
f 1485/2055/1496 1607/2246/1623 1609/2245/1622
f 1484/2250/1495 1607/2246/1623 1485/2055/1496
f 1368/1867/1381 1532/2084/1543 1596/2234/1613
f 1423/1942/1437 1612/2251/1625 1412/1917/1417
f 1610/2252/1626 1311/1783/1310 1312/2047/1524
f 1612/2251/1625 1605/2244/1621 1412/1917/1417
f 1594/2253/1627 1244/1695/1247 1245/1696/1248
f 1594/2253/1627 1245/1696/1248 1589/2223/1605
f 1545/990/736 1542/2128/1560 1537/2100/1549
f 734/986/732 733/985/731 1542/2128/1560
f 1589/2223/1605 1313/1797/1323 1613/2254/1628
f 734/986/732 1542/2128/1560 1545/990/736
f 1613/2254/1628 1313/1797/1323 1611/2255/1629
f 1308/1795/1321 1307/1784/1311 1615/2256/1630
f 1605/2244/1621 1616/2257/1631 1603/2181/1591
f 1222/1679/1237 1393/1891/1402 1224/1673/1231
f 1397/1896/1407 249/292/238 252/2258/1632
f 1481/2004/1492 1224/1673/1231 1393/1891/1402
f 93/270/220 249/292/238 1252/1701/1253
f 1610/2252/1626 1307/1784/1311 1311/1783/1310
f 1616/2257/1631 1605/2244/1621 1621/2259/1633
f 1349/1845/1363 1358/1865/1372 1623/2260/1634
f 1624/2261/1635 1625/2262/1636 1626/2263/1637
f 1613/2254/1628 1620/2264/1638 1589/2223/1605
f 1611/2255/1629 1313/1797/1323 1604/2265/1639
f 1594/2253/1627 1589/2223/1605 1620/2264/1638
f 1628/2266/1640 1511/2045/1522 1626/2267/1637
f 1629/2268/1641 1630/2269/1642 1631/2270/1643
f 1483/2271/1494 1486/2272/1497 1608/2273/1624
f 1511/2045/1522 1628/2266/1640 1514/2046/1523
f 1632/2274/1644 1633/2275/1645 1634/2276/1646
f 1230/1654/1216 1601/2238/1617 1635/2277/1647
f 1358/1854/1372 1220/1642/1204 1638/2278/1648
f 1637/2279/1649 1639/2280/1650 1632/2281/1644
f 1626/2267/1637 1511/2045/1522 825/1138/831
f 1639/2282/1650 1633/2275/1645 1632/2274/1644
f 1543/2283/1554 1540/2284/1553 1608/2285/1624
f 1607/2286/1623 1484/2249/1495 1608/2248/1624
f 1607/2287/1623 1608/2285/1624 1540/2284/1553
f 1641/1895/1406 1642/2288/1651 1657/2289/1652
f 1487/2290/1470 1448/2291/1459 1643/2292/1653
f 1230/1654/1216 1635/2277/1647 1638/2278/1648
f 1230/1654/1216 1638/2278/1648 1220/1642/1204
f 1645/2293/1654 1448/2291/1459 1450/2294/1462
f 1622/2295/1655 1186/1628/1192 1189/1625/1189
f 1646/2296/1656 1452/2297/1463 1451/2298/1461
f 1646/2296/1656 1647/2050/1525 1452/2297/1463
f 1247/1698/1250 1650/2299/1657 1649/2300/1658
f 1638/2278/1648 1648/2301/1659 1358/1854/1372
f 1651/2302/1660 1454/2303/1465 1652/2304/1661
f 1651/2302/1660 1653/2305/1662 1454/2303/1465
f 1623/2260/1634 1358/1865/1372 1648/2306/1659
f 1247/1698/1250 1649/2300/1658 1239/1685/1242
f 1456/2307/1467 1515/2308/1526 1454/2309/1465
f 1652/2310/1661 1454/2309/1465 1515/2308/1526
f 1654/2311/1663 1623/2260/1634 1674/2312/1664
f 1811/2313/1665 1631/2270/1643 1640/2314/1666
f 1640/2314/1666 1631/2270/1643 1630/2269/1642
f 1336/1828/1348 1349/1845/1363 1623/2260/1634
f 1654/2311/1663 1336/1828/1348 1623/2260/1634
f 1641/1895/1406 1657/2289/1652 1389/156/138
f 1248/1712/1260 1659/2315/1667 1257/1713/1261
f 1661/2316/1668 1623/2260/1634 1648/2306/1659
f 1674/2312/1664 1623/2260/1634 1661/2316/1668
f 1659/2315/1667 1662/2317/1669 1257/1713/1261
f 1701/89/79 1513/85/75 90/87/77
f 1659/2315/1667 1249/2178/1588 1900/2318/1670
f 1552/2140/1567 1543/2110/1554 1608/2273/1624
f 1249/2178/1588 1659/2315/1667 1248/1712/1260
f 1666/2319/1671 1667/2320/1672 1193/1626/1190
f 1539/2107/1552 1609/2245/1622 1540/2108/1553
f 1669/2321/1673 956/1324/957 1670/2322/1674
f 1672/2323/1675 1670/2322/1674 956/1324/957
f 1486/2272/1497 1487/2290/1470 1673/2324/1676
f 1486/2272/1497 1552/2140/1567 1608/2273/1624
f 1516/2053/1527 1485/2055/1496 1609/2245/1622
f 1655/2325/1677 1226/1807/1333 2051/2326/1678
f 1488/2054/1469 1516/2053/1527 1671/2327/1679
f 956/1324/957 702/1186/716 1672/2323/1675
f 1189/1625/1189 1193/1626/1190 1667/2320/1672
f 1189/1625/1189 1667/2320/1672 1622/2295/1655
f 1488/2054/1469 1671/2327/1679 1447/2328/1460
f 2051/2326/1678 1226/1807/1333 1668/1762/1295
f 1706/2329/1680 731/995/740 1255/1732/1272
f 1706/2329/1680 1255/1732/1272 1658/2330/1681
f 1226/1807/1333 1655/2325/1677 1282/1757/1290
f 1675/2331/1682 1451/2332/1461 1449/2333/1458
f 1639/2282/1650 1676/2334/1683 1633/2275/1645
f 1452/2297/1463 1647/2050/1525 1456/2052/1467
f 1476/1995/1484 107/103/93 1682/2335/1684
f 1675/2331/1682 1646/2336/1656 1451/2332/1461
f 1651/2302/1660 1652/2304/1661 1679/2337/1685
f 1455/2338/1466 1454/2303/1465 1653/2305/1662
f 1677/2339/972 21/2340/1686 969/1336/964
f 1677/2339/972 969/1336/964 967/1337/965
f 1658/2330/1681 1255/1732/1272 1257/1731/1261
f 1498/2341/1508 1499/2342/1509 1680/2343/1687
f 1677/1346/972 28/15/15 21/2344/1686
f 702/959/716 1681/2345/1688 1672/2346/1675
f 1681/2345/1688 702/959/716 701/961/718
f 701/961/718 731/995/740 1681/2345/1688
f 1684/2347/1689 132/2194/119 1683/2348/1690
f 2055/1758/1291 1282/1757/1290 1655/2325/1677
f 1684/2347/1689 1683/2348/1690 1499/2349/1509
f 1684/2347/1689 1499/2349/1509 1496/2350/1506
f 1686/2351/1691 1678/2352/1692 1633/2275/1645
f 1664/2353/1693 1622/2295/1655 1667/2320/1672
f 1514/2046/1523 338/86/76 1513/85/75
f 1650/2299/1657 1693/2354/1694 1694/2355/1695
f 1186/1628/1192 1622/2295/1655 1196/1692/1245
f 1622/2295/1655 1664/2353/1693 1196/1692/1245
f 1664/2353/1693 1125/1694/1246 1196/1692/1245
f 1628/2266/1640 338/86/76 1514/2046/1523
f 1696/2356/1696 1312/2047/1524 1475/2049/1488
f 1475/1999/1488 1476/1995/1484 1696/2357/1696
f 1125/1694/1246 1124/1545/1125 1122/1544/1124
f 1699/2358/1697 1700/2359/1698 1668/1762/1295
f 1699/2358/1697 1668/1762/1295 1285/1761/1294
f 1691/2360/1699 1700/2361/1698 1699/2362/1697
f 1701/89/79 1517/2060/1531 1513/85/75
f 1618/2363/1700 1702/2364/1701 1690/2365/1702
f 1629/2268/1641 1691/2360/1699 1630/2269/1642
f 1691/2360/1699 1703/2366/1703 1630/2269/1642
f 1691/2360/1699 1699/2362/1697 1703/2366/1703
f 1519/2367/1704 1707/2368/1705 1515/2369/1526
f 1519/2370/1704 1500/2371/1514 1707/2372/1705
f 1650/2299/1657 1247/1698/1250 1710/2373/1706
f 1500/2371/1514 1504/2374/1515 1707/2372/1705
f 1711/2375/1707 1712/2376/1708 1489/2377/1498
f 1252/1701/1253 92/298/80 93/270/220
f 1713/2378/1709 1495/2379/1513 1497/2380/1507
f 1580/2381/1595 1714/2382/1710 1683/2383/1690
f 1683/2384/1690 1680/2343/1687 1499/2342/1509
f 1284/1760/1293 1337/1893/1404 1285/1761/1294
f 1770/2385/1711 1640/2314/1666 1630/2269/1642
f 1430/2200/1455 1717/2386/1712 1579/2201/1594
f 1714/2382/1710 1580/2381/1595 1579/2387/1594
f 1703/2366/1703 1395/2388/1713 1770/2385/1711
f 1395/2388/1713 1703/2366/1703 1337/2389/1404
f 1770/2385/1711 1630/2269/1642 1703/2366/1703
f 1337/2389/1404 1703/2366/1703 1699/2362/1697
f 1685/2390/1714 1683/2383/1690 1714/2382/1710
f 1680/2391/1687 1683/2383/1690 1685/2390/1714
f 1314/1822/1343 1715/2392/1715 1719/2393/1716
f 1720/2394/1717 1497/2380/1507 1498/2395/1508
f 1682/2335/1684 107/103/93 1718/2396/1718
f 1677/2339/972 967/1337/965 1698/2397/1719
f 1501/2398/1511 1722/2399/1720 1504/2400/1515
f 1722/2399/1720 1707/2401/1705 1504/2400/1515
f 1636/2402/1721 1723/2403/1722 1637/2279/1649
f 1515/2369/1526 1707/2368/1705 1652/2404/1661
f 1724/2405/1723 1722/2399/1720 1501/2398/1511
f 1476/2406/1484 1682/2407/1684 1696/2356/1696
f 1580/2196/1595 1683/2348/1690 132/2194/119
f 1496/2350/1506 1725/2408/1724 1684/2347/1689
f 975/1347/973 1677/1346/972 1698/2409/1719
f 1523/2061/1532 1725/2410/1724 1496/2062/1506
f 1314/1822/1343 1719/2393/1716 1710/2373/1706
f 1502/2411/1510 1500/2412/1514 1726/2413/1725
f 1728/2414/1726 1491/2415/1500 1502/2411/1510
f 1647/2050/1525 1729/2416/1727 1515/2051/1526
f 1515/2051/1526 1729/2416/1727 1519/2417/1704
f 1709/2418/1728 1519/2417/1704 1729/2416/1727
f 1727/2419/1729 1692/2420/1730 1730/2421/1731
f 975/1347/973 1697/2422/1732 986/1361/985
f 975/1347/973 1698/2409/1719 1697/2422/1732
f 92/298/80 1252/1701/1253 749/1763/754
f 1492/2423/1501 1704/2424/1733 1493/2063/1503
f 92/90/80 749/1012/754 728/1016/757
f 1493/2063/1503 1704/2424/1733 1523/2061/1532
f 1491/2415/1500 1728/2414/1726 1492/2423/1501
f 1517/2060/1531 1701/89/79 728/1016/757
f 1701/89/79 92/90/80 728/1016/757
f 1285/1761/1294 1337/1893/1404 1699/2358/1697
f 1732/2425/1734 1711/2375/1707 1494/2426/1504
f 1733/2427/1735 1685/2428/1714 1716/2429/1736
f 1680/2430/1687 1685/2428/1714 1733/2427/1735
f 1717/2386/1712 1716/2429/1736 1579/2201/1594
f 1714/2431/1710 1579/2201/1594 1716/2429/1736
f 1685/2432/1714 1714/2433/1710 1716/2429/1736
f 1497/2380/1507 1720/2394/1717 1713/2378/1709
f 1681/2345/1688 1706/2329/1680 1705/2434/1737
f 1722/2399/1720 1679/2337/1685 1707/2401/1705
f 1734/2435/1738 1501/2398/1511 1490/2436/1499
f 1735/2437/1739 1736/2438/1740 1731/2439/1741
f 1731/2439/1741 1560/2156/1576 1558/2155/1575
f 1710/2373/1706 1246/1697/1249 1314/1822/1343
f 1246/1697/1249 1710/2373/1706 1247/1698/1250
f 1560/2156/1576 1602/2239/1618 1557/2154/1574
f 1706/2329/1680 1658/2330/1681 1708/2440/1742
f 1738/2441/1743 1805/2442/1744 1477/2443/1745
f 1664/2353/1693 1124/1545/1125 1125/1694/1246
f 1810/2444/1746 1737/2445/1747 1477/2443/1745
f 1712/2376/1708 1490/2436/1499 1489/2377/1498
f 1126/1546/1126 1739/1547/1127 1740/2446/1748
f 1656/2447/1749 1743/2448/1750 1657/2289/1652
f 1658/2330/1681 1257/1731/1261 1662/2449/1669
f 1708/2440/1742 1658/2330/1681 1662/2449/1669
f 268/317/258 311/386/307 1628/2266/1640
f 338/86/76 1628/2266/1640 311/386/307
f 1628/2266/1640 1626/2267/1637 268/317/258
f 1563/2241/1619 1657/2289/1652 1743/2448/1750
f 1657/2289/1652 1563/2241/1619 1389/156/138
f 1745/2450/1751 1753/2451/1752 1746/2452/1753
f 1746/2453/1753 1747/2454/1754 1745/2455/1751
f 1746/2453/1753 1748/2456/1755 1747/2454/1754
f 1686/2351/1691 1633/2275/1645 1676/2334/1683
f 1672/2346/1675 1681/2345/1688 1705/2434/1737
f 1563/2240/1619 1692/2420/1730 1574/1675/1233
f 1563/2457/1619 1743/2458/1750 1692/2459/1730
f 1650/2299/1657 1710/2373/1706 1693/2354/1694
f 1706/2329/1680 1681/2345/1688 731/995/740
f 1751/2460/1756 1736/2438/1740 1735/2437/1739
f 1752/2461/1757 1755/2462/1758 1719/2393/1716
f 1715/2392/1715 1752/2461/1757 1719/2393/1716
f 1698/2397/1719 1695/2463/1759 1744/2464/1760
f 1749/2465/1761 1761/2466/1762 785/2467/1763
f 1698/2397/1719 967/1337/965 1695/2463/1759
f 1757/2468/1764 1754/2469/1765 4093/2470/1766
f 1695/2463/1759 967/1337/965 1038/1426/1037
f 1639/2280/1650 1723/2403/1722 1758/2471/1767
f 1757/2468/1764 1753/2451/1752 1754/2469/1765
f 1698/2409/1719 1744/2472/1760 1697/2422/1732
f 1760/2473/1768 1693/2354/1694 1755/2462/1758
f 1719/2393/1716 1755/2462/1758 1693/2354/1694
f 1719/2393/1716 1693/2354/1694 1710/2373/1706
f 1753/2451/1752 1745/2450/1751 1756/2474/1769
f 1762/2475/1770 1175/1607/1175 1174/1606/1174
f 1749/2476/1761 785/2477/1763 553/722/553
f 986/1361/985 1697/2422/1732 1744/2472/1760
f 786/721/552 1749/2476/1761 553/722/553
f 1723/2403/1722 1639/2280/1650 1637/2279/1649
f 950/1313/949 1764/2478/1771 941/1303/941
f 1460/2479/1487 1477/2443/1745 1478/1991/1481
f 1639/2282/1650 1951/2480/1772 1676/2334/1683
f 561/2481/1773 459/588/453 458/590/454
f 1639/2282/1650 1758/2482/1767 1951/2480/1772
f 1764/2478/1771 561/2481/1773 458/590/454
f 1764/2478/1771 1766/1304/942 941/1303/941
f 1951/2480/1772 1767/2483/1774 1676/2334/1683
f 1738/2484/1743 1460/1998/1487 1280/1756/1289
f 1764/2478/1771 458/590/454 1766/1304/942
f 1477/2443/1745 1460/2479/1487 1738/2441/1743
f 1193/1626/1190 1187/1622/1186 1339/1830/1350
f 1736/2438/1740 1560/2156/1576 1731/2439/1741
f 1744/2464/1760 1695/2463/1759 1759/2485/1775
f 1560/2156/1576 1736/2438/1740 1602/2239/1618
f 1736/2438/1740 1750/2486/1776 1602/2239/1618
f 1768/2487/1777 1759/2485/1775 1143/1555/1135
f 1750/2486/1776 1769/2488/1778 1602/2239/1618
f 1395/2388/1713 1792/2489/1779 1770/2385/1711
f 1768/2487/1777 1143/1555/1135 1772/2490/1780
f 1772/2490/1780 1143/1555/1135 1094/1502/1094
f 1773/2491/1781 1774/2492/1782 1775/2493/1783
f 1625/2262/1636 1775/2493/1783 1774/2492/1782
f 1686/2351/1691 1676/2334/1683 1767/2483/1774
f 1777/2494/1784 1686/2351/1691 1767/2483/1774
f 1038/1426/1037 1759/2485/1775 1695/2463/1759
f 1774/2492/1782 1778/2495/1785 1779/2496/1786
f 1779/2496/1786 1625/2262/1636 1774/2492/1782
f 1143/1555/1135 1759/2485/1775 1038/1426/1037
f 1670/2322/1674 1672/2323/1675 1721/2497/1787
f 1781/2498/1788 1785/2499/1789 1780/2500/1790
f 1784/2501/1791 1763/2502/1792 1786/2503/1793
f 1763/2502/1792 1762/2475/1770 1174/1606/1174
f 1784/2501/1791 1762/2475/1770 1763/2502/1792
f 1686/2351/1691 1777/2494/1784 1687/2504/1794
f 1678/2352/1692 1686/2351/1691 1687/2504/1794
f 1705/2434/1737 1721/2505/1787 1672/2346/1675
f 1787/2506/1795 1149/1563/1142 1098/1568/1147
f 1782/2507/1796 1149/1563/1142 1787/2506/1795
f 1777/2494/1784 1780/2500/1790 1687/2504/1794
f 1783/2508/1797 1721/2505/1787 1705/2434/1737
f 1787/2509/1795 1771/2510/1798 1789/2511/1799
f 1791/1614/1179 1771/2510/1798 1787/2509/1795
f 1791/1614/1179 1787/2509/1795 1098/1578/1147
f 1791/1614/1179 1098/1578/1147 1158/1509/1099
f 1239/1685/1242 1649/2300/1658 1458/1979/1471
f 1458/1979/1471 1649/2300/1658 1792/2512/1779
f 1791/1614/1179 1744/2472/1760 1759/2513/1775
f 1771/2510/1798 1791/1614/1179 1759/2513/1775
f 1764/2478/1771 1765/2514/1800 561/2481/1773
f 1503/2026/1512 1382/2006/1493 1348/1843/1361
f 1791/1614/1179 986/1361/985 1744/2472/1760
f 1503/2026/1512 1794/2515/1801 1382/2006/1493
f 1765/2514/1800 1788/2516/1802 561/2481/1773
f 1795/2517/1803 1799/2518/1804 1796/2519/1805
f 1765/2514/1800 1790/2520/1806 1788/2516/1802
f 1795/2517/1803 1797/2521/1807 1799/2518/1804
f 1771/2522/1798 1759/2485/1775 1768/2487/1777
f 950/1313/949 1765/2514/1800 1764/2478/1771
f 1797/2521/1807 1798/2523/1808 1799/2518/1804
f 257/2524/256 1779/2496/1786 1778/2495/1785
f 257/315/256 268/317/258 1779/2525/1786
f 1337/2389/1404 1458/2526/1471 1395/2388/1713
f 1394/2527/1403 1458/2526/1471 1337/2389/1404
f 1625/2262/1636 1779/2496/1786 268/2528/258
f 1626/2263/1637 1625/2262/1636 268/2528/258
f 1803/2529/1809 1667/2320/1672 1666/2319/1671
f 1458/2526/1471 1792/2489/1779 1395/2388/1713
f 1803/2529/1809 1688/2530/1810 1667/2320/1672
f 1741/2531/1811 1664/2353/1693 1667/2320/1672
f 1688/2530/1810 1741/2531/1811 1667/2320/1672
f 1598/2235/1614 1568/2167/1585 1571/2166/1584
f 1762/2475/1770 1666/2319/1671 1339/1830/1350
f 1666/2319/1671 1193/1626/1190 1339/1830/1350
f 1762/2475/1770 1339/1830/1350 1175/1607/1175
f 1571/2166/1584 1806/2532/1812 1598/2235/1614
f 1801/2533/1813 1670/2322/1674 1802/2534/1814
f 1801/2533/1813 1669/2321/1673 1670/2322/1674
f 1670/2322/1674 1721/2497/1787 1802/2534/1814
f 1792/2489/1779 1807/2535/1815 1770/2385/1711
f 1283/1791/1317 1808/2536/1816 1809/2537/1817
f 1283/1791/1317 569/768/589 1808/2536/1816
f 1810/2444/1746 1805/2442/1744 1906/2538/1818
f 1770/2385/1711 1807/2535/1815 1640/2314/1666
f 1624/2261/1635 1626/2263/1637 825/1944/831
f 1283/1791/1317 34/21/21 569/768/589
f 1738/2484/1743 1812/2539/1819 1805/2540/1744
f 1694/2355/1695 1649/2300/1658 1650/2299/1657
f 2055/1758/1291 1812/2539/1819 1738/2484/1743
f 1808/2536/1816 569/768/589 592/769/590
f 1280/1756/1289 2055/1758/1291 1738/2484/1743
f 1694/2355/1695 1807/2541/1815 1649/2300/1658
f 1792/2512/1779 1649/2300/1658 1807/2541/1815
f 1799/2518/1804 1798/2523/1808 1819/2542/1820
f 1818/2543/1821 1820/2544/1822 1694/2355/1695
f 1693/2354/1694 1818/2543/1821 1694/2355/1695
f 303/294/240 755/1009/752 1856/2545/1823
f 825/1944/831 1425/1934/1432 1815/2546/1824
f 1821/2547/1825 1768/2487/1777 1772/2490/1780
f 1814/2548/1826 1624/2261/1635 1815/2546/1824
f 1815/2546/1824 1624/2261/1635 825/1944/831
f 1789/2549/1799 1768/2487/1777 1821/2547/1825
f 1815/2546/1824 1424/1933/1431 1814/2548/1826
f 1425/1934/1432 1424/1933/1431 1815/2546/1824
f 1771/2522/1798 1768/2487/1777 1789/2549/1799
f 1823/2550/1827 1798/2551/1808 1797/2552/1807
f 1898/2553/1828 4057/2554/1829 1822/2555/1830
f 1825/2556/1831 1824/2557/1832 1821/2547/1825
f 1597/2236/1615 1598/2235/1614 1804/2558/1833
f 1821/2547/1825 1824/2557/1832 1789/2549/1799
f 1862/2559/1834 1924/2560/1835 1828/2561/1836
f 1862/2559/1834 1823/2550/1827 1924/2560/1835
f 786/721/552 1827/2562/1837 1969/2563/1838
f 1688/2530/1810 1830/2564/1839 1741/2531/1811
f 1823/2550/1827 1797/2552/1807 1829/2565/1840
f 1688/2530/1810 1803/2529/1809 1961/2566/1841
f 1749/2476/1761 786/721/552 1969/2563/1838
f 1924/2560/1835 1832/2567/1842 1828/2561/1836
f 1822/2555/1830 1833/2568/1843 1851/2569/1844
f 1787/2509/1795 1789/2511/1799 1782/2570/1796
f 1851/2569/1844 1833/2568/1843 1737/2445/1747
f 1851/2569/1844 1898/2553/1828 1822/2555/1830
f 1834/2571/1845 1814/2548/1826 1404/1937/1433
f 1424/1933/1431 1404/1937/1433 1814/2548/1826
f 1824/2572/1832 1782/2507/1796 1789/2573/1799
f 1824/2572/1832 1835/2574/1846 1782/2507/1796
f 1775/2493/1783 1625/2262/1636 1624/2261/1635
f 1468/1988/1478 1737/2445/1747 1833/2568/1843
f 1838/2575/1847 1839/2576/1848 1688/2530/1810
f 1775/2493/1783 1834/2571/1845 1836/2577/1849
f 1512/2105/1521 1541/2578/1850 1423/1942/1437
f 1814/2548/1826 1834/2571/1845 1775/2493/1783
f 1624/2261/1635 1814/2548/1826 1775/2493/1783
f 1794/2515/1801 1512/2044/1521 1382/2006/1493
f 1839/2576/1848 1895/2579/1851 1830/2564/1839
f 1512/2105/1521 1794/2580/1801 1840/2581/1852
f 1705/2434/1737 1706/2329/1680 618/24/24
f 1842/2582/1853 1467/1989/1479 1822/2555/1830
f 1467/1989/1479 1833/2568/1843 1822/2555/1830
f 1468/1988/1478 1833/2568/1843 1467/1989/1479
f 1810/2444/1746 1477/2443/1745 1805/2442/1744
f 1737/2445/1747 1468/1988/1478 1477/2443/1745
f 1477/2443/1745 1468/1988/1478 1478/1991/1481
f 1839/2583/1848 1838/2584/1847 1818/2543/1821
f 1843/2585/1854 1844/2586/1855 1845/2587/1856
f 1818/2543/1821 1838/2584/1847 1846/2588/1857
f 1578/2187/1593 1586/2210/1601 1442/2186/1450
f 1578/2589/1593 1847/2590/1858 1586/2591/1601
f 1848/2592/1859 1586/2591/1601 1847/2590/1858
f 1810/2444/1746 1851/2569/1844 1737/2445/1747
f 1578/2589/1593 1850/2593/1860 1847/2590/1858
f 1845/2587/1856 1847/2594/1858 1843/2585/1854
f 1847/2594/1858 1845/2587/1856 1848/2595/1859
f 1850/2596/1860 1843/2585/1854 1847/2594/1858
f 1850/2596/1860 1852/2597/1861 1843/2585/1854
f 1760/2473/1768 1839/2583/1848 1818/2543/1821
f 1818/2543/1821 1846/2588/1857 1820/2544/1822
f 131/132/118 1572/2598/1586 132/133/119
f 1853/2599/1862 1845/2587/1856 1844/2586/1855
f 1849/2600/1863 1820/2544/1822 1846/2588/1857
f 1844/2586/1855 1854/2601/1864 1853/2599/1862
f 1571/2166/1584 1600/2237/1616 1602/2239/1618
f 1602/2239/1618 1806/2532/1812 1571/2166/1584
f 1602/2239/1618 1769/2488/1778 1806/2532/1812
f 1739/1547/1127 1124/1545/1125 1664/2353/1693
f 1741/2531/1811 1739/1547/1127 1664/2353/1693
f 1858/2602/1865 1739/1547/1127 1741/2531/1811
f 618/24/24 1706/2329/1680 1859/839/637
f 1855/2603/1866 1860/2604/1867 1503/2026/1512
f 1816/2605/1868 46/33/33 1708/2440/1742
f 1708/2440/1742 1859/839/637 1706/2329/1680
f 1794/2515/1801 1503/2026/1512 1860/2604/1867
f 1708/2440/1742 1662/2449/1669 1816/2605/1868
f 1313/1797/1323 1283/1791/1317 1809/2537/1817
f 1760/2473/1768 1818/2543/1821 1693/2354/1694
f 1604/2265/1639 1313/1797/1323 1809/2537/1817
f 1798/2551/1808 1823/2550/1827 4294/2606/1869
f 1570/2165/1583 1865/2607/1870 1585/2224/1600
f 1808/2536/1816 1813/2608/1871 1809/2537/1817
f 303/294/240 1856/2545/1823 450/568/438
f 1866/2609/1872 1854/2610/1864 1867/2611/1873
f 1866/2609/1872 1853/2612/1862 1854/2610/1864
f 1866/2613/1872 192/209/180 1869/2614/1874
f 1871/2615/1875 1869/2614/1874 192/209/180
f 192/209/180 1872/2616/1876 1871/2615/1875
f 1888/2617/1877 1588/2215/1603 1585/2206/1600
f 1231/1680/1238 1588/2215/1603 1888/2617/1877
f 1817/2618/1878 1663/2619/1879 1870/2620/1880
f 1868/2621/1881 1817/2618/1878 1870/2620/1880
f 1870/2620/1880 1873/2622/1882 1868/2621/1881
f 1875/2623/1883 1879/2624/1884 222/263/213
f 1848/2625/1859 1876/2626/1885 1586/2627/1601
f 1587/2213/1602 1586/2627/1601 1876/2626/1885
f 1845/2628/1856 1877/2629/1886 1848/2630/1859
f 1877/2629/1886 1845/2628/1856 1878/2631/1887
f 1879/2624/1884 1194/1627/1191 1326/1815/1338
f 1880/2632/1888 1776/2633/1889 1767/2483/1774
f 1635/2277/1647 1882/2634/1890 1638/2278/1648
f 1882/2634/1890 1648/2301/1659 1638/2278/1648
f 1777/2494/1784 1767/2483/1774 1776/2633/1889
f 1864/2635/1891 1883/2636/1892 1752/2461/1757
f 1776/2633/1889 1881/2637/1893 1777/2494/1784
f 1231/1680/1238 1884/2638/1894 1601/2238/1617
f 1780/2500/1790 1777/2494/1784 1881/2637/1893
f 1752/2461/1757 1883/2636/1892 1755/2462/1758
f 1881/2637/1893 1776/2633/1889 1885/2639/1895
f 1878/2631/1887 1886/2640/1896 1877/2629/1886
f 1848/2630/1859 1877/2629/1886 1876/2641/1885
f 1880/2632/1888 1885/2639/1895 1776/2633/1889
f 1443/2214/1451 1587/2213/1602 1576/2180/1590
f 1587/2213/1602 1876/2626/1885 1576/2180/1590
f 1887/2642/1897 1576/2180/1590 1876/2626/1885
f 1755/2462/1758 1883/2636/1892 1760/2473/1768
f 1884/2638/1894 1231/1680/1238 1888/2617/1877
f 1888/2617/1877 1585/2206/1600 1889/2643/1898
f 1830/2564/1839 1858/2602/1865 1741/2531/1811
f 1877/2629/1886 1890/2644/1899 1876/2641/1885
f 1878/2631/1887 1891/2645/1900 1886/2640/1896
f 1892/2646/1901 1797/2521/1807 1795/2517/1803
f 1877/2629/1886 1886/2640/1896 1890/2644/1899
f 1892/2647/1901 1829/2565/1840 1797/2552/1807
f 1590/2648/1606 1887/2649/1897 1890/2650/1899
f 1876/2651/1885 1890/2650/1899 1887/2649/1897
f 1583/2203/1598 1509/2039/1519 1590/2225/1606
f 1576/2652/1590 1590/2653/1606 1575/2654/1589
f 1576/2180/1590 1887/2642/1897 1590/2225/1606
f 1853/2599/1862 1878/2655/1887 1845/2587/1856
f 1878/2631/1887 1893/2656/1902 1891/2645/1900
f 1878/2631/1887 1894/2657/1903 1893/2656/1902
f 1853/2658/1862 1894/2657/1903 1878/2631/1887
f 1858/2602/1865 1830/2564/1839 1895/2579/1851
f 1869/2614/1874 1896/2659/1904 1897/2660/1905
f 1871/2615/1875 1896/2659/1904 1869/2614/1874
f 1810/2444/1746 1898/2553/1828 1851/2569/1844
f 1871/2661/1875 1899/2662/1906 1896/2663/1904
f 1866/2609/1872 1894/2664/1903 1853/2612/1862
f 1872/2665/1876 185/192/166 1901/2666/1907
f 1663/2619/1879 1900/2318/1670 1870/2620/1880
f 1889/2643/1898 1903/2667/1908 1888/2617/1877
f 1817/2618/1878 1816/2668/1868 1663/2619/1879
f 1663/2619/1879 1816/2668/1868 1662/2317/1669
f 1659/2315/1667 1663/2619/1879 1662/2317/1669
f 1900/2318/1670 1663/2619/1879 1659/2315/1667
f 1865/2607/1870 1570/2165/1583 1595/2232/1611
f 1805/2669/1744 2145/2670/1909 1906/2671/1818
f 1865/2607/1870 1889/2672/1898 1585/2224/1600
f 2098/2673/1910 459/588/453 561/2481/1773
f 1908/2674/1911 1909/2675/1912 1910/2676/1913
f 1907/2677/1914 1865/2607/1870 1595/2232/1611
f 1901/2666/1907 1908/2674/1911 1910/2676/1913
f 1910/2676/1913 1871/2678/1875 1872/2665/1876
f 1901/2666/1907 1910/2676/1913 1872/2665/1876
f 1913/2679/1915 1911/2680/1916 1912/2681/1917
f 1871/2661/1875 1910/2682/1913 1899/2662/1906
f 1914/2683/1918 1915/2684/1919 1909/2685/1912
f 1914/2686/1918 1909/2687/1912 1908/2688/1911
f 1915/2689/1919 1914/2690/1918 1916/2691/1920
f 1915/2689/1919 1916/2691/1920 1917/2692/1921
f 1889/2672/1898 1865/2607/1870 1903/2693/1908
f 1899/2662/1906 1910/2682/1913 1909/2694/1912
f 1800/2695/1922 1801/2533/1813 1913/2679/1915
f 1800/2695/1922 1912/2681/1917 1981/2696/1923
f 1913/2679/1915 1912/2681/1917 1800/2695/1922
f 1922/2697/1924 1874/264/214 1879/2624/1884
f 1923/2698/1925 1899/2662/1906 1909/2694/1912
f 1924/2560/1835 1905/550/424 1918/2699/1926
f 1911/2680/1916 1925/2700/1927 1926/2701/1928
f 1874/264/214 222/263/213 1879/2624/1884
f 1897/2702/1905 1896/2663/1904 1899/2662/1906
f 1923/2698/1925 1915/2703/1919 1927/2704/1929
f 1909/2694/1912 1915/2703/1919 1923/2698/1925
f 1915/2689/1919 1917/2692/1921 1927/2705/1929
f 1895/2579/1851 1928/2706/1930 1858/2602/1865
f 1577/2707/1592 99/2708/1569 1578/2709/1593
f 1577/2184/1592 1554/2183/1570 99/2145/1569
f 1844/2586/1855 1843/2585/1854 1852/2597/1861
f 1850/2596/1860 119/118/108 1852/2597/1861
f 1578/2589/1593 99/2710/1569 1850/2593/1860
f 1911/2680/1916 1913/2679/1915 1925/2700/1927
f 1930/2711/1931 1926/2701/1928 1925/2700/1927
f 100/99/89 102/130/109 99/2710/1569
f 122/123/113 1852/2597/1861 119/118/108
f 1850/2593/1860 99/2710/1569 102/130/109
f 119/118/108 1850/2596/1860 102/119/109
f 133/2033/120 1507/2035/1517 131/2127/118
f 1831/2712/860 495/2713/748 1931/2714/1932
f 1573/2715/1587 132/133/119 1572/2598/1586
f 1852/2597/1861 1867/2716/1873 1844/2586/1855
f 1867/2716/1873 1854/2601/1864 1844/2586/1855
f 1852/2597/1861 122/123/113 1867/2716/1873
f 166/171/151 1867/2716/1873 122/123/113
f 1179/1634/1197 1931/2717/1932 495/1635/748
f 172/177/155 1932/2718/1933 173/178/156
f 1932/2718/1933 1872/2616/1876 192/209/180
f 192/209/180 173/178/156 1932/2718/1933
f 1872/2665/1876 1932/2719/1933 185/192/166
f 1934/2720/1934 185/192/166 180/189/165
f 1865/2607/1870 1933/2721/1935 1903/2693/1908
f 185/192/166 1932/2719/1933 172/190/155
f 180/189/165 186/193/167 1934/2720/1934
f 1934/2720/1934 1908/2674/1911 1901/2666/1907
f 185/192/166 1934/2720/1934 1901/2666/1907
f 1933/2721/1935 1865/2607/1870 1907/2677/1914
f 186/193/167 1908/2674/1911 1934/2720/1934
f 186/193/167 1914/2722/1918 1908/2674/1911
f 1904/2723/1936 1924/2560/1835 1823/2550/1827
f 1904/2723/1936 1905/550/424 1924/2560/1835
f 1866/2609/1872 1867/2611/1873 166/173/151
f 166/173/151 170/175/153 1866/2609/1872
f 1914/2690/1918 186/213/167 1916/2691/1920
f 194/212/182 1916/2691/1920 186/213/167
f 1916/2691/1920 194/212/182 288/346/279
f 1936/2724/1937 1937/2725/1938 1866/2613/1872
f 1832/2567/1842 1924/2560/1835 1918/2699/1926
f 1894/2664/1903 1866/2609/1872 1937/2726/1938
f 1593/2727/1604 132/133/119 1573/2715/1587
f 1866/2613/1872 170/205/153 192/209/180
f 1665/2728/1939 1648/2301/1659 1882/2634/1890
f 1879/2624/1884 1326/1815/1338 1922/2697/1924
f 1783/2508/1797 16/815/619 1930/2729/1931
f 1816/2605/1868 29/34/34 46/33/33
f 1941/2730/1940 1917/2692/1921 1940/2731/1941
f 1810/2444/1746 1906/2538/1818 1921/2732/1942
f 1661/2316/1668 1648/2306/1659 1665/2733/1939
f 291/352/283 519/671/512 288/350/279
f 288/346/279 1919/2734/1943 1916/2691/1920
f 1883/2636/1892 1928/2735/1930 1895/2736/1851
f 1940/2731/1941 1916/2691/1920 1919/2734/1943
f 1760/2473/1768 1895/2736/1851 1839/2583/1848
f 1883/2636/1892 1895/2736/1851 1760/2473/1768
f 288/2737/279 519/2738/512 1919/2739/1943
f 1938/2740/1944 1635/2277/1647 1601/2238/1617
f 1882/2634/1890 1635/2277/1647 1938/2740/1944
f 300/360/289 339/438/340 340/2741/1945
f 1943/2742/1946 300/2743/289 340/2744/1945
f 1925/2700/1927 1929/2745/1947 1930/2711/1931
f 1929/2746/1947 1783/2508/1797 1930/2729/1931
f 1761/2747/1762 1942/2748/1948 755/1009/752
f 1783/2508/1797 618/24/24 16/815/619
f 340/2744/1945 1979/2749/1949 1944/2750/1950
f 1928/2706/1930 1947/2751/1951 1858/2602/1865
f 1928/2735/1930 1864/2635/1891 1947/2752/1951
f 1861/2753/1952 1858/2602/1865 1947/2751/1951
f 1904/2723/1936 1823/2550/1827 1829/2565/1840
f 1946/2754/1953 1945/2755/1954 1919/2739/1943
f 1940/2756/1941 1945/2755/1954 1948/2757/1955
f 1940/2756/1941 1919/2739/1943 1945/2755/1954
f 1919/2739/1943 519/2738/512 1946/2754/1953
f 1949/2758/1956 1636/2402/1721 1689/2759/1957
f 1948/2757/1955 1941/2760/1940 1940/2756/1941
f 1949/2758/1956 1723/2403/1722 1636/2402/1721
f 300/2743/289 1943/2742/1946 440/2761/428
f 440/2761/428 1943/2742/1946 547/2762/544
f 1841/2763/1958 1840/2581/1852 1794/2580/1801
f 46/33/33 19/25/25 1859/839/637
f 1950/2764/1959 1944/2750/1950 1979/2749/1949
f 1859/839/637 1708/2440/1742 46/33/33
f 1922/2697/1924 1920/2765/1960 1874/264/214
f 1758/2482/1767 1954/2766/1961 1951/2480/1772
f 1758/2471/1767 1723/2403/1722 1954/2767/1961
f 1802/2534/1814 1925/2700/1927 1913/2679/1915
f 1858/2602/1865 1861/2753/1952 1739/1547/1127
f 1913/2679/1915 1801/2533/1813 1802/2534/1814
f 1802/2534/1814 1929/2745/1947 1925/2700/1927
f 1802/2534/1814 1721/2497/1787 1929/2745/1947
f 1601/2238/1617 1884/2638/1894 1955/2768/1962
f 1883/2636/1892 1864/2635/1891 1928/2735/1930
f 1783/2508/1797 1929/2746/1947 1721/2505/1787
f 1957/2769/1963 1767/2483/1774 1951/2480/1772
f 2392/2770/1964 1920/2765/1960 1952/2771/1965
f 1880/2632/1888 1767/2483/1774 1957/2769/1963
f 1922/2697/1924 1952/2771/1965 1920/2765/1960
f 1953/2772/1966 1951/2480/1772 1954/2766/1961
f 1953/2772/1966 1959/2773/1967 1960/2774/1968
f 1705/2434/1737 618/24/24 1783/2508/1797
f 1958/2775/1969 2392/2770/1964 1952/2771/1965
f 2465/2776/1970 1958/2775/1969 1962/2777/1971
f 1953/2772/1966 1960/2774/1968 1963/2778/1972
f 1803/2529/1809 1666/2319/1671 1762/2475/1770
f 1957/2769/1963 1951/2480/1772 1953/2772/1966
f 1963/2778/1972 1957/2769/1963 1953/2772/1966
f 1803/2529/1809 1762/2475/1770 1784/2501/1791
f 1840/2581/1852 1964/2779/1973 1541/2578/1850
f 1840/2581/1852 1541/2578/1850 1512/2105/1521
f 1880/2632/1888 1957/2769/1963 1963/2778/1972
f 1965/2780/1974 1880/2632/1888 1963/2778/1972
f 1841/2781/1958 1794/2515/1801 1860/2604/1867
f 1965/2780/1974 1968/2782/1975 1880/2632/1888
f 1968/2782/1975 1965/2780/1974 1966/2783/1976
f 1969/2784/1838 1942/2748/1948 1761/2747/1762
f 349/480/371 348/349/282 1904/2723/1936
f 1840/2581/1852 1970/2785/1977 1964/2779/1973
f 1892/2647/1901 349/480/371 1829/2565/1840
f 349/480/371 1904/2723/1936 1829/2565/1840
f 955/1450/1055 1669/2321/1673 1053/1448/1053
f 955/1450/1055 956/1324/957 1669/2321/1673
f 1970/2785/1977 1840/2581/1852 1841/2763/1958
f 1944/2750/1950 1943/2742/1946 340/2744/1945
f 1975/1505/1097 1765/2514/1800 1092/1496/1090
f 340/2741/1945 283/2786/337 1979/2787/1949
f 1975/1505/1097 1974/2788/1978 1765/2514/1800
f 1831/1177/860 1827/2562/1837 786/721/552
f 1974/2788/1978 1790/2520/1806 1765/2514/1800
f 950/1313/949 1092/1496/1090 1765/2514/1800
f 1980/2789/1979 1801/2533/1813 1800/2695/1922
f 348/349/282 1905/550/424 1904/2723/1936
f 1801/2533/1813 1980/2789/1979 1669/2321/1673
f 1601/2238/1617 1955/2768/1962 1938/2740/1944
f 1982/2790/1980 1884/2638/1894 1888/2617/1877
f 1968/2782/1975 1885/2639/1895 1880/2632/1888
f 1955/2768/1962 1984/2791/1981 1938/2740/1944
f 1985/2792/1982 1800/2695/1922 1981/2696/1923
f 1882/2634/1890 1938/2740/1944 1984/2791/1981
f 1968/2782/1975 1986/2793/1983 1885/2639/1895
f 1980/2789/1979 1800/2695/1922 1985/2792/1982
f 1053/1448/1053 1669/2321/1673 1980/2789/1979
f 1985/2792/1982 1053/1448/1053 1980/2789/1979
f 1888/2617/1877 1903/2667/1908 1982/2790/1980
f 1665/2733/1939 1990/2794/1984 1661/2316/1668
f 1963/2778/1972 1960/2774/1968 1965/2780/1974
f 1665/2728/1939 1882/2634/1890 1987/2795/1985
f 1749/2796/1761 1969/2784/1838 1761/2747/1762
f 1991/2797/1986 1990/2794/1984 1987/2798/1985
f 1990/2794/1984 1665/2733/1939 1987/2798/1985
f 1993/2799/1987 1994/2800/1988 1985/2792/1982
f 1984/2791/1981 1988/2801/1989 1882/2634/1890
f 1995/2802/1990 1996/2803/1991 1960/2774/1968
f 1882/2634/1890 1988/2801/1989 1987/2795/1985
f 1960/2774/1968 1996/2803/1991 1965/2780/1974
f 339/438/340 283/2786/337 340/2741/1945
f 1998/2804/1992 1999/783/598 2000/2805/1993
f 1985/2792/1982 1981/2696/1923 1993/2799/1987
f 2002/2806/1994 2003/2807/1995 1796/2519/1805
f 29/34/34 1816/2605/1868 1997/2808/1996
f 1079/1479/1079 1994/2800/1988 2004/2809/1997
f 1816/2668/1868 2001/2810/1998 1997/2811/1996
f 1916/2691/1920 1940/2731/1941 1917/2692/1921
f 2002/2806/1994 1796/2519/1805 1799/2518/1804
f 2002/2806/1994 1799/2518/1804 1819/2542/1820
f 1994/2800/1988 1079/1479/1079 1985/2792/1982
f 1985/2792/1982 1079/1479/1079 1053/1448/1053
f 2006/2812/1999 2007/2813/2000 2407/2814/2001
f 2478/2815/2002 2006/2812/1999 2407/2814/2001
f 2010/2816/2003 2009/2817/2004 1972/2818/2005
f 1611/2255/1629 1604/2265/1639 1809/2537/1817
f 1977/2819/2006 1998/2804/1992 2000/2805/1993
f 1942/2748/1948 1856/2545/1823 755/1009/752
f 1629/2268/1641 2011/2820/2007 1691/2360/1699
f 1998/2804/1992 1691/2360/1699 2011/2820/2007
f 1795/2517/1803 1796/2519/1805 2012/2821/2008
f 1781/2498/1788 1780/2500/1790 1881/2637/1893
f 2001/2810/1998 1816/2668/1868 1817/2618/1878
f 2001/2810/1998 1868/2621/1881 2005/2822/2009
f 2013/2823/2010 2015/2824/2011 1781/2498/1788
f 1826/2825/2012 2134/2826/2013 1972/2827/2005
f 1781/2498/1788 2015/2824/2011 1785/2499/1789
f 2003/2807/1995 2017/2828/2014 1796/2519/1805
f 2016/2829/2015 1873/2622/1882 2018/2830/2016
f 1998/2804/1992 2011/2820/2007 1999/783/598
f 2020/2831/2017 2021/2832/2018 2032/2833/2019
f 2022/2834/2020 1982/2790/1980 1903/2667/1908
f 1796/2519/1805 2017/2828/2014 2012/2821/2008
f 2051/2326/1678 1978/2835/2021 1989/2836/2022
f 1976/2837/2023 2008/2838/2024 1977/2839/2006
f 1978/2835/2021 2008/2838/2024 1976/2837/2023
f 2025/2840/2025 1917/2692/1921 1941/2730/1940
f 2026/2841/2026 2013/2823/2010 2027/2842/2027
f 2024/2843/2028 2022/2844/2020 1933/2721/1935
f 2015/2824/2011 2013/2823/2010 2026/2841/2026
f 1807/2535/1815 1811/2313/1665 1640/2314/1666
f 1933/2721/1935 2022/2844/2020 1903/2693/1908
f 1811/2313/1665 1972/2818/2005 2009/2817/2004
f 1978/2835/2021 2051/2326/1678 2008/2838/2024
f 2029/2845/2029 2001/2810/1998 2005/2822/2009
f 2001/2810/1998 2029/2845/2029 2028/2846/210
f 1849/2600/1863 1826/2825/2012 1820/2544/1822
f 1694/2355/1695 1820/2544/1822 1826/2825/2012
f 2022/2834/2020 2031/2847/2030 1982/2790/1980
f 1694/2355/1695 1826/2825/2012 1807/2541/1815
f 2031/2847/2030 1884/2638/1894 1982/2790/1980
f 2032/2833/2019 1983/2848/2031 1813/2608/1871
f 1807/2541/1815 1826/2825/2012 1972/2827/2005
f 2031/2847/2030 1955/2768/1962 1884/2638/1894
f 2033/2849/2032 1785/2850/1789 2015/2851/2011
f 1807/2541/1815 1972/2827/2005 1811/2852/1665
f 1983/2848/2031 2034/2853/2033 1813/2608/1871
f 2036/2854/2034 2018/2830/2016 1873/2622/1882
f 1900/2318/1670 1249/2178/1588 1521/2058/1530
f 2025/2855/2025 2039/2856/2035 2599/2857/2036
f 1969/2784/1838 2083/2858/2037 1942/2748/1948
f 2041/2859/2038 2042/2860/2039 2025/2855/2025
f 2043/2861/2040 2044/2862/2041 2045/2863/2042
f 2599/2864/2036 2046/2865/2043 2025/2840/2025
f 2042/2860/2039 2039/2856/2035 2025/2855/2025
f 2025/2855/2025 1941/2760/1940 2041/2859/2038
f 2036/2854/2034 1900/2318/1670 1521/2058/1530
f 2036/2854/2034 1873/2622/1882 1900/2318/1670
f 1900/2318/1670 1873/2622/1882 1870/2620/1880
f 2049/2866/2044 1979/2749/1949 2050/2867/2045
f 450/568/438 2048/2868/2046 853/1498/1092
f 2051/2326/1678 1989/2836/2022 1655/2325/1677
f 1989/2836/2022 2047/2869/2047 1655/2325/1677
f 486/2870/480 484/618/475 2052/620/477
f 2052/620/477 2050/2871/2045 486/2870/480
f 283/2786/337 486/2870/480 2050/2871/2045
f 1979/2787/1949 283/2786/337 2050/2871/2045
f 2053/2872/2048 4372/2873/2049 25/2874/2050
f 1868/2621/1881 2014/2875/2051 2005/2822/2009
f 1817/2618/1878 1868/2621/1881 2001/2810/1998
f 2022/2834/2020 2054/2876/2052 2031/2847/2030
f 2048/2868/2046 450/568/438 1856/2545/1823
f 2055/1758/1291 1655/2325/1677 2047/2869/2047
f 2052/2877/477 2603/2878/478 2609/2879/2053
f 2024/2843/2028 2056/2880/2054 2054/2881/2052
f 2054/2881/2052 2022/2844/2020 2024/2843/2028
f 1892/2646/1901 1795/2517/1803 2057/2882/2055
f 2043/2861/2040 2012/2821/2008 2017/2828/2014
f 2050/2867/2045 2052/2877/477 2609/2879/2053
f 2045/2863/2042 2012/2821/2008 2043/2861/2040
f 2057/2882/2055 2012/2821/2008 2045/2863/2042
f 1873/2622/1882 2014/2875/2051 1868/2621/1881
f 1795/2517/1803 2012/2821/2008 2057/2882/2055
f 2051/2326/1678 1668/1762/1295 2008/2838/2024
f 2032/2833/2019 2021/2832/2018 1983/2848/2031
f 2059/2883/2056 1781/2498/1788 1881/2637/1893
f 2059/2883/2056 2013/2823/2010 1781/2498/1788
f 1885/2639/1895 1986/2793/1983 2059/2883/2056
f 1881/2637/1893 1885/2639/1895 2059/2883/2056
f 2060/2884/2057 2021/2832/2018 2020/2831/2017
f 1948/2757/1955 2041/2859/2038 1941/2760/1940
f 1691/2360/1699 1998/2804/1992 1700/2361/1698
f 1700/2361/1698 1998/2804/1992 1977/2819/2006
f 2008/2838/2024 1668/1762/1295 1700/2359/1698
f 2008/2838/2024 1700/2359/1698 1977/2839/2006
f 2018/2830/2016 2063/2885/2058 2016/2829/2015
f 1423/1942/1437 1541/2578/1850 1612/2251/1625
f 1898/2553/1828 1902/2886/2059 4057/2554/1829
f 2065/2887/2060 4057/2554/1829 1902/2886/2059
f 1831/2888/860 1931/2717/1932 2062/2889/2061
f 1688/2530/1810 1961/2566/1841 1838/2575/1847
f 1846/2890/1857 1838/2575/1847 1961/2566/1841
f 1612/2251/1625 1541/2578/1850 2066/2891/2062
f 1983/2848/2031 2021/2832/2018 2261/2892/2063
f 2059/2883/2056 2027/2842/2027 2013/2823/2010
f 841/1146/838 869/1189/868 2058/2893/2064
f 2261/2892/2063 2021/2832/2018 2060/2884/2057
f 870/1190/869 841/1146/838 2058/2893/2064
f 2058/2893/2064 2068/2894/2065 870/1190/869
f 1094/1502/1094 870/1190/869 2068/2894/2065
f 1830/2564/1839 1688/2530/1810 1839/2576/1848
f 1772/2490/1780 1094/1502/1094 2068/2894/2065
f 2063/2885/2058 2018/2830/2016 2067/2895/2066
f 2029/2845/2029 2005/2822/2009 2069/2896/2067
f 2070/2897/2068 2050/2867/2045 2071/2898/2069
f 2014/2875/2051 2069/2896/2067 2005/2822/2009
f 2036/2854/2034 2067/2895/2066 2018/2830/2016
f 2050/2867/2045 2609/2879/2053 2071/2898/2069
f 2069/2896/2067 2014/2875/2051 2072/2899/2070
f 1911/2680/1916 2073/2900/2071 1912/2681/1917
f 2070/2897/2068 2049/2866/2044 2050/2867/2045
f 1521/2058/1530 1520/2057/1529 2036/2854/2034
f 2145/2901/1909 1805/2902/1744 1812/2903/1819
f 1979/2749/1949 2049/2866/2044 1950/2764/1959
f 2067/2895/2066 2036/2854/2034 2074/2904/2072
f 1986/2793/1983 2027/2842/2027 2059/2883/2056
f 1986/2793/1983 2076/2905/2073 2027/2842/2027
f 2143/2906/2074 2147/2907/2075 2078/2908/2076
f 2043/2861/2040 2017/2828/2014 2040/2909/2077
f 1988/2801/1989 2084/2910/2078 1987/2795/1985
f 1991/2797/1986 1987/2798/1985 2084/2911/2078
f 4093/2470/1766 2079/2912/2079 1757/2468/1764
f 2026/2841/2026 2033/2913/2032 2015/2824/2011
f 2086/2914/2080 2026/2841/2026 2087/2915/2081
f 1746/2452/1753 1753/2451/1752 2080/2916/2082
f 2088/2917/2083 2086/2914/2080 2087/2915/2081
f 2089/2918/2084 2084/2910/2078 1988/2801/1989
f 2084/2910/2078 2089/2918/2084 2090/2919/2085
f 2031/2847/2030 3503/2920/2086 1955/2768/1962
f 2081/2921/2087 2093/2922/2088 2082/2923/2089
f 1955/2768/1962 2094/2924/2090 1984/2791/1981
f 1988/2801/1989 1984/2791/1981 2094/2924/2090
f 2091/2925/2091 2095/2926/2092 2096/2927/2093
f 2094/2924/2090 2089/2918/2084 1988/2801/1989
f 1981/2696/1923 2095/2926/2092 2091/2925/2091
f 1912/2681/1917 2095/2926/2092 1981/2696/1923
f 1993/2799/1987 1981/2696/1923 2091/2925/2091
f 2077/2928/2094 3025/2929/2095 2190/2930/2096
f 1969/2563/1838 1827/2562/1837 2083/2931/2037
f 606/587/452 459/588/453 3182/803/609
f 2047/2869/2047 1812/2539/1819 2055/1758/1291
f 2097/2932/2097 3182/803/609 459/588/453
f 459/588/453 2098/2673/1910 2097/2932/2097
f 2026/2841/2026 2086/2914/2080 2033/2913/2032
f 2101/2933/2098 2102/2934/2099 2582/2935/2100
f 1612/2251/1625 1621/2259/1633 1605/2244/1621
f 2066/2891/2062 1621/2259/1633 1612/2251/1625
f 2086/2936/2080 2103/2937/2101 2033/2849/2032
f 2073/2900/2071 1911/2680/1916 1926/2701/1928
f 1926/2701/1928 1930/2711/1931 276/324/264
f 2086/2936/2080 2088/2938/2083 2104/2939/2102
f 1109/1527/1111 1151/1567/1146 2105/2940/2103
f 2100/2941/2104 2428/2942/2105 2407/2814/2001
f 2105/2940/2103 1151/1567/1146 2106/2943/2106
f 2100/2941/2104 2101/2933/2098 2428/2942/2105
f 1151/1567/1146 2107/2944/2107 2106/2943/2106
f 2100/2941/2104 2407/2814/2001 2007/2813/2000
f 276/2945/264 1930/2729/1931 16/815/619
f 2073/2900/2071 1926/2701/1928 2081/2921/2087
f 2081/2921/2087 1926/2701/1928 278/326/266
f 276/324/264 278/326/266 1926/2701/1928
f 1788/2516/1802 2098/2673/1910 561/2481/1773
f 2099/2946/2108 2109/2947/2109 2098/2673/1910
f 65/67/58 2110/2948/2110 63/60/53
f 2109/2947/2109 2097/2932/2097 2098/2673/1910
f 2111/2949/2111 2112/2950/2112 2136/2951/2113
f 1788/2516/1802 2099/2946/2108 2098/2673/1910
f 1788/2516/1802 2113/2952/2114 2099/2946/2108
f 2080/2916/2082 1753/2451/1752 1757/2468/1764
f 2114/2953/2115 1616/2257/1631 1621/2259/1633
f 2113/2952/2114 2109/2947/2109 2099/2946/2108
f 2111/2949/2111 2108/2954/2116 2112/2950/2112
f 2109/2947/2109 2113/2952/2114 2116/2955/2117
f 2085/2956/2118 2092/2957/2119 2117/2958/2120
f 2117/2958/2120 2092/2957/2119 2118/2959/2121
f 1790/2520/1806 1974/2788/1978 2075/2960/2122
f 2075/2960/2122 1788/2516/1802 1790/2520/1806
f 2119/2961/2123 2115/2962/2124 2120/2963/2125
f 2114/2953/2115 2115/2962/2124 2119/2961/2123
f 2075/2960/2122 2113/2952/2114 1788/2516/1802
f 2115/2962/2124 2114/2953/2115 1621/2259/1633
f 65/67/58 1874/264/214 2110/2948/2110
f 2092/2957/2119 2085/2956/2118 2079/2912/2079
f 2111/2949/2111 1102/2964/1102 1107/2965/1109
f 2124/2966/2126 2111/2949/2111 1107/2965/1109
f 2111/2949/2111 2124/2966/2126 2108/2954/2116
f 2124/2966/2126 2105/2967/2103 2108/2954/2116
f 1964/2779/1973 2066/2891/2062 1541/2578/1850
f 2066/2891/2062 2115/2962/2124 1621/2259/1633
f 2066/2891/2062 1964/2779/1973 2115/2962/2124
f 2122/2968/2127 2118/2959/2121 2127/2969/2128
f 2095/2926/2092 1912/2681/1917 2129/2970/2129
f 228/2971/218 217/2972/209 2028/2973/210
f 2028/2974/210 2029/2975/2029 228/2976/218
f 2130/2977/2130 2118/2959/2121 2092/2957/2119
f 2092/2957/2119 4093/2470/1766 2130/2977/2130
f 228/2978/218 2029/2845/2029 2128/2979/2131
f 2092/2957/2119 2079/2912/2079 4093/2470/1766
f 2029/2845/2029 2069/2896/2067 2128/2979/2131
f 1874/264/214 1920/2765/1960 2110/2948/2110
f 2126/2980/2132 2125/2981/2133 2176/2982/2134
f 1784/2501/1791 1961/2566/1841 1803/2529/1809
f 2134/2983/2013 2135/2984/2135 1961/2566/1841
f 2125/2981/2133 2126/2980/2132 2037/2985/2136
f 1108/2986/1110 2124/2966/2126 1107/2965/1109
f 2105/2940/2103 2124/2987/2126 1108/1526/1110
f 1109/1527/1111 2105/2940/2103 1108/1526/1110
f 2017/2828/2014 2003/2807/1995 2037/2985/2136
f 2136/2951/2113 2137/2988/2137 2138/2989/2138
f 2075/2960/2122 2116/2955/2117 2113/2952/2114
f 2132/2990/2139 2116/2955/2117 2075/2960/2122
f 2136/2951/2113 2138/2989/2138 2111/2949/2111
f 2116/2955/2117 2132/2990/2139 2139/2991/2140
f 2132/2990/2139 2142/2992/2141 2139/2991/2140
f 2138/2989/2138 1102/2964/1102 2111/2949/2111
f 2101/2933/2098 2100/2941/2104 2143/2906/2074
f 2096/2927/2093 2146/2993/2142 2091/2925/2091
f 2143/2906/2074 2100/2941/2104 2147/2907/2075
f 2007/2813/2000 2147/2907/2075 2100/2941/2104
f 2149/2994/2143 2150/2995/2144 2151/2996/2145
f 2047/2869/2047 2152/2997/2146 1812/2539/1819
f 1812/2998/1819 2152/2999/2146 2145/3000/1909
f 2145/3000/1909 2152/2999/2146 2148/3001/2147
f 2151/2996/2145 2150/2995/2144 2153/3002/2148
f 1145/3003/1138 2137/2988/2137 2154/3004/2149
f 2153/3002/2148 2150/2995/2144 2155/3005/2150
f 2156/3006/2151 2155/3005/2150 2150/2995/2144
f 1145/3003/1138 2138/2989/2138 2137/2988/2137
f 2101/2933/2098 2143/2906/2074 2102/2934/2099
f 1102/2964/1102 2138/2989/2138 1145/3003/1138
f 229/269/219 228/268/218 2128/3007/2131
f 2154/3008/2149 1146/1560/1139 1145/1559/1138
f 2157/3009/2152 2037/2985/2136 2003/2807/1995
f 1145/1559/1138 1146/1560/1139 1140/1553/1133
f 2040/2909/2077 2037/2985/2136 2126/2980/2132
f 2006/2812/1999 2123/3010/2153 2007/2813/2000
f 2023/3011/2154 2286/3012/2155 2006/2812/1999
f 2017/2828/2014 2037/2985/2136 2040/2909/2077
f 2006/2812/1999 2286/3012/2155 2123/3010/2153
f 2087/2915/2081 2026/2841/2026 2027/2842/2027
f 2154/3008/2149 1204/1647/1209 1146/1560/1139
f 1146/1560/1139 1204/1647/1209 1142/1561/1140
f 2710/3013/2156 252/2258/1632 2158/3014/2157
f 2076/2905/2073 2087/2915/2081 2027/2842/2027
f 1299/3015/2158 1288/1774/1302 1291/1773/1301
f 1346/1835/1355 1299/3015/2158 1291/1773/1301
f 1346/1835/1355 2162/3016/2159 1299/3015/2158
f 229/269/219 252/2258/1632 249/292/238
f 2164/3017/2160 2087/2915/2081 2076/2905/2073
f 2165/3018/2161 2076/2905/2073 1986/2793/1983
f 2144/3019/2162 2145/3000/1909 2148/3001/2147
f 1906/3020/1818 2145/3000/1909 2144/3019/2162
f 2155/3005/2150 2166/3021/2163 2153/3002/2148
f 2153/3002/2148 2166/3021/2163 2167/3022/2164
f 2102/2934/2099 2143/2906/2074 2077/2928/2094
f 2168/3023/2165 2169/3024/2166 2166/3021/2163
f 2170/3025/2167 2169/3024/2166 2168/3023/2165
f 4538/3026/2168 2171/3027/2169 2172/3028/2170
f 2077/2928/2094 2159/3029/2171 2102/2934/2099
f 252/2258/1632 229/269/219 2128/3007/2131
f 2077/2928/2094 2143/2906/2074 2078/2908/2076
f 2060/3030/2057 63/60/53 2174/3031/2172
f 2162/3016/2159 2175/3032/2173 1299/3015/2158
f 63/60/53 2060/3030/2057 2020/3033/2017
f 1297/1781/1308 1288/1774/1302 1299/3015/2158
f 2174/3031/2172 63/60/53 2110/2948/2110
f 2135/2984/2135 1846/2890/1857 1961/2566/1841
f 2161/3034/2174 2128/3007/2131 2179/3035/2175
f 2044/2862/2041 2172/3028/2170 2171/3027/2169
f 2135/3036/2135 1849/2600/1863 1846/2588/1857
f 2180/3037/2176 2161/3034/2174 2179/3035/2175
f 2040/2909/2077 2172/3028/2170 2043/2861/2040
f 1849/2600/1863 2135/3036/2135 1826/2825/2012
f 2181/3038/2177 2177/3039/2178 2178/3040/2179
f 2181/3038/2177 2182/3041/2180 2177/3039/2178
f 2134/2826/2013 1826/2825/2012 2135/3036/2135
f 1793/3042/2181 1784/2501/1791 1786/2503/1793
f 1793/3042/2181 1961/2566/1841 1784/2501/1791
f 2044/2862/2041 2043/2861/2040 2172/3028/2170
f 2178/3040/2179 2177/3039/2178 2187/3043/2182
f 2188/3044/2183 2174/3031/2172 2110/2948/2110
f 793/1076/799 788/1063/789 2185/3045/2184
f 2172/3028/2170 2040/2909/2077 2126/2980/2132
f 2194/3046/2185 2193/3047/2186 2192/3048/2187
f 2191/3049/2188 2134/2983/2013 1793/3042/2181
f 2062/3050/2061 1827/2562/1837 1831/1177/860
f 2159/3051/2171 2190/3052/2096 2196/3053/2189
f 1961/2566/1841 1793/3042/2181 2134/2983/2013
f 1992/3054/2190 1966/2783/1976 2195/3055/2191
f 1968/2782/1975 1966/2783/1976 1992/3054/2190
f 2062/2889/2061 1931/2717/1932 2183/3056/2192
f 2077/2928/2094 2190/2930/2096 2159/3029/2171
f 2190/3052/2096 3070/3057/2193 2196/3053/2189
f 859/1182/863 2198/3058/2194 2199/3059/2195
f 2141/3060/2196 2048/2868/2046 1942/2748/1948
f 1942/2748/1948 2048/2868/2046 1856/2545/1823
f 2128/2979/2131 2069/2896/2067 2179/3061/2175
f 2110/2948/2110 1920/2765/1960 2188/3044/2183
f 2202/3062/2197 2184/3063/2198 2185/3045/2184
f 2184/3063/2198 793/1076/799 2185/3045/2184
f 2203/3064/2199 2204/3065/2200 2199/3059/2195
f 252/2258/1632 2161/3034/2174 2158/3014/2157
f 1432/2040/1443 1509/2039/1519 1583/2203/1598
f 2128/3007/2131 2161/3034/2174 252/2258/1632
f 1590/2225/1606 2205/3066/2201 1583/2203/1598
f 2317/3067/2202 2204/3065/2200 2203/3064/2199
f 2161/3034/2174 2180/3037/2176 2158/3014/2157
f 1890/2644/1899 1886/2640/1896 2206/3068/2203
f 1886/2640/1896 2207/3069/2204 2206/3068/2203
f 1891/2645/1900 1893/2656/1902 2207/3069/2204
f 2207/3069/2204 1886/2640/1896 1891/2645/1900
f 1890/2650/1899 2206/3070/2203 1590/2648/1606
f 2158/3014/2157 1956/3071/2205 2710/3013/2156
f 1592/3072/1608 132/133/119 1593/2727/1604
f 2158/3014/2157 2208/3073/2206 1956/3071/2205
f 1592/2228/1608 1435/2242/1441 1606/2243/1620
f 1433/2227/1442 1435/2242/1441 1592/2228/1608
f 2198/3058/2194 2203/3064/2199 2199/3059/2195
f 1592/3072/1608 1606/3074/1620 132/133/119
f 1937/2725/1938 1936/2724/1937 2210/3075/2207
f 2211/3076/2208 2210/3075/2207 1936/2724/1937
f 1936/2724/1937 1897/2660/1905 2211/3076/2208
f 2212/3077/2209 204/226/191 235/275/225
f 1866/2613/1872 1869/2614/1874 1936/2724/1937
f 1897/2660/1905 1936/2724/1937 1869/2614/1874
f 2912/3078/2210 2199/3059/2195 2204/3065/2200
f 1897/2702/1905 1899/2662/1906 2213/3079/2211
f 1897/2702/1905 2214/3080/2212 2211/3081/2208
f 2213/3079/2211 2214/3080/2212 1897/2702/1905
f 2215/3082/2213 2216/3083/2214 2217/3084/2215
f 2217/3085/2215 1937/2726/1938 2215/3086/2213
f 2207/3069/2204 1893/2656/1902 2216/3083/2214
f 2212/3077/2209 2218/3087/2216 2219/3088/2217
f 1893/2656/1902 2217/3084/2215 2216/3083/2214
f 1937/2726/1938 1893/3089/1902 1894/2664/1903
f 1937/2726/1938 2217/3085/2215 1893/3089/1902
f 655/865/656 811/3090/2218 810/1111/812
f 2219/3088/2217 204/226/191 2212/3077/2209
f 2211/3076/2208 2220/3091/2219 2210/3075/2207
f 2219/3088/2217 2221/3092/2220 204/226/191
f 2222/3093/2221 2220/3094/2219 2223/3095/2222
f 2222/3093/2221 2210/3096/2207 2220/3094/2219
f 655/865/656 793/1076/799 811/3090/2218
f 2224/3097/2223 2223/3095/2222 2220/3094/2219
f 2140/3098/2224 1942/2748/1948 2083/2858/2037
f 2225/3099/2225 2224/3097/2223 2220/3094/2219
f 793/1076/799 2184/3063/2198 811/3090/2218
f 2184/3063/2198 2226/3100/2226 811/3090/2218
f 1827/3101/1837 2140/3102/2224 2083/3103/2037
f 2134/2826/2013 2191/3104/2188 1972/2827/2005
f 1972/2818/2005 2191/3105/2188 2010/2816/2003
f 2141/3060/2196 2140/3098/2224 3712/3106/2227
f 2148/3001/2147 2152/2999/2146 2197/3107/2228
f 1942/2748/1948 2140/3098/2224 2141/3060/2196
f 2047/2869/2047 1989/2836/2022 2030/3108/2229
f 2193/3047/2186 2227/3109/2230 2336/3110/2231
f 1937/2725/1938 2210/3075/2207 2228/3111/2232
f 2226/3100/2226 2184/3063/2198 2229/3112/2233
f 810/1111/812 811/3090/2218 2226/3100/2226
f 2035/3113/2234 4372/3114/2049 2231/3115/2235
f 2152/2997/2146 2047/2869/2047 2030/3108/2229
f 2053/3116/2048 2231/3115/2235 4372/3114/2049
f 1937/2726/1938 2228/3117/2232 2215/3086/2213
f 2220/3094/2219 2211/3081/2208 2225/3099/2225
f 2062/2889/2061 2140/3102/2224 1827/3101/1837
f 1209/717/548 1207/1651/1213 549/714/545
f 2234/3118/2236 2233/3119/2237 2093/2922/2088
f 2232/3120/2238 911/2117/1556 896/2149/895
f 911/2117/1556 2232/3120/2238 1544/2116/1555
f 2093/2922/2088 2081/2921/2087 2253/3121/2239
f 278/326/266 2253/3121/2239 2081/2921/2087
f 2201/3122/2240 2336/3110/2231 2227/3109/2230
f 2183/3056/2192 3712/3123/2227 2062/2889/2061
f 810/1111/812 2226/3100/2226 2237/3124/2241
f 787/1062/788 651/861/652 2238/3125/2242
f 2218/3087/2216 2212/3077/2209 2044/2862/2041
f 2239/3126/2243 896/1224/895 938/1300/940
f 2212/3077/2209 2045/2863/2042 2044/2862/2041
f 2045/2863/2042 2212/3077/2209 2057/2882/2055
f 2241/3127/2244 1748/2456/1755 1746/2453/1753
f 2244/3128/2245 896/1224/895 2239/3126/2243
f 2213/3079/2211 1899/2662/1906 1923/2698/1925
f 2203/3129/2199 2243/3130/2246 2307/3131/2247
f 2214/3080/2212 2213/3079/2211 2245/3132/2248
f 2225/3099/2225 2211/3081/2208 2214/3080/2212
f 2247/3133/2249 1748/2456/1755 2241/3127/2244
f 2241/3127/2244 2242/3134/2250 2247/3133/2249
f 2240/3135/2251 2243/3130/2246 862/1174/857
f 2213/3079/2211 2248/3136/2252 2245/3132/2248
f 2245/3132/2248 2248/3136/2252 2249/3137/2253
f 2243/3130/2246 813/1175/858 862/1174/857
f 2250/3138/2254 2247/3133/2249 2242/3134/2250
f 2213/3079/2211 1927/2704/1929 2248/3136/2252
f 2246/3139/2255 2250/3138/2254 2242/3134/2250
f 1923/2698/1925 1927/2704/1929 2213/3079/2211
f 2225/3099/2225 2251/3140/2256 2252/3141/2257
f 2224/3097/2223 2225/3099/2225 2252/3141/2257
f 2203/3129/2199 2198/3142/2194 2243/3130/2246
f 2224/3097/2223 2254/3143/2258 2223/3095/2222
f 2093/2922/2088 2253/3121/2239 2234/3118/2236
f 2243/3130/2246 2198/3142/2194 813/1175/858
f 813/1175/858 2198/3142/2194 859/3144/863
f 2251/3140/2256 2255/3145/2259 2252/3141/2257
f 278/326/266 275/323/263 2253/3121/2239
f 2252/3141/2257 2255/3145/2259 2256/3146/2260
f 2249/3137/2253 2255/3145/2259 2251/3140/2256
f 853/1498/1092 107/103/93 112/1101/809
f 2046/2865/2043 2255/3147/2259 2249/3148/2253
f 2046/2865/2043 2257/3149/2261 2255/3147/2259
f 257/3150/256 2253/3121/2239 275/323/263
f 2251/3140/2256 2214/3080/2212 2245/3132/2248
f 2251/3140/2256 2225/3099/2225 2214/3080/2212
f 2245/3132/2248 2249/3137/2253 2251/3140/2256
f 2248/3151/2252 1917/2692/1921 2046/2865/2043
f 2249/3148/2253 2248/3151/2252 2046/2865/2043
f 2199/3059/2195 889/1220/891 859/1182/863
f 1917/2692/1921 2248/3151/2252 1927/2705/1929
f 1917/2692/1921 2025/2840/2025 2046/2865/2043
f 2234/3152/2236 2253/3153/2239 2258/3154/2262
f 2253/3153/2239 1778/2495/1785 2258/3154/2262
f 1778/2495/1785 2253/3153/2239 257/2524/256
f 889/1220/891 2199/3059/2195 2912/3078/2210
f 885/1210/883 889/1220/891 893/1223/894
f 889/1220/891 2912/3078/2210 2917/3155/2263
f 893/1223/894 889/1220/891 2917/3155/2263
f 2232/3120/2238 896/2149/895 2244/3156/2245
f 2232/3120/2238 2244/3156/2245 2260/3157/2264
f 2034/2853/2033 1809/2537/1817 1813/2608/1871
f 2263/3158/2265 1556/2152/1573 2232/3120/2238
f 2263/3158/2265 1208/1652/1214 1556/2152/1573
f 1556/2152/1573 1544/2116/1555 2232/3120/2238
f 2262/3159/2266 235/275/225 232/272/222
f 1809/2537/1817 2034/2853/2033 1611/2255/1629
f 2034/2853/2033 1983/2848/2031 2261/2892/2063
f 2260/3157/2264 2264/3160/2267 2263/3158/2265
f 2265/3161/2268 1747/2454/1754 1748/2456/1755
f 232/344/222 237/343/277 349/480/371
f 2262/3162/2266 232/344/222 349/480/371
f 2260/3157/2264 2263/3158/2265 2232/3120/2238
f 2182/3163/2180 2235/3164/2269 2259/3165/2270
f 349/480/371 1892/2647/1901 2262/3162/2266
f 235/275/225 2057/2882/2055 2212/3077/2209
f 2262/3159/2266 2057/2882/2055 235/275/225
f 934/1293/937 890/1221/892 2267/3166/2271
f 2182/3041/2180 2259/3167/2270 2177/3039/2178
f 2147/2907/2075 2123/3010/2153 2268/3168/2272
f 1892/2646/1901 2057/2882/2055 2262/3159/2266
f 2270/3169/2273 2268/3168/2272 2123/3010/2153
f 890/1221/892 948/1311/947 2267/3166/2271
f 1986/2793/1983 1968/2782/1975 1992/3054/2190
f 2271/3170/2274 2320/3171/2275 2200/3172/2276
f 2265/3161/2268 666/880/667 1747/2454/1754
f 666/880/667 2265/3161/2268 651/861/652
f 154/1507/139 1574/1675/1233 1099/1506/1098
f 2238/3125/2242 651/861/652 2265/3161/2268
f 1747/2454/1754 1756/3173/1769 1745/2455/1751
f 2247/3133/2249 2250/3138/2254 2265/3161/2268
f 1748/2456/1755 2247/3133/2249 2265/3161/2268
f 2238/3125/2242 2265/3161/2268 2250/3138/2254
f 2274/3174/2277 2202/3062/2197 2934/3175/2278
f 2072/2899/2070 2016/2829/2015 2275/3176/2279
f 2276/3177/2280 2274/3174/2277 2934/3175/2278
f 2072/2899/2070 2014/2875/2051 2016/2829/2015
f 1986/2793/1983 1992/3054/2190 2165/3018/2161
f 2278/3178/2281 2274/3174/2277 2276/3177/2280
f 2014/2875/2051 1873/2622/1882 2016/2829/2015
f 2277/3179/2282 801/3180/2283 2273/3181/2284
f 2238/3125/2242 2273/3181/2284 787/1062/788
f 2165/3018/2161 1992/3054/2190 2195/3055/2191
f 2273/3181/2284 801/3180/2283 787/1062/788
f 1996/2803/1991 1966/2783/1976 1965/2780/1974
f 1966/2783/1976 1996/2803/1991 2280/3182/2285
f 2209/3183/2286 2195/3055/2191 1966/2783/1976
f 1014/1409/1024 1480/2003/1491 2280/3182/2285
f 2235/3164/2269 2201/3122/2240 2281/3184/2287
f 2480/3185/2288 2201/3122/2240 2227/3109/2230
f 2280/3182/2285 2209/3183/2286 1966/2783/1976
f 2195/3055/2191 2209/3183/2286 2283/3186/2289
f 2072/2899/2070 2282/3187/2290 2069/2896/2067
f 935/1295/938 934/1293/937 2318/3188/2291
f 2804/3189/2292 2227/3109/2230 2193/3047/2186
f 2272/3190/2293 2147/2907/2075 2268/3168/2272
f 1574/1675/1233 1692/2420/1730 2322/3191/2294
f 2209/3183/2286 2280/3182/2285 1480/2003/1491
f 235/275/225 204/226/191 158/161/143
f 788/1063/789 787/1062/788 801/3180/2283
f 934/1293/937 2267/3166/2271 2318/3188/2291
f 2147/2907/2075 2007/2813/2000 2123/3010/2153
f 2288/3192/2295 2246/3139/2255 2242/3134/2250
f 2195/3055/2191 2283/3186/2289 2287/3193/2296
f 2288/3192/2295 2289/3194/2297 2246/3139/2255
f 2239/3126/2243 938/1300/940 935/1295/938
f 2290/3195/2298 2246/3139/2255 2289/3194/2297
f 2286/3012/2155 2270/3169/2273 2123/3010/2153
f 2290/3195/2298 2292/3196/2299 2246/3139/2255
f 2292/3196/2299 2250/3138/2254 2246/3139/2255
f 2289/3194/2297 2294/3197/2300 2290/3195/2298
f 2267/3166/2271 948/1311/947 2269/3198/2301
f 2838/3199/2302 2290/3195/2298 2294/3197/2300
f 2270/3200/2273 2286/3201/2155 2293/3202/2303
f 948/2182/947 1603/2181/1591 2269/3203/2301
f 2295/3204/2304 2292/3196/2299 2290/3195/2298
f 2298/3205/2305 2292/3196/2299 2295/3204/2304
f 2270/3200/2273 2293/3202/2303 2285/3206/2306
f 1179/1634/1197 2064/3207/2307 1931/2717/1932
f 2299/3208/2308 2285/3206/2306 2293/3202/2303
f 2284/3209/2309 2268/3168/2272 2270/3169/2273
f 2270/3200/2273 2285/3206/2306 2284/3210/2309
f 2171/3027/2169 4575/3211/2310 2296/3212/2311
f 2250/3138/2254 2292/3196/2299 2273/3181/2284
f 2273/3181/2284 2292/3196/2299 2298/3205/2305
f 2250/3138/2254 2273/3181/2284 2238/3125/2242
f 2200/3172/2276 2184/3063/2198 2202/3062/2197
f 2200/3172/2276 2202/3062/2197 2274/3174/2277
f 2273/3181/2284 2298/3205/2305 2277/3179/2282
f 2218/3087/2216 2171/3027/2169 2296/3212/2311
f 2271/3170/2274 2200/3172/2276 2278/3178/2281
f 2274/3174/2277 2278/3178/2281 2200/3172/2276
f 2296/3212/2311 2297/3213/2312 2219/3088/2217
f 2239/3126/2243 935/1295/938 2303/3214/2313
f 2296/3212/2311 2219/3088/2217 2218/3087/2216
f 2218/3087/2216 2044/2862/2041 2171/3027/2169
f 2318/3188/2291 2306/3215/2314 935/1295/938
f 2480/3185/2288 2281/3184/2287 2201/3122/2240
f 2306/3215/2314 2303/3214/2313 935/1295/938
f 2271/3216/2274 2278/3217/2281 2307/3218/2247
f 2177/3039/2178 2259/3167/2270 2309/3219/2315
f 2310/3220/2316 2318/3188/2291 2267/3166/2271
f 2164/3017/2160 2076/2905/2073 2165/3018/2161
f 2308/3221/2317 2164/3017/2160 2165/3018/2161
f 2312/3222/2318 2164/3017/2160 2308/3221/2317
f 3130/3223/2319 2309/3219/2315 2259/3167/2270
f 2259/3165/2270 2281/3184/2287 3130/3224/2319
f 2195/3055/2191 2287/3193/2296 2165/3018/2161
f 2307/3218/2247 2317/3067/2202 2203/3064/2199
f 2317/3067/2202 2307/3218/2247 2278/3217/2281
f 2287/3193/2296 2291/3225/2320 2308/3221/2317
f 2308/3221/2317 2165/3018/2161 2287/3193/2296
f 2187/3043/2182 2177/3039/2178 2309/3219/2315
f 2271/3216/2274 2307/3218/2247 2320/3226/2275
f 2313/3227/2321 2244/3128/2245 2239/3126/2243
f 2260/3157/2264 2244/3156/2245 2313/3228/2321
f 2281/3184/2287 2259/3165/2270 2235/3164/2269
f 1334/1826/1346 1336/1828/1348 1342/1832/1352
f 1480/2003/1491 2314/3229/2322 2283/3186/2289
f 1343/1833/1353 1346/1835/1355 1334/1826/1346
f 1343/1833/1353 2315/3230/2323 1346/1835/1355
f 2283/3186/2289 2209/3183/2286 1480/2003/1491
f 2316/3231/2324 2315/3230/2323 1343/1833/1353
f 2276/3232/2280 2317/3067/2202 2278/3217/2281
f 2310/3220/2316 2267/3166/2271 2269/3198/2301
f 2276/3232/2280 3015/3233/2325 2317/3067/2202
f 3015/3233/2325 2319/3234/2326 2317/3067/2202
f 2319/3234/2326 2204/3065/2200 2317/3067/2202
f 2162/3016/2159 1346/1835/1355 2315/3230/2323
f 2229/3112/2233 2184/3063/2198 2200/3172/2276
f 2304/3235/2327 2301/3236/2328 2300/3237/2329
f 2320/3171/2275 2229/3112/2233 2200/3172/2276
f 2305/3238/2330 2304/3239/2327 2300/3240/2329
f 2064/3207/2307 1179/1634/1197 2322/3191/2294
f 2322/3191/2294 1179/1634/1197 897/1227/897
f 2229/3112/2233 2230/3241/2331 2226/3100/2226
f 2256/3242/2260 2255/3147/2259 2257/3149/2261
f 2322/3191/2294 2341/3243/2332 2064/3207/2307
f 1717/2386/1712 1430/2200/1455 1584/2204/1599
f 2275/3176/2279 2282/3187/2290 2072/2899/2070
f 892/1222/893 893/1223/894 2301/3236/2328
f 2322/3191/2294 897/1227/897 1190/1623/1187
f 2301/3236/2328 893/1223/894 2864/3244/2333
f 1430/2200/1455 1445/2041/1454 1584/2204/1599
f 2069/2896/2067 2282/3187/2290 2380/3245/2334
f 892/1222/893 2301/3236/2328 2304/3235/2327
f 2324/3246/2335 2325/3247/2336 2261/2892/2063
f 2322/3191/2294 1190/1623/1187 1574/1675/1233
f 1584/3248/1599 1583/2203/1598 2323/3249/2337
f 2325/3247/2336 2061/3250/2338 2034/2853/2033
f 2325/3247/2336 2034/2853/2033 2261/2892/2063
f 1445/2041/1454 1510/2042/1520 1584/2204/1599
f 2327/3251/2339 2325/3247/2336 2324/3246/2335
f 2205/3066/2201 2323/3249/2337 1583/2203/1598
f 2330/3252/2340 2275/3176/2279 2016/2829/2015
f 2331/3253/2341 2332/3254/2342 2328/3255/2343
f 2331/3253/2341 2333/3256/2344 2332/3254/2342
f 2328/3255/2343 2323/3257/2337 2331/3253/2341
f 2215/3082/2213 2335/3258/2345 2333/3256/2344
f 2329/3259/2346 2334/3260/2347 2336/3110/2231
f 2333/3256/2344 2335/3258/2345 2332/3254/2342
f 2331/3253/2341 2206/3068/2203 2207/3069/2204
f 2216/3083/2214 2215/3082/2213 2333/3256/2344
f 2333/3256/2344 2207/3069/2204 2216/3083/2214
f 2333/3256/2344 2331/3253/2341 2207/3069/2204
f 2275/3176/2279 2330/3252/2340 2337/3261/2348
f 2048/2868/2046 1718/2396/1718 853/1498/1092
f 1931/2717/1932 2064/3207/2307 2183/3056/2192
f 2330/3252/2340 2016/2829/2015 2063/2885/2058
f 2331/3253/2341 2323/3257/2337 2206/3068/2203
f 1590/2648/1606 2206/3070/2203 2205/3262/2201
f 2206/3070/2203 2323/3263/2337 2205/3262/2201
f 2215/3082/2213 2340/3264/2349 2335/3258/2345
f 204/226/191 736/989/735 159/162/144
f 2341/3243/2332 2322/3191/2294 1692/2420/1730
f 204/226/191 2221/3092/2220 736/989/735
f 917/1299/924 2304/3239/2327 916/1257/916
f 2297/3213/2312 2221/3092/2220 2219/3088/2217
f 2229/3112/2233 2338/3265/2350 2230/3241/2331
f 2291/3225/2320 2287/3193/2296 2283/3186/2289
f 916/1257/916 2304/3239/2327 2305/3238/2330
f 2230/3241/2331 2237/3124/2241 2226/3100/2226
f 2314/3229/2322 2342/3266/2351 2283/3186/2289
f 2318/3188/2291 2310/3220/2316 2343/3267/2352
f 2306/3215/2314 2318/3188/2291 2343/3267/2352
f 736/989/735 2344/3268/2353 735/987/733
f 736/989/735 2221/3092/2220 2344/3268/2353
f 2346/3269/2354 2269/3203/2301 2302/3270/2355
f 2338/3271/2350 2229/3272/2233 2243/3130/2246
f 2344/3268/2353 2221/3092/2220 2297/3213/2312
f 2229/3272/2233 2320/3273/2275 2243/3130/2246
f 2269/3203/2301 1603/2181/1591 2302/3270/2355
f 1596/2234/1613 1480/2003/1491 1479/2002/1490
f 2302/3270/2355 1603/2181/1591 1616/2257/1631
f 1718/2396/1718 107/103/93 853/1498/1092
f 2310/3220/2316 2269/3198/2301 2346/3274/2354
f 2243/3130/2246 2240/3135/2251 2338/3271/2350
f 1480/2003/1491 1596/2234/1613 2314/3229/2322
f 2347/3275/2356 998/1373/995 995/1370/992
f 2320/3273/2275 2307/3131/2247 2243/3130/2246
f 1279/1754/1287 1276/1751/1284 2347/3276/2356
f 2347/3276/2356 995/1397/992 1016/1396/1014
f 2348/3277/2357 2349/3278/2358 1067/1461/1066
f 2310/3220/2316 2346/3274/2354 2343/3267/2352
f 2350/3279/2359 2351/3280/2360 2352/3281/2361
f 2352/3281/2361 2353/3282/2362 2350/3279/2359
f 2279/3283/2363 2324/3246/2335 2060/2884/2057
f 2349/3278/2358 2348/3277/2357 2354/3284/2364
f 2260/3157/2264 2313/3228/2321 2355/3285/2365
f 2324/3246/2335 2261/2892/2063 2060/2884/2057
f 2356/3286/2366 2351/3280/2360 2350/3279/2359
f 2350/3287/2359 2353/3288/2362 1269/3289/1281
f 2181/3038/2177 2358/3290/2367 2359/3291/2368
f 2004/2809/1997 2360/3292/2369 1086/3293/2370
f 1270/3294/1280 2361/3295/2371 2350/3287/2359
f 1270/3294/1280 1321/1809/1330 1323/1808/1334
f 2380/3245/2334 2282/3187/2290 2362/3296/2372
f 2350/3279/2359 2361/3297/2371 2356/3286/2366
f 2361/3295/2371 1270/3294/1280 1323/1808/1334
f 1269/3289/1281 1270/3294/1280 2350/3287/2359
f 2004/2809/1997 1086/3293/2370 1079/1479/1079
f 1086/3293/2370 1078/1478/1078 1079/1479/1079
f 2362/3296/2372 2282/3187/2290 2363/3298/2373
f 1078/1478/1078 1086/3293/2370 2364/3299/2374
f 2364/3299/2374 862/1174/857 1078/1478/1078
f 2305/3238/2330 2365/1240/908 916/1257/916
f 916/1257/916 2365/1240/908 2326/1230/900
f 2348/3277/2357 2366/3300/2375 2354/3284/2364
f 917/1267/924 892/1222/893 2304/3235/2327
f 2367/3301/2376 2368/3302/2377 2369/3303/2378
f 2060/2884/2057 2174/3304/2172 2279/3283/2363
f 2369/3305/2378 2491/3306/2379 2370/3307/2380
f 2369/3305/2378 2370/3307/2380 2367/3308/2376
f 2174/3031/2172 2188/3044/2183 2189/3309/2381
f 2368/3302/2377 2288/3192/2295 2369/3303/2378
f 2373/3310/2382 2374/3311/2383 2370/3307/2380
f 2371/3312/2384 2239/3126/2243 2303/3214/2313
f 1692/2420/1730 1727/2419/1729 2341/3243/2332
f 2264/3160/2267 2260/3157/2264 2355/3285/2365
f 2355/3285/2365 2384/3313/2385 2264/3160/2267
f 2380/3245/2334 2379/3314/2386 2180/3315/2176
f 2378/1270/926 2381/3316/2387 2376/3317/2388
f 2313/3228/2321 2382/3318/2389 2355/3285/2365
f 924/1269/925 2381/3316/2387 2378/1270/926
f 2237/3319/2241 1074/1471/1071 810/3320/812
f 2239/3126/2243 2371/3312/2384 2313/3227/2321
f 882/1206/879 923/1636/1198 924/1269/925
f 2348/3277/2357 1074/1471/1071 2237/3319/2241
f 2348/3277/2357 1067/1461/1066 1074/1471/1071
f 2359/3321/2368 2339/3322/2390 2182/3163/2180
f 2375/3323/2391 2373/3310/2382 2370/3307/2380
f 2388/3324/2392 2381/3316/2387 924/1269/925
f 2370/3307/2380 2491/3306/2379 2375/3323/2391
f 2386/3325/2393 2388/3324/2392 924/1269/925
f 1185/1629/1193 2513/3326/2394 1188/1630/1194
f 2377/3327/2395 2376/3317/2388 2381/3316/2387
f 2377/3327/2395 2381/3316/2387 2388/3324/2392
f 2069/2896/2067 2380/3245/2334 2179/3061/2175
f 2180/3328/2176 2179/3061/2175 2380/3245/2334
f 2313/3227/2321 2371/3312/2384 2390/3329/2396
f 2181/3038/2177 2178/3040/2179 2391/3330/2397
f 2189/3309/2381 2392/2770/1964 2419/3331/2398
f 2189/3309/2381 2188/3044/2183 2392/2770/1964
f 2360/3292/2369 2393/3332/2399 2394/3333/2400
f 2188/3044/2183 1920/2765/1960 2392/2770/1964
f 1086/3293/2370 2360/3292/2369 2394/3333/2400
f 1086/3293/2370 2394/3333/2400 2364/3299/2374
f 2359/3291/2368 2182/3041/2180 2181/3038/2177
f 2336/3110/2231 2201/3122/2240 2329/3259/2346
f 2329/3259/2346 2201/3122/2240 2782/3334/2401
f 2338/3271/2350 2240/3135/2251 2397/3335/2402
f 2240/3135/2251 2364/3299/2374 2397/3335/2402
f 862/1174/857 2364/3299/2374 2240/3135/2251
f 2398/3336/2403 2183/3056/2192 2387/3337/2404
f 519/2738/512 2399/3338/2405 1946/2754/1953
f 2064/3207/2307 2387/3337/2404 2183/3056/2192
f 2397/3335/2402 2364/3299/2374 2394/3333/2400
f 2201/3122/2240 2339/3322/2390 2782/3334/2401
f 2387/3337/2404 2064/3207/2307 2341/3243/2332
f 2382/3318/2389 2313/3228/2321 2390/3339/2396
f 2349/3278/2358 1070/1466/1070 1067/1461/1066
f 519/671/512 518/670/511 2400/3340/2406
f 2354/3284/2364 2401/3341/2407 2349/3278/2358
f 2402/3342/2408 2403/3343/2409 2404/3344/2410
f 2192/3048/2187 2193/3047/2186 2336/3110/2231
f 667/877/666 2405/3345/2411 2400/3346/2406
f 2182/3163/2180 2339/3322/2390 2235/3164/2269
f 2406/3347/2412 2371/3312/2384 2303/3214/2313
f 2408/3348/2413 2382/3318/2389 2409/3349/2414
f 1185/1629/1193 1192/1638/1200 2373/3310/2382
f 1943/2742/1946 2410/3350/2415 547/2762/544
f 2410/3350/2415 1943/2742/1946 1944/2750/1950
f 2373/3310/2382 2513/3326/2394 1185/1629/1193
f 2354/3284/2364 2411/3351/2416 2401/3341/2407
f 2411/3351/2416 2354/3284/2364 2393/3352/2399
f 1956/3071/2205 2208/3073/2206 1973/3353/2417
f 2208/3073/2206 2465/3354/1970 1973/3353/2417
f 2201/3122/2240 2235/3164/2269 2339/3322/2390
f 1276/1770/1284 1287/1769/1298 2413/3355/2418
f 2208/3073/2206 2158/3014/2157 2180/3037/2176
f 1188/1630/1194 2513/3326/2394 2412/3356/2419
f 2382/3318/2389 2390/3357/2396 2409/3349/2414
f 2266/3358/2420 2263/3158/2265 2264/3160/2267
f 2374/3311/2383 2373/3310/2382 1192/1638/1200
f 1271/1745/1278 2414/3359/2421 1273/1749/1282
f 1327/1819/1340 1362/1857/1375 1292/1777/1304
f 1208/1652/1214 2415/3360/2422 1207/1651/1213
f 1192/1638/1200 1182/1637/1199 2374/3311/2383
f 2416/3361/2423 2423/3362/2424 3560/3363/2425
f 1207/1651/1213 2415/3360/2422 549/714/545
f 2279/3283/2363 2189/3364/2381 2416/3361/2423
f 2279/3365/2363 2174/3031/2172 2189/3309/2381
f 2417/3366/2426 1359/1855/1373 2414/3359/2421
f 1359/1855/1373 1273/1749/1282 2414/3359/2421
f 2418/3367/2427 2417/3366/2426 2414/3359/2421
f 2263/3158/2265 2266/3358/2420 1208/1652/1214
f 2419/3331/2398 2416/3368/2423 2189/3309/2381
f 1359/3369/1373 2417/3370/2426 1362/3371/1375
f 2415/3360/2422 555/724/555 554/723/554
f 2415/3360/2422 1208/1652/1214 2266/3358/2420
f 2367/3308/2376 2374/3311/2383 2420/3372/2428
f 519/2738/512 2400/3373/2406 2399/3338/2405
f 2367/3308/2376 2370/3307/2380 2374/3311/2383
f 549/714/545 2415/3360/2422 554/723/554
f 2360/3292/2369 2411/3374/2416 2393/3332/2399
f 2411/3374/2416 2360/3292/2369 2425/3375/2429
f 2004/2809/1997 2425/3375/2429 2360/3292/2369
f 2426/3376/2430 2175/3032/2173 2162/3016/2159
f 2230/3377/2331 2338/3378/2350 2383/3379/2431
f 2397/3380/2402 2383/3379/2431 2338/3378/2350
f 2383/3379/2431 2348/3277/2357 2237/3319/2241
f 2427/3381/2432 2426/3376/2430 2162/3016/2159
f 2383/3379/2431 2366/3300/2375 2348/3277/2357
f 2393/3352/2399 2354/3284/2364 2366/3300/2375
f 2432/3382/2433 1090/3383/1089 2433/3384/2434
f 2187/3043/2182 2435/3385/2435 2434/3386/2436
f 563/728/559 2436/3387/738 2437/3388/2437
f 1182/1637/1199 2420/3372/2428 2374/3311/2383
f 2420/3372/2428 1182/1637/1199 1183/3389/1297
f 2424/3390/2438 1068/1465/1069 1069/1464/1068
f 2424/3390/2438 1069/1464/1068 1089/1490/1088
f 2438/3391/2439 2439/3392/2440 1060/1493/1060
f 2431/3393/2441 2402/3394/2408 2454/3395/2442
f 2424/3396/2438 2440/3397/2443 1068/1491/1069
f 2421/3398/2444 2367/3301/2376 2420/3399/2428
f 2372/3400/2445 2289/3194/2297 2368/3302/2377
f 2289/3194/2297 2288/3192/2295 2368/3302/2377
f 2397/3380/2402 2366/3300/2375 2383/3379/2431
f 2399/3338/2405 1945/2755/1954 1946/2754/1953
f 1090/3383/1089 2432/3382/2433 2438/3401/2439
f 996/1371/993 999/1374/996 1008/1385/1005
f 998/1373/995 2443/3402/2446 999/1374/996
f 2230/3377/2331 2383/3379/2431 2237/3319/2241
f 998/1373/995 996/1371/993 995/1370/992
f 999/1374/996 2445/3403/2447 1005/1382/1002
f 2394/3333/2400 2393/3332/2399 2366/3404/2375
f 1005/1382/1002 2445/3403/2447 2448/3405/2448
f 2372/3400/2445 2294/3197/2300 2289/3194/2297
f 2394/3333/2400 2366/3404/2375 2397/3335/2402
f 2442/3406/2449 2294/3197/2300 2372/3400/2445
f 2449/3407/2450 1088/1489/1087 1087/1487/1086
f 1005/1382/1002 2448/3405/2448 1006/1383/1003
f 1087/1495/1086 1045/1437/1045 2449/3408/2450
f 562/729/560 563/728/559 1999/783/598
f 1045/1437/1045 2448/3409/2448 2449/3408/2450
f 2554/3410/2451 2430/3411/2452 151/3412/173
f 2448/3409/2448 2445/3413/2447 2450/3414/2453
f 2448/3409/2448 2450/3414/2453 2449/3408/2450
f 2447/3415/2454 2430/3411/2452 2554/3410/2451
f 1041/1431/1041 1006/1383/1003 2451/3416/2455
f 1041/1433/1041 2451/3417/2455 1045/1437/1045
f 2451/3416/2455 1006/1383/1003 2448/3405/2448
f 2451/3417/2455 2448/3409/2448 1045/1437/1045
f 2442/3406/2449 2476/3418/2456 2477/3419/2457
f 2477/3419/2457 2452/3420/2458 2453/3421/2459
f 2477/3419/2457 2453/3421/2459 2442/3406/2449
f 2442/3406/2449 2372/3400/2445 2476/3418/2456
f 2458/3422/2460 2531/3423/2461 2457/3424/2462
f 2459/3425/2463 2456/3426/2464 2457/3424/2462
f 2441/3427/2465 2379/3428/2386 2423/3429/2424
f 2437/3430/2437 1976/2837/2023 1977/2839/2006
f 2423/3431/2424 2379/3314/2386 2380/3245/2334
f 2460/3432/2466 2461/3433/2467 2462/3434/2468
f 2380/3245/2334 2362/3296/2372 2423/3431/2424
f 2405/3345/2411 2407/2814/2001 2399/3435/2405
f 2814/3436/2469 2460/3432/2466 2462/3434/2468
f 2464/3437/2470 2435/3385/2435 2463/3438/2471
f 2435/3385/2435 2464/3437/2470 2434/3386/2436
f 1958/2775/1969 2465/2776/1970 2419/3331/2398
f 2460/3432/2466 2429/3439/2472 2461/3433/2467
f 2441/3440/2465 2419/3331/2398 2465/2776/1970
f 2466/3441/2473 3293/3442/2474 3292/3443/2475
f 2419/3331/2398 2392/2770/1964 1958/2775/1969
f 2456/3426/2464 2458/3422/2460 2457/3424/2462
f 2467/3444/2476 2466/3441/2473 3292/3443/2475
f 2400/3346/2406 2405/3345/2411 2399/3435/2405
f 2178/3040/2179 2187/3043/2182 2434/3386/2436
f 2468/3445/2477 2467/3444/2476 3292/3443/2475
f 2465/3354/1970 2379/3428/2386 2441/3427/2465
f 1462/1984/1475 1434/1947/1439 1428/1946/1438
f 2531/3423/2461 2458/3422/2460 2469/3446/2478
f 2456/3426/2464 2462/3434/2468 2461/3433/2467
f 2472/3447/2479 2315/3230/2323 2316/3231/2324
f 2315/3230/2323 2472/3447/2479 2162/3016/2159
f 2427/3381/2432 2162/3016/2159 2472/3447/2479
f 2421/3398/2444 2368/3302/2377 2367/3301/2376
f 2421/3398/2444 2372/3400/2445 2368/3302/2377
f 1294/1779/1306 2420/3448/2428 1183/1766/1297
f 2421/3449/2444 2420/3448/2428 1294/1779/1306
f 1294/3450/1306 2476/3418/2456 2421/3398/2444
f 2474/3451/2480 1473/3452/2481 2473/3453/2482
f 2402/3394/2408 2455/3454/2483 2454/3395/2442
f 2476/3418/2456 1294/3450/1306 1297/3455/1308
f 1297/3455/1308 2477/3419/2457 2476/3418/2456
f 1473/3452/2481 1420/1926/1424 2473/3453/2482
f 1976/2837/2023 2437/3430/2437 2471/3456/2484
f 2476/3418/2456 2372/3400/2445 2421/3398/2444
f 1973/3353/2417 2465/3354/1970 1962/3457/1971
f 2405/3345/2411 2478/2815/2002 2407/2814/2001
f 1977/2819/2006 2000/2805/1993 2437/3388/2437
f 2000/2805/1993 1999/783/598 563/728/559
f 2405/3345/2411 2396/3458/2485 2479/3459/2486
f 2000/2805/1993 563/728/559 2437/3388/2437
f 2475/3460/2487 2399/3435/2405 2428/2942/2105
f 2208/3073/2206 2180/3037/2176 2465/3354/1970
f 2456/3426/2464 2461/3433/2467 2458/3422/2460
f 2465/3354/1970 2180/3037/2176 2379/3428/2386
f 2399/3435/2405 2407/2814/2001 2428/2942/2105
f 2119/2961/2123 1616/2257/1631 2114/2953/2115
f 2481/3461/2488 2480/3185/2288 2482/3462/2489
f 2455/3454/2483 2488/3463/2490 2454/3395/2442
f 742/3464/766 703/943/704 380/509/374
f 2491/3465/2379 2369/3303/2378 2492/3466/2491
f 1462/1984/1475 2487/3467/2492 1434/1947/1439
f 2486/3468/2493 2493/3469/2494 2487/3467/2492
f 2493/3469/2494 1434/1947/1439 2487/3467/2492
f 398/944/705 703/943/704 2483/3470/2495
f 2494/3471/2496 2447/3415/2454 2444/3472/2497
f 2492/3473/2491 1746/2452/1753 2080/2916/2082
f 2483/3470/2495 707/950/708 398/944/705
f 2241/3127/2244 1746/2453/1753 2492/3466/2491
f 1472/1994/1483 2473/3453/2482 1420/1926/1424
f 2369/3303/2378 2241/3127/2244 2492/3466/2491
f 2488/3463/2490 2494/3471/2496 2444/3472/2497
f 2494/3471/2496 2430/3411/2452 2447/3415/2454
f 2472/3447/2479 2316/3231/2324 2495/3474/2498
f 2494/3471/2496 2499/3475/2499 2430/3411/2452
f 1429/1948/1440 1434/1947/1439 2497/3476/2500
f 2497/3476/2500 1434/1947/1439 2493/3469/2494
f 2484/3477/2501 2473/3453/2482 1472/1994/1483
f 2484/3477/2501 1472/1994/1483 2496/1996/1485
f 2463/3438/2471 3352/3478/2502 2464/3437/2470
f 558/947/707 2501/3479/2503 667/948/666
f 667/877/666 2396/3458/2485 2405/3345/2411
f 667/948/666 2501/3479/2503 2396/3480/2485
f 2502/3481/2504 2503/3482/2505 2504/3483/2506
f 2434/3386/2436 2464/3437/2470 2505/3484/2507
f 2505/3484/2507 2464/3437/2470 2506/3485/2508
f 2502/3481/2504 2507/3486/2509 2503/3482/2505
f 2508/3487/2510 2501/3479/2503 558/947/707
f 2508/3487/2510 558/947/707 883/1208/881
f 2396/3480/2485 2395/3488/2511 2479/3489/2486
f 2504/3483/2506 2503/3482/2505 2236/3490/2512
f 2505/3484/2507 2391/3330/2397 2434/3386/2436
f 2233/3491/2237 2236/3490/2512 2093/3492/2088
f 2506/3485/2508 2511/3493/2513 2505/3484/2507
f 2396/3480/2485 2501/3479/2503 2395/3488/2511
f 2391/3330/2397 2178/3040/2179 2434/3386/2436
f 2395/3488/2511 2501/3479/2503 2510/3494/2514
f 2501/3479/2503 2508/3487/2510 2510/3494/2514
f 2376/3317/2388 2510/3494/2514 2508/3487/2510
f 2181/3038/2177 2391/3330/2397 2358/3290/2367
f 2400/3495/2406 518/3496/511 663/3497/665
f 663/878/665 667/877/666 2400/3346/2406
f 2520/3498/2515 1550/3499/1564 2514/3500/2516
f 1550/3499/1564 2520/3498/2515 1549/2153/1562
f 712/955/712 2471/3456/2484 2436/992/738
f 848/991/737 712/955/712 2436/992/738
f 2515/3501/2517 2514/3502/2516 1550/2136/1564
f 1550/2136/1564 2796/2135/1563 2515/3501/2517
f 2080/2916/2082 2375/3323/2391 2492/3473/2491
f 707/950/708 2471/3456/2484 712/955/712
f 2375/3323/2391 2491/3306/2379 2492/3473/2491
f 2513/3326/2394 2375/3323/2391 2080/2916/2082
f 2513/3326/2394 2080/2916/2082 1757/2468/1764
f 2193/3047/2186 2194/3046/2185 2804/3189/2292
f 2085/2956/2118 2513/3326/2394 2079/2912/2079
f 2513/3326/2394 1757/2468/1764 2079/2912/2079
f 2436/992/738 2471/3456/2484 2437/3430/2437
f 2436/3387/738 563/728/559 565/731/562
f 1562/2161/1579 1549/2153/1562 2520/3498/2515
f 2479/3459/2486 2023/3011/2154 2478/2815/2002
f 2431/3393/2441 2454/3395/2442 2488/3463/2490
f 2431/3393/2441 2488/3463/2490 2444/3472/2497
f 2493/3469/2494 2486/3468/2493 2519/3503/2518
f 703/943/704 742/3464/766 2030/3108/2229
f 1169/1595/1169 1028/1417/1032 1113/3504/2519
f 1113/3504/2519 471/3505/466 2523/3506/2520
f 2628/3507/2521 2490/3508/2522 2489/3509/2523
f 2484/3477/2501 2524/3510/2524 2473/3453/2482
f 2525/3511/2525 2023/3512/2154 2518/3513/2526
f 2496/1996/1485 2524/3510/2524 2484/3477/2501
f 2479/3489/2486 2518/3513/2526 2023/3512/2154
f 2527/3514/2527 2524/3510/2524 2496/1996/1485
f 471/3505/466 2539/3515/2528 2523/3506/2520
f 2528/3516/2529 1271/1745/1278 1269/1748/1281
f 2528/3516/2529 2529/3517/2530 1271/1745/1278
f 2526/3518/2531 2528/3519/2529 2531/3520/2461
f 2532/3521/2532 2457/3424/2462 2531/3423/2461
f 1978/2835/2021 707/950/708 2483/3470/2495
f 2529/3517/2530 2418/3367/2427 1271/1745/1278
f 2533/3522/2533 2418/3367/2427 2529/3517/2530
f 2529/3517/2530 2534/3523/2534 2533/3522/2533
f 2528/3516/2529 2526/3524/2531 2529/3517/2530
f 2529/3517/2530 2526/3524/2531 2534/3523/2534
f 2526/3524/2531 1089/1490/1088 2534/3523/2534
f 2424/3390/2438 1089/1490/1088 2526/3524/2531
f 2483/3470/2495 703/943/704 2030/3108/2229
f 2534/3523/2534 1088/1489/1087 2533/3522/2533
f 1089/1490/1088 1088/1489/1087 2534/3523/2534
f 2526/3518/2531 2429/3525/2472 2424/3396/2438
f 2471/3456/2484 707/950/708 1976/2837/2023
f 1976/2837/2023 707/950/708 1978/2835/2021
f 2429/3525/2472 2526/3518/2531 2469/3526/2478
f 2085/2956/2118 2117/2958/2120 2516/3527/2535
f 2478/2815/2002 2405/3345/2411 2479/3459/2486
f 2535/3528/2536 2431/3393/2441 2444/3472/2497
f 2023/3011/2154 2006/2812/1999 2478/2815/2002
f 2554/3410/2451 2535/3528/2536 2444/3472/2497
f 2518/3513/2526 2537/3529/2537 2525/3511/2525
f 2516/3527/2535 2117/2958/2120 2536/3530/2538
f 2536/3530/2538 2538/3531/2539 2516/3527/2535
f 1117/1537/1121 2539/3532/2528 1742/2019/1505
f 2520/3498/2515 2514/3500/2516 2541/3533/2540
f 2539/3532/2528 1172/1598/1171 2542/3534/2541
f 1172/1598/1171 2543/3535/2542 2542/3534/2541
f 2479/3489/2486 2395/3488/2511 2518/3513/2526
f 2514/3500/2516 2515/3536/2517 2544/3537/2543
f 2395/3488/2511 2510/3494/2514 2518/3513/2526
f 2518/3513/2526 2510/3494/2514 2537/3529/2537
f 2461/3433/2467 2429/3439/2472 2469/3446/2478
f 2242/3134/2250 2241/3127/2244 2369/3303/2378
f 2531/3520/2461 2469/3526/2478 2526/3518/2531
f 2242/3134/2250 2369/3303/2378 2288/3192/2295
f 2537/3529/2537 2545/3538/2544 2546/3539/2545
f 2461/3433/2467 2469/3446/2478 2458/3422/2460
f 1133/1552/1132 2127/3540/2128 1131/1550/1130
f 2122/3541/2127 2127/3540/2128 1133/1552/1132
f 2525/3511/2525 2537/3529/2537 2540/3542/2546
f 2117/2958/2120 2118/2959/2121 2122/2968/2127
f 2122/3541/2127 1133/1552/1132 2547/3543/2547
f 2490/3508/2522 2548/3544/2548 2489/3509/2523
f 1172/1598/1171 2539/3532/2528 1117/1537/1121
f 2030/3108/2229 1989/2836/2022 2483/3470/2495
f 1117/1537/1121 1742/2019/1505 481/706/539
f 2152/2997/2146 2030/3108/2229 742/3464/766
f 2122/3541/2127 2547/3543/2547 2536/3545/2538
f 2122/2968/2127 2536/3530/2538 2117/2958/2120
f 2483/3470/2495 1989/2836/2022 1978/2835/2021
f 2551/3546/2549 2550/3547/2550 2517/3548/2551
f 2550/3547/2550 2551/3546/2549 2590/3549/2552
f 2530/3550/2553 2497/3476/2500 2493/3469/2494
f 2551/3546/2549 2517/3548/2551 2194/3551/2185
f 2555/3552/2554 2536/3545/2538 2547/3543/2547
f 2530/3550/2553 2493/3469/2494 2522/3553/2555
f 2264/3160/2267 2384/3313/2385 2557/3554/2556
f 2557/3554/2556 2266/3358/2420 2264/3160/2267
f 2538/3555/2539 2536/3545/2538 2555/3552/2554
f 2559/3556/2557 2555/3552/2554 2547/3543/2547
f 2490/3557/2522 2556/3558/2558 2548/3559/2548
f 2548/3559/2548 2556/3558/2558 2549/3560/2559
f 2459/3425/2463 2457/3424/2462 2560/3561/2560
f 2546/3539/2545 2540/3542/2546 2537/3529/2537
f 1130/1549/1129 1150/1564/1143 2561/3562/2561
f 2561/3562/2561 1133/1552/1132 1130/1549/1129
f 2563/3563/2562 2352/3281/2361 2564/3564/2563
f 1950/2764/1959 2049/2866/2044 1971/3565/2564
f 1169/1595/1169 2558/3566/2565 1164/1589/1163
f 2547/3543/2547 1133/1552/1132 2561/3562/2561
f 2352/3281/2361 2351/3280/2360 2564/3564/2563
f 763/3567/2566 2266/3358/2420 2557/3554/2556
f 2560/3561/2560 2457/3424/2462 2532/3521/2532
f 2266/3358/2420 763/3567/2566 2415/3360/2422
f 555/724/555 2415/3360/2422 763/3567/2566
f 2560/3561/2560 2563/3563/2562 2459/3425/2463
f 2560/3561/2560 2352/3281/2361 2563/3563/2562
f 840/1145/837 790/1066/792 764/1065/791
f 2352/3281/2361 2560/3561/2560 2353/3282/2362
f 840/1145/837 764/1065/791 763/3567/2566
f 764/1065/791 555/724/555 763/3567/2566
f 2532/3521/2532 2353/3282/2362 2560/3561/2560
f 2557/3554/2556 2565/3568/2567 763/3567/2566
f 2553/3569/2568 2550/3547/2550 2590/3549/2552
f 1506/2032/1516 1244/1695/1247 1594/2253/1627
f 2566/3570/2569 2520/3498/2515 2541/3533/2540
f 1520/2057/1529 1522/2056/1528 2568/3571/2570
f 944/3572/174 2554/3410/2451 151/3412/173
f 2447/3415/2454 2554/3410/2451 2444/3472/2497
f 2568/3571/2570 1644/3573/2571 1520/2057/1529
f 2384/3313/2385 2355/3285/2365 2382/3318/2389
f 2384/3313/2385 2565/3568/2567 2557/3554/2556
f 2408/3348/2413 2565/3568/2567 2384/3313/2385
f 2570/3574/2572 2569/3575/2573 2607/3576/2574
f 2422/3577/2575 1945/2755/1954 2399/3338/2405
f 2384/3313/2385 2382/3318/2389 2408/3348/2413
f 2399/3435/2405 2475/3460/2487 2422/3578/2575
f 2571/3579/2576 1948/2757/1955 2422/3577/2575
f 2497/3476/2500 2569/3575/2573 1429/1948/1440
f 2565/3568/2567 840/1145/837 763/3567/2566
f 2568/3571/2570 1522/2056/1528 2570/3580/2572
f 2569/3581/2573 2570/3582/2572 1522/3583/1528
f 1944/2750/1950 1950/2764/1959 2575/3584/2577
f 2561/3562/2561 2567/3585/2578 2559/3556/2557
f 1155/1580/1152 1181/1619/1183 1172/3586/1171
f 1150/1564/1143 2567/3585/2578 2561/3562/2561
f 2576/3587/2579 2577/3588/2580 2578/3589/2581
f 1429/1948/1440 2569/3575/2573 1522/3590/1528
f 1172/3586/1171 1181/1619/1183 2543/3591/2542
f 2575/3584/2577 2410/3350/2415 1944/2750/1950
f 1506/2032/1516 2527/3592/2527 2496/2031/1485
f 2572/3593/2582 2576/3587/2579 2578/3589/2581
f 2572/3593/2582 2579/3594/2583 2576/3587/2579
f 2559/3556/2557 2547/3543/2547 2561/3562/2561
f 2583/3595/2584 2580/3596/2585 2584/3597/2586
f 2580/3596/2585 2581/3598/2587 2584/3597/2586
f 2539/3599/2528 471/3600/466 1518/3601/1535
f 2475/3460/2487 2101/2933/2098 2582/2935/2100
f 2412/3356/2419 2085/2956/2118 2516/3527/2535
f 2475/3460/2487 2428/2942/2105 2101/2933/2098
f 2085/2956/2118 2412/3356/2419 2513/3326/2394
f 1945/2755/1954 2422/3577/2575 1948/2757/1955
f 2580/3596/2585 2588/3602/2588 2585/3603/2589
f 2589/3604/2590 2590/3605/2552 2587/3606/2591
f 2587/3606/2591 2590/3605/2552 2551/3607/2549
f 2551/3608/2549 2194/3046/2185 2192/3048/2187
f 1506/2032/1516 2595/3609/2592 2527/3592/2527
f 2527/3592/2527 2595/3609/2592 2594/3610/2593
f 2192/3048/2187 2587/3611/2591 2551/3608/2549
f 2516/3527/2535 2596/3612/2594 2412/3356/2419
f 2565/3568/2567 2408/3348/2413 2597/3613/2595
f 2597/3613/2595 840/1145/837 2565/3568/2567
f 2571/3614/2576 2422/3578/2575 2582/2935/2100
f 2375/3323/2391 2513/3326/2394 2373/3310/2382
f 869/1189/868 840/1145/837 2597/3613/2595
f 2596/3612/2594 2516/3527/2535 2598/3615/2596
f 1725/3616/1724 1523/3617/1532 132/133/119
f 2582/2935/2100 2422/3578/2575 2475/3460/2487
f 2689/3618/2597 2599/2857/2036 2039/2856/2035
f 2520/3498/2515 1591/2226/1607 1562/2161/1579
f 1591/2226/1607 1595/2232/1611 1569/2164/1582
f 1599/3619/2598 1595/2232/1611 1591/2226/1607
f 2600/3620/2599 2520/3498/2515 2566/3570/2569
f 1591/2226/1607 2520/3498/2515 2600/3620/2599
f 2601/3621/2600 2602/3622/2601 2568/3571/2570
f 2573/3623/2602 2604/3624/2603 2572/3625/2582
f 2539/3532/2528 2542/3534/2541 2586/3626/2604
f 2605/3627/2605 2606/3628/2606 2608/3629/2607
f 2570/3580/2572 2787/3630/2608 2601/3621/2600
f 2586/3631/2604 2523/3506/2520 2539/3515/2528
f 1169/1595/1169 1113/3504/2519 2523/3506/2520
f 2610/3632/2609 2601/3633/2600 2787/3634/2608
f 2574/3635/2610 2593/3636/2611 2604/3624/2603
f 2571/3579/2576 2612/3637/2612 1948/2757/1955
f 2600/3620/2599 1599/3619/2598 1591/2226/1607
f 2573/3623/2602 2574/3635/2610 2604/3624/2603
f 2516/3527/2535 2538/3531/2539 2598/3615/2596
f 2613/3638/2613 1907/2677/1914 1595/2232/1611
f 1599/3619/2598 2613/3638/2613 1595/2232/1611
f 1188/1630/1194 2412/3356/2419 2596/3612/2594
f 2600/3620/2599 2566/3570/2569 2615/3639/2614
f 2571/3614/2576 2582/2935/2100 2618/3640/2615
f 2592/3641/2616 2593/3636/2611 2574/3635/2610
f 2664/3642/2617 2619/3643/2618 485/619/476
f 1948/2757/1955 2612/3637/2612 2041/2859/2038
f 2555/3552/2554 2622/3644/2619 2538/3555/2539
f 2603/2878/478 2619/3645/2618 2620/3646/2620
f 2617/3647/2621 2627/3648/2622 2555/3552/2554
f 2622/3644/2619 2555/3552/2554 2627/3648/2622
f 2598/3649/2596 2538/3555/2539 2622/3644/2619
f 2598/3615/2596 1380/1657/1219 2596/3612/2594
f 1380/1657/1219 1188/1630/1194 2596/3612/2594
f 2616/3650/2623 2611/3651/2624 2403/3652/2409
f 2626/3653/2625 1950/2764/1959 1971/3565/2564
f 2625/3654/2626 2403/3343/2409 2402/3342/2408
f 2623/3655/2627 2403/3343/2409 2611/3656/2624
f 1391/2081/1540 1380/2080/1219 2622/3644/2619
f 2627/3648/2622 1531/2087/1544 2622/3644/2619
f 2431/3393/2441 2625/3657/2626 2402/3394/2408
f 2530/3550/2553 2607/3576/2574 2497/3476/2500
f 2622/3644/2619 1380/2080/1219 2598/3649/2596
f 2604/3624/2603 2579/3658/2583 2572/3625/2582
f 2569/3575/2573 2497/3476/2500 2607/3576/2574
f 2601/3621/2600 2568/3571/2570 2570/3580/2572
f 2573/3623/2602 2628/3507/2521 2574/3635/2610
f 2763/3659/2628 2629/3660/2629 2578/3589/2581
f 2631/3661/2630 2578/3589/2581 2629/3660/2629
f 2611/3651/2624 2616/3650/2623 2621/3662/2631
f 2595/3609/2592 1506/2032/1516 1594/2253/1627
f 2578/3589/2581 2631/3661/2630 2572/3593/2582
f 2572/3625/2582 2631/3663/2630 2573/3623/2602
f 1613/2254/1628 2633/3664/2632 1620/2264/1638
f 1594/2253/1627 2633/3664/2632 2595/3609/2592
f 1594/2253/1627 1620/2264/1638 2633/3664/2632
f 2633/3664/2632 2634/3665/2633 2635/3666/2634
f 2636/3667/2635 2074/2904/2072 1644/3573/2571
f 2575/3584/2577 1950/2764/1959 2626/3653/2625
f 2539/3532/2528 1518/2079/1535 1742/2019/1505
f 2637/3668/2636 2619/3669/2618 2638/3670/2637
f 2639/3671/2638 2638/3670/2637 2619/3669/2618
f 2523/3506/2520 2586/3631/2604 2552/3672/2639
f 547/2762/544 2410/3350/2415 687/3673/687
f 2639/3674/2638 2664/3675/2617 2638/3676/2637
f 1644/3573/2571 2074/2904/2072 1520/2057/1529
f 2640/3677/2640 1599/3619/2598 2600/3620/2599
f 2555/3552/2554 2559/3556/2557 2617/3647/2621
f 2613/3638/2613 1599/3619/2598 2640/3677/2640
f 2640/3677/2640 2600/3620/2599 2615/3639/2614
f 1150/1564/1143 1376/1875/1389 2642/3678/2641
f 3326/3679/2642 2643/3680/2643 2644/3681/2644
f 2642/3678/2641 2567/3585/2578 1150/1564/1143
f 1169/1595/1169 2523/3506/2520 2552/3672/2639
f 1376/1875/1389 1420/1926/1424 2642/3678/2641
f 1473/3452/2481 2810/3682/2645 1420/1926/1424
f 2810/3682/2645 2642/3678/2641 1420/1926/1424
f 2334/3260/2347 2345/3683/2646 2336/3110/2231
f 2558/3566/2565 1169/1595/1169 2552/3672/2639
f 2665/3684/2647 2552/3672/2639 2586/3631/2604
f 2650/3685/2648 2649/3686/2649 2651/3687/2650
f 2192/3048/2187 2336/3110/2231 2345/3683/2646
f 2665/3688/2647 2586/3689/2604 2542/3690/2541
f 2647/3691/2651 2587/3606/2591 2192/3692/2187
f 2345/3693/2646 2647/3691/2651 2192/3692/2187
f 2645/3694/2652 2652/3695/2653 2653/3696/2654
f 2654/3697/2655 2643/3698/2643 3326/3699/2642
f 3218/3700/2656 2616/3650/2623 2655/3701/2657
f 2656/3702/2658 2612/3637/2612 2571/3579/2576
f 2514/3500/2516 2544/3537/2543 2660/3703/2659
f 2661/3704/2660 2541/3533/2540 2660/3703/2659
f 2571/3705/2576 2618/3706/2615 2662/3707/2661
f 2541/3533/2540 2514/3500/2516 2660/3703/2659
f 2552/3672/2639 2648/3708/2662 2558/3566/2565
f 2656/3709/2658 2571/3705/2576 2662/3707/2661
f 2619/3643/2618 2603/621/478 485/619/476
f 2553/3569/2568 2663/3710/2663 3325/3711/2664
f 2664/3675/2617 2643/3680/2643 2654/3712/2655
f 2566/3570/2569 2541/3533/2540 2661/3704/2660
f 2651/3687/2650 2679/3713/2665 2666/3714/2666
f 2663/3710/2663 2553/3569/2568 2590/3549/2552
f 2643/3715/2643 2664/3642/2617 485/619/476
f 2662/3707/2661 2659/3716/2667 2656/3709/2658
f 2602/3622/2601 1644/3573/2571 2568/3571/2570
f 2639/3717/2638 2619/3643/2618 2664/3642/2617
f 2049/2866/2044 2669/3718/2668 1971/3565/2564
f 2626/3653/2625 1971/3565/2564 2669/3718/2668
f 2589/3604/2590 2663/3719/2663 2590/3605/2552
f 2674/3720/2669 2673/3721/2670 2672/3722/2671
f 2671/3723/2672 2670/3724/2673 2665/3688/2647
f 2049/2866/2044 2675/3725/2674 2669/3718/2668
f 2589/3604/2590 2677/3726/2675 2663/3719/2663
f 2663/3719/2663 2677/3726/2675 2676/3727/2676
f 2667/3728/2677 2535/3528/2536 3537/3729/2678
f 2683/3730/2679 2673/3721/2670 2674/3720/2669
f 2626/3653/2625 2669/3718/2668 1243/1708/1258
f 2652/3695/2653 2657/3731/2680 2653/3696/2654
f 2543/3535/2542 2665/3732/2647 2542/3534/2541
f 2679/3733/2665 2678/3734/2681 2666/3735/2666
f 1181/1619/1183 2671/3723/2672 2543/3591/2542
f 2543/3591/2542 2671/3723/2672 2665/3688/2647
f 2632/3736/2682 2667/3728/2677 3537/3729/2678
f 2632/3736/2682 2655/3737/2657 2616/3738/2623
f 2632/3736/2682 3537/3729/2678 2655/3737/2657
f 2650/3685/2648 2487/3467/2492 1462/1984/1475
f 2649/3686/2649 2650/3685/2648 1462/1984/1475
f 1332/1846/1364 2649/3686/2649 1462/1984/1475
f 2659/3716/2667 2682/3739/2683 2656/3709/2658
f 2649/3686/2649 2679/3713/2665 2651/3687/2650
f 2660/3703/2659 2544/3537/2543 2684/3740/2684
f 2544/3537/2543 2685/3741/2685 2684/3740/2684
f 2632/3736/2682 2616/3738/2623 2403/3742/2409
f 2687/3743/2686 2041/2859/2038 2612/3637/2612
f 2403/3343/2409 2625/3654/2626 2632/3744/2682
f 2688/3745/2687 2595/3609/2592 2633/3664/2632
f 2633/3664/2632 2635/3666/2634 2688/3745/2687
f 2672/3746/2671 2681/3747/2688 2674/3748/2669
f 2662/3707/2661 2690/3749/2689 2659/3716/2667
f 2602/3622/2601 2680/3750/2690 2635/3751/2634
f 2163/3752/2691 2690/3749/2689 2662/3707/2661
f 2636/3667/2635 2602/3622/2601 2635/3751/2634
f 2602/3622/2601 2636/3667/2635 1644/3573/2571
f 2163/3752/2691 2662/3707/2661 2618/3706/2615
f 2694/3753/2692 2693/3754/2693 2692/3755/2694
f 2692/3755/2694 3325/3711/2664 2663/3710/2663
f 2663/3710/2663 2694/3753/2692 2692/3755/2694
f 2582/2935/2100 2102/2934/2099 2159/3029/2171
f 1164/1589/1163 2558/3566/2565 1163/1798/1324
f 2431/3393/2441 2667/3728/2677 2625/3657/2626
f 2667/3728/2677 2632/3736/2682 2625/3657/2626
f 1332/1846/1364 2679/3713/2665 2649/3686/2649
f 910/1818/911 2679/3713/2665 1332/1846/1364
f 1159/1579/1155 1320/1803/1329 1181/1619/1183
f 2672/3756/2671 2599/2857/2036 2689/3618/2597
f 951/1319/953 2554/3410/2451 944/3572/174
f 1181/1619/1183 1320/1803/1329 2696/3757/2695
f 2667/3728/2677 2431/3393/2441 2535/3528/2536
f 2679/3733/2665 905/1237/907 2678/3734/2681
f 952/1413/1028 2554/3410/2451 951/1319/953
f 2618/3640/2615 2582/2935/2100 2159/3029/2171
f 2535/3528/2536 2554/3410/2451 952/1413/1028
f 2558/3566/2565 1326/1815/1338 1163/1798/1324
f 2660/3703/2659 2697/3758/2696 2661/3704/2660
f 2663/3719/2663 2676/3727/2676 2694/3759/2692
f 2163/3752/2691 2159/3051/2171 2196/3053/2189
f 2696/3757/2695 2671/3723/2672 1181/1619/1183
f 3702/3760/2697 2694/3759/2692 2676/3727/2676
f 2696/3757/2695 1320/1803/1329 2700/3761/2698
f 2474/3451/2480 2473/3453/2482 2524/3510/2524
f 2512/3762/2699 2474/3451/2480 2524/3510/2524
f 2676/3727/2676 2702/3763/2700 3702/3760/2697
f 1386/1885/1397 2700/3761/2698 1320/1803/1329
f 2701/3764/2701 2512/3762/2699 2524/3510/2524
f 2566/3570/2569 2624/3765/2702 2615/3639/2614
f 2566/3570/2569 2661/3704/2660 2624/3765/2702
f 2618/3706/2615 2159/3051/2171 2163/3752/2691
f 905/1237/907 2679/3733/2665 910/1245/911
f 2704/3766/2703 2522/3553/2555 2519/3503/2518
f 2706/3767/2704 2163/3752/2691 2196/3053/2189
f 2196/3053/2189 2699/3768/2705 2706/3767/2704
f 2519/3503/2518 2522/3553/2555 2493/3469/2494
f 2615/3639/2614 2624/3765/2702 2707/3769/2706
f 2706/3767/2704 2690/3749/2689 2163/3752/2691
f 2498/3770/2707 2574/3635/2610 2628/3507/2521
f 2574/3635/2610 2498/3770/2707 2652/3695/2653
f 2631/3663/2630 2628/3507/2521 2573/3623/2602
f 2524/3510/2524 2527/3514/2527 2703/3771/2708
f 2703/3771/2708 2527/3514/2527 2594/3772/2593
f 2709/3773/2709 2677/3726/2675 2589/3604/2590
f 2647/3691/2651 2589/3604/2590 2587/3606/2591
f 2640/3677/2640 2615/3639/2614 2641/3774/2710
f 2710/3013/2156 2700/3761/2698 1386/1885/1397
f 1386/1885/1397 1397/1896/1407 2710/3013/2156
f 2498/3770/2707 2657/3731/2680 2652/3695/2653
f 2641/3774/2710 2712/3775/2711 2640/3677/2640
f 2710/3013/2156 1397/1896/1407 252/2258/1632
f 2677/3726/2675 2709/3773/2709 2714/3776/2712
f 2706/3767/2704 2699/3768/2705 4507/3777/2713
f 2709/3773/2709 2589/3604/2590 2647/3691/2651
f 2674/3778/2669 2695/3779/2714 2683/3780/2679
f 2530/3550/2553 2705/3781/2715 2711/3782/2716
f 2715/3783/2717 2686/3784/2718 2683/3780/2679
f 2716/3785/2719 2709/3773/2709 2647/3691/2651
f 2706/3767/2704 4507/3777/2713 2708/3786/2720
f 2715/3783/2717 2683/3780/2679 2717/3787/2721
f 2490/3508/2522 2628/3507/2521 2631/3663/2630
f 2697/3758/2696 2707/3769/2706 2624/3765/2702
f 2661/3704/2660 2697/3758/2696 2624/3765/2702
f 2489/3509/2523 2498/3770/2707 2628/3507/2521
f 2641/3774/2710 2615/3639/2614 2707/3769/2706
f 2718/3788/2722 1939/3789/2723 2558/3566/2565
f 2558/3566/2565 1939/3789/2723 1326/1815/1338
f 2721/3790/2724 2720/3791/2725 2605/3792/2605
f 2714/3776/2712 2723/3793/2726 2677/3726/2675
f 2677/3726/2675 2723/3793/2726 2676/3727/2676
f 2724/3794/2727 2725/3795/2728 2726/3796/2729
f 905/1237/907 2743/3797/2730 2678/3734/2681
f 2728/3798/2731 2726/3796/2729 2725/3795/2728
f 2705/3781/2715 2530/3550/2553 2522/3553/2555
f 2817/3799/2732 2670/3724/2673 2730/3800/2733
f 2729/3801/2734 2728/3798/2731 2725/3795/2728
f 2740/3802/2735 2743/3797/2730 2365/1240/908
f 2365/1240/908 2743/3797/2730 905/1237/907
f 2731/3803/2736 2732/3804/2737 2733/3805/2738
f 2734/3806/2739 2701/3764/2701 2727/3807/2740
f 2736/3808/2741 2729/3801/2734 2735/3809/2742
f 2724/3794/2727 2735/3809/2742 2725/3795/2728
f 2735/3809/2742 2729/3801/2734 2725/3795/2728
f 2524/3510/2524 2703/3771/2708 2701/3764/2701
f 2724/3794/2727 2737/3810/2743 2735/3809/2742
f 2508/3487/2510 2378/1270/926 2376/3317/2388
f 2605/3627/2605 2722/3811/2744 2606/3628/2606
f 882/1206/879 2378/1270/926 883/1208/881
f 2378/1270/926 2508/3487/2510 883/1208/881
f 2651/3687/2650 2666/3714/2666 2738/3812/2745
f 2722/3813/2744 2605/3792/2605 2720/3791/2725
f 2719/3814/2746 2722/3813/2744 2720/3791/2725
f 2719/3814/2746 2720/3791/2725 2580/3596/2585
f 2580/3596/2585 2585/3603/2589 2719/3814/2746
f 2754/3815/2747 2744/3816/2748 2730/3800/2733
f 2745/3817/2749 3232/3818/2750 2733/3819/2738
f 2731/3820/2736 2733/3819/2738 3232/3818/2750
f 2671/3723/2672 2696/3757/2695 2730/3800/2733
f 3232/3818/2750 2745/3817/2749 3235/3821/2751
f 2743/3797/2730 2741/3822/2752 2666/3735/2666
f 2671/3723/2672 2730/3800/2733 2670/3724/2673
f 2745/3817/2749 2645/3823/2652 2646/3824/2753
f 2749/3825/2754 2641/3774/2710 2707/3769/2706
f 2696/3757/2695 2700/3761/2698 2730/3800/2733
f 2749/3825/2754 3774/3826/2755 2641/3774/2710
f 2689/3827/2597 2681/3747/2688 2672/3746/2671
f 2743/3797/2730 2666/3735/2666 2678/3734/2681
f 2750/3828/2756 2403/3343/2409 2623/3655/2627
f 2403/3343/2409 2750/3828/2756 2404/3344/2410
f 2730/3800/2733 2700/3761/2698 2754/3815/2747
f 2714/3776/2712 2752/3829/2757 2723/3793/2726
f 1922/2697/1924 1326/1815/1338 1939/3789/2723
f 1939/3789/2723 1952/2771/1965 1922/2697/1924
f 2704/3766/2703 2734/3830/2739 2727/3831/2740
f 2727/3831/2740 2705/3781/2715 2522/3553/2555
f 2704/3766/2703 2727/3831/2740 2522/3553/2555
f 2703/3771/2708 2727/3807/2740 2701/3764/2701
f 2745/3817/2749 2733/3819/2738 2645/3823/2652
f 2733/3805/2738 2652/3695/2653 2645/3694/2652
f 2711/3832/2716 2727/3807/2740 2703/3771/2708
f 1660/3833/2758 1654/2311/1663 1674/2312/1664
f 2755/3834/2759 1660/3833/2758 1674/2312/1664
f 2756/3835/2760 1660/3833/2758 2755/3834/2759
f 2574/3635/2610 2652/3695/2653 2592/3641/2616
f 2757/3836/2761 2756/3835/2760 2755/3834/2759
f 1956/3071/2205 2700/3761/2698 2710/3013/2156
f 1342/1832/1352 1336/1828/1348 1654/2311/1663
f 2754/3815/2747 2700/3761/2698 1956/3071/2205
f 1342/1832/1352 1654/2311/1663 1660/3833/2758
f 2592/3641/2616 2652/3695/2653 2732/3804/2737
f 2733/3805/2738 2732/3804/2737 2652/3695/2653
f 2532/3837/2532 2531/3520/2461 2528/3519/2529
f 2353/3288/2362 2532/3837/2532 1269/3289/1281
f 1269/3289/1281 2532/3837/2532 2528/3519/2529
f 2760/3838/2762 2750/3828/2756 2751/3839/2763
f 2485/3840/2764 2741/3822/2752 2740/3802/2735
f 2756/3835/2760 1342/1832/1352 1660/3833/2758
f 2761/3841/2765 2762/3842/2766 2759/3843/2767
f 2762/3842/2766 2761/3841/2765 3386/3844/2768
f 2455/3845/2483 2402/3342/2408 2762/3842/2766
f 2577/3588/2580 2765/3846/2769 2763/3659/2628
f 2577/3588/2580 2763/3659/2628 2578/3589/2581
f 2750/3828/2756 2760/3838/2762 2759/3843/2767
f 2750/3828/2756 2759/3843/2767 2404/3344/2410
f 2762/3842/2766 2404/3344/2410 2759/3843/2767
f 2402/3342/2408 2404/3344/2410 2762/3842/2766
f 2588/3602/2588 2580/3596/2585 2583/3595/2584
f 2772/3847/2770 2482/3462/2489 2485/3840/2764
f 2763/3848/2628 2768/3849/2771 2767/3850/2772
f 2763/3659/2628 2767/3851/2772 2629/3660/2629
f 2591/3852/2773 2588/3602/2588 2583/3595/2584
f 2772/3847/2770 2485/3840/2764 2740/3802/2735
f 2743/3797/2730 2740/3802/2735 2741/3822/2752
f 2776/3853/2774 2300/3237/2329 2301/3236/2328
f 2775/3854/2775 2747/3855/2776 2774/3856/2777
f 1342/1832/1352 2756/3835/2760 1343/1833/1353
f 2756/3835/2760 2316/3231/2324 1343/1833/1353
f 2770/3857/2778 2490/3557/2522 2631/3661/2630
f 2767/3850/2772 2769/3858/2779 2770/3859/2778
f 2629/3660/2629 2770/3857/2778 2631/3661/2630
f 2727/3831/2740 2711/3782/2716 2705/3781/2715
f 2365/1240/908 2305/3238/2330 2740/3802/2735
f 2305/3238/2330 2300/3240/2329 2772/3847/2770
f 2772/3847/2770 2740/3802/2735 2305/3238/2330
f 2594/3610/2593 2595/3609/2592 2688/3745/2687
f 2747/3855/2776 2807/3860/2780 2774/3856/2777
f 2746/3861/2781 2807/3860/2780 2747/3855/2776
f 2773/3862/2782 2588/3602/2588 2591/3852/2773
f 2773/3862/2782 2777/3863/2783 2588/3602/2588
f 2758/3864/2784 2300/3237/2329 2776/3853/2774
f 1402/1938/1434 2779/3865/2785 1404/1937/1433
f 2793/3866/2786 2780/3867/2787 2760/3838/2762
f 2759/3843/2767 2760/3838/2762 2780/3867/2787
f 2770/3857/2778 2629/3660/2629 2767/3851/2772
f 2779/3865/2785 1402/1938/1434 2783/3868/2788
f 2786/3869/2789 2703/3771/2708 2594/3772/2593
f 2300/3240/2329 2758/3870/2784 2772/3847/2770
f 2482/3462/2489 2772/3847/2770 2758/3870/2784
f 2711/3832/2716 2703/3771/2708 2786/3869/2789
f 1782/2507/1796 1457/1976/1468 1149/1563/1142
f 3063/3871/2790 2753/3872/2791 2758/3864/2784
f 2758/3870/2784 2753/3873/2791 2482/3462/2489
f 1782/2507/1796 1835/2574/1846 1457/1976/1468
f 2786/3874/2789 2530/3550/2553 2711/3782/2716
f 2787/3875/2608 2786/3876/2789 2594/3610/2593
f 2552/3672/2639 2665/3684/2647 2670/3877/2673
f 2552/3672/2639 2670/3877/2673 2648/3708/2662
f 2769/3858/2779 2790/3878/2792 2770/3859/2778
f 2903/3879/2793 2556/3880/2558 2790/3878/2792
f 2645/3823/2652 2653/3881/2654 2790/3882/2792
f 2645/3823/2652 2790/3882/2792 2646/3824/2753
f 2777/3863/2783 2585/3603/2589 2588/3602/2588
f 2556/3880/2558 2770/3859/2778 2790/3878/2792
f 2585/3603/2589 2777/3863/2783 2784/3883/2794
f 2781/3884/2795 2785/3885/2796 2791/3886/2797
f 2791/3886/2797 2785/3885/2796 2792/3887/2798
f 2790/3882/2792 2769/3888/2779 2646/3824/2753
f 2746/3861/2781 2748/3889/2799 3115/3890/2800
f 2770/3857/2778 2556/3558/2558 2490/3557/2522
f 1531/2087/1544 1391/2081/1540 2622/3644/2619
f 2760/3838/2762 2751/3839/2763 2793/3866/2786
f 2627/3648/2622 2789/3891/2801 1548/2129/1561
f 2789/3891/2801 2826/3892/2802 1548/2129/1561
f 1548/2129/1561 1531/2087/1544 2627/3648/2622
f 2530/3550/2553 2786/3874/2789 2787/3634/2608
f 2769/3888/2779 2768/3893/2771 2646/3824/2753
f 2796/2135/1563 1548/2129/1561 2826/3892/2802
f 2769/3858/2779 2767/3850/2772 2768/3849/2771
f 2646/3824/2753 2768/3893/2771 2745/3817/2749
f 2746/3861/2781 2747/3855/2776 1234/2230/1609
f 2799/3894/2803 2515/3501/2517 2796/2135/1563
f 2787/3875/2608 2594/3610/2593 2610/3895/2609
f 2688/3745/2687 2610/3895/2609 2594/3610/2593
f 2530/3550/2553 2787/3634/2608 2607/3576/2574
f 2768/3849/2771 2763/3848/2628 2764/3896/2804
f 2748/3889/2799 2746/3861/2781 1234/2230/1609
f 2745/3817/2749 2764/3897/2804 3235/3821/2751
f 2764/3897/2804 2745/3817/2749 2768/3893/2771
f 2763/3848/2628 2765/3898/2769 2764/3896/2804
f 2510/3494/2514 2545/3538/2544 2537/3529/2537
f 2377/3327/2395 2546/3539/2545 2545/3538/2544
f 2545/3538/2544 2510/3494/2514 2376/3317/2388
f 2787/3634/2608 2570/3574/2572 2607/3576/2574
f 2545/3538/2544 2376/3317/2388 2377/3327/2395
f 2546/3539/2545 2377/3327/2395 2562/3899/2805
f 2480/3185/2288 2485/3840/2764 2482/3462/2489
f 2741/3822/2752 2485/3840/2764 2227/3109/2230
f 2805/3900/2806 2806/3901/2807 2801/3902/2808
f 2227/3109/2230 2804/3189/2292 2741/3822/2752
f 2666/3735/2666 2741/3822/2752 3342/3903/2809
f 2741/3822/2752 2804/3189/2292 3342/3903/2809
f 2559/3556/2557 2567/3585/2578 2630/3904/2810
f 2788/3905/2811 2654/3712/2655 4251/3906/2812
f 2664/3675/2617 2654/3712/2655 2788/3905/2811
f 2617/3647/2621 2559/3556/2557 2630/3904/2810
f 2642/3678/2641 2810/3682/2645 2811/3907/2813
f 2739/3908/2814 2689/3618/2597 2039/2856/2035
f 2610/3909/2609 2680/3750/2690 2601/3621/2600
f 2601/3621/2600 2680/3750/2690 2602/3622/2601
f 2567/3585/2578 2811/3907/2813 2630/3904/2810
f 2642/3678/2641 2811/3907/2813 2567/3585/2578
f 2603/2878/478 2620/3646/2620 2609/2879/2053
f 2635/3666/2634 2680/3910/2690 2688/3745/2687
f 2610/3895/2609 2688/3745/2687 2680/3910/2690
f 2627/3648/2622 2617/3647/2621 2630/3904/2810
f 2630/3904/2810 2789/3891/2801 2627/3648/2622
f 2377/3327/2395 2809/3911/2815 2562/3899/2805
f 2611/3651/2624 2614/3912/2816 2812/3913/2817
f 2781/3884/2795 2782/3334/2401 2339/3322/2390
f 2813/3914/2818 2462/3434/2468 2470/3915/2819
f 2359/3321/2368 2785/3885/2796 2781/3884/2795
f 2359/3321/2368 2781/3884/2795 2339/3322/2390
f 2462/3434/2468 2813/3914/2818 2814/3436/2469
f 2614/3912/2816 2802/3916/2820 2812/3913/2817
f 2358/3290/2367 2785/3917/2796 2359/3291/2368
f 2881/3918/2821 2785/3917/2796 2358/3290/2367
f 2620/3919/2620 2619/3920/2618 2637/3921/2636
f 2648/3708/2662 2817/3922/2732 2718/3788/2722
f 2815/3923/2822 1661/2316/1668 1990/2794/1984
f 2751/3839/2763 2750/3828/2756 2623/3655/2627
f 2718/3788/2722 2558/3566/2565 2648/3708/2662
f 2806/3901/2807 2802/3916/2820 2801/3902/2808
f 2664/3675/2617 2788/3905/2811 2638/3676/2637
f 2806/3901/2807 2812/3913/2817 2802/3916/2820
f 1661/2316/1668 2815/3923/2822 1674/2312/1664
f 2812/3924/2817 2806/3925/2807 2751/3839/2763
f 2863/3926/2823 2718/3788/2722 2817/3922/2732
f 2751/3839/2763 2623/3655/2627 2812/3924/2817
f 2863/3927/2823 2817/3799/2732 2744/3816/2748
f 2816/3928/2824 1674/2312/1664 2815/3923/2822
f 2611/3651/2624 2812/3913/2817 2623/3929/2627
f 2816/3928/2824 2755/3834/2759 1674/2312/1664
f 1975/1505/1097 2819/3930/2825 1974/2788/1978
f 2811/3907/2813 2810/3682/2645 2821/3931/2826
f 2817/3922/2732 2648/3708/2662 2670/3877/2673
f 2757/3836/2761 2755/3834/2759 2816/3928/2824
f 2818/3932/2827 2757/3836/2761 2816/3928/2824
f 2819/3930/2825 1975/1505/1097 2822/3933/2828
f 2818/3932/2827 2823/3934/2829 2757/3836/2761
f 2689/3827/2597 2824/3935/2830 2681/3747/2688
f 2819/3930/2825 2822/3933/2828 2401/3341/2407
f 2349/3278/2358 2822/3933/2828 1070/1466/1070
f 2349/3278/2358 2401/3341/2407 2822/3933/2828
f 2822/3933/2828 1975/1505/1097 1070/1466/1070
f 2681/3747/2688 2820/3936/2831 2674/3748/2669
f 2826/3892/2802 2630/3904/2810 2811/3907/2813
f 2460/3432/2466 2814/3436/2469 2433/3384/2434
f 2789/3891/2801 2630/3904/2810 2826/3892/2802
f 2744/3816/2748 2817/3799/2732 2730/3800/2733
f 2827/3937/2832 1993/2799/1987 2828/3938/2833
f 2829/3939/2834 2799/3894/2803 2826/3892/2802
f 2798/3940/2835 1958/2775/1969 1952/2771/1965
f 2827/3937/2832 1994/2800/1988 1993/2799/1987
f 2830/3941/2836 1958/2775/1969 2798/3940/2835
f 2489/3509/2523 2831/3942/2837 2498/3770/2707
f 3692/3943/2838 2564/3564/2563 2149/2994/2143
f 2564/3564/2563 2356/3286/2366 2149/2994/2143
f 2498/3770/2707 2831/3942/2837 2658/3944/2839
f 2564/3564/2563 2351/3280/2360 2356/3286/2366
f 2833/3945/2840 2834/3946/2841 2835/3947/2842
f 2606/3628/2606 2722/3811/2744 2742/3948/2843
f 2836/3949/2844 2833/3945/2840 2835/3947/2842
f 2742/3948/2843 2800/3950/2845 2606/3628/2606
f 2446/3951/2846 2837/3952/2847 2839/3953/2848
f 2446/3951/2846 2839/3953/2848 2838/3199/2302
f 2498/3770/2707 2658/3944/2839 2657/3731/2680
f 2840/3954/2849 2316/3231/2324 2756/3835/2760
f 2841/3955/2850 2840/3954/2849 2842/3956/2851
f 2446/3951/2846 2838/3199/2302 2294/3197/2300
f 2742/3957/2843 2722/3813/2744 2719/3814/2746
f 2835/3947/2842 2851/3958/2852 2836/3949/2844
f 2548/3544/2548 2843/3959/2853 2489/3509/2523
f 2843/3959/2853 2831/3942/2837 2489/3509/2523
f 2837/3952/2847 2844/3960/2854 2839/3953/2848
f 2719/3814/2746 2845/3961/2855 2742/3957/2843
f 2848/3962/2856 2849/3963/2857 2847/3964/2858
f 2849/3963/2857 2848/3962/2856 2814/3436/2469
f 2845/3961/2855 2585/3603/2589 2784/3883/2794
f 2186/3965/2859 801/3180/2283 2277/3179/2282
f 2585/3603/2589 2845/3961/2855 2719/3814/2746
f 2852/3966/2860 2848/3967/2856 2847/3968/2858
f 2432/3969/2433 2848/3967/2856 2852/3966/2860
f 2853/3970/2861 2186/3965/2859 2277/3179/2282
f 2432/3382/2433 2433/3384/2434 2848/3962/2856
f 2851/3971/2852 2850/3972/2862 2775/3973/2775
f 2433/3384/2434 2814/3436/2469 2848/3962/2856
f 2774/3856/2777 2851/3974/2852 2775/3854/2775
f 2851/3974/2852 2808/3975/2863 2836/3976/2844
f 801/3180/2283 2186/3965/2859 788/1063/789
f 2185/3045/2184 788/1063/789 2186/3965/2859
f 2806/3925/2807 2805/3977/2806 2793/3866/2786
f 2806/3925/2807 2793/3866/2786 2751/3839/2763
f 1075/1470/1074 1083/1483/1083 1111/1529/1113
f 2202/3062/2197 2186/3965/2859 2934/3175/2278
f 2202/3062/2197 2185/3045/2184 2186/3965/2859
f 2851/3974/2852 2774/3856/2777 2808/3975/2863
f 2838/3199/2302 2295/3204/2304 2290/3195/2298
f 2807/3860/2780 2808/3975/2863 2774/3856/2777
f 2298/3205/2305 2295/3204/2304 2892/3978/2864
f 1973/3353/2417 1962/3457/1971 2830/3979/2836
f 2718/3788/2722 2863/3926/2823 2798/3940/2835
f 2858/3980/2865 2854/3981/2866 2857/3982/2867
f 1939/3789/2723 2798/3940/2835 1952/2771/1965
f 2862/3983/2868 2910/3984/2869 2911/3985/2870
f 1939/3789/2723 2718/3788/2722 2798/3940/2835
f 2830/3941/2836 2798/3940/2835 2863/3926/2823
f 2863/3927/2823 2744/3816/2748 2830/3979/2836
f 2004/2809/1997 1994/2800/1988 2425/3375/2429
f 2695/3779/2714 2717/3787/2721 2683/3780/2679
f 2864/3244/2333 2865/3986/2871 2776/3853/2774
f 2865/3986/2871 2866/3987/2872 2898/3988/2873
f 2841/3955/2850 2316/3231/2324 2840/3954/2849
f 2841/3955/2850 2495/3474/2498 2316/3231/2324
f 2867/3989/2874 2825/3990/2875 2873/3991/2876
f 2858/3980/2865 2869/3992/2877 2854/3981/2866
f 2873/3993/2876 2828/3938/2833 2867/3994/2874
f 1956/3071/2205 1973/3353/2417 2754/3815/2747
f 2754/3815/2747 1973/3353/2417 2744/3816/2748
f 1090/1492/1089 1068/1491/1069 2440/3397/2443
f 2440/3995/2443 2433/3384/2434 1090/3383/1089
f 2841/3955/2850 2842/3956/2851 2870/3996/2878
f 2433/3384/2434 2429/3439/2472 2460/3432/2466
f 2433/3384/2434 2440/3995/2443 2429/3439/2472
f 2744/3816/2748 1973/3353/2417 2830/3979/2836
f 2872/3997/2879 2756/3835/2760 2757/3836/2761
f 2842/3956/2851 2840/3954/2849 2872/3997/2879
f 2440/3397/2443 2424/3396/2438 2429/3525/2472
f 2873/3991/2876 2401/3341/2407 2871/3998/2880
f 2840/3954/2849 2756/3835/2760 2872/3997/2879
f 2876/3999/2881 1091/1418/1033 1112/1541/1114
f 2674/3778/2669 2820/4000/2831 2695/3779/2714
f 2819/3930/2825 2401/3341/2407 2825/3990/2875
f 3185/4001/2882 2807/3860/2780 2746/3861/2781
f 2506/3485/2508 2877/4002/2883 2511/3493/2513
f 2401/3341/2407 2873/3991/2876 2825/3990/2875
f 2511/3493/2513 2878/4003/2884 2875/4004/2885
f 2876/4005/2881 2861/4006/2886 1091/4007/1033
f 1962/2777/1971 1958/2775/1969 2830/3941/2836
f 2880/4008/2887 2511/3493/2513 2875/4004/2885
f 2871/3998/2880 2401/3341/2407 2411/3351/2416
f 2880/4008/2887 2875/4004/2885 2874/4009/2888
f 2882/4010/2889 2880/4008/2887 2874/4009/2888
f 2873/3993/2876 2871/4011/2880 2827/3937/2832
f 2864/3244/2333 2866/3987/2872 2865/3986/2871
f 2895/4012/2890 2884/4013/2891 2896/4014/2892
f 2776/3853/2774 2301/3236/2328 2864/3244/2333
f 2828/3938/2833 2873/3993/2876 2827/3937/2832
f 2295/3204/2304 2839/3953/2848 2885/4015/2893
f 2295/3204/2304 2838/3199/2302 2839/3953/2848
f 2871/4011/2880 2411/3374/2416 2425/3375/2429
f 2887/4016/2894 3503/2920/2086 2031/2847/2030
f 2549/4017/2559 2886/4018/2895 2884/4013/2891
f 2882/4010/2889 2888/4019/2896 2880/4008/2887
f 1994/2800/1988 2827/3937/2832 2871/4011/2880
f 2031/2847/2030 2054/2876/2052 3518/4020/2897
f 2888/4019/2896 2792/4021/2798 2881/3918/2821
f 1994/2800/1988 2871/4011/2880 2425/3375/2429
f 2785/3917/2796 2881/3918/2821 2792/4021/2798
f 2887/4016/2894 2031/2847/2030 3518/4020/2897
f 2888/4019/2896 2881/3918/2821 2880/4008/2887
f 2056/4022/2054 3518/4020/2897 2054/2876/2052
f 2511/3493/2513 2880/4008/2887 2358/3290/2367
f 2358/3290/2367 2880/4008/2887 2881/3918/2821
f 2771/4023/2898 2891/4024/2899 2890/4025/2900
f 2862/3983/2868 2859/4026/2901 2910/3984/2869
f 2391/3330/2397 2505/3484/2507 2358/3290/2367
f 2771/4023/2898 2889/4027/2902 2891/4024/2899
f 2505/3484/2507 2511/3493/2513 2358/3290/2367
f 2633/3664/2632 2893/4028/2903 2634/3665/2633
f 2850/4029/2862 2835/3947/2842 2846/4030/2904
f 2633/3664/2632 1613/2254/1628 2893/4028/2903
f 2911/3985/2870 2894/4031/2905 2862/3983/2868
f 2892/3978/2864 2295/3204/2304 2885/4015/2893
f 2851/3971/2852 2835/4032/2842 2850/3972/2862
f 2879/4033/2906 1091/4007/1033 2861/4006/2886
f 2859/4026/2901 2879/4033/2906 2861/4006/2886
f 2862/3983/2868 2879/4033/2906 2859/4026/2901
f 2897/4034/2907 2879/4033/2906 2862/3983/2868
f 2575/3584/2577 865/4035/864 2410/3350/2415
f 2410/3350/2415 865/4035/864 687/3673/687
f 2879/4033/2906 1004/4036/1001 1091/4007/1033
f 2900/4037/2908 1004/4036/1001 2879/4033/2906
f 2823/3934/2829 2872/3997/2879 2757/3836/2761
f 2549/4038/2559 2884/4039/2891 2843/3959/2853
f 2843/3959/2853 2884/4039/2891 2831/3942/2837
f 2901/4040/2909 2818/3932/2827 2902/4041/2910
f 1243/1708/1258 2669/3718/2668 1242/1706/1257
f 2658/3944/2839 2831/3942/2837 2896/4042/2892
f 2866/3987/2872 2883/4043/2911 2898/3988/2873
f 2658/3944/2839 2896/4042/2892 2886/4044/2895
f 2656/3702/2658 2682/4045/2683 2612/3637/2612
f 2653/3696/2654 2658/3944/2839 2886/4044/2895
f 2658/3944/2839 2653/3696/2654 2657/3731/2680
f 2903/4046/2793 2653/3881/2654 2886/4047/2895
f 2886/4018/2895 2549/4017/2559 2903/3879/2793
f 2823/3934/2829 2818/3932/2827 2901/4040/2909
f 2905/4048/2912 2907/4049/2913 2906/4050/2914
f 2549/4038/2559 2843/3959/2853 2548/3544/2548
f 2277/3179/2282 2298/3205/2305 2892/3978/2864
f 2908/4051/2915 2853/3970/2861 2892/3978/2864
f 2277/3179/2282 2892/3978/2864 2853/3970/2861
f 1243/1708/1258 2909/4052/2916 2626/3653/2625
f 2575/3584/2577 2626/3653/2625 2909/4052/2916
f 2575/3584/2577 2909/4052/2916 865/4035/864
f 2913/4053/2917 2319/3234/2326 2914/4054/2918
f 2912/3078/2210 2319/3234/2326 2913/4053/2917
f 2893/4028/2903 1613/2254/1628 1611/2255/1629
f 2061/3250/2338 2893/4028/2903 1611/2255/1629
f 2438/3391/2439 1060/1493/1060 1090/1492/1089
f 2915/4055/2919 2766/4056/2920 2890/4057/2900
f 2766/4056/2920 2771/4058/2898 2890/4057/2900
f 2061/3250/2338 1611/2255/1629 2034/2853/2033
f 2913/4053/2917 2883/4043/2911 2866/3987/2872
f 2204/3065/2200 2319/3234/2326 2912/3078/2210
f 2831/3942/2837 2884/4039/2891 2895/4059/2890
f 2911/3985/2870 2910/3984/2869 2905/4048/2912
f 2916/4060/2921 1750/2486/1776 1736/2438/1740
f 2913/4053/2917 2917/3155/2263 2912/3078/2210
f 1750/2486/1776 2916/4060/2921 2918/4061/2922
f 2919/4062/2923 2920/4063/2924 3480/4064/2925
f 2869/3992/2877 2858/3980/2865 2868/4065/2926
f 2919/4066/2923 2868/4065/2926 2858/3980/2865
f 2975/4067/2927 3480/4064/2925 2920/4063/2924
f 1259/1718/1265 2682/4045/2683 1262/1729/1271
f 2061/3250/2338 2921/4068/2928 2893/4028/2903
f 2895/4059/2890 2896/4042/2892 2831/3942/2837
f 2823/3934/2829 2923/4069/2929 2842/3956/2851
f 2909/4052/2916 1243/1708/1258 1268/1741/1276
f 2842/3956/2851 2872/3997/2879 2823/3934/2829
f 2924/4070/2930 2823/3934/2829 2901/4040/2909
f 2913/4053/2917 2866/3987/2872 2917/3155/2263
f 2864/3244/2333 2917/3155/2263 2866/3987/2872
f 893/1223/894 2917/3155/2263 2864/3244/2333
f 2924/4070/2930 2923/4069/2929 2823/3934/2829
f 2882/4010/2889 2874/4009/2888 2928/4071/2931
f 2926/4072/2932 2063/2885/2058 2067/2895/2066
f 2896/4014/2892 2884/4013/2891 2886/4018/2895
f 2882/4010/2889 2928/4071/2931 2929/4073/2933
f 1778/2495/1785 1774/2492/1782 1773/2491/1781
f 1933/2721/1935 1907/2677/1914 1935/4074/2934
f 2939/4075/2935 2931/4076/2936 2906/4050/2914
f 2613/3638/2613 2932/4077/2937 1907/2677/1914
f 2613/3638/2613 2933/4078/2938 2932/4077/2937
f 1836/2577/1849 1773/2491/1781 1775/2493/1783
f 2640/3677/2640 2933/4078/2938 2613/3638/2613
f 1773/2491/1781 2930/4079/2939 2258/3154/2262
f 2258/3154/2262 1778/2495/1785 1773/2491/1781
f 2186/3965/2859 2853/3970/2861 2934/3175/2278
f 2906/4050/2914 2911/3985/2870 2905/4048/2912
f 2931/4076/2936 2911/3985/2870 2906/4050/2914
f 2640/3677/2640 2712/3775/2711 2933/4078/2938
f 1935/4074/2934 1907/2677/1914 2932/4077/2937
f 2937/4080/2940 2916/4060/2921 2938/4081/2941
f 2276/3177/2280 2934/3175/2278 3010/4082/2942
f 2689/3827/2597 2739/4083/2814 2824/3935/2830
f 2621/3662/2631 2940/4084/2943 2939/4075/2935
f 3015/4085/2325 2276/3177/2280 3010/4082/2942
f 2940/4084/2943 2931/4076/2936 2939/4075/2935
f 3971/4086/2944 2940/4084/2943 2655/3701/2657
f 2820/4000/2831 2996/4087/2945 2695/3779/2714
f 2943/4088/2946 2885/4015/2893 2839/3953/2848
f 2943/4088/2946 2892/3978/2864 2885/4015/2893
f 2909/4052/2916 1119/4089/1117 1085/4090/1085
f 865/4035/864 2909/4052/2916 1085/4090/1085
f 2946/4091/2947 2936/4092/2948 2945/4093/2949
f 2908/4051/2915 2892/3978/2864 2943/4088/2946
f 2946/4091/2947 2945/4093/2949 2857/3982/2867
f 2944/4094/2950 2659/3716/2667 2947/4095/2951
f 2067/2895/2066 2636/3667/2635 2926/4072/2932
f 2898/3988/2873 2948/4096/2952 2899/4097/2953
f 2883/4043/2911 2948/4096/2952 2898/3988/2873
f 2945/4093/2949 2936/4092/2948 2951/4098/2954
f 2951/4098/2954 2936/4092/2948 2949/4099/2955
f 2682/4100/2683 2659/4101/2667 2944/4102/2950
f 2074/2904/2072 2036/2854/2034 1520/2057/1529
f 2636/3667/2635 2067/2895/2066 2074/2904/2072
f 2914/4054/2918 2953/4103/2956 2948/4096/2952
f 2948/4096/2952 2953/4103/2956 2952/4104/2957
f 2954/4105/2958 2930/4079/2939 2955/4106/2959
f 2635/3666/2634 2634/3665/2633 2956/4107/2960
f 2935/4108/2961 2233/3491/2237 2258/3154/2262
f 2943/4088/2946 2839/3953/2848 2844/3960/2854
f 2690/3749/2689 2947/4095/2951 2659/3716/2667
f 2844/3960/2854 2958/4109/2962 2943/4088/2946
f 2682/4045/2683 1259/1718/1265 2612/3637/2612
f 1259/1718/1265 1232/1717/1264 2612/3637/2612
f 2958/4109/2962 2959/4110/2963 2943/4088/2946
f 2959/4110/2963 2908/4051/2915 2943/4088/2946
f 2635/3751/2634 2956/4111/2960 2636/3667/2635
f 1308/1795/1321 2947/4095/2951 2708/3786/2720
f 2609/2879/2053 2620/3646/2620 2071/2898/2069
f 2634/3665/2633 2893/4028/2903 2921/4068/2928
f 2921/4068/2928 2956/4107/2960 2634/3665/2633
f 2961/4112/2964 2942/4113/2965 1027/1411/1026
f 2708/3786/2720 2947/4095/2951 2690/3749/2689
f 2706/3767/2704 2708/3786/2720 2690/3749/2689
f 2960/4114/2966 2620/3919/2620 2637/3921/2636
f 2958/4109/2962 2963/4115/2967 2959/4110/2963
f 2899/4097/2953 2952/4104/2957 2965/4116/2968
f 2948/4096/2952 2952/4104/2957 2899/4097/2953
f 2966/4117/2969 2899/4097/2953 2965/4116/2968
f 2728/3798/2731 2729/3801/2734 2936/4092/2948
f 2729/3801/2734 2949/4099/2955 2936/4092/2948
f 2964/4118/2970 2967/4119/2971 2968/4120/2972
f 2729/3801/2734 2736/3808/2741 2949/4099/2955
f 2969/4121/2973 2968/4120/2972 2967/4119/2971
f 2970/4122/2974 2944/4094/2950 2947/4095/2951
f 2951/4098/2954 2858/3980/2865 2945/4093/2949
f 2858/3980/2865 2857/3982/2867 2945/4093/2949
f 2736/3808/2741 2950/4123/2975 2949/4099/2955
f 2968/4124/2972 1082/1482/1082 2962/4125/2976
f 2951/4098/2954 2949/4099/2955 2950/4123/2975
f 2962/4125/2976 1082/1482/1082 2942/4113/2965
f 2962/4126/2976 2964/4118/2970 2968/4120/2972
f 2549/4017/2559 2556/3880/2558 2903/3879/2793
f 2653/3881/2654 2903/4046/2793 2790/3882/2792
f 2971/4127/2977 2975/4067/2927 2950/4128/2975
f 2803/4129/2978 2794/4130/2979 2748/3889/2799
f 2950/4123/2975 2920/4131/2924 2951/4098/2954
f 2735/4132/2742 2977/4133/2980 2736/4134/2741
f 2980/4135/2981 2974/4136/2982 2981/4137/2983
f 2974/4136/2982 2980/4135/2981 2967/4119/2971
f 2983/4138/2984 2233/3491/2237 2935/4108/2961
f 2791/3886/2797 2782/3334/2401 2781/3884/2795
f 2233/3491/2237 2234/3152/2236 2258/3154/2262
f 2061/3250/2338 2922/4139/2985 2921/4068/2928
f 2935/4108/2961 2258/3154/2262 2930/4079/2939
f 2954/4105/2958 2935/4108/2961 2930/4079/2939
f 2983/4138/2984 2935/4108/2961 2954/4105/2958
f 2976/4140/2986 2334/3260/2347 2973/4141/2987
f 2950/4128/2975 2736/4134/2741 2971/4127/2977
f 2921/4068/2928 2922/4139/2985 2925/4142/2988
f 2334/3260/2347 2976/4140/2986 2984/4143/2989
f 2973/4141/2987 2782/3334/2401 3184/4144/2990
f 2951/4098/2954 2919/4066/2923 2858/3980/2865
f 1804/2558/1833 2987/4145/2991 2986/4146/2992
f 2920/4063/2924 2950/4128/2975 2975/4067/2927
f 1806/2532/1812 2987/4145/2991 1598/2235/1614
f 2919/4066/2923 2951/4098/2954 2920/4131/2924
f 1806/2532/1812 2988/4147/2993 2987/4145/2991
f 998/1373/995 2413/3355/2418 2443/3402/2446
f 2974/4136/2982 2978/4148/2994 2981/4137/2983
f 2824/3935/2830 2739/4083/2814 2989/4149/2995
f 1804/2558/1833 1598/2235/1614 2987/4145/2991
f 2345/3693/2646 2984/4150/2989 2716/3785/2719
f 2984/4143/2989 2345/3683/2646 2334/3260/2347
f 2981/4137/2983 2978/4148/2994 2904/4151/2996
f 2782/3334/2401 2973/4141/2987 2329/3259/2346
f 2964/4118/2970 2974/4136/2982 2967/4119/2971
f 2990/4152/2997 2991/4153/2998 2992/4154/2999
f 1836/2577/1849 2990/4152/2997 2992/4154/2999
f 2973/4141/2987 2334/3260/2347 2329/3259/2346
f 1834/2571/1845 2990/4152/2997 1836/2577/1849
f 2980/4135/2981 2969/4121/2973 2967/4119/2971
f 2779/3865/2785 2991/4153/2998 1404/1937/1433
f 2904/4151/2996 2998/4155/3000 2981/4137/2983
f 2933/4078/2938 2997/4156/3001 2932/4077/2937
f 2993/4157/3002 1935/4074/2934 2995/4158/3003
f 1935/4074/2934 2932/4077/2937 2995/4158/3003
f 1404/1937/1433 2991/4153/2998 2990/4152/2997
f 2418/3367/2427 2414/3359/2421 1271/1745/1278
f 1404/1937/1433 2990/4152/2997 1834/2571/1845
f 2748/3889/2799 2794/4130/2979 3115/3890/2800
f 2417/3366/2426 2418/3367/2427 2999/4159/3004
f 2932/4077/2937 2997/4156/3001 2995/4158/3003
f 2999/4159/3004 2418/3367/2427 2533/3522/2533
f 3001/4160/3005 2999/4159/3004 2533/3522/2533
f 2927/4161/3006 1262/1729/1271 2682/4045/2683
f 2996/4087/2945 2717/3787/2721 2695/3779/2714
f 2921/4162/2928 2925/4163/2988 2926/4072/2932
f 1118/1743/1116 1119/4089/1117 1268/1741/1276
f 1991/2797/1986 2815/3923/2822 1990/2794/1984
f 2816/3928/2824 2815/3923/2822 3003/4164/3007
f 2636/3667/2635 2956/4111/2960 2926/4072/2932
f 2926/4072/2932 2956/4111/2960 2921/4162/2928
f 3025/2929/2095 2077/2928/2094 2078/2908/2076
f 2818/3932/2827 2816/3928/2824 3003/4164/3007
f 2132/2990/2139 2075/2960/2122 2819/3930/2825
f 3006/4165/3008 2190/2930/2096 3025/2929/2095
f 1268/1741/1276 1119/4089/1117 2909/4052/2916
f 2963/4166/2967 2953/4103/2956 3009/4167/3009
f 2953/4103/2956 2963/4166/2967 2952/4104/2957
f 2963/4166/2967 3619/4168/3010 2952/4104/2957
f 3000/4169/3011 2986/4146/2992 2987/4145/2991
f 2987/4145/2991 3007/4170/3012 3000/4169/3011
f 3009/4171/3009 2959/4110/2963 2963/4115/2967
f 3009/4171/3009 3010/4082/2942 2959/4110/2963
f 1088/1489/1087 2449/3407/2450 2450/4172/2453
f 3005/4173/3013 2867/3989/2874 3004/4174/3014
f 999/1374/996 3012/4175/3015 2445/3403/2447
f 2413/3355/2418 3013/4176/3016 3012/4175/3015
f 999/1374/996 2443/3402/2446 3012/4175/3015
f 3012/4175/3015 2443/3402/2446 2413/3355/2418
f 2445/3413/2447 3012/4177/3015 3001/4178/3005
f 3011/4179/3017 2992/4154/2999 2991/4153/2998
f 1088/1489/1087 3001/4160/3005 2533/3522/2533
f 3012/4177/3015 2999/4180/3004 3001/4178/3005
f 1088/1489/1087 2450/4172/2453 3001/4160/3005
f 2819/3930/2825 2075/2960/2122 1974/2788/1978
f 3001/4178/3005 2450/3414/2453 2445/3413/2447
f 2999/4180/3004 3012/4177/3015 3013/4181/3016
f 3005/4173/3013 2819/3930/2825 2825/3990/2875
f 2413/3355/2418 998/1373/995 1276/1770/1284
f 2347/3276/2356 1276/1751/1284 998/4182/995
f 2766/4056/2920 2915/4055/2919 2991/4153/2998
f 2867/3989/2874 3005/4173/3013 2825/3990/2875
f 2766/4056/2920 2991/4153/2998 2779/3865/2785
f 2927/4183/3006 2682/4100/2683 2944/4102/2950
f 1083/1483/1083 2972/4184/3018 1111/1529/1113
f 2791/3886/2797 3258/4185/3019 2782/3334/2401
f 2934/3175/2278 2853/3970/2861 2908/4051/2915
f 2959/4110/2963 3010/4082/2942 2908/4051/2915
f 3010/4082/2942 2934/3175/2278 2908/4051/2915
f 3014/4186/3020 1112/1530/1114 1111/1529/1113
f 3015/4085/2325 3010/4082/2942 3009/4171/3009
f 2782/3334/2401 3258/4185/3019 3184/4144/2990
f 2988/4147/2993 1806/2532/1812 1857/4187/3021
f 2918/4061/2922 1857/4187/3021 1769/2488/1778
f 2918/4061/2922 2988/4147/2993 1857/4187/3021
f 2861/4006/2886 3017/4188/3022 2860/4189/3023
f 1769/2488/1778 1750/2486/1776 2918/4061/2922
f 2927/4183/3006 3020/4190/3024 3016/4191/3025
f 3018/4192/3026 1287/1769/1298 1292/1777/1304
f 1292/1777/1304 1362/1857/1375 3018/4192/3026
f 3018/4192/3026 2413/3355/2418 1287/1769/1298
f 2413/3355/2418 3018/4192/3026 3013/4176/3016
f 2417/3370/2426 2999/4180/3004 3018/4193/3026
f 3018/4193/3026 1362/3371/1375 2417/3370/2426
f 3013/4181/3016 3018/4193/3026 2999/4180/3004
f 2347/3276/2356 1016/1396/1014 1279/1754/1287
f 2672/3722/2671 3019/4194/3027 2599/2864/2036
f 1016/1396/1014 1281/1759/1292 1279/1754/1287
f 1769/2488/1778 1857/4187/3021 1806/2532/1812
f 1836/2577/1849 2992/4154/2999 2955/4106/2959
f 2927/4161/3006 1263/4195/1358 1262/1729/1271
f 1836/2577/1849 2955/4106/2959 2930/4079/2939
f 1836/2577/1849 2930/4079/2939 1773/2491/1781
f 3007/4170/3012 2987/4145/2991 2988/4147/2993
f 2859/4026/2901 2861/4006/2886 2860/4189/3023
f 3004/4196/3014 2867/3994/2874 2828/3938/2833
f 1993/2799/1987 2091/2925/2091 2828/3938/2833
f 3671/4197/3028 2599/2864/2036 3023/4198/3029
f 1935/4074/2934 2993/4157/3002 1933/2721/1935
f 2024/2843/2028 1933/2721/1935 2993/4157/3002
f 2947/4095/2951 1308/1795/1321 2970/4122/2974
f 2024/2843/2028 3024/4199/3030 2056/2880/2054
f 3671/4200/3028 3021/4201/3031 3025/2929/2095
f 2091/2925/2091 3004/4196/3014 2828/3938/2833
f 3021/4201/3031 3671/4200/3028 3023/4202/3029
f 2024/2843/2028 2993/4157/3002 3024/4199/3030
f 3293/3442/2474 2466/3441/2473 3027/4203/3032
f 1308/1795/1321 1615/2256/1630 3032/4204/3033
f 3029/4205/3034 3023/4206/3029 3019/4207/3027
f 3020/4208/3024 2944/4094/2950 2970/4122/2974
f 3028/4209/3035 3024/4199/3030 2993/4157/3002
f 3030/4210/3036 2918/4061/2922 2916/4060/2921
f 3023/4198/3029 2599/2864/2036 3019/4194/3027
f 3015/3233/2325 3009/4167/3009 2914/4054/2918
f 3030/4210/3036 2916/4060/2921 2937/4080/2940
f 2993/4157/3002 2995/4158/3003 3028/4209/3035
f 2861/4006/2886 3035/4211/3037 3017/4188/3022
f 3002/4212/3038 3028/4209/3035 2995/4158/3003
f 3036/4213/3039 3030/4210/3036 2937/4080/2940
f 2712/3775/2711 2713/4214/3040 2933/4078/2938
f 3022/4215/3041 3006/4216/3008 3021/4217/3031
f 3037/4218/3042 1642/2288/1651 1641/1895/1406
f 2712/3775/2711 2641/3774/2710 3774/3826/2755
f 3067/4219/3043 2985/4220/3044 2954/4105/2958
f 3038/4221/3045 3039/4222/3046 3026/4223/3047
f 3038/4221/3045 3040/4224/3048 3039/4222/3046
f 2983/4138/2984 2954/4105/2958 2985/4220/3044
f 2356/3286/2366 2150/2995/2144 2149/2994/2143
f 3014/4225/3020 3035/4211/3037 2876/4005/2881
f 2356/3286/2366 3042/4226/3049 2150/2995/2144
f 2876/4005/2881 3035/4211/3037 2861/4006/2886
f 2150/2995/2144 3043/4227/3050 2156/3006/2151
f 3021/4217/3031 3029/4205/3034 3022/4215/3041
f 2876/3999/2881 1112/1541/1114 3014/4228/3020
f 3041/4229/3051 3044/4230/3052 3045/4231/3053
f 1323/4232/1334 3042/4226/3049 2356/3286/2366
f 2150/2995/2144 3042/4226/3049 3043/4227/3050
f 2714/3776/2712 3045/4231/3053 3044/4230/3052
f 2752/3829/2757 2714/3776/2712 3044/4230/3052
f 2156/3006/2151 2168/3023/2165 2155/3005/2150
f 3048/4233/3054 2156/3006/2151 3043/4227/3050
f 3048/4233/3054 2168/3023/2165 2156/3006/2151
f 3468/4234/3055 3047/4235/3056 3029/4205/3034
f 2155/3005/2150 2168/3023/2165 2166/3021/2163
f 3027/4203/3032 3038/4221/3045 3026/4223/3047
f 2170/3025/2167 2168/3023/2165 3048/4233/3054
f 3027/4203/3032 2466/3441/2473 3050/1141/833
f 3021/4217/3031 3023/4206/3029 3029/4205/3034
f 3067/4219/3043 2954/4105/2958 3059/4236/3057
f 3059/4236/3057 2954/4105/2958 3065/4237/3058
f 2914/4054/2918 2319/3234/2326 3015/3233/2325
f 2467/3444/2476 3033/4238/3059 2466/3441/2473
f 3009/4167/3009 2953/4103/2956 2914/4054/2918
f 3065/4237/3058 2954/4105/2958 2955/4106/2959
f 2504/3483/2506 2236/3490/2512 2983/4138/2984
f 3043/4227/3050 3042/4226/3049 3051/4239/1335
f 2985/4220/3044 2504/3483/2506 2983/4138/2984
f 2356/3286/2366 2361/3297/2371 1323/4232/1334
f 2883/4043/2911 2914/4054/2918 2948/4096/2952
f 2913/4053/2917 2914/4054/2918 2883/4043/2911
f 3053/1144/836 3040/4224/3048 3038/4221/3045
f 1323/4232/1334 3051/4239/1335 3042/4226/3049
f 2442/3406/2449 2446/3951/2846 2294/3197/2300
f 1321/1809/1330 1316/1813/1325 3051/1810/1335
f 2446/3951/2846 2442/3406/2449 2453/3421/2459
f 837/1140/832 3038/4221/3045 3027/4203/3032
f 3053/1144/836 3038/4221/3045 837/1140/832
f 2716/3785/2719 2984/4150/2989 3049/4240/3060
f 3055/4241/3061 3056/4242/3062 3054/4243/3063
f 3041/4229/3051 3045/4231/3053 3049/4240/3060
f 2983/4138/2984 2236/3490/2512 2233/3491/2237
f 3036/4213/3039 3031/4244/3064 3030/4210/3036
f 3027/4203/3032 3050/1141/833 837/1140/832
f 3051/1810/1335 1316/1813/1325 3060/1812/1336
f 3048/4233/3054 3043/4227/3050 3060/4245/1336
f 3051/4239/1335 3060/4245/1336 3043/4227/3050
f 3060/4245/1336 2170/3025/2167 3048/4233/3054
f 3058/4246/3065 3040/4247/3048 3061/4248/3066
f 3060/1812/1336 1319/1811/1328 3062/4249/3067
f 2170/3025/2167 3060/4245/1336 3052/4250/3068
f 3303/4251/3069 3055/4241/3061 3054/4243/3063
f 3065/4252/3058 3031/4244/3064 3059/4253/3057
f 3061/4254/3066 3040/4224/3048 3053/1144/836
f 3366/4255/3070 3062/4249/3067 1319/1811/1328
f 3063/3871/2790 3064/4256/3071 3068/4257/3072
f 2170/3025/2167 3069/4258/3073 2169/3024/2166
f 2170/3025/2167 3052/4250/3068 3069/4258/3073
f 2190/3052/2096 3006/4259/3008 3070/3057/2193
f 3063/4260/2790 3068/4261/3072 3071/4262/3074
f 2837/3952/2847 2446/3951/2846 2453/3421/2459
f 3035/4263/3037 3014/4186/3020 3066/4264/3075
f 3070/4265/2193 3006/4165/3008 3022/4266/3041
f 3060/4245/1336 3062/4267/3067 3052/4250/3068
f 2452/3420/2458 3072/4268/3076 2453/3421/2459
f 1111/1529/1113 3066/4264/3075 3014/4186/3020
f 1355/4269/1368 1361/4270/1374 1356/4271/1369
f 1355/4269/1368 1359/3369/1373 1361/4270/1374
f 1361/4270/1374 1359/3369/1373 1362/3371/1375
f 3017/4272/3022 3035/4263/3037 3066/4264/3075
f 2714/3776/2712 2709/3773/2709 3045/4231/3053
f 2716/3785/2719 3045/4231/3053 2709/3773/2709
f 1366/1862/1379 3077/4273/3077 1327/1819/1340
f 2716/3785/2719 3049/4240/3060 3045/4231/3053
f 3070/3057/2193 3022/4274/3041 3078/4275/3078
f 3022/4215/3041 3127/4276/3079 3078/4277/3078
f 3080/4278/3080 3068/4257/3072 3064/4256/3071
f 3082/4279/3081 3088/4280/3082 3083/4281/3083
f 3089/4282/3084 3068/4257/3072 3080/4278/3080
f 3081/4283/3085 3084/4284/3086 3146/4285/3087
f 3084/4284/3086 3037/4218/3042 1463/1983/1474
f 1297/3455/1308 3091/4286/3088 2477/3419/2457
f 3059/4253/3057 3031/4244/3064 3067/4287/3043
f 3067/4287/3043 3031/4244/3064 3036/4213/3039
f 2175/3032/2173 1297/1781/1308 1299/3015/2158
f 3084/4284/3086 3087/4288/3089 3037/4218/3042
f 3081/4283/3085 3146/4285/3087 3093/4289/3090
f 2175/4290/2173 3091/4286/3088 1297/3455/1308
f 3077/4273/3077 1361/1856/1374 1327/1819/1340
f 3083/4281/3083 3088/4280/3082 3092/4291/3091
f 3036/4213/3039 2507/4292/2509 2502/4293/2504
f 2452/3420/2458 2477/3419/2457 3091/4286/3088
f 3067/4287/3043 3036/4213/3039 2502/4293/2504
f 3094/4294/3092 2982/4295/3093 3093/4296/3090
f 3091/4286/3088 3072/4268/3076 2452/3420/2458
f 2504/3483/2506 3067/4219/3043 2502/3481/2504
f 3606/4297/3094 3092/4291/3091 3095/4298/3095
f 3096/4299/3096 3606/4297/3094 3095/4298/3095
f 2504/3483/2506 2985/4220/3044 3067/4219/3043
f 1356/4271/1369 1361/4270/1374 3077/4300/3077
f 3017/4272/3022 3066/4264/3075 3076/4301/3097
f 3099/4302/3098 3077/4300/3077 3100/4303/3099
f 3471/4304/3100 3086/4305/3101 3468/4234/3055
f 1318/1801/1327 1330/1825/1345 3101/4306/3102
f 3101/4306/3102 1356/1851/1369 3099/4307/3098
f 1356/4271/1369 3077/4300/3077 3099/4302/3098
f 1330/1825/1345 1356/1851/1369 3101/4306/3102
f 3086/4305/3101 3047/4235/3056 3468/4234/3055
f 1366/1862/1379 3100/4308/3099 3077/4273/3077
f 2345/3693/2646 2716/3785/2719 2647/3691/2651
f 1372/1871/1385 1379/1878/1392 1375/1874/1388
f 2713/4214/3040 2997/4156/3001 2933/4078/2938
f 2713/4214/3040 3105/4309/3103 2997/4156/3001
f 3092/4291/3091 3106/4310/3104 3095/4298/3095
f 3104/4311/3105 3095/4298/3095 3106/4310/3104
f 3092/4291/3091 3088/4280/3082 3106/4310/3104
f 3108/4312/3106 3093/4289/3090 3146/4285/3087
f 3017/4188/3022 3075/4313/3107 2860/4189/3023
f 3105/4309/3103 3002/4212/3038 2997/4156/3001
f 3109/4314/3108 3103/4315/3109 3102/4316/3110
f 2995/4158/3003 2997/4156/3001 3002/4212/3038
f 3008/4317/3111 2890/4025/2900 2891/4024/2899
f 3054/4318/3063 3109/4314/3108 3102/4316/3110
f 2187/3043/2182 3110/4319/3112 3111/4320/3113
f 3112/4321/3114 3113/4322/3115 3116/4323/3116
f 2905/4048/2912 3112/4321/3114 3116/4323/3116
f 3008/4317/3111 2891/4024/2899 3000/4169/3011
f 3007/4170/3012 3117/4324/3117 3008/4317/3111
f 3105/4309/3103 2713/4214/3040 3118/4325/3118
f 3008/4317/3111 3000/4169/3011 3007/4170/3012
f 3110/4319/3112 3098/4326/3119 3111/4320/3113
f 3089/4327/3084 3098/4326/3119 3068/4261/3072
f 3068/4261/3072 3098/4326/3119 3110/4319/3112
f 3375/4328/3120 3374/4329/3121 3121/4330/3122
f 2905/4048/2912 3116/4323/3116 2907/4049/2913
f 2712/3775/2711 3118/4325/3118 2713/4214/3040
f 3131/4331/3123 3008/4317/3111 3117/4324/3117
f 3123/4332/3124 3124/4333/3125 3125/4334/3126
f 3126/4335/3127 3113/4322/3115 3112/4321/3114
f 2860/4189/3023 3075/4313/3107 3126/4335/3127
f 2746/3861/2781 3115/3890/2800 3185/4001/2882
f 3029/4205/3034 3047/4235/3056 3127/4276/3079
f 3022/4215/3041 3029/4205/3034 3127/4276/3079
f 2485/3840/2764 2480/3185/2288 2227/3109/2230
f 2281/3184/2287 2481/3461/2488 3130/3224/2319
f 2982/4295/3093 3094/4294/3092 2794/4130/2979
f 2281/3184/2287 2480/3185/2288 2481/3461/2488
f 3115/3890/2800 2794/4130/2979 3094/4294/3092
f 3126/4335/3127 3112/4321/3114 2910/3984/2869
f 2910/3984/2869 3112/4321/3114 2905/4048/2912
f 3132/4336/3128 3105/4309/3103 3118/4325/3118
f 3008/4317/3111 3131/4331/3123 2890/4025/2900
f 2859/4026/2901 2860/4189/3023 3126/4335/3127
f 2915/4055/2919 2890/4057/2900 3131/4337/3123
f 3041/4229/3051 3133/4338/3129 3044/4230/3052
f 2859/4026/2901 3126/4335/3127 2910/3984/2869
f 3129/4339/3130 3106/4310/3104 3088/4280/3082
f 1463/1983/1474 3037/4218/3042 1641/1895/1406
f 3134/4340/3131 3088/4280/3082 3082/4279/3081
f 3090/4341/3132 3134/4342/3131 3082/4343/3081
f 3011/4179/3017 2991/4153/2998 2915/4055/2919
f 3085/4344/3133 3084/4284/3086 1463/1983/1474
f 3011/4179/3017 2915/4055/2919 3131/4337/3123
f 3136/4345/3134 3128/4346/3135 3121/4330/3122
f 3090/4341/3132 3135/4347/3136 3134/4342/3131
f 3134/4342/3131 3135/4347/3136 3137/4348/3137
f 3105/4309/3103 3107/4349/3138 3002/4212/3038
f 3138/4350/3139 3103/4315/3109 3139/4351/3140
f 3139/4352/3140 3109/4353/3108 3119/4354/3141
f 3138/4350/3139 3139/4351/3140 3143/4355/3142
f 3144/4356/3143 3028/4209/3035 3002/4212/3038
f 3143/4355/3142 3374/4357/3121 3138/4350/3139
f 3120/4358/3144 3145/4359/3145 3095/4298/3095
f 3104/4311/3105 3120/4358/3144 3095/4298/3095
f 3131/4337/3123 3140/4360/3146 3011/4179/3017
f 3109/4353/3108 3139/4352/3140 3103/4361/3109
f 3144/4356/3143 3107/4349/3138 3147/4362/3147
f 3144/4356/3143 3002/4212/3038 3107/4349/3138
f 3134/4340/3131 3129/4339/3130 3088/4280/3082
f 3085/4344/3133 3146/4285/3087 3084/4284/3086
f 3141/4363/3148 3139/4352/3140 3119/4354/3141
f 3143/4364/3142 3139/4352/3140 3141/4363/3148
f 3150/4365/3149 3151/4366/3150 3153/4367/3151
f 3143/4368/3142 3121/4330/3122 3374/4329/3121
f 3143/4368/3142 3141/4369/3148 3136/4345/3134
f 3121/4330/3122 3143/4368/3142 3136/4345/3134
f 3068/4261/3072 3110/4319/3112 2309/3219/2315
f 2309/3219/2315 3110/4319/3112 2187/3043/2182
f 2576/3587/2579 3119/4354/3141 3154/4370/3152
f 2309/3219/2315 3071/4262/3074 3068/4261/3072
f 3130/3223/2319 3071/4262/3074 2309/3219/2315
f 2577/3588/2580 2576/3587/2579 3154/4370/3152
f 3076/4371/3097 3156/4372/3153 3152/4373/3154
f 3149/4374/3155 3148/4375/3156 3158/4376/3157
f 3160/4377/3158 3150/4365/3149 3153/4367/3151
f 3155/4378/3159 3152/4373/3154 3156/4372/3153
f 3159/4379/3160 3150/4365/3149 3160/4377/3158
f 3154/4370/3152 3119/4354/3141 3109/4353/3108
f 2992/4154/2999 3011/4179/3017 3140/4360/3146
f 3126/4335/3127 3155/4380/3159 3113/4322/3115
f 3140/4381/3146 3117/4324/3117 3162/4382/3161
f 3163/4383/3162 3097/4384/3163 3096/4299/3096
f 3152/4385/3154 3155/4380/3159 3126/4335/3127
f 3095/4298/3095 3163/4383/3162 3096/4299/3096
f 3117/4324/3117 3140/4381/3146 3131/4331/3123
f 3126/4335/3127 3075/4313/3107 3152/4385/3154
f 3164/4386/3164 3163/4387/3162 3175/4388/3165
f 3162/4382/3161 3007/4170/3012 3030/4210/3036
f 3163/4387/3162 3145/4389/3145 3175/4388/3165
f 3205/4390/3166 2998/4155/3000 3166/4391/3167
f 3095/4298/3095 3145/4359/3145 3163/4383/3162
f 3148/4375/3156 3149/4374/3155 3171/4392/3168
f 3168/4393/3169 3156/4372/3153 3166/4391/3167
f 2499/3475/2499 3085/4394/3133 1464/4395/1476
f 3205/4390/3166 3166/4391/3167 3156/4372/3153
f 3104/4311/3105 3169/4396/3170 3120/4358/3144
f 4325/4397/3171 3155/4378/3159 3156/4372/3153
f 2593/3636/2611 3136/4345/3134 2604/3624/2603
f 3085/4344/3133 1463/1983/1474 1464/1986/1476
f 3031/4244/3064 3065/4252/3058 3162/4382/3161
f 3162/4382/3161 3065/4252/3058 3140/4381/3146
f 3172/4398/3172 3133/4338/3129 3159/4379/3160
f 3041/4229/3051 3159/4379/3160 3133/4338/3129
f 3173/4399/3173 3071/4262/3074 3130/3223/2319
f 3162/4382/3161 3117/4324/3117 3007/4170/3012
f 3063/4260/2790 3173/4399/3173 2753/4400/2791
f 3071/4262/3074 3173/4399/3173 3063/4260/2790
f 3160/4377/3158 3172/4398/3172 3159/4379/3160
f 2481/3461/2488 2753/3873/2791 3173/4401/3173
f 2918/4061/2922 3030/4210/3036 2988/4147/2993
f 2482/3462/2489 2753/3873/2791 2481/3461/2488
f 2988/4147/2993 3030/4210/3036 3007/4170/3012
f 3162/4382/3161 3030/4210/3036 3031/4244/3064
f 3130/3224/2319 2481/3461/2488 3173/4401/3173
f 3150/4365/3149 3161/4402/3174 3151/4366/3150
f 2453/3421/2459 3073/4403/3175 2837/3952/2847
f 3161/4404/3174 3196/4405/3176 3151/4406/3150
f 3073/4403/3175 2453/3421/2459 3072/4268/3076
f 3174/4407/3177 3175/4388/3165 3145/4389/3145
f 3176/4408/3178 1828/2561/1836 3196/4405/3176
f 3151/4406/3150 3196/4405/3176 1828/2561/1836
f 3171/4409/3168 2644/4410/2644 3177/4411/3179
f 3171/4392/3168 3149/4374/3155 2644/4412/2644
f 2955/4106/2959 3140/4360/3146 3065/4237/3058
f 2499/3475/2499 2494/3471/2496 3186/4413/3180
f 2955/4106/2959 2992/4154/2999 3140/4360/3146
f 3116/4323/3116 3113/4322/3115 3179/4414/3181
f 2499/4415/2499 3146/4285/3087 3085/4344/3133
f 3178/4416/3182 3191/4417/3183 3089/4282/3084
f 2899/4097/2953 2966/4117/2969 3079/4418/3184
f 2966/4117/2969 3178/4416/3182 3079/4418/3184
f 3089/4282/3084 3080/4278/3080 3079/4418/3184
f 3178/4416/3182 3089/4282/3084 3079/4418/3184
f 608/802/608 3182/803/609 3181/4419/3185
f 3183/4420/3186 2837/3952/2847 3073/4403/3175
f 3128/4346/3135 2593/3636/2611 2592/3641/2616
f 3176/4408/3178 3184/4144/2990 1862/2559/1834
f 3128/4346/3135 3136/4345/3134 2593/3636/2611
f 3182/803/609 3187/4421/3187 3181/4419/3185
f 3094/4294/3092 3108/4422/3106 3186/4413/3180
f 3180/4423/3188 3181/4419/3185 3187/4421/3187
f 2844/3960/2854 2837/3952/2847 3183/4420/3186
f 3219/4424/3189 3190/4425/3190 3072/4268/3076
f 3190/4425/3190 3073/4403/3175 3072/4268/3076
f 3183/4420/3186 3073/4403/3175 3190/4425/3190
f 3186/4413/3180 3108/4422/3106 2499/3475/2499
f 2499/4415/2499 3108/4312/3106 3146/4285/3087
f 3192/4426/3191 2836/3976/2844 2808/3975/2863
f 2972/4427/3018 2968/4120/2972 2969/4121/2973
f 2808/3975/2863 3314/4428/3192 3192/4426/3191
f 2644/4410/2644 2643/3715/2643 3193/4429/3193
f 3180/4423/3188 3187/4421/3187 3195/4430/3194
f 2808/3975/2863 2807/3860/2780 3314/4428/3192
f 3128/4346/3135 2592/3641/2616 3123/4332/3124
f 2592/3641/2616 2732/3804/2737 3123/4332/3124
f 3123/4332/3124 2732/3804/2737 3124/4333/3125
f 3119/4354/3141 2576/3587/2579 2579/3594/2583
f 3141/4363/3148 3119/4354/3141 2579/3594/2583
f 3076/4371/3097 2972/4427/3018 2969/4121/2973
f 2097/2932/2097 3195/4430/3194 3182/803/609
f 2604/3624/2603 3141/4369/3148 2579/3658/2583
f 3141/4369/3148 2604/3624/2603 3136/4345/3134
f 3182/803/609 3195/4430/3194 3187/4421/3187
f 2972/4184/3018 3076/4301/3097 3066/4264/3075
f 2972/4184/3018 1082/1482/1082 2968/4124/2972
f 3145/4359/3145 3120/4358/3144 3174/4431/3177
f 3180/4423/3188 3198/4432/3195 1731/4433/1741
f 3120/4358/3144 3169/4396/3170 3174/4431/3177
f 3193/4429/3193 3177/4411/3179 2644/4410/2644
f 2972/4184/3018 1083/1483/1083 1082/1482/1082
f 3066/4264/3075 1111/1529/1113 2972/4184/3018
f 3175/4388/3165 3174/4407/3177 3200/4434/3196
f 3075/4435/3107 3017/4272/3022 3076/4301/3097
f 2724/3794/2727 3201/4436/3197 3203/4437/3198
f 3180/4423/3188 3204/4438/3199 3181/4419/3185
f 2153/3002/2148 2167/3022/2164 3090/4341/3132
f 3090/4341/3132 2167/3022/2164 3135/4347/3136
f 3195/4430/3194 3198/4432/3195 3180/4423/3188
f 3205/4390/3166 2969/4121/2973 2980/4135/2981
f 3135/4347/3136 3142/4439/3200 3137/4348/3137
f 3135/4347/3136 2167/3022/2164 3142/4439/3200
f 3198/4432/3195 1735/4440/1739 1731/4433/1741
f 2169/3024/2166 3142/4439/3200 2167/3022/2164
f 2998/4155/3000 3205/4390/3166 2980/4135/2981
f 2980/4135/2981 2981/4137/2983 2998/4155/3000
f 2167/3022/2164 2166/3021/2163 2169/3024/2166
f 2169/3024/2166 3280/4441/3201 3142/4439/3200
f 3205/4390/3166 3076/4371/3097 2969/4121/2973
f 3156/4372/3153 3076/4371/3097 3205/4390/3166
f 3152/4373/3154 3075/4442/3107 3076/4371/3097
f 3209/4443/3202 3090/4341/3132 3082/4343/3081
f 2153/3002/2148 3090/4341/3132 3209/4443/3202
f 2151/2996/2145 2153/3002/2148 3209/4443/3202
f 2606/3628/2606 3212/4444/3203 2608/3629/2607
f 3124/4333/3125 2731/3803/2736 3165/4445/3204
f 3208/4446/3205 1735/4440/1739 3198/4432/3195
f 3210/4447/3206 3165/4448/3204 2731/3820/2736
f 3125/4334/3126 3128/4346/3135 3123/4332/3124
f 3198/4432/3195 3195/4430/3194 3208/4446/3205
f 3124/4333/3125 3213/4449/3207 3125/4334/3126
f 3121/4330/3122 3128/4346/3135 3125/4334/3126
f 2426/4450/2430 3091/4286/3088 2175/4290/2173
f 3208/4446/3205 3195/4430/3194 3197/4451/3208
f 3215/4452/3209 3091/4286/3088 2426/4450/2430
f 3072/4268/3076 3091/4286/3088 3215/4452/3209
f 3214/4453/3210 3208/4446/3205 3197/4451/3208
f 3218/3700/2656 2655/3701/2657 2940/4084/2943
f 2109/2947/2109 3197/4451/3208 2097/2932/2097
f 3197/4451/3208 3195/4430/3194 2097/2932/2097
f 2940/4084/2943 2621/3662/2631 3218/3700/2656
f 3217/4454/3211 3164/4455/3164 3216/4456/3212
f 3219/4424/3189 3072/4268/3076 3215/4452/3209
f 3217/4454/3211 3163/4457/3162 3164/4455/3164
f 3220/4458/3213 3197/4451/3208 2109/2947/2109
f 3220/4458/3213 3214/4453/3210 3197/4451/3208
f 3222/4459/3214 3216/4456/3212 3164/4455/3164
f 3097/4460/3163 3163/4457/3162 3217/4454/3211
f 3222/4461/3214 3164/4386/3164 3175/4388/3165
f 3220/4458/3213 3221/4462/3215 3214/4453/3210
f 3225/4463/3216 2463/3438/2471 2435/3385/2435
f 3201/4436/3197 3202/4464/3217 3227/4465/3218
f 3185/4001/2882 3314/4428/3192 2807/3860/2780
f 2129/2970/2129 1912/2681/1917 2073/2900/2071
f 2731/3803/2736 3124/4333/3125 2732/3804/2737
f 2129/2970/2129 2082/2923/2089 3230/4466/3219
f 2129/2970/2129 2073/2900/2071 2082/2923/2089
f 2081/2921/2087 2082/2923/2089 2073/2900/2071
f 2606/3628/2606 2800/3950/2845 3212/4444/3203
f 3201/4436/3197 2724/3794/2727 3202/4464/3217
f 3227/4465/3218 3207/4467/3220 3201/4436/3197
f 3210/4447/3206 2731/3820/2736 3232/3818/2750
f 3202/4464/3217 3216/4456/3212 3227/4465/3218
f 3231/4468/3221 3210/4447/3206 3232/3818/2750
f 3226/4469/3222 3207/4467/3220 3227/4465/3218
f 3231/4468/3221 3232/3818/2750 3235/3821/2751
f 3227/4465/3218 3216/4456/3212 3222/4459/3214
f 1735/4440/1739 3234/4470/3223 1751/4471/1756
f 3226/4472/3222 3227/4473/3218 3222/4474/3214
f 2621/3662/2631 2614/3912/2816 2611/3651/2624
f 3056/4475/3062 3231/4468/3221 3235/3821/2751
f 3234/4470/3223 2938/4476/2941 1751/4471/1756
f 3199/4477/3224 3175/4388/3165 3200/4434/3196
f 3239/4478/3225 3191/4417/3183 3240/4479/3226
f 2621/3662/2631 3238/4480/3227 2614/3912/2816
f 2683/3730/2679 2686/4481/2718 2673/3721/2670
f 3243/4482/3228 2672/3722/2671 2673/3721/2670
f 2686/3784/2718 3211/4483/3229 2673/4484/2670
f 3175/4388/3165 3199/4477/3224 3222/4461/3214
f 3218/3700/2656 2621/3662/2631 2616/3650/2623
f 2939/4075/2935 3238/4480/3227 2621/3662/2631
f 3203/4437/3198 3206/4485/3230 2977/4486/2980
f 3237/4487/3231 3245/4488/3232 3241/4489/3233
f 3228/4490/3234 2904/4151/2996 3223/4491/3235
f 2998/4155/3000 2904/4151/2996 3228/4490/3234
f 3098/4326/3119 3239/4492/3225 3111/4320/3113
f 3225/4463/3216 3239/4492/3225 3240/4493/3226
f 3224/4494/3236 3228/4490/3234 3223/4491/3235
f 3314/4428/3192 3185/4001/2882 2494/3471/2496
f 3186/4413/3180 2494/3471/2496 3185/4001/2882
f 223/369/297 3211/4483/3229 2686/3784/2718
f 3191/4417/3183 3098/4495/3119 3089/4282/3084
f 3098/4495/3119 3191/4417/3183 3239/4478/3225
f 3246/4496/3237 3159/4379/3160 3049/4240/3060
f 3159/4379/3160 3041/4229/3051 3049/4240/3060
f 3226/4497/3222 3237/4487/3231 3241/4489/3233
f 3159/4379/3160 3161/4402/3174 3150/4365/3149
f 3211/4483/3229 3244/4498/3238 2673/4484/2670
f 3196/4405/3176 3246/4499/3237 2976/4140/2986
f 3203/4437/3198 3201/4436/3197 3206/4485/3230
f 3206/4485/3230 3201/4436/3197 3207/4467/3220
f 3161/4404/3174 3246/4499/3237 3196/4405/3176
f 3161/4402/3174 3159/4379/3160 3246/4496/3237
f 3186/4413/3180 3185/4001/2882 3115/3890/2800
f 1735/4440/1739 3208/4446/3205 3234/4470/3223
f 3241/4489/3233 3247/4500/3239 3248/4501/3240
f 3249/4502/3241 3250/4503/3242 3251/4504/3243
f 3186/4413/3180 3115/3890/2800 3094/4294/3092
f 3237/4487/3231 3222/4461/3214 3199/4477/3224
f 3226/4497/3222 3222/4461/3214 3237/4487/3231
f 3208/4446/3205 3252/4505/3244 3234/4470/3223
f 3248/4501/3240 3226/4497/3222 3241/4489/3233
f 3234/4470/3223 3252/4505/3244 3253/4506/3245
f 3094/4507/3092 3093/4289/3090 3108/4312/3106
f 3248/4501/3240 3207/4508/3220 3226/4497/3222
f 2929/4073/2933 3251/4504/3243 2882/4010/2889
f 2525/4509/2525 2293/4510/2303 2286/3012/2155
f 2929/4073/2933 3249/4502/3241 3251/4504/3243
f 2540/4511/2546 3254/4512/3246 2525/4513/2525
f 2286/3012/2155 2023/3011/2154 2525/4509/2525
f 3214/4453/3210 3252/4505/3244 3208/4446/3205
f 3214/4453/3210 3221/4462/3215 3252/4505/3244
f 3243/4514/3228 2673/4515/2670 3244/4516/3238
f 2525/4513/2525 3254/4512/3246 2293/3202/2303
f 3111/4320/3113 3239/4492/3225 3225/4463/3216
f 3258/4185/3019 3255/4517/3247 3194/4518/3248
f 3111/4320/3113 3225/4463/3216 2435/3385/2435
f 2187/3043/2182 3111/4320/3113 2435/3385/2435
f 2540/4511/2546 3259/4519/3249 3254/4512/3246
f 3258/4185/3019 3194/4518/3248 3189/4520/3250
f 3184/4144/2990 3258/4185/3019 3189/4520/3250
f 1473/3452/2481 2474/3451/2480 3261/4521/3251
f 2093/3492/2088 2236/3490/2512 2509/4522/3252
f 3260/4523/3253 3251/4504/3243 3250/4503/3242
f 3129/4339/3130 3264/4524/3254 3106/4310/3104
f 2093/2922/2088 3230/4466/3219 2082/2923/2089
f 3129/4339/3130 3134/4340/3131 3263/4525/3255
f 3251/4504/3243 3260/4523/3253 2882/4010/2889
f 3263/4525/3255 3264/4524/3254 3129/4339/3130
f 3262/4526/3256 3260/4523/3253 3255/4527/3247
f 3262/4528/3256 3255/4517/3247 3258/4185/3019
f 2938/4476/2941 3234/4470/3223 3253/4506/3245
f 3265/4529/3257 3266/4530/3258 3439/4531/3259
f 3439/4531/3259 3256/4532/3260 3265/4529/3257
f 3264/4524/3254 3263/4525/3255 3267/4533/3261
f 3213/4449/3207 3124/4333/3125 3256/4534/3260
f 3137/4348/3137 3263/4535/3255 3134/4342/3131
f 3124/4333/3125 3165/4445/3204 3256/4534/3260
f 3165/4445/3204 3265/4536/3257 3256/4534/3260
f 3184/4144/2990 3176/4408/3178 2973/4141/2987
f 2976/4140/2986 2973/4141/2987 3196/4405/3176
f 3210/4447/3206 3265/4537/3257 3165/4448/3204
f 2973/4141/2987 3176/4408/3178 3196/4405/3176
f 3265/4537/3257 3210/4447/3206 3231/4468/3221
f 3259/4519/3249 3257/4538/3262 3254/4512/3246
f 3259/4519/3249 3281/4539/3263 3257/4538/3262
f 3261/4521/3251 2512/3762/2699 3435/4540/3264
f 3259/4519/3249 2540/4511/2546 2546/4541/2545
f 2562/4542/2805 3259/4519/3249 2546/4541/2545
f 3238/4480/3227 2906/4050/2914 2907/4049/2913
f 3271/4543/3265 3270/4544/3266 3272/4545/3267
f 2984/4150/2989 3246/4496/3237 3049/4240/3060
f 3246/4499/3237 2984/4143/2989 2976/4140/2986
f 3238/4480/3227 2939/4075/2935 2906/4050/2914
f 3212/4444/3203 2800/3950/2845 3233/4546/3268
f 2299/3208/2308 2293/3202/2303 3254/4512/3246
f 2882/4010/2889 3260/4523/3253 2888/4019/2896
f 3262/4526/3256 2888/4019/2896 3260/4523/3253
f 2888/4019/2896 3262/4526/3256 2792/4021/2798
f 2285/3206/2306 2299/3208/2308 2321/4547/3269
f 2299/3208/2308 3274/4548/3270 2321/4547/3269
f 3262/4528/3256 2791/3886/2797 2792/3887/2798
f 3258/4185/3019 2791/3886/2797 3262/4528/3256
f 2500/4549/3271 2427/3381/2432 2472/3447/2479
f 3291/4550/3272 3277/4551/3273 3276/4552/3274
f 3268/4553/3275 3267/4533/3261 3263/4525/3255
f 3137/4554/3137 3268/4553/3275 3263/4525/3255
f 3137/4348/3137 3278/4555/3276 3268/4556/3275
f 2427/3381/2432 2500/4549/3271 3279/4557/3277
f 3142/4439/3200 3278/4555/3276 3137/4348/3137
f 2121/4558/3278 3221/4462/3215 3220/4458/3213
f 3280/4441/3201 3278/4555/3276 3142/4439/3200
f 2427/3381/2432 3279/4557/3277 2426/3376/2430
f 2500/4549/3271 3277/4551/3273 3279/4557/3277
f 2109/2947/2109 2121/4558/3278 3220/4458/3213
f 2109/2947/2109 2116/2955/2117 2121/4558/3278
f 2121/4558/3278 2116/2955/2117 2139/2991/2140
f 2802/3916/2820 3282/4559/3279 2801/3902/2808
f 3257/4538/3262 3274/4548/3270 2299/3208/2308
f 3257/4538/3262 3283/4560/3280 3274/4548/3270
f 3242/4561/3281 3282/4559/3279 2802/3916/2820
f 3281/4539/3263 3283/4560/3280 3257/4538/3262
f 2802/3916/2820 2614/3912/2816 3242/4561/3281
f 3281/4539/3263 3285/4562/3282 3283/4560/3280
f 3284/4563/3283 2129/2970/2129 3230/4466/3219
f 3276/4564/3274 3286/4565/3284 3291/4566/3272
f 3277/4551/3273 3287/4567/3285 3279/4557/3277
f 3230/4466/3219 2509/4568/3252 3284/4563/3283
f 2486/3468/2493 3275/4569/3286 2519/3503/2518
f 3257/4538/3262 2299/3208/2308 3254/4512/3246
f 3291/4550/3272 3287/4567/3285 3277/4551/3273
f 3106/4310/3104 3292/3443/2475 3104/4311/3105
f 3207/4508/3220 3248/4501/3240 3206/4570/3230
f 2129/2970/2129 3284/4563/3283 2096/2927/2093
f 3293/3442/2474 3104/4311/3105 3292/3443/2475
f 3106/4310/3104 2468/3445/2477 3292/3443/2475
f 2139/2991/2140 3294/4571/3287 2121/4558/3278
f 744/1033/769 762/1032/768 2139/2991/2140
f 2139/2991/2140 762/1032/768 3294/4571/3287
f 3294/4571/3287 3221/4462/3215 2121/4558/3278
f 3174/4431/3177 3169/4396/3170 3295/4572/3288
f 3275/4569/3286 2486/3468/2493 2487/3467/2492
f 3275/4569/3286 2487/3467/2492 2650/3685/2648
f 3169/4396/3170 3104/4311/3105 3293/3442/2474
f 3055/4573/3061 3303/4574/3069 3298/4575/3289
f 3298/4575/3289 3303/4574/3069 3299/4576/3290
f 3284/4563/3283 815/1116/814 765/1105/767
f 3300/4577/3291 2651/3687/2650 2738/3812/2745
f 815/1116/814 3284/4563/3283 2509/4568/3252
f 3299/4578/3290 3301/4579/3292 3266/4530/3258
f 3106/4310/3104 3264/4524/3254 2468/3445/2477
f 2668/4580/3293 3275/4569/3286 2650/3685/2648
f 3169/4396/3170 3293/3442/2474 3302/4581/3294
f 745/1107/810 3284/4563/3283 765/1105/767
f 3275/4569/3286 3289/4582/3295 3288/4583/3296
f 2651/3687/2650 2668/4580/3293 2650/3685/2648
f 2762/3842/2766 3304/4584/3297 2455/3845/2483
f 3305/4585/3298 3287/4586/3285 3291/4587/3272
f 3289/4582/3295 2668/4580/3293 3300/4577/3291
f 2488/3463/2490 2455/3454/2483 3304/4588/3297
f 3275/4569/3286 2668/4580/3293 3289/4582/3295
f 3266/4589/3258 3265/4537/3257 3231/4468/3221
f 3238/4480/3227 2907/4049/2913 3242/4561/3281
f 3306/4590/3299 3269/4591/3300 3296/4592/3301
f 3298/4575/3289 3231/4468/3221 3055/4573/3061
f 3242/4561/3281 2614/3912/2816 3238/4480/3227
f 3307/4593/3302 3286/4565/3284 3276/4564/3274
f 3306/4590/3299 3270/4594/3266 3269/4591/3300
f 3308/4595/3303 3272/4545/3267 3306/4596/3299
f 3270/4544/3266 3306/4596/3299 3272/4545/3267
f 3264/4524/3254 3309/4597/3304 2468/3445/2477
f 2668/4580/3293 2651/3687/2650 3300/4577/3291
f 3307/4593/3302 2463/3438/2471 3286/4565/3284
f 3079/4418/3184 2898/3988/2873 2899/4097/2953
f 3080/4278/3080 2898/3988/2873 3079/4418/3184
f 3064/4256/3071 2898/3988/2873 3080/4278/3080
f 3297/4598/3305 3296/4592/3301 3269/4591/3300
f 3302/4581/3294 3295/4572/3288 3169/4396/3170
f 3158/4376/3157 3148/4375/3156 3297/4598/3305
f 3167/4599/3306 3297/4598/3305 3148/4375/3156
f 3063/3871/2790 2776/3853/2774 2865/3986/2871
f 3063/3871/2790 2758/3864/2784 2776/3853/2774
f 2898/3988/2873 3064/4256/3071 2865/3986/2871
f 3063/3871/2790 2865/3986/2871 3064/4256/3071
f 3170/4600/3307 3310/4601/3308 3171/4409/3168
f 3296/4592/3301 3297/4598/3305 3167/4599/3306
f 3266/4589/3258 3231/4468/3221 3299/4576/3290
f 789/1108/811 2146/2993/2142 745/1107/810
f 2146/2993/2142 3284/4563/3283 745/1107/810
f 3299/4576/3290 3231/4468/3221 3298/4575/3289
f 3296/4592/3301 3167/4599/3306 3306/4590/3299
f 2096/2927/2093 2095/2926/2092 2129/2970/2129
f 3171/4392/3168 3167/4599/3306 3148/4375/3156
f 3284/4563/3283 2146/2993/2142 2096/2927/2093
f 3057/4602/3309 3054/4243/3063 3056/4242/3062
f 2937/4603/2940 2938/4476/2941 3253/4506/3245
f 3313/4604/3310 2937/4603/2940 3253/4506/3245
f 2765/3846/2769 2577/3588/2580 3057/4605/3309
f 3224/4494/3236 3212/4444/3203 3228/4490/3234
f 2577/3588/2580 3154/4370/3152 3057/4605/3309
f 3233/4546/3268 3228/4490/3234 3212/4444/3203
f 3054/4318/3063 3102/4316/3110 3312/4606/3311
f 3312/4607/3311 3303/4251/3069 3054/4243/3063
f 2654/3697/2655 319/404/315 312/406/317
f 2093/2922/2088 2509/4568/3252 3230/4466/3219
f 3054/4608/3063 3057/4605/3309 3154/4370/3152
f 3054/4608/3063 3154/4370/3152 3109/4353/3108
f 3056/4242/3062 2764/3896/2804 3057/4602/3309
f 2503/3482/2505 2509/4522/3252 2236/3490/2512
f 2799/3894/2803 2544/4609/2543 2515/3501/2517
f 3316/4610/3312 3317/4611/3313 3311/4612/3314
f 3055/4573/3061 3231/4468/3221 3056/4475/3062
f 2937/4603/2940 3313/4604/3310 2507/4613/2509
f 3315/4614/3315 3317/4611/3313 3316/4610/3312
f 3036/4213/3039 2937/4080/2940 2507/4292/2509
f 2500/4549/3271 2472/3447/2479 2495/3474/2498
f 2500/4549/3271 2495/3474/2498 3311/4612/3314
f 2507/4613/2509 3313/4604/3310 812/1120/818
f 2764/3897/2804 3056/4475/3062 3235/3821/2751
f 3252/4505/3244 3221/4462/3215 3294/4571/3287
f 3317/4611/3313 2500/4549/3271 3311/4612/3314
f 2765/3898/2769 3057/4602/3309 2764/3896/2804
f 3294/4571/3287 762/1032/768 812/1120/818
f 3294/4571/3287 3313/4604/3310 3252/4505/3244
f 3294/4571/3287 812/1120/818 3313/4604/3310
f 3318/4615/3316 3295/4572/3288 3302/4581/3294
f 2737/4616/2743 2977/4133/2980 2735/4132/2742
f 3253/4506/3245 3252/4505/3244 3313/4604/3310
f 2500/4549/3271 3317/4611/3313 3276/4552/3274
f 2737/3810/2743 3203/4437/3198 2977/4486/2980
f 3203/4437/3198 2737/3810/2743 2724/3794/2727
f 2488/3463/2490 3314/4428/3192 2494/3471/2496
f 814/4617/815 815/4618/814 2507/3486/2509
f 3349/4619/3317 2736/4134/2741 2977/4133/2980
f 3242/4561/3281 3122/4620/3318 3327/4621/3319
f 3122/4620/3318 3242/4561/3281 2907/4049/2913
f 2584/3597/2586 2321/4547/3269 3274/4548/3270
f 3122/4620/3318 2907/4049/2913 3116/4323/3116
f 2583/3595/2584 2584/3597/2586 3274/4548/3270
f 3274/4548/3270 3283/4560/3280 2583/3595/2584
f 2654/3697/2655 3326/3699/2642 319/404/315
f 2509/4522/3252 2503/3482/2505 815/4618/814
f 3321/4622/3320 3233/4546/3268 2800/3950/2845
f 815/4618/814 2503/3482/2505 2507/3486/2509
f 3233/4546/3268 3321/4622/3320 3322/4623/3321
f 1736/2438/1740 1751/2460/1756 2916/4060/2921
f 2938/4081/2941 2916/4060/2921 1751/2460/1756
f 2550/3547/2550 3324/4624/3322 3323/4625/3323
f 2550/3547/2550 3325/3711/2664 3324/4624/3322
f 3325/3711/2664 2550/3547/2550 2553/3569/2568
f 3326/3699/2642 2644/4412/2644 3149/4374/3155
f 3283/4560/3280 2591/3852/2773 2583/3595/2584
f 3283/4560/3280 3285/4562/3282 3320/4626/3324
f 2562/4542/2805 3330/4627/3325 3259/4519/3249
f 3332/4628/3326 3281/4539/3263 3259/4519/3249
f 3329/4629/3327 3328/4630/3328 3331/4631/3329
f 3329/4632/3327 3331/4633/3329 2058/2893/2064
f 869/1189/868 3329/4632/3327 2058/2893/2064
f 2500/4549/3271 3276/4552/3274 3277/4551/3273
f 2550/3547/2550 3323/4625/3323 2517/3548/2551
f 3333/4634/3330 3199/4477/3224 3200/4434/3196
f 3334/4635/3331 3328/4630/3328 3329/4629/3327
f 3326/3699/2642 3149/4374/3155 3157/338/273
f 2517/3548/2551 3323/4625/3323 3351/4636/3332
f 3334/4635/3331 3329/4629/3327 3335/4637/3333
f 3242/4561/3281 3327/4621/3319 3282/4559/3279
f 223/369/297 2686/3784/2718 2715/3783/2717
f 2717/3787/2721 223/369/297 2715/3783/2717
f 2562/4542/2805 2809/4638/2815 3330/4627/3325
f 2977/4486/2980 3206/4485/3230 3349/4639/3317
f 3166/4391/3167 2998/4155/3000 3322/4623/3321
f 3332/4628/3326 3259/4519/3249 3330/4627/3325
f 2998/4155/3000 3228/4490/3234 3322/4623/3321
f 3336/4640/3334 3337/2233/1612 3335/4637/3333
f 3337/2233/1612 3338/4641/3335 3335/4637/3333
f 3333/4634/3330 3200/4434/3196 3339/4642/3336
f 3315/4643/3315 2877/4002/2883 3319/4644/3337
f 3200/4434/3196 3174/4407/3177 3295/4645/3288
f 3324/4624/3322 3341/4646/3338 3340/4647/3339
f 3339/4642/3336 3295/4645/3288 3318/4648/3316
f 3339/4642/3336 3200/4434/3196 3295/4645/3288
f 3342/4649/2809 2517/3548/2551 3351/4636/3332
f 3322/4623/3321 3228/4490/3234 3233/4546/3268
f 3344/4650/3340 3345/4651/3341 2834/3946/2841
f 3344/4650/3340 2834/3946/2841 2833/3945/2840
f 3116/4323/3116 3179/4414/3181 3122/4620/3318
f 829/1128/825 831/1130/827 1260/1724/1267
f 829/1936/825 3347/4652/3342 1341/1838/1357
f 3347/4652/3342 1263/1839/1358 1341/1838/1357
f 3281/4539/3263 3332/4628/3326 3285/4562/3282
f 829/1936/825 1260/4653/1267 3347/4652/3342
f 1260/4654/1267 1262/1729/1271 3347/4655/3342
f 3346/4656/3343 3285/4562/3282 3332/4628/3326
f 1235/1719/1255 1262/1729/1271 1260/4654/1267
f 1262/1729/1271 1263/4195/1358 3347/4655/3342
f 2804/3189/2292 2194/3046/2185 3342/3903/2809
f 3342/4649/2809 2194/3551/2185 2517/3548/2551
f 3349/4657/3317 3248/4501/3240 2971/4658/2977
f 2971/4658/2977 3248/4501/3240 3273/4659/3344
f 3267/4533/3261 3309/4597/3304 3264/4524/3254
f 2971/4127/2977 2736/4134/2741 3349/4619/3317
f 3348/4660/3345 3309/4597/3304 3267/4533/3261
f 3276/4564/3274 3317/4661/3313 3319/4644/3337
f 3336/4640/3334 3335/4637/3333 3329/4629/3327
f 3319/4644/3337 3307/4593/3302 3276/4564/3274
f 3352/3478/2502 3307/4593/3302 3319/4644/3337
f 3300/4577/3291 2738/3812/2745 3351/4636/3332
f 3350/4662/3346 3348/4660/3345 3267/4533/3261
f 3268/4553/3275 3350/4662/3346 3267/4533/3261
f 3335/4637/3333 3338/4641/3335 3334/4635/3331
f 3026/4223/3047 3318/4615/3316 3302/4581/3294
f 3351/4636/3332 3323/4625/3323 3300/4577/3291
f 3340/4647/3339 3323/4625/3323 3324/4624/3322
f 3302/4581/3294 3293/3442/2474 3027/4203/3032
f 3323/4625/3323 3340/4647/3339 3300/4577/3291
f 3302/4581/3294 3027/4203/3032 3026/4223/3047
f 3336/4640/3334 1567/2231/1610 3337/2233/1612
f 2666/3714/2666 3351/4636/3332 2738/3812/2745
f 3331/4633/3329 3353/4663/3347 2068/2894/2065
f 2068/2894/2065 2058/2893/2064 3331/4633/3329
f 3349/4657/3317 3206/4570/3230 3248/4501/3240
f 2467/3444/2476 2468/3445/2477 3309/4597/3304
f 3348/4660/3345 2467/3444/2476 3309/4597/3304
f 2877/4002/2883 3352/3478/2502 3319/4644/3337
f 3354/4664/3348 3719/4665/3349 3348/4666/3345
f 2463/3438/2471 3307/4593/3302 3352/3478/2502
f 3348/4666/3345 3350/4667/3346 3354/4664/3348
f 3350/4667/3346 3355/4668/3350 3354/4664/3348
f 2666/3714/2666 3342/4649/2809 3351/4636/3332
f 3357/4669/3351 3299/4578/3290 3303/4670/3069
f 3357/4669/3351 3301/4579/3292 3299/4578/3290
f 2464/3437/2470 3352/3478/2502 2506/3485/2508
f 2877/4002/2883 2506/3485/2508 3352/3478/2502
f 3356/4671/3352 3354/4664/3348 3355/4668/3350
f 3268/4672/3275 3278/4673/3276 3355/4668/3350
f 3355/4668/3350 3350/4667/3346 3268/4672/3275
f 3358/4674/3353 3355/4668/3350 3278/4673/3276
f 3069/4675/3073 3074/4676/3354 3359/4677/3355
f 3069/4258/3073 3052/4250/3068 3074/4678/3354
f 3074/4678/3354 3052/4250/3068 3366/4679/3070
f 3062/4267/3067 3366/4679/3070 3052/4250/3068
f 3364/4680/3356 3365/4681/3357 2112/2950/2112
f 3367/4682/3358 1615/2256/1630 3368/4683/3359
f 2112/2950/2112 2108/2954/2116 3364/4680/3356
f 2169/3024/2166 3069/4258/3073 3280/4441/3201
f 2108/2954/2116 3361/4684/3360 3364/4680/3356
f 2105/2967/2103 3360/4685/3361 2108/2954/2116
f 3360/4685/3361 3361/4684/3360 2108/2954/2116
f 3280/4686/3201 3290/4687/3362 3278/4673/3276
f 3369/4688/3363 3370/4689/3364 3371/4690/3365
f 3372/4691/3366 3370/4689/3364 3369/4688/3363
f 3280/4441/3201 3069/4258/3073 3373/4692/3367
f 3372/4691/3366 3369/4688/3363 3103/4315/3109
f 3069/4675/3073 3359/4677/3355 3373/4693/3367
f 2811/3907/2813 2829/3939/2834 2826/3892/2802
f 3328/4630/3328 3376/4694/3368 3331/4631/3329
f 2821/3931/2826 2829/3939/2834 2811/3907/2813
f 2761/3841/2765 2759/3843/2767 3377/4695/3369
f 3353/4696/3347 3331/4631/3329 3376/4694/3368
f 3369/4688/3363 3102/4316/3110 3103/4315/3109
f 3370/4689/3364 3372/4691/3366 3378/4697/3370
f 3379/4698/3371 3378/4697/3370 3372/4691/3366
f 3377/4695/3369 3383/4699/3372 2761/3841/2765
f 3378/4697/3370 3379/4698/3371 3380/4700/3373
f 3374/4357/3121 3380/4700/3373 3379/4698/3371
f 3381/4701/3374 3375/4328/3120 3121/4330/3122
f 3125/4334/3126 3381/4701/3374 3121/4330/3122
f 3382/4702/3375 3383/4699/3372 3377/4695/3369
f 3290/4687/3362 3280/4686/3201 3373/4693/3367
f 3373/4693/3367 3385/4703/3376 3290/4687/3362
f 3382/4702/3375 3344/4650/3340 3383/4699/3372
f 3278/4673/3276 3290/4687/3362 3358/4674/3353
f 1615/2256/1630 1307/1784/1311 3368/4683/3359
f 3158/4376/3157 3157/338/273 3149/4374/3155
f 3376/4694/3368 3328/4630/3328 3387/4704/3377
f 3368/4683/3359 1307/1784/1311 1619/4705/3378
f 3353/4706/3347 3376/4694/3368 3387/4704/3377
f 3386/3844/2768 2761/3841/2765 3383/4699/3372
f 3379/4698/3371 3138/4350/3139 3374/4357/3121
f 3157/338/273 319/404/315 3326/3699/2642
f 1642/2288/1651 3388/4707/3379 1656/2447/1749
f 3138/4350/3139 3372/4691/3366 3103/4315/3109
f 3290/4687/3362 3385/4703/3376 3358/4674/3353
f 3361/4684/3360 3362/4708/3380 3364/4680/3356
f 1619/4705/3378 1307/1784/1311 1610/2252/1626
f 3379/4698/3371 3372/4691/3366 3138/4350/3139
f 3390/4709/3381 3199/4477/3224 3333/4634/3330
f 3390/4709/3381 3237/4487/3231 3199/4477/3224
f 1619/4705/3378 1610/2252/1626 1627/4710/3382
f 3391/4711/3383 2136/2951/2113 2112/2950/2112
f 3359/4677/3355 3389/4712/3384 3373/4693/3367
f 3304/4584/3297 2762/3842/2766 3386/3844/2768
f 3373/4693/3367 3389/4712/3384 3385/4703/3376
f 3211/4713/3229 223/556/297 3244/4516/3238
f 3391/4711/3383 2112/2950/2112 3365/4681/3357
f 1610/2252/1626 1312/2047/1524 1627/4710/3382
f 3392/4714/3385 1459/1981/1472 1457/1976/1468
f 3392/4714/3385 1419/1960/1452 1459/1981/1472
f 3385/4703/3376 3764/4715/3386 3358/4674/3353
f 3387/4704/3377 3328/4630/3328 3334/4635/3331
f 3389/4712/3384 3393/4716/3387 3385/4703/3376
f 3400/4717/3388 3393/4716/3387 3389/4712/3384
f 2829/3939/2834 2821/3931/2826 3401/4718/3389
f 3365/4681/3357 3398/4719/3390 3391/4711/3383
f 3401/4718/3389 2821/3931/2826 3261/4521/3251
f 2810/3682/2645 1473/3452/2481 3261/4521/3251
f 2821/3931/2826 2810/3682/2645 3261/4521/3251
f 3403/4720/3391 3359/4677/3355 3074/4676/3354
f 3402/4721/3392 3404/4722/3393 3398/4719/3390
f 3389/4712/3384 3405/4723/3394 3400/4717/3388
f 3406/1218/889 3244/4516/3238 254/296/242
f 3404/4722/3393 3391/4711/3383 3398/4719/3390
f 2796/2135/1563 2826/3892/2802 2799/3894/2803
f 3244/4516/3238 223/556/297 254/296/242
f 3359/4677/3355 3403/4720/3391 3389/4712/3384
f 3402/4721/3392 3398/4719/3390 3365/4681/3357
f 3403/4720/3391 3405/4723/3394 3389/4712/3384
f 3370/4689/3364 3408/4724/3395 3409/4725/3396
f 3410/4726/3397 3365/4681/3357 3364/4680/3356
f 3402/4721/3392 3365/4681/3357 3410/4726/3397
f 3407/4727/3398 2829/3939/2834 3401/4718/3389
f 3411/4728/3399 3288/4583/3296 3340/4647/3339
f 3413/4729/3400 3409/4725/3396 3408/4724/3395
f 3362/4708/3380 3410/4726/3397 3364/4680/3356
f 3378/4697/3370 3408/4724/3395 3370/4689/3364
f 3414/645/493 494/336/271 3158/4376/3157
f 3288/4583/3296 3289/4582/3295 3340/4647/3339
f 3289/4582/3295 3300/4577/3291 3340/4647/3339
f 3388/4707/3379 3415/4730/3401 1656/2447/1749
f 3334/4635/3331 3338/4641/3335 3387/4704/3377
f 3338/4641/3335 3418/4731/3402 3387/4704/3377
f 3338/4641/3335 1804/2558/1833 3418/4731/3402
f 2986/4146/2992 3418/4731/3402 1804/2558/1833
f 3362/4708/3380 3421/4732/3403 3410/4726/3397
f 1568/2167/1585 1597/2236/1615 3337/2233/1612
f 1597/2236/1615 3338/4641/3335 3337/2233/1612
f 1597/2236/1615 1804/2558/1833 3338/4641/3335
f 3157/338/273 3158/4376/3157 494/336/271
f 326/405/316 319/404/315 3157/338/273
f 1821/2547/1825 1772/2490/1780 3424/4733/3404
f 3387/4704/3377 3425/4734/3405 3353/4706/3347
f 2829/3939/2834 3407/4727/3398 2799/3894/2803
f 3423/4735/3406 2799/3894/2803 3407/4727/3398
f 3424/4733/3404 2068/2894/2065 3353/4663/3347
f 2544/4609/2543 2799/3894/2803 3423/4735/3406
f 3424/4733/3404 1772/2490/1780 2068/2894/2065
f 2701/3764/2701 2734/3806/2739 3426/4736/3407
f 3425/4737/3405 3424/4733/3404 3353/4663/3347
f 1835/2574/1846 3428/4738/3408 1457/1976/1468
f 3314/4428/3192 2488/3463/2490 3192/4426/3191
f 3428/4738/3408 3392/4714/3385 1457/1976/1468
f 3271/4739/3265 3269/4591/3300 3270/4594/3266
f 3427/4740/3409 3426/4736/3407 2734/3806/2739
f 3413/4729/3400 3429/4741/3410 3430/4742/3411
f 3429/4741/3410 3413/4729/3400 3408/4724/3395
f 3192/4426/3191 3304/4588/3297 3432/4743/3412
f 2488/3463/2490 3304/4588/3297 3192/4426/3191
f 3433/4744/3413 3381/4701/3374 3417/4745/3414
f 3397/4746/3415 3395/4747/3416 3433/4744/3413
f 3433/4744/3413 3417/4745/3414 3397/4746/3415
f 3430/4742/3411 3429/4741/3410 3436/4748/3417
f 3437/4749/3418 3436/4748/3417 3429/4741/3410
f 3429/4741/3410 3394/4750/3419 3437/4749/3418
f 3408/4724/3395 3378/4697/3370 3429/4741/3410
f 3380/4700/3373 3394/4750/3419 3429/4741/3410
f 3429/4741/3410 3378/4697/3370 3380/4700/3373
f 3438/4751/3420 3395/4752/3416 3394/4750/3419
f 3426/4736/3407 3434/4753/3421 3435/4540/3264
f 3380/4700/3373 3438/4751/3420 3394/4750/3419
f 3433/4744/3413 3395/4747/3416 3438/4754/3420
f 3261/4521/3251 2474/3451/2480 2512/3762/2699
f 3386/3844/2768 3383/4699/3372 3384/4755/3422
f 3384/4755/3422 3432/4756/3412 3386/3844/2768
f 3441/4757/3423 3440/4758/3424 3301/4579/3292
f 2512/3762/2699 3426/4736/3407 3435/4540/3264
f 3414/645/493 526/4759/3425 496/667/508
f 3426/4736/3407 2512/3762/2699 2701/3764/2701
f 3440/4758/3424 3443/4760/3426 3439/4531/3259
f 3266/4530/3258 3440/4758/3424 3439/4531/3259
f 3266/4530/3258 3301/4579/3292 3440/4758/3424
f 3444/4761/3427 3551/4762/3428 3427/4763/3409
f 3414/645/493 3297/4598/3305 526/4759/3425
f 3410/4726/3397 3446/4764/3429 3402/4721/3392
f 3158/4376/3157 3297/4598/3305 3414/645/493
f 3428/4738/3408 3447/4765/3430 3392/4714/3385
f 3269/4591/3300 1034/4766/3431 526/4759/3425
f 3256/4532/3260 3439/4531/3259 3445/4767/3432
f 3402/4721/3392 3446/4764/3429 3449/4768/3433
f 3411/4728/3399 3427/4763/3409 3448/4769/3434
f 3411/4728/3399 3444/4761/3427 3427/4763/3409
f 3421/4732/3403 3446/4764/3429 3410/4726/3397
f 3421/4732/3403 3611/4770/3435 3446/4764/3429
f 3403/4720/3391 3074/4676/3354 3366/4771/3070
f 3450/4772/3436 3445/4767/3432 3443/4760/3426
f 3443/4760/3426 3445/4767/3432 3439/4531/3259
f 3371/4773/3365 3409/4774/3396 3357/4775/3351
f 3344/4650/3340 3384/4755/3422 3383/4699/3372
f 1656/2447/1749 3415/4730/3401 3451/4776/3437
f 3409/4725/3396 3371/4690/3365 3370/4689/3364
f 3450/4772/3436 3443/4760/3426 3453/4777/3438
f 3421/4732/3403 3452/4778/3439 3611/4770/3435
f 3357/4775/3351 3303/4251/3069 3371/4773/3365
f 2833/3945/2840 3384/4755/3422 3344/4650/3340
f 3371/4690/3365 3312/4606/3311 3369/4688/3363
f 3269/4591/3300 526/4759/3425 3297/4598/3305
f 2833/3945/2840 3432/4756/3412 3384/4755/3422
f 3102/4316/3110 3369/4688/3363 3312/4606/3311
f 3451/4776/3437 1743/2448/1750 1656/2447/1749
f 1657/2289/1652 1642/2288/1651 1656/2447/1749
f 1318/4779/1327 3455/4780/3440 3454/4781/3441
f 3456/4782/3442 3454/4781/3441 3455/4780/3440
f 3456/4782/3442 3455/4780/3440 3457/4783/3443
f 2833/3945/2840 2836/3949/2844 3432/4756/3412
f 1318/4779/1327 3454/4781/3441 1319/4784/1328
f 3192/4426/3191 3432/4743/3412 2836/3976/2844
f 1627/4710/3382 1312/2047/1524 1696/2356/1696
f 3366/4255/3070 3454/4785/3441 3403/4786/3391
f 3454/4785/3441 3366/4255/3070 1319/1811/1328
f 3456/4787/3442 3403/4786/3391 3454/4785/3441
f 3386/3844/2768 3432/4756/3412 3304/4584/3297
f 3374/4357/3121 3438/4751/3420 3380/4700/3373
f 3400/4717/3388 3405/4723/3394 3458/4788/3444
f 3456/4787/3442 3405/4789/3394 3403/4786/3391
f 3375/4328/3120 3433/4744/3413 3438/4754/3420
f 3412/4790/3445 3460/4791/3446 3409/4774/3396
f 3409/4725/3396 3413/4729/3400 3412/4792/3445
f 3458/4793/3444 3405/4789/3394 3456/4787/3442
f 3361/4684/3360 3363/4794/3447 3362/4708/3380
f 3360/4685/3361 3363/4794/3447 3361/4684/3360
f 2106/2943/2106 3360/4795/3361 2105/2940/2103
f 3420/4796/3448 3419/4797/3449 3213/4449/3207
f 3525/4798/3450 3460/4791/3446 3461/4799/3451
f 3420/4796/3448 3213/4449/3207 3445/4800/3432
f 2106/2943/2106 3459/4801/3452 3360/4795/3361
f 3413/4729/3400 3430/4742/3411 3461/4802/3451
f 3461/4802/3451 3412/4792/3445 3413/4729/3400
f 3312/4607/3311 3371/4773/3365 3303/4251/3069
f 2734/3830/2739 2704/3766/2703 2519/3503/2518
f 2519/3503/2518 3448/4769/3434 2734/3830/2739
f 2734/3830/2739 3448/4769/3434 3427/4763/3409
f 3247/4500/3239 3273/4659/3344 3248/4501/3240
f 3417/4745/3414 3381/4701/3374 3125/4334/3126
f 3419/4797/3449 3417/4745/3414 3125/4334/3126
f 3243/4514/3228 3244/4516/3238 3406/1218/889
f 2783/3868/2788 3392/4714/3385 3447/4765/3430
f 3275/4569/3286 3448/4769/3434 2519/3503/2518
f 3419/4797/3449 3125/4334/3126 3213/4449/3207
f 3450/4803/3436 3420/4796/3448 3445/4800/3432
f 3256/4534/3260 3445/4800/3432 3213/4449/3207
f 3462/4804/3453 1825/2556/1831 3425/4737/3405
f 3374/4329/3121 3375/4328/3120 3438/4754/3420
f 3425/4737/3405 1825/2556/1831 3424/4733/3404
f 3464/4805/3454 1682/2335/1684 1718/2396/1718
f 1718/2396/1718 3478/4806/3455 3464/4805/3454
f 3459/4801/3452 3465/4807/3456 3360/4795/3361
f 3489/4808/3457 3466/4809/3458 3243/4514/3228
f 3448/4769/3434 3275/4569/3286 3288/4583/3296
f 3360/4795/3361 3465/4807/3456 3363/4810/3447
f 1825/2556/1831 1821/2547/1825 3424/4733/3404
f 3019/4194/3027 2672/3722/2671 3467/4811/3459
f 1835/4812/1846 1824/2557/1832 1825/2556/1831
f 3467/4813/3459 3468/4234/3055 3019/4207/3027
f 2107/2944/2107 3459/4801/3452 2106/2943/2106
f 2107/2944/2107 3470/4814/3460 3459/4801/3452
f 3470/4814/3460 3465/4807/3456 3459/4801/3452
f 3466/4815/3458 2672/3722/2671 3243/4482/3228
f 3467/4811/3459 2672/3722/2671 3466/4815/3458
f 1835/4812/1846 1825/2556/1831 3469/4816/3461
f 2591/3852/2773 3283/4560/3280 3320/4626/3324
f 3320/4626/3324 2778/4817/3462 2591/3852/2773
f 3462/4804/3453 3469/4816/3461 1825/2556/1831
f 1692/4818/1730 1743/2448/1750 1730/4819/1731
f 1730/4819/1731 1743/2448/1750 3472/4820/3463
f 3433/4744/3413 3375/4328/3120 3381/4701/3374
f 1696/2356/1696 3516/4821/3464 1627/4710/3382
f 2778/4817/3462 2773/3862/2782 2591/3852/2773
f 1835/2574/1846 3469/4822/3461 3428/4738/3408
f 1696/2356/1696 3464/4823/3454 3516/4821/3464
f 3469/4822/3461 3463/4824/3465 3428/4738/3408
f 3463/4824/3465 3447/4765/3430 3428/4738/3408
f 3465/4825/3456 3470/4826/3460 3473/4827/3466
f 3346/4656/3343 3320/4626/3324 3285/4562/3282
f 3247/4500/3239 3241/4489/3233 3245/4488/3232
f 3346/4656/3343 3474/4828/3467 3320/4626/3324
f 3475/4829/3468 3247/4500/3239 3245/4488/3232
f 924/1269/925 923/1636/1198 2385/1543/1123
f 2971/4658/2977 3273/4659/3344 2975/4830/2927
f 1123/1542/1122 2386/3325/2393 2385/1543/1123
f 924/1269/925 2385/1543/1123 2386/3325/2393
f 2975/4830/2927 3273/4659/3344 3247/4500/3239
f 3339/4642/3336 3318/4648/3316 3476/4831/3469
f 3480/4064/2925 3479/4832/3470 2919/4062/2923
f 3477/4833/3471 3425/4734/3405 3387/4704/3377
f 3477/4833/3471 3462/4834/3453 3425/4734/3405
f 3363/4794/3447 3422/4835/3472 3362/4708/3380
f 3484/4836/3473 3363/4810/3447 3465/4807/3456
f 3484/4836/3473 3422/4837/3472 3363/4810/3447
f 3485/4838/3474 3482/4839/3475 3483/4840/3476
f 3476/4831/3469 3482/4839/3475 3481/4841/3477
f 3476/4831/3469 3481/4841/3477 3339/4642/3336
f 3333/4634/3330 3339/4642/3336 3481/4841/3477
f 2783/3868/2788 2766/4056/2920 2779/3865/2785
f 2783/3868/2788 1402/1938/1434 1419/1960/1452
f 3467/4813/3459 3489/4808/3457 3471/4304/3100
f 3467/4813/3459 3466/4809/3458 3489/4808/3457
f 1419/1960/1452 3392/4714/3385 2783/3868/2788
f 1682/2407/1684 3464/4823/3454 1696/2356/1696
f 2386/3325/2393 3488/4842/3478 2388/3324/2392
f 2889/4027/2902 3462/4834/3453 3477/4833/3471
f 3039/4222/3046 3318/4615/3316 3026/4223/3047
f 3492/4843/3479 3493/4844/3480 2388/3324/2392
f 3462/4834/3453 2889/4027/2902 3494/4845/3481
f 3489/4808/3457 3243/4514/3228 3406/1218/889
f 3418/4731/3402 3000/4169/3011 3477/4833/3471
f 2891/4024/2899 2889/4027/2902 3000/4169/3011
f 2889/4027/2902 3477/4833/3471 3000/4169/3011
f 3477/4833/3471 3387/4704/3377 3418/4731/3402
f 2389/4846/3482 2377/3327/2395 2388/3324/2392
f 3418/4731/3402 2986/4146/2992 3000/4169/3011
f 3487/4847/3483 2691/4848/3484 3490/4849/3485
f 3487/4847/3483 2692/3755/2694 2691/4848/3484
f 2389/4846/3482 2809/3911/2815 2377/3327/2395
f 2389/4846/3482 3495/4850/3486 2809/3911/2815
f 3476/4831/3469 3318/4648/3316 3039/4851/3046
f 3476/4831/3469 3039/4851/3046 3491/4852/3487
f 2388/3324/2392 3493/4844/3480 2389/4846/3482
f 3493/4844/3480 3495/4850/3486 2389/4846/3482
f 3029/4205/3034 3019/4207/3027 3468/4234/3055
f 3493/4844/3480 3499/4853/3488 3495/4850/3486
f 3443/4760/3426 3440/4758/3424 3496/4854/3489
f 3341/4646/3338 3487/4847/3483 3490/4849/3485
f 3487/4847/3483 3341/4646/3338 3325/3711/2664
f 3463/4824/3465 3494/4855/3481 3447/4765/3430
f 3447/4765/3430 3494/4855/3481 2783/3868/2788
f 3033/4238/3059 2467/3444/2476 3034/4856/3490
f 3034/4856/3490 2467/3444/2476 3348/4660/3345
f 2766/4056/2920 3494/4855/3481 2771/4058/2898
f 2783/3868/2788 3494/4855/3481 2766/4056/2920
f 3462/4834/3453 3494/4845/3481 3463/4857/3465
f 3508/4858/3491 3475/4829/3468 3501/4859/3492
f 3502/4860/3493 3508/4858/3491 3501/4859/3492
f 3341/4646/3338 3324/4624/3322 3325/3711/2664
f 3487/4847/3483 3325/3711/2664 2692/3755/2694
f 3469/4861/3461 3462/4834/3453 3463/4857/3465
f 1123/1542/1122 1126/1546/1126 2386/3325/2393
f 1955/2768/1962 3503/2920/2086 2094/2924/2090
f 1727/2419/1729 1730/2421/1731 3504/4862/3494
f 1126/1546/1126 3488/4842/3478 2386/3325/2393
f 3483/4840/3476 3482/4839/3475 3507/4863/3495
f 3483/4840/3476 3507/4863/3495 3505/4864/3496
f 2388/3324/2392 3488/4842/3478 3492/4843/3479
f 3507/4863/3495 3476/4831/3469 3491/4852/3487
f 3482/4839/3475 3476/4831/3469 3507/4863/3495
f 3039/4851/3046 3040/4247/3048 3491/4852/3487
f 3401/4718/3389 3261/4521/3251 3435/4540/3264
f 3491/4852/3487 3040/4247/3048 3058/4246/3065
f 3491/4852/3487 3509/4865/3497 3507/4863/3495
f 3509/4865/3497 3491/4852/3487 3058/4246/3065
f 1740/2446/1748 3511/4866/3498 3488/4842/3478
f 3488/4842/3478 3511/4866/3498 3492/4843/3479
f 3340/4647/3339 3341/4646/3338 3490/4849/3485
f 3247/4500/3239 3475/4829/3468 2975/4830/2927
f 3480/4867/2925 2975/4830/2927 3475/4829/3468
f 3451/4776/3437 3472/4820/3463 1743/2448/1750
f 1740/2446/1748 3488/4842/3478 1126/1546/1126
f 3396/4868/3499 3368/4683/3359 1619/4705/3378
f 3480/4867/2925 3475/4829/3468 3508/4858/3491
f 3506/4869/3500 3422/4837/3472 3484/4836/3473
f 3441/4757/3423 3497/4870/3501 3440/4758/3424
f 3440/4758/3424 3497/4870/3501 3496/4854/3489
f 3500/4871/3502 3422/4872/3472 3506/4873/3500
f 3396/4868/3499 3367/4682/3358 3368/4683/3359
f 3507/4863/3495 3509/4865/3497 3505/4864/3496
f 1637/2279/1649 2094/2924/2090 1636/2402/1721
f 2887/4016/2894 1618/2363/1700 3503/2920/2086
f 3513/4874/3503 3505/4864/3496 3509/4865/3497
f 3485/4838/3474 3390/4709/3381 3481/4841/3477
f 3388/4707/3379 3514/4875/3504 3415/4730/3401
f 3406/1218/889 3471/4304/3100 3489/4808/3457
f 1690/2365/1702 3503/2920/2086 1618/2363/1700
f 3396/4868/3499 1619/4705/3378 1627/4710/3382
f 3441/4757/3423 3515/4876/3505 3497/4870/3501
f 3467/4813/3459 3471/4304/3100 3468/4234/3055
f 1689/2759/1957 3503/2920/2086 1690/2365/1702
f 1627/4710/3382 3516/4821/3464 3431/4877/3506
f 2094/2924/2090 3503/2920/2086 1689/2759/1957
f 1689/2759/1957 1636/2402/1721 2094/2924/2090
f 3517/4878/3507 3484/4879/3473 3465/4825/3456
f 1637/2279/1649 2089/2918/2084 2094/2924/2090
f 3442/4880/3508 3421/4732/3403 3362/4708/3380
f 3442/4880/3508 3362/4708/3380 3422/4835/3472
f 3415/4730/3401 3519/4881/3509 3451/4776/3437
f 1632/2281/1644 2089/2918/2084 1637/2279/1649
f 3406/1218/889 887/1217/888 3471/4304/3100
f 1632/2281/1644 2090/2919/2085 2089/2918/2084
f 1632/2274/1644 1634/2276/1646 2090/4882/2085
f 3421/4732/3403 3442/4880/3508 3452/4778/3439
f 3340/4647/3339 3490/4849/3485 3416/4883/3510
f 3333/4634/3330 3481/4841/3477 3390/4709/3381
f 3448/4769/3434 3288/4583/3296 3411/4728/3399
f 3422/4872/3472 3520/4884/3511 3442/4885/3508
f 3422/4872/3472 3500/4871/3502 3520/4884/3511
f 3502/4860/3493 3521/4886/3512 3479/4887/3470
f 3411/4728/3399 3340/4647/3339 3416/4883/3510
f 3494/4845/3481 2889/4027/2902 2771/4023/2898
f 3523/4888/3513 3904/4889/3514 3500/4890/3502
f 3485/4838/3474 3481/4841/3477 3482/4839/3475
f 254/296/242 412/569/439 3406/1218/889
f 3497/4870/3501 3515/4876/3505 3524/4891/3515
f 3524/4891/3515 3515/4876/3505 3525/4892/3450
f 3520/4884/3511 3500/4871/3502 3526/4893/3516
f 2685/4894/2685 2544/4609/2543 3423/4735/3406
f 3526/4893/3516 3527/4895/3517 3520/4884/3511
f 3534/4896/3518 3485/4838/3474 3528/4897/3519
f 3483/4840/3476 3528/4897/3519 3485/4838/3474
f 3500/4871/3502 3529/4898/3520 3526/4893/3516
f 3528/4897/3519 3483/4840/3476 3628/4899/3521
f 3475/4829/3468 3534/4896/3518 3501/4859/3492
f 3530/4900/3522 1863/4901/3523 3535/4902/3524
f 2922/4139/2985 2325/3247/2336 2327/3251/2339
f 3492/4843/3479 3511/4866/3498 3536/4903/3525
f 3499/4853/3488 3493/4844/3480 3492/4843/3479
f 3492/4843/3479 3536/4903/3525 3499/4853/3488
f 3526/4893/3516 3541/4904/3526 3527/4895/3517
f 2061/3250/2338 2325/3247/2336 2922/4139/2985
f 2327/3251/2339 3543/4905/3527 2922/4139/2985
f 3431/4877/3506 3396/4868/3499 1627/4710/3382
f 3527/4895/3517 3452/4906/3439 3520/4884/3511
f 3452/4906/3439 3442/4885/3508 3520/4884/3511
f 3527/4895/3517 3545/4907/3528 3452/4906/3439
f 3538/1412/1027 3542/4908/3529 3537/3729/2678
f 3452/4906/3439 3545/4907/3528 3546/4909/3530
f 3496/4854/3489 3532/4910/3531 3533/4911/3532
f 3496/4854/3489 3497/4870/3501 3532/4910/3531
f 3497/4870/3501 3524/4891/3515 3532/4910/3531
f 3548/4912/3533 3502/4860/3493 3501/4859/3492
f 3502/4860/3493 3548/4912/3533 3521/4886/3512
f 3391/4711/3383 3550/4913/3534 2136/2951/2113
f 3407/4727/3398 3435/4540/3264 3510/4914/3535
f 3401/4718/3389 3435/4540/3264 3407/4727/3398
f 3552/4915/3536 3553/4916/3537 3554/4917/3538
f 3423/4735/3406 3407/4727/3398 3510/4914/3535
f 3550/4913/3534 2137/2988/2137 2136/2951/2113
f 3552/4915/3536 1315/1821/1342 3553/4916/3537
f 3528/4897/3519 3501/4859/3492 3534/4896/3518
f 2337/3261/2348 3543/4918/3527 3544/4919/3539
f 3556/4920/3540 1314/1822/1343 3552/4915/3536
f 3245/4488/3232 3237/4487/3231 3390/4709/3381
f 3582/4921/3541 3548/4912/3533 3557/4922/3542
f 1315/1821/1342 3552/4915/3536 1314/1822/1343
f 2337/3261/2348 2925/4163/2988 3543/4918/3527
f 2535/3528/2536 3538/1412/1027 3537/3729/2678
f 3963/4923/3543 3510/4914/3535 3434/4753/3421
f 3490/4849/3485 4010/4924/3544 3498/4925/3545
f 2337/3261/2348 3544/4919/3539 2275/3176/2279
f 3538/1412/1027 2535/3528/2536 952/1413/1028
f 3534/4896/3518 3475/4829/3468 3245/4488/3232
f 2063/2885/2058 2337/3261/2348 2330/3252/2340
f 2926/4072/2932 2337/3261/2348 2063/2885/2058
f 2775/3854/2775 3559/1671/1229 2747/3855/2776
f 2416/3361/2423 2357/4926/3546 2279/3283/2363
f 3534/4896/3518 3390/4709/3381 3485/4838/3474
f 951/1319/953 3558/4927/3547 3538/1412/1027
f 3245/4488/3232 3390/4709/3381 3534/4896/3518
f 1009/4928/1006 951/1319/953 945/1318/944
f 951/1319/953 1009/4928/1006 3558/4927/3547
f 3416/4883/3510 3498/4925/3545 3444/4761/3427
f 3444/4761/3427 3411/4728/3399 3416/4883/3510
f 3562/4929/3548 3561/4930/3549 4101/4931/3550
f 1234/2230/1609 2747/3855/2776 1224/1673/1231
f 3498/4925/3545 3416/4883/3510 3490/4849/3485
f 3423/4735/3406 3510/4914/3535 2685/4894/2685
f 3564/4932/3551 2456/3426/2464 2459/3425/2463
f 3587/4933/3552 3564/4932/3551 3565/4934/3553
f 3566/4935/3554 3567/4936/3555 3568/4937/3556
f 2362/3296/2372 2363/3298/2373 3560/4938/2425
f 3567/4936/3555 3569/4939/3557 3568/4937/3556
f 3404/4722/3393 3550/4913/3534 3391/4711/3383
f 3573/4940/3558 3574/4941/3559 3579/4942/3560
f 2747/3855/2776 3559/1671/1229 1224/1673/1231
f 3451/4776/3437 3519/4881/3509 3572/4943/3561
f 2416/3361/2423 3560/3363/2425 2357/4926/3546
f 3451/4776/3437 3572/4943/3561 3472/4820/3463
f 2137/2988/2137 3550/4913/3534 3589/4944/3562
f 2327/3251/2339 2357/4926/3546 3560/3363/2425
f 2324/3246/2335 2279/3283/2363 2357/4926/3546
f 2327/3251/2339 2324/3246/2335 2357/4926/3546
f 2137/2988/2137 3589/4944/3562 2154/3004/2149
f 3554/4917/3538 3553/4916/3537 3575/4945/3563
f 3576/4946/3564 3568/4937/3556 3577/4947/3565
f 3575/4945/3563 3553/4916/3537 2850/3972/2862
f 2850/3972/2862 3553/4916/3537 3578/4948/3566
f 2850/3972/2862 3578/4948/3566 2775/3973/2775
f 3543/4905/3527 2327/3251/2339 3544/4949/3539
f 3559/1690/1229 2775/3973/2775 3578/4948/3566
f 3524/4891/3515 3576/4946/3564 3532/4910/3531
f 1315/1821/1342 3578/4948/3566 3553/4916/3537
f 1031/1416/1031 1009/1386/1006 895/1387/1007
f 3580/4950/3567 3570/4951/3568 3579/4942/3560
f 3581/4952/3569 3450/4772/3436 3453/4777/3438
f 3521/4886/3512 3582/4921/3541 3555/4953/3570
f 3550/4913/3534 3404/4722/3393 3610/4954/3571
f 3496/4854/3489 3453/4777/3438 3443/4760/3426
f 3570/4951/3568 3580/4950/3567 3571/4955/3572
f 3582/4921/3541 3521/4886/3512 3548/4912/3533
f 3583/4956/3573 3571/4955/3572 3580/4950/3567
f 3464/4823/3454 3478/4957/3455 3563/4958/3574
f 1034/4959/3431 1009/1386/1006 1031/1416/1031
f 496/667/508 526/4759/3425 1031/4960/1031
f 3584/4961/3575 3478/4957/3455 3726/4962/3576
f 3585/4963/3577 3581/4952/3569 3586/4964/3578
f 1718/2396/1718 3726/4965/3576 3478/4806/3455
f 3583/4966/3573 2470/3915/2819 3587/4933/3552
f 3588/4967/3579 3589/4944/3562 3610/4954/3571
f 3571/4968/3572 3583/4966/3573 3587/4933/3552
f 3610/4954/3571 3589/4944/3562 3550/4913/3534
f 2462/3434/2468 3590/4969/3580 2470/3915/2819
f 2462/3434/2468 2456/3426/2464 3590/4969/3580
f 2470/3915/2819 3590/4969/3580 3587/4933/3552
f 3532/4910/3531 3576/4946/3564 3533/4911/3532
f 3589/4944/3562 3591/4970/3581 2154/3004/2149
f 3590/4969/3580 3564/4932/3551 3587/4933/3552
f 3564/4932/3551 3590/4969/3580 2456/3426/2464
f 3562/4929/3548 3582/4921/3541 3561/4930/3549
f 3593/4971/3582 3395/4747/3416 3397/4746/3415
f 3594/4972/3583 3596/4973/3584 3591/4974/3581
f 3594/4972/3583 3589/4975/3562 3588/4976/3579
f 3560/3363/2425 3544/4949/3539 2327/3251/2339
f 3589/4944/3562 3594/4977/3583 3591/4970/3581
f 3568/4937/3556 3576/4946/3564 3566/4935/3554
f 2275/3176/2279 2363/3298/2373 2282/3187/2290
f 2363/3298/2373 2275/3176/2279 3544/4919/3539
f 3544/4919/3539 3560/4938/2425 2363/3298/2373
f 3419/4797/3449 3420/4796/3448 3597/4978/3585
f 3524/4891/3515 3525/4892/3450 3598/4979/3586
f 3597/4978/3585 3420/4796/3448 3581/4980/3569
f 3596/4973/3584 3599/4981/3587 3591/4974/3581
f 1315/1821/1342 1241/1691/1244 3578/4948/3566
f 1034/4982/3431 3558/4927/3547 1009/4928/1006
f 3450/4803/3436 3581/4980/3569 3420/4796/3448
f 1034/4983/3431 3271/4543/3265 3558/4927/3547
f 3271/4543/3265 3601/4984/3588 3558/4927/3547
f 3604/4985/3589 3082/4279/3081 3083/4281/3083
f 3209/4443/3202 3082/4343/3081 3604/4986/3589
f 3472/4820/3463 3600/4987/3590 1730/4819/1731
f 3600/4987/3590 3472/4820/3463 3572/4943/3561
f 3586/4964/3578 3581/4952/3569 3453/4777/3438
f 1730/2421/1731 3600/4988/3590 3504/4862/3494
f 3586/4964/3578 3453/4777/3438 3533/4911/3532
f 3496/4854/3489 3533/4911/3532 3453/4777/3438
f 3558/4927/3547 3601/4984/3588 3538/1412/1027
f 3605/4989/3591 3538/1412/1027 3601/4984/3588
f 3576/4946/3564 3524/4891/3515 3598/4979/3586
f 3576/4946/3564 3598/4979/3586 3566/4935/3554
f 2926/4072/2932 2925/4163/2988 2337/3261/2348
f 3271/4739/3265 1034/4766/3431 3269/4591/3300
f 2925/4142/2988 2922/4139/2985 3543/4905/3527
f 3479/4832/3470 3555/4990/3570 2919/4062/2923
f 3585/4991/3577 3607/4992/3592 3597/4978/3585
f 3591/4974/3581 3599/4981/3587 2160/4993/3593
f 3563/4958/3574 3516/4821/3464 3464/4823/3454
f 3591/4994/3581 2160/4995/3593 2154/3008/2149
f 2160/4995/3593 1204/1647/1209 2154/3008/2149
f 3608/4996/3594 3417/4745/3414 3609/4997/3595
f 3597/4978/3585 3609/4997/3595 3417/4745/3414
f 3578/4948/3566 1241/1691/1244 3559/1690/1229
f 3357/4669/3351 3441/4757/3423 3301/4579/3292
f 3402/4721/3392 3449/4768/3433 3404/4722/3393
f 3560/4938/2425 2423/3431/2424 2362/3296/2372
f 3357/4775/3351 3409/4774/3396 3460/4791/3446
f 3460/4998/3446 3441/4757/3423 3357/4669/3351
f 3449/4768/3433 3610/4954/3571 3404/4722/3393
f 3461/4799/3451 3460/4791/3446 3412/4790/3445
f 2419/3331/2398 2441/3440/2465 2416/3368/2423
f 2423/4999/2424 2416/3368/2423 2441/3440/2465
f 3610/4954/3571 3449/4768/3433 3612/5000/3596
f 3606/4297/3094 3574/4941/3559 3092/4291/3091
f 3525/4892/3450 3515/4876/3505 3460/4998/3446
f 3611/4770/3435 3612/5000/3596 3449/4768/3433
f 2832/5001/3597 2809/3911/2815 3495/4850/3486
f 3581/4980/3569 3585/4991/3577 3597/4978/3585
f 3460/4998/3446 3515/4876/3505 3441/4757/3423
f 3417/4745/3414 3608/4996/3594 3397/4746/3415
f 2835/3947/2842 2834/3946/2841 2846/4030/2904
f 2868/5002/2926 2919/4062/2923 3555/4990/3570
f 3610/4954/3571 3612/5000/3596 3588/4967/3579
f 2834/3946/2841 3345/4651/3341 3614/5003/3598
f 3612/5004/3596 3616/5005/3599 3594/4972/3583
f 3612/5004/3596 3594/4972/3583 3588/4976/3579
f 3478/4957/3455 3615/5006/3600 3563/4958/3574
f 3615/5006/3600 3478/4957/3455 3584/4961/3575
f 3611/4770/3435 3617/5007/3601 3612/5000/3596
f 3612/5004/3596 3617/5008/3601 3616/5005/3599
f 2846/4030/2904 2834/3946/2841 3614/5003/3598
f 3603/5009/3602 3092/4291/3091 3574/4941/3559
f 3603/5009/3602 3602/5010/3603 3092/4291/3091
f 3584/5011/3575 3600/4987/3590 3615/5012/3600
f 3602/5010/3603 3083/4281/3083 3092/4291/3091
f 3604/4985/3589 3083/4281/3083 3602/5010/3603
f 1034/4766/3431 1031/4960/1031 526/4759/3425
f 3504/5013/3494 3600/4987/3590 3584/5011/3575
f 132/133/119 1684/5014/1689 1725/3616/1724
f 3597/4978/3585 3417/4745/3414 3419/4797/3449
f 2507/4613/2509 812/1120/818 814/1121/815
f 3596/4973/3584 3594/4972/3583 3616/5005/3599
f 3501/4859/3492 3528/4897/3519 3557/4922/3542
f 2957/5015/3604 2844/3960/2854 3183/4420/3186
f 3616/5005/3599 3618/5016/3605 3596/4973/3584
f 2958/4109/2962 2844/3960/2854 2957/5015/3604
f 2846/5017/2904 3575/4945/3563 2850/3972/2862
f 2228/3111/2232 3622/5018/3606 3623/5019/3607
f 2228/3111/2232 2222/5020/2221 3622/5018/3606
f 2228/3111/2232 2210/3075/2207 2222/5020/2221
f 3624/5021/3608 3622/5018/3606 2222/5020/2221
f 3557/4922/3542 3548/4912/3533 3501/4859/3492
f 2222/5020/2221 2223/5022/2222 3624/5021/3608
f 3624/5021/3608 3625/5023/3609 3622/5018/3606
f 3625/5023/3609 3626/5024/3610 3622/5018/3606
f 3626/5024/3610 3623/5019/3607 3622/5018/3606
f 3627/5025/3611 3623/5019/3607 3626/5024/3610
f 2223/3095/2222 2254/3143/2258 3624/5026/3608
f 2254/3143/2258 3625/5027/3609 3624/5026/3608
f 3480/4867/2925 3508/4858/3491 3502/4860/3493
f 3628/4899/3521 3483/4840/3476 3505/4864/3496
f 3611/4770/3435 3449/4768/3433 3446/4764/3429
f 3479/4887/3470 3480/4867/2925 3502/4860/3493
f 3495/4850/3486 3613/5028/3612 2832/5001/3597
f 3499/4853/3488 3613/5028/3612 3495/4850/3486
f 3630/5029/3613 3629/5030/3614 3613/5031/3612
f 3628/4899/3521 3505/4864/3496 4015/5032/3615
f 3505/4864/3496 3513/4874/3503 4015/5032/3615
f 3461/4799/3451 3631/5033/3616 3525/4798/3450
f 2957/5015/3604 3619/5034/3010 2958/4109/2962
f 2215/3086/2213 2228/3117/2232 2340/5035/2349
f 3479/4887/3470 3521/4886/3512 3555/4953/3570
f 2252/3141/2257 3632/5036/3617 2224/3097/2223
f 2224/3097/2223 3632/5036/3617 2254/3143/2258
f 3633/5037/3618 3634/5038/3619 3614/5003/3598
f 3592/5039/3620 3636/5040/3621 3635/5041/3622
f 3345/4651/3341 3633/5037/3618 3614/5003/3598
f 2252/3141/2257 2256/3146/2260 3632/5036/3617
f 2256/3146/2260 3637/5042/3623 3632/5036/3617
f 2257/3149/2261 3637/5043/3623 2256/3242/2260
f 2254/3143/2258 3638/5044/3624 3625/5027/3609
f 3619/5034/3010 2957/5015/3604 2965/5045/2968
f 2257/3149/2261 3639/5046/3625 3637/5043/3623
f 3582/4921/3541 3592/5047/3620 3555/4953/3570
f 3640/5048/3626 3641/5049/3627 3642/5050/3628
f 3582/4921/3541 3562/4929/3548 3592/5047/3620
f 3638/5044/3624 3632/5036/3617 3643/5051/3629
f 3638/5044/3624 2254/3143/2258 3632/5036/3617
f 3643/5051/3629 3642/5052/3628 3641/5053/3627
f 3636/5040/3621 4200/5054/3630 3635/5041/3622
f 3643/5051/3629 3644/5055/3631 3642/5052/3628
f 3645/5056/3632 3614/5003/3598 3634/5038/3619
f 3619/5034/3010 2963/4115/2967 2958/4109/2962
f 3643/5051/3629 3641/5053/3627 3638/5044/3624
f 3595/5057/3633 3598/5058/3586 3646/5059/3634
f 3648/5060/3635 3646/5059/3634 3598/5058/3586
f 3638/5044/3624 3641/5053/3627 3626/5061/3610
f 3645/5056/3632 3554/5062/3538 3614/5003/3598
f 3614/5003/3598 3554/5062/3538 2846/4030/2904
f 3546/5063/3530 3611/4770/3435 3452/4778/3439
f 3598/4979/3586 3595/5064/3633 3566/4935/3554
f 3638/5044/3624 3626/5061/3610 3625/5027/3609
f 3058/5065/3065 3061/4254/3066 3647/5066/3636
f 3525/4798/3450 3648/5060/3635 3598/5058/3586
f 3317/4661/3313 3315/4643/3315 3319/4644/3337
f 3647/5066/3636 3061/4254/3066 868/1185/866
f 3061/4254/3066 3053/1144/836 868/1185/866
f 3643/5051/3629 3649/5067/3637 3644/5055/3631
f 2952/4104/2957 3619/4168/3010 2965/4116/2968
f 3637/5042/3623 3649/5067/3637 3632/5036/3617
f 3643/5051/3629 3632/5036/3617 3649/5067/3637
f 3649/5068/3637 3639/5046/3625 3644/5069/3631
f 3620/5070/3638 3600/4987/3590 3572/4943/3561
f 1379/1878/1392 3100/4308/3099 1375/1874/1388
f 3100/4308/3099 1366/1862/1379 1375/1874/1388
f 3100/4303/3099 3653/5071/3639 3099/4302/3098
f 4124/5072/3640 3654/5073/1288 3655/5074/3641
f 3647/5075/3636 3650/5076/3642 3651/5077/3643
f 1267/1744/1277 3607/4992/3592 3585/4991/3577
f 3656/5078/3644 3657/5079/3645 3653/5080/3639
f 1379/1878/1392 1378/1877/1391 3658/5081/3646
f 1379/1878/1392 3659/5082/3647 3660/5083/3648
f 3653/5080/3639 3661/5084/3649 3656/5078/3644
f 3657/5079/3645 1318/4779/1327 3101/5085/3102
f 3654/5073/1288 3585/4963/3577 3655/5074/3641
f 3455/4780/3440 1318/4779/1327 3657/5079/3645
f 3660/5083/3648 3100/4308/3099 1379/1878/1392
f 3647/5066/3636 868/1185/866 3650/5086/3642
f 3657/5087/3645 3099/4302/3098 3653/5071/3639
f 936/5088/3650 3650/5086/3642 868/1185/866
f 3546/5063/3530 3617/5007/3601 3611/4770/3435
f 868/1185/866 867/1184/865 936/5088/3650
f 2846/5017/2904 3554/4917/3538 3575/4945/3563
f 936/5088/3650 3663/5089/3651 3664/5090/3652
f 3545/5091/3528 3617/5008/3601 3546/5092/3530
f 3545/5091/3528 3665/5093/3653 3617/5008/3601
f 961/5094/3654 867/1184/865 834/1280/930
f 961/5094/3654 936/5088/3650 867/1184/865
f 3574/4941/3559 3573/4940/3558 3603/5009/3602
f 3101/5095/3102 3099/4302/3098 3657/5087/3645
f 1267/1744/1277 3597/4978/3585 3607/4992/3592
f 3617/5008/3601 3618/5016/3605 3616/5005/3599
f 3659/5096/3647 3661/5097/3649 3653/5071/3639
f 3653/5071/3639 3660/5098/3648 3659/5096/3647
f 3653/5071/3639 3100/4303/3099 3660/5098/3648
f 3545/4907/3528 3667/5099/3655 3665/5100/3653
f 3659/5082/3647 1379/1878/1392 3658/5081/3646
f 3665/5093/3653 3618/5016/3605 3617/5008/3601
f 3527/4895/3517 3541/4904/3526 3667/5099/3655
f 2268/3168/2272 3668/5101/3656 2272/3190/2293
f 3557/4922/3542 3561/4930/3549 3582/4921/3541
f 3557/4922/3542 3528/4897/3519 3628/4899/3521
f 3669/5102/3657 3662/5103/3658 3606/4297/3094
f 2078/2908/2076 3671/4200/3028 3025/2929/2095
f 3618/5016/3605 3672/5104/3659 3670/5105/3660
f 2685/3741/2685 3486/5106/3661 2684/3740/2684
f 3662/5103/3658 3574/4941/3559 3606/4297/3094
f 2062/2889/2061 3712/3123/2227 2140/3102/2224
f 3673/5107/3662 3661/5097/3649 3659/5096/3647
f 3659/5082/3647 3658/5081/3646 3674/5108/3663
f 1378/1877/1391 1372/1871/1385 3675/5109/3664
f 1372/1871/1385 1371/1870/1384 3675/5109/3664
f 1371/1908/1384 110/107/97 3675/5110/3664
f 3669/5102/3657 3606/4297/3094 3096/4299/3096
f 3486/5106/3661 3676/5111/3665 2684/3740/2684
f 3025/2929/2095 3021/4201/3031 3006/4165/3008
f 4101/4931/3550 3561/4930/3549 3557/4922/3542
f 3678/5112/3666 3679/5113/3667 3680/5114/3668
f 3587/4933/3552 3565/4934/3553 3571/4968/3572
f 3684/5115/3669 3678/5112/3666 3399/5116/3670
f 3681/5117/3671 2994/5118/3672 3706/5119/3673
f 3663/5089/3651 936/5088/3650 961/5094/3654
f 3400/4717/3388 3399/5116/3670 3393/4716/3387
f 3436/4748/3417 3437/4749/3418 3686/5120/3674
f 4101/4931/3550 3557/4922/3542 3628/4899/3521
f 3677/5121/3675 3565/4934/3553 3687/5122/3676
f 4101/4931/3550 3628/4899/3521 4015/5032/3615
f 4124/5072/3640 3655/5074/3641 3688/5123/3677
f 3666/5124/3678 3671/4200/3028 2078/2908/2076
f 3568/4937/3556 3569/4939/3557 3688/5123/3677
f 3684/5115/3669 3679/5113/3667 3678/5112/3666
f 3093/4289/3090 2994/5125/3672 3081/4283/3085
f 3684/5115/3669 3690/5126/3679 3679/5113/3667
f 3564/4932/3551 3682/5127/3680 3565/4934/3553
f 3688/5123/3677 3577/4947/3565 3568/4937/3556
f 3684/5115/3669 3399/5116/3670 3689/5128/3681
f 2459/3425/2463 2563/3563/2562 3564/4932/3551
f 2563/3563/2562 3682/5127/3680 3564/4932/3551
f 3691/5129/3682 3684/5115/3669 3689/5128/3681
f 3682/5127/3680 3692/3943/2838 3565/4934/3553
f 3689/5128/3681 3399/5116/3670 3400/4717/3388
f 2564/3564/2563 3692/3943/2838 3682/5127/3680
f 3708/5130/3683 2691/4848/3484 2693/3754/2693
f 2693/3754/2693 2691/4848/3484 2692/3755/2694
f 3686/5120/3674 3430/4742/3411 3436/4748/3417
f 3650/5131/3642 3664/5132/3652 3651/5133/3643
f 3650/5086/3642 936/5088/3650 3664/5134/3652
f 3651/5133/3643 3664/5132/3652 3694/5135/3684
f 3688/5123/3677 3655/5074/3641 3577/4947/3565
f 3586/4964/3578 3577/4947/3565 3655/5074/3641
f 3696/5136/3685 3456/4782/3442 3457/4783/3443
f 3683/5137/3686 2994/5125/3672 3681/5138/3671
f 3696/5136/3685 3695/5139/3687 3456/4782/3442
f 2982/5140/3093 2994/5125/3672 3093/4289/3090
f 3696/5136/3685 3697/5141/3688 3695/5139/3687
f 3683/5137/3686 3081/4283/3085 2994/5125/3672
f 2563/3563/2562 2564/3564/2563 3682/5127/3680
f 3603/5009/3602 3604/4985/3589 3602/5010/3603
f 2698/5142/3689 2697/3758/2696 2684/3740/2684
f 3604/4985/3589 3603/5009/3602 3677/5143/3675
f 3676/5111/3665 3698/5144/3690 2684/3740/2684
f 2697/3758/2696 2660/3703/2659 2684/3740/2684
f 3518/4020/2897 2056/4022/2054 3699/5145/3691
f 2694/3759/2692 3685/5146/3692 2693/5147/2693
f 2794/4130/2979 2979/5148/3693 2982/4295/3093
f 2272/5149/2293 2257/3149/2261 3666/5150/3678
f 2982/5140/3093 2979/5151/3693 3706/5152/3673
f 3706/5152/3673 2994/5125/3672 2982/5140/3093
f 2803/4129/2978 2979/5148/3693 2794/4130/2979
f 3585/4963/3577 3586/4964/3578 3655/5074/3641
f 3695/5153/3687 3458/4793/3444 3456/4787/3442
f 2056/2880/2054 3700/5154/3694 3699/5155/3691
f 2056/2880/2054 3024/4199/3030 3700/5154/3694
f 3577/4947/3565 3586/4964/3578 3533/4911/3532
f 3576/4946/3564 3577/4947/3565 3533/4911/3532
f 3458/4793/3444 3695/5153/3687 3691/5156/3682
f 3691/5129/3682 3689/5128/3681 3458/4788/3444
f 3004/4174/3014 2142/2992/2141 3005/4173/3013
f 3518/4020/2897 1618/2363/1700 2887/4016/2894
f 1617/5157/3695 1618/2363/1700 3518/4020/2897
f 3400/4717/3388 3458/4788/3444 3689/5128/3681
f 3699/5158/3691 3701/5159/3696 3518/5160/2897
f 3004/4174/3014 789/5161/811 2142/2992/2141
f 3677/5121/3675 3687/5122/3676 3604/4986/3589
f 3565/4934/3553 3692/3943/2838 3687/5122/3676
f 3631/5162/3616 3461/4802/3451 3430/4742/3411
f 3604/4986/3589 3687/5122/3676 3209/4443/3202
f 3712/3106/2227 3703/5163/3697 2141/3060/2196
f 3486/5106/3661 3708/5164/3683 3676/5111/3665
f 3706/5119/3673 1582/2202/1597 3707/5165/3698
f 3692/3943/2838 3209/4443/3202 3687/5122/3676
f 3703/5163/3697 1718/2396/1718 2048/2868/2046
f 3705/5166/3699 3676/5111/3665 3708/5164/3683
f 3703/5163/3697 2048/2868/2046 2141/3060/2196
f 3518/5160/2897 3701/5159/3696 1617/5167/3695
f 3708/5168/3683 3685/5146/3692 3705/5169/3699
f 3700/5154/3694 3024/4199/3030 3028/4209/3035
f 3666/5124/3678 2147/2907/2075 2272/3190/2293
f 3666/5124/3678 2078/2908/2076 2147/2907/2075
f 2046/2865/2043 2599/2864/2036 2257/3149/2261
f 2151/2996/2145 3209/4443/3202 3692/3943/2838
f 2151/2996/2145 3692/3943/2838 2149/2994/2143
f 2142/2992/2141 744/1033/769 2139/2991/2140
f 2284/3209/2309 3709/5170/3700 3668/5101/3656
f 2284/3210/2309 3710/5171/3701 3709/5172/3700
f 789/5161/811 744/1033/769 2142/2992/2141
f 2341/3243/2332 1727/2419/1729 2387/3337/2404
f 2284/3209/2309 3668/5101/3656 2268/3168/2272
f 1466/1987/1477 3707/5165/3698 1582/2202/1597
f 3676/5111/3665 3705/5166/3699 3698/5144/3690
f 3028/4209/3035 3711/5173/3702 3700/5154/3694
f 2979/5174/3693 1582/2202/1597 3706/5119/3673
f 3144/4356/3143 3711/5173/3702 3028/4209/3035
f 3690/5126/3679 3704/5175/3703 3679/5113/3667
f 1234/2230/1609 1581/2197/1596 2748/3889/2799
f 3685/5176/3692 3708/5130/3683 2693/3754/2693
f 1581/2197/1596 2803/4129/2978 2748/3889/2799
f 2698/5142/3689 2684/3740/2684 3698/5144/3690
f 2819/3930/2825 3005/4173/3013 2132/2990/2139
f 2132/2990/2139 3005/4173/3013 2142/2992/2141
f 3571/4955/3572 3677/5143/3675 3570/4951/3568
f 3677/5121/3675 3571/4968/3572 3565/4934/3553
f 3677/5143/3675 3603/5009/3602 3570/4951/3568
f 2979/5148/3693 2803/4129/2978 1582/2205/1597
f 2146/2993/2142 789/1108/811 3004/4196/3014
f 2146/2993/2142 3004/4196/3014 2091/2925/2091
f 3666/5150/3678 2599/2864/2036 3671/4197/3028
f 1581/2197/1596 1582/2205/1597 2803/4129/2978
f 3713/5177/3704 3701/5159/3696 3699/5158/3691
f 3699/5158/3691 3700/5178/3694 3713/5177/3704
f 3700/5178/3694 3711/5179/3702 3713/5177/3704
f 2257/3149/2261 2599/2864/2036 3666/5150/3678
f 3668/5180/3656 2257/3149/2261 2272/5149/2293
f 3714/5181/3705 2257/3149/2261 3668/5180/3656
f 3033/4238/3059 3716/5182/3706 3717/5183/3707
f 3684/5115/3669 3691/5129/3682 3690/5126/3679
f 3570/4951/3568 3603/5009/3602 3573/4940/3558
f 3691/5129/3682 3718/5184/3708 3690/5126/3679
f 3717/5183/3707 2466/3441/2473 3033/4238/3059
f 3709/5172/3700 3710/5171/3701 3720/5185/3709
f 3034/4856/3490 3716/5182/3706 3033/4238/3059
f 3430/4742/3411 3686/5120/3674 3722/5186/3710
f 2183/3056/2192 2398/3336/2403 3712/3123/2227
f 3662/5103/3658 3723/5187/3711 3579/4942/3560
f 3579/4942/3560 3574/4941/3559 3662/5103/3658
f 3579/4942/3560 3570/4951/3568 3573/4940/3558
f 3705/5166/3699 3724/5188/3712 3698/5144/3690
f 3709/5170/3700 3714/5189/3705 3668/5101/3656
f 3720/5185/3709 3714/5190/3705 3709/5172/3700
f 3020/4190/3024 2927/4183/3006 2944/4102/2950
f 845/1260/918 842/1147/839 3717/5183/3707
f 915/1258/915 845/1260/918 3717/5183/3707
f 2694/3759/2692 3702/3760/2697 3685/5146/3692
f 3685/5146/3692 3702/3760/2697 3724/5191/3712
f 3721/5192/3713 3662/5103/3658 3669/5102/3657
f 3724/5191/3712 3705/5169/3699 3685/5146/3692
f 3702/3760/2697 2702/3763/2700 3725/5193/3714
f 1702/2364/1701 1618/2363/1700 1617/5157/3695
f 3727/5194/3715 3721/5192/3713 3715/5195/3716
f 3721/5192/3713 3669/5102/3657 3715/5195/3716
f 3702/3760/2697 3725/5193/3714 3724/5191/3712
f 3727/5196/3715 3715/5197/3716 3729/5198/3717
f 2707/3769/2706 2697/3758/2696 2698/5142/3689
f 3703/5163/3697 3730/5199/3718 3726/4965/3576
f 3731/5200/3719 3732/5201/3720 3648/5202/3635
f 3648/5202/3635 3722/5186/3710 3731/5200/3719
f 3731/5200/3719 3722/5186/3710 3733/5203/3721
f 3747/5204/3722 3729/5198/3717 3746/5205/3723
f 3729/5198/3717 3747/5204/3722 3734/5206/3724
f 3729/5198/3717 3715/5197/3716 3746/5205/3723
f 2466/3441/2473 842/1147/839 3050/1141/833
f 2707/3769/2706 2698/5142/3689 3735/5207/3725
f 3717/5183/3707 842/1147/839 2466/3441/2473
f 3096/4299/3096 3097/4384/3163 3737/5208/3726
f 3669/5102/3657 3096/4299/3096 3737/5208/3726
f 3016/4191/3025 1263/5209/1358 2927/4183/3006
f 1347/1842/1360 1340/1841/1359 1263/5209/1358
f 3738/5210/3727 3739/5211/3728 1702/2364/1701
f 3715/5195/3716 3669/5102/3657 3737/5208/3726
f 2285/3206/2306 3710/5171/3701 2284/3210/2309
f 2285/3206/2306 2321/4547/3269 3710/5171/3701
f 3722/5186/3710 3686/5120/3674 3733/5203/3721
f 1347/1842/1360 1263/5209/1358 3016/4191/3025
f 3740/5212/3729 3737/5213/3726 3097/4460/3163
f 3649/5068/3637 3637/5043/3623 3639/5046/3625
f 3740/5212/3729 3097/4460/3163 3217/4454/3211
f 3743/5214/3730 3740/5212/3729 3217/4454/3211
f 3726/4965/3576 1718/2396/1718 3703/5163/3697
f 3710/5171/3701 3728/5215/3731 3720/5185/3709
f 2321/4547/3269 3728/5215/3731 3710/5171/3701
f 2970/5216/2974 3032/5217/3033 3020/4190/3024
f 3728/5215/3731 2321/4547/3269 2584/3597/2586
f 3745/5218/3732 3744/5219/3733 3704/5175/3703
f 3715/5197/3716 3737/5213/3726 3746/5205/3723
f 3740/5212/3729 3746/5205/3723 3737/5213/3726
f 2584/3597/2586 2581/3598/2587 3728/5215/3731
f 3740/5212/3729 3747/5204/3722 3746/5205/3723
f 3761/5220/3734 3720/5185/3709 3728/5215/3731
f 3728/5215/3731 2581/3598/2587 3761/5220/3734
f 3216/4456/3212 3202/4464/3217 3743/5214/3730
f 2702/3763/2700 2723/3793/2726 3736/5221/3735
f 3716/5182/3706 915/1258/915 3717/5183/3707
f 2723/3793/2726 2702/3763/2700 2676/3727/2676
f 3738/5210/3727 1702/2364/1701 1617/5157/3695
f 2580/3596/2585 2720/3791/2725 2581/3598/2587
f 3217/4454/3211 3216/4456/3212 3743/5214/3730
f 2581/3598/2587 2720/3791/2725 2721/3790/2724
f 3749/5222/3736 3639/5046/3625 3714/5181/3705
f 2257/3149/2261 3714/5181/3705 3639/5046/3625
f 2724/3794/2727 2726/3796/2729 3202/4464/3217
f 3731/5200/3719 3751/5223/3737 3732/5201/3720
f 2726/3796/2729 2728/3798/2731 3747/5204/3722
f 2970/4122/2974 1308/1795/1321 3032/4204/3033
f 3743/5214/3730 3202/4464/3217 2726/3796/2729
f 3747/5204/3722 3743/5214/3730 2726/3796/2729
f 3747/5204/3722 3740/5212/3729 3743/5214/3730
f 3753/5224/3738 3741/5225/3739 3754/5226/3740
f 2752/3829/2757 3752/5227/3741 2723/3793/2726
f 3736/5221/3735 2723/3793/2726 3752/5227/3741
f 3725/5228/3714 3698/5144/3690 3724/5188/3712
f 3716/5229/3706 3748/5230/3742 915/1256/915
f 3698/5144/3690 3756/5231/3743 2698/5142/3689
f 915/1256/915 3748/5230/3742 914/1254/913
f 2698/5142/3689 3756/5231/3743 3735/5207/3725
f 914/1254/913 3748/5230/3742 1029/1414/1029
f 3698/5144/3690 3725/5228/3714 3756/5231/3743
f 3701/5159/3696 3754/5226/3740 3741/5225/3739
f 3355/4668/3350 3759/5232/3744 3356/4671/3352
f 3749/5233/3736 3714/5190/3705 3720/5185/3709
f 3741/5225/3739 3739/5234/3728 3738/5235/3727
f 3751/5223/3737 3731/5200/3719 3755/5236/3745
f 3701/5159/3696 3738/5235/3727 1617/5167/3695
f 3701/5159/3696 3741/5225/3739 3738/5235/3727
f 3683/5137/3686 3760/5237/3746 3758/5238/3747
f 3713/5177/3704 3754/5226/3740 3701/5159/3696
f 3760/5239/3746 3683/5240/3686 3681/5117/3671
f 3749/5233/3736 3761/5220/3734 3750/5241/3748
f 3736/5221/3735 3762/5242/3749 3725/5193/3714
f 3749/5233/3736 3720/5185/3709 3761/5220/3734
f 3725/5193/3714 2702/3763/2700 3736/5221/3735
f 3719/4665/3349 3354/4664/3348 3356/4671/3352
f 3356/4671/3352 3759/5232/3744 3763/5243/3750
f 3020/4190/3024 3032/5217/3033 3833/5244/3751
f 3742/5245/3752 3020/4190/3024 3833/5244/3751
f 3759/5232/3744 3355/4668/3350 3358/4674/3353
f 3764/4715/3386 3759/5232/3744 3358/4674/3353
f 3764/4715/3386 3678/5112/3666 3680/5114/3668
f 3188/5246/3753 2957/5015/3604 3183/4420/3186
f 3393/4716/3387 3678/5112/3666 3764/4715/3386
f 3399/5116/3670 3678/5112/3666 3393/4716/3387
f 3704/5175/3703 3766/5247/3754 3745/5218/3732
f 3393/4716/3387 3764/4715/3386 3385/4703/3376
f 3751/5223/3737 3646/5248/3634 3732/5201/3720
f 3348/4666/3345 3719/4665/3349 3034/5249/3490
f 3356/4671/3352 3763/5243/3750 3719/4665/3349
f 2707/3769/2706 3735/5207/3725 2749/3825/2754
f 3711/5179/3702 3144/5250/3143 3768/5251/3755
f 3748/5230/3742 3716/5229/3706 3034/5249/3490
f 3034/5249/3490 3719/4665/3349 3748/5230/3742
f 3713/5177/3704 3711/5179/3702 3765/5252/3756
f 3188/5246/3753 3183/4420/3186 3190/4425/3190
f 3755/5236/3745 3769/5253/3757 3751/5223/3737
f 3763/5243/3750 3770/5254/3758 3719/4665/3349
f 3767/5255/3759 3780/5256/3760 3188/5246/3753
f 3719/4665/3349 3770/5254/3758 3748/5230/3742
f 220/251/206 3697/5141/3688 3771/5257/3761
f 3767/5255/3759 3188/5246/3753 3190/4425/3190
f 3639/5046/3625 3749/5222/3736 3652/5258/3762
f 220/251/206 37/252/207 36/5259/3763
f 36/5259/3763 3697/5141/3688 220/251/206
f 36/5259/3763 3695/5139/3687 3697/5141/3688
f 37/5260/207 3766/5261/3754 36/5262/3763
f 3735/5207/3725 3774/3826/2755 2749/3825/2754
f 3690/5126/3679 3718/5184/3708 3704/5175/3703
f 3735/5207/3725 3775/5263/3764 3774/3826/2755
f 36/5262/3763 3718/5264/3708 3695/5153/3687
f 3766/5261/3754 3718/5264/3708 36/5262/3763
f 3504/4862/3494 3730/5265/3718 2387/3337/2404
f 3766/5247/3754 3704/5175/3703 3718/5184/3708
f 3032/4204/3033 1615/2256/1630 3367/4682/3358
f 3691/5156/3682 3695/5153/3687 3718/5264/3708
f 3646/5059/3634 3793/5266/3765 3595/5057/3633
f 2387/3337/2404 1727/2419/1729 3504/4862/3494
f 3772/5267/3766 3652/5258/3762 3749/5222/3736
f 3763/5243/3750 3759/5232/3744 3777/5268/3767
f 3770/5254/3758 3763/5243/3750 3777/5268/3767
f 3777/5268/3767 3776/5269/3768 3770/5254/3758
f 3768/5251/3755 3765/5252/3756 3711/5179/3702
f 3765/5252/3756 3754/5226/3740 3713/5177/3704
f 2387/3337/2404 3730/5265/3718 2398/3336/2403
f 3732/5201/3720 3646/5248/3634 3648/5202/3635
f 3648/5060/3635 3525/4798/3450 3631/5033/3616
f 3430/4742/3411 3722/5186/3710 3631/5162/3616
f 3768/5251/3755 3147/5270/3147 3781/5271/3769
f 3144/5250/3143 3147/5270/3147 3768/5251/3755
f 3648/5202/3635 3631/5162/3616 3722/5186/3710
f 3771/5257/3761 221/253/208 220/251/206
f 3219/4424/3189 3236/5272/3770 3190/4425/3190
f 225/5273/3771 3782/5274/3772 216/5275/203
f 3749/5233/3736 3773/5276/3773 3772/5277/3766
f 3773/5276/3773 3749/5233/3736 3750/5241/3748
f 3782/5278/3772 3757/1670/1228 3745/5218/3732
f 3745/5218/3732 3766/5247/3754 3782/5278/3772
f 3783/5279/3774 3773/5276/3773 3750/5241/3748
f 3784/5280/3775 3801/5281/3776 3752/5227/3741
f 3877/5282/3777 3032/4204/3033 3367/4682/3358
f 3767/5255/3759 3190/4425/3190 3785/5283/3778
f 3770/5254/3758 1029/1414/1029 3748/5230/3742
f 3776/5269/3768 1049/1443/1050 3770/5254/3758
f 1049/1443/1050 1029/1414/1029 3770/5254/3758
f 2721/3790/2724 2605/3792/2605 3783/5279/3774
f 3785/5283/3778 3190/4425/3190 3236/5272/3770
f 3779/5284/3779 3768/5251/3755 3781/5271/3769
f 3777/5268/3767 3759/5232/3744 3786/5285/3780
f 3786/5285/3780 3778/5286/3781 3777/5268/3767
f 3767/5287/3759 3785/5288/3778 3787/5289/3782
f 3768/5251/3755 3779/5284/3779 3765/5252/3756
f 3788/5290/3783 3706/5119/3673 3707/5165/3698
f 3789/5291/3784 1837/5292/3785 3790/5293/3786
f 3791/5294/3787 3790/5293/3786 1837/5292/3785
f 3782/5274/3772 3766/5261/3754 37/5260/207
f 3191/4417/3183 3787/5289/3782 3240/4479/3226
f 3785/5288/3778 3240/4479/3226 3787/5289/3782
f 3792/5295/3788 3767/5287/3759 3787/5289/3782
f 3736/5221/3735 3752/5227/3741 3762/5242/3749
f 3792/5295/3788 3787/5289/3782 3191/4417/3183
f 3151/4366/3150 1837/5292/3785 3789/5291/3784
f 3178/4416/3182 3792/5295/3788 3191/4417/3183
f 3151/4406/3150 1832/2567/1842 1837/5296/3785
f 2966/4117/2969 2965/4116/2968 3780/5297/3760
f 3646/5248/3634 3751/5223/3737 3793/5298/3765
f 3160/4377/3158 3153/4367/3151 3794/5299/3789
f 3656/5078/3644 3455/4780/3440 3657/5079/3645
f 3762/5300/3749 3756/5231/3743 3725/5228/3714
f 3674/5108/3663 64/64/54 66/63/56
f 3780/5297/3760 3767/5287/3759 3792/5295/3788
f 3674/5108/3663 41/5301/28 64/64/54
f 1378/1877/1391 41/5301/28 3674/5108/3663
f 3658/5081/3646 1378/1877/1391 3674/5108/3663
f 3656/5078/3644 3457/4783/3443 3455/4780/3440
f 3780/5297/3760 3792/5295/3788 2966/4117/2969
f 3656/5078/3644 3795/5302/3790 3457/4783/3443
f 3795/5302/3790 3696/5136/3685 3457/4783/3443
f 2966/4117/2969 3792/5295/3788 3178/4416/3182
f 3697/5141/3688 3696/5136/3685 3795/5302/3790
f 3151/4366/3150 3789/5291/3784 3153/4367/3151
f 3697/5141/3688 3795/5302/3790 3771/5257/3761
f 3795/5302/3790 3661/5084/3649 3796/5303/3791
f 3279/4557/3277 3797/5304/3792 2426/3376/2430
f 3797/5305/3792 3215/4452/3209 2426/4450/2430
f 3799/5306/3793 3778/5286/3781 3786/5285/3780
f 3797/5305/3792 3287/4586/3285 3798/5307/3794
f 3789/5291/3784 3794/5299/3789 3153/4367/3151
f 3219/4424/3189 3215/4452/3209 3797/5305/3792
f 3786/5285/3780 3680/5114/3668 3799/5306/3793
f 3680/5114/3668 3679/5113/3667 3799/5306/3793
f 3287/4586/3285 3797/5305/3792 3279/5308/3277
f 3730/5199/3718 3703/5163/3697 3712/3106/2227
f 3704/5175/3703 3799/5306/3793 3679/5113/3667
f 3778/5286/3781 3776/5269/3768 3777/5268/3767
f 3730/5265/3718 3712/3123/2227 2398/3336/2403
f 3799/5306/3793 3704/5175/3703 3744/5219/3733
f 3305/4585/3298 3798/5307/3794 3287/4586/3285
f 3759/5232/3744 3764/4715/3386 3786/5285/3780
f 3800/5309/3795 3775/5263/3764 3735/5207/3725
f 3735/5207/3725 3756/5231/3743 3800/5309/3795
f 3219/4424/3189 3797/5305/3792 3798/5307/3794
f 2721/3790/2724 3750/5241/3748 3761/5220/3734
f 2721/3790/2724 3783/5279/3774 3750/5241/3748
f 3151/4406/3150 1828/2561/1836 1832/2567/1842
f 2655/3737/2657 3537/3729/2678 3542/4908/3529
f 3762/5300/3749 3801/5310/3776 3756/5231/3743
f 3291/4566/3272 3286/4565/3284 3305/5311/3298
f 3305/5311/3298 3286/4565/3284 3225/4463/3216
f 3639/5046/3625 3652/5258/3762 3644/5069/3631
f 3225/4463/3216 3286/4565/3284 2463/3438/2471
f 3801/5310/3776 3800/5309/3795 3756/5231/3743
f 3584/5312/3575 3726/4965/3576 3730/5199/3718
f 3798/5307/3794 3236/5272/3770 3219/4424/3189
f 3661/5084/3649 3795/5302/3790 3656/5078/3644
f 3761/5220/3734 2581/3598/2587 2721/3790/2724
f 3659/5082/3647 3674/5108/3663 3673/5313/3662
f 3673/5107/3662 3796/5314/3791 3661/5097/3649
f 1500/2412/1514 1519/2417/1704 1709/2418/1728
f 1500/2412/1514 1709/2418/1728 1726/2413/1725
f 1502/2411/1510 1726/2413/1725 1728/2414/1726
f 3675/5110/3664 42/29/29 1378/5315/1391
f 3675/5110/3664 110/107/97 42/29/29
f 1709/5316/1728 132/133/119 1726/5317/1725
f 1729/5318/1727 132/133/119 1709/5316/1728
f 1647/5319/1525 132/133/119 1729/5318/1727
f 1726/5317/1725 132/133/119 1728/5320/1726
f 41/28/28 1378/5315/1391 42/29/29
f 3752/5227/3741 3801/5281/3776 3762/5242/3749
f 3802/5321/3796 3754/5226/3740 3765/5252/3756
f 2228/3117/2232 3803/5322/3797 3804/5323/3798
f 3806/5324/3799 3807/5325/3800 3808/5326/3801
f 3311/4612/3314 2495/3474/2498 2841/3955/2850
f 3311/4612/3314 2841/3955/2850 3805/5327/3802
f 3311/4612/3314 3805/5327/3802 3316/4610/3312
f 3808/5326/3801 3809/5328/3803 3806/5324/3799
f 3807/5325/3800 3810/5329/3804 3808/5326/3801
f 3811/5330/3805 3812/5331/3806 3813/5332/3807
f 66/63/56 3673/5313/3662 3674/5108/3663
f 3813/5332/3807 3814/5333/3808 3811/5330/3805
f 3815/5334/3809 67/66/57 3816/5335/3810
f 66/63/56 67/66/57 3815/5334/3809
f 3809/5336/3803 3808/5337/3801 3813/5338/3807
f 3673/5313/3662 66/63/56 3815/5334/3809
f 3817/5339/3811 3809/5336/3803 3813/5338/3807
f 221/253/208 3771/5257/3761 238/276/226
f 3771/5257/3761 3818/5340/3812 238/276/226
f 3315/4643/3315 2878/4003/2884 2877/4002/2883
f 3786/5285/3780 3764/4715/3386 3680/5114/3668
f 3802/5321/3796 3819/5341/3813 3820/5342/3814
f 3798/5307/3794 3785/5283/3778 3236/5272/3770
f 3802/5321/3796 3820/5342/3814 3753/5224/3738
f 3016/4191/3025 3020/4190/3024 3742/5245/3752
f 3822/5343/3815 3686/5120/3674 3437/4749/3418
f 1469/1990/1480 1347/1842/1360 3016/4191/3025
f 3584/5344/3575 3730/5265/3718 3504/4862/3494
f 3823/5345/3816 3686/5120/3674 3824/5346/3817
f 3824/5346/3817 3686/5120/3674 3822/5343/3815
f 3733/5203/3721 3686/5120/3674 3823/5345/3816
f 3826/5347/3818 3827/5348/3819 3828/5349/3820
f 3788/5290/3783 3681/5117/3671 3706/5119/3673
f 3829/5350/3821 3828/5349/3820 3827/5348/3819
f 3822/5343/3815 3437/4749/3418 3394/4750/3419
f 3807/5325/3800 3828/5349/3820 3829/5350/3821
f 3829/5350/3821 3810/5329/3804 3807/5325/3800
f 3395/4752/3416 3822/5343/3815 3394/4750/3419
f 3822/5343/3815 3395/4752/3416 3593/5351/3582
f 3822/5343/3815 3593/5351/3582 3824/5346/3817
f 3830/5352/3822 3831/5353/3823 3832/5354/3824
f 3593/5351/3582 3834/5355/3825 3824/5346/3817
f 3835/5356/3826 3807/5325/3800 3806/5324/3799
f 3826/5347/3818 3828/5349/3820 3835/5356/3826
f 3836/5357/3827 3816/5335/3810 67/66/57
f 3826/5347/3818 3835/5356/3826 3837/5358/3828
f 3837/5358/3828 3830/5359/3822 3832/5360/3824
f 3805/5327/3802 2870/3996/2878 3838/5361/3829
f 3826/5347/3818 3837/5358/3828 3832/5360/3824
f 3835/5356/3826 3828/5349/3820 3807/5325/3800
f 3839/5362/3830 3834/5363/3825 3397/4746/3415
f 3838/5361/3829 3840/5364/3831 3805/5327/3802
f 3397/4746/3415 3834/5363/3825 3593/4971/3582
f 2841/3955/2850 2870/3996/2878 3805/5327/3802
f 3839/5362/3830 3397/4746/3415 3608/4996/3594
f 238/5365/226 3816/5366/3810 3836/5367/3827
f 3816/5366/3810 238/5365/226 3815/5368/3809
f 3796/5303/3791 3818/5340/3812 3795/5302/3790
f 3818/5340/3812 3771/5257/3761 3795/5302/3790
f 3844/5369/3832 2897/4034/2907 2862/3983/2868
f 3818/5370/3812 3815/5368/3809 238/5365/226
f 3796/5314/3791 3815/5368/3809 3818/5370/3812
f 2894/4031/2905 3844/5369/3832 2862/3983/2868
f 3845/5371/3833 2878/4003/2884 3902/5372/3834
f 3845/5371/3833 3902/5372/3834 3846/5373/3835
f 3844/5369/3832 2894/4031/2905 3847/5374/3836
f 3848/5375/3837 3753/5224/3738 3820/5342/3814
f 1469/1990/1480 3016/4191/3025 3742/5245/3752
f 3240/4479/3226 3785/5288/3778 3798/5376/3794
f 3798/5377/3794 3305/5311/3298 3240/4493/3226
f 3225/4463/3216 3240/4493/3226 3305/5311/3298
f 3849/5378/3838 3847/5374/3836 2894/4031/2905
f 3673/5107/3662 3815/5368/3809 3796/5314/3791
f 111/108/98 110/107/97 3850/5379/3839
f 42/29/29 110/107/97 104/100/90
f 1403/1906/1412 110/107/97 1400/1899/1410
f 123/120/110 3852/5380/3840 809/1099/808
f 3850/5379/3839 1403/1906/1412 3852/5380/3840
f 2875/4004/2885 2878/4003/2884 3845/5371/3833
f 3852/5380/3840 111/108/98 3850/5379/3839
f 3852/5380/3840 123/120/110 111/108/98
f 3850/5379/3839 110/107/97 1403/1906/1412
f 2511/3493/2513 2877/4002/2883 2878/4003/2884
f 3852/5380/3840 767/1100/771 809/1099/808
f 3852/5380/3840 1401/1904/1411 767/1100/771
f 1403/1906/1412 1401/1904/1411 3852/5380/3840
f 3825/5381/3841 3681/5117/3671 3788/5290/3783
f 2160/4995/3593 1205/1649/1211 1204/1647/1209
f 1855/2603/1866 1503/2026/1512 1469/1990/1480
f 2160/4995/3593 3853/5382/3842 1205/1649/1211
f 3825/5381/3841 3788/5290/3783 1842/2582/1853
f 3853/5382/3842 1215/1659/1221 1205/1649/1211
f 3753/5224/3738 3754/5226/3740 3802/5321/3796
f 3776/5269/3768 3778/5286/3781 3854/5383/3843
f 1049/1443/1050 3776/5269/3768 3854/5383/3843
f 1215/1659/1221 3853/5382/3842 3856/5384/3844
f 3854/5383/3843 3799/5306/3793 3855/5385/3845
f 3779/5284/3779 3857/5386/3846 3821/5387/3847
f 3856/5384/3844 3858/1663/1224 1215/1659/1221
f 3854/5383/3843 1052/1446/1052 1049/1443/1050
f 2875/4004/2885 3845/5371/3833 2874/4009/2888
f 3854/5383/3843 1223/1669/1227 1052/1446/1052
f 3855/5385/3845 1223/1669/1227 3854/5383/3843
f 3855/5385/3845 3745/5218/3732 3757/1670/1228
f 3802/5321/3796 3765/5252/3756 3821/5387/3847
f 3821/5387/3847 3765/5252/3756 3779/5284/3779
f 1223/1669/1227 3855/5385/3845 3757/1670/1228
f 2923/4069/2929 2870/3996/2878 2842/3956/2851
f 3799/5306/3793 3744/5219/3733 3855/5385/3845
f 1151/1567/1146 3860/5388/3848 2107/2944/2107
f 3745/5218/3732 3855/5385/3845 3744/5219/3733
f 3819/5341/3813 3821/5387/3847 3859/5389/3849
f 1153/1569/1148 2852/5390/2860 1151/1567/1146
f 3821/5387/3847 3819/5341/3813 3802/5321/3796
f 1151/1567/1146 2852/5390/2860 3860/5388/3848
f 3854/5383/3843 3778/5286/3781 3799/5306/3793
f 3823/5345/3816 3824/5346/3817 3861/5391/3850
f 3707/5165/3698 1467/1989/1479 3788/5290/3783
f 1466/1987/1477 1467/1989/1479 3707/5165/3698
f 2813/5392/2818 3862/5393/3851 2849/5394/2857
f 3791/5395/3787 1837/5296/3785 1832/2567/1842
f 3731/5200/3719 3823/5345/3816 3864/5396/3852
f 3731/5200/3719 3733/5203/3721 3823/5345/3816
f 3823/5345/3816 3861/5391/3850 3864/5396/3852
f 1832/2567/1842 1918/2699/1926 3791/5395/3787
f 2849/3963/2857 2814/3436/2469 2813/3914/2818
f 3845/5371/3833 3866/5397/3853 2874/4009/2888
f 434/548/423 3791/5395/3787 1918/2699/1926
f 3862/5393/3851 3583/4956/3573 3863/5398/3854
f 2813/5392/2818 3583/4956/3573 3862/5393/3851
f 3731/5200/3719 3864/5396/3852 3755/5236/3745
f 3866/5397/3853 2928/4071/2931 2874/4009/2888
f 1905/550/424 367/546/421 1918/2699/1926
f 3755/5236/3745 3864/5396/3852 1228/1678/1236
f 1228/1678/1236 3864/5396/3852 1229/1676/1234
f 2470/5399/2819 3583/4956/3573 2813/5392/2818
f 1229/1676/1234 3864/5396/3852 1233/1725/1268
f 3864/5396/3852 3861/5391/3850 1233/1725/1268
f 3867/5400/3855 1233/1725/1268 3861/5391/3850
f 2929/4073/2933 2928/4071/2931 3866/5397/3853
f 1855/2603/1866 1469/1990/1480 3851/5401/3856
f 2897/4034/2907 3844/5369/3832 3868/5402/3857
f 3869/5403/3858 1153/1569/1148 1152/1566/1145
f 1152/1566/1145 1165/1590/1164 3869/5403/3858
f 2897/4034/2907 2900/4037/2908 2879/4033/2906
f 2897/4034/2907 3868/5402/3857 2900/4037/2908
f 3851/5401/3856 3870/5404/3859 1855/2603/1866
f 1233/1725/1268 3867/5400/3855 1238/1683/1241
f 2852/5390/2860 1153/1569/1148 3869/5403/3858
f 2923/4069/2929 3838/5361/3829 2870/3996/2878
f 3870/5404/3859 3851/5401/3856 4053/5405/3860
f 3865/5406/3861 2923/4069/2929 2924/4070/2930
f 3873/5407/3862 1238/1688/1241 3867/5408/3855
f 3878/5409/3863 961/5094/3654 834/1280/930
f 3878/5409/3863 834/1280/930 3875/5410/3864
f 3847/5374/3836 3849/5378/3838 3872/5411/3865
f 3868/5402/3857 3844/5369/3832 3847/5374/3836
f 3868/5402/3857 3847/5374/3836 3876/5412/3866
f 3873/5407/3862 3609/4997/3595 1066/1460/1065
f 2852/3966/2860 3869/5413/3858 2432/3969/2433
f 3880/5414/3867 3879/5415/3868 3878/5409/3863
f 2439/5416/2440 2438/5417/2439 3869/5413/3858
f 2438/5417/2439 2432/3969/2433 3869/5413/3858
f 3881/5418/3869 966/1733/1269 3882/5419/3870
f 3882/5419/3870 966/1733/1269 3858/1734/1224
f 1066/1460/1065 3609/4997/3595 1267/1744/1277
f 3825/5381/3841 3760/5239/3746 3681/5117/3671
f 1238/1688/1241 3873/5407/3862 1065/1459/1064
f 1065/1459/1064 3873/5407/3862 1066/1460/1065
f 3758/5420/3747 3760/5239/3746 3883/5421/3871
f 3721/5192/3713 3884/5422/3872 3723/5187/3711
f 3662/5103/3658 3721/5192/3713 3723/5187/3711
f 3032/5217/3033 3874/5423/3873 3833/5244/3751
f 3858/1663/1224 3856/5384/3844 3882/5424/3870
f 3396/4868/3499 3431/4877/3506 3885/5425/3874
f 3654/1755/1288 1076/1474/1075 1267/1744/1277
f 2439/5426/2440 1165/1590/1164 1168/1667/1225
f 1165/1590/1164 2439/5426/2440 3869/5403/3858
f 2439/3392/2440 1168/1664/1225 1060/1493/1060
f 3865/5406/3861 3838/5361/3829 2923/4069/2929
f 3871/5427/3875 3838/5361/3829 3865/5406/3861
f 3846/5373/3835 3866/5397/3853 3845/5371/3833
f 3396/4868/3499 3885/5425/3874 3522/5428/3876
f 3585/4991/3577 3654/1755/1288 1267/1744/1277
f 1265/1736/1274 3881/5429/3869 3887/5430/3877
f 3881/5429/3869 1265/1736/1274 966/1727/1269
f 3881/5429/3869 3888/5431/3878 3887/5430/3877
f 3887/5430/3877 3890/5432/3879 1265/1736/1274
f 3891/5433/3880 1040/1429/1039 1042/1432/1042
f 834/1280/930 835/1265/922 3875/5410/3864
f 3867/5400/3855 3861/5391/3850 3834/5355/3825
f 3866/5397/3853 3886/5434/3881 3892/5435/3882
f 972/1343/968 974/1344/970 3893/5436/3883
f 3834/5355/3825 3861/5391/3850 3824/5346/3817
f 1265/1736/1274 3890/5432/3879 1266/1738/1275
f 1266/1738/1275 3895/5437/3884 1043/1739/1043
f 2929/4073/2933 3866/5397/3853 3892/5435/3882
f 3514/4875/3504 3540/5438/3885 3889/5439/3886
f 3902/5440/3834 3315/4614/3315 3316/4610/3312
f 3895/5437/3884 3890/5432/3879 3896/5441/3887
f 3839/5362/3830 3867/5408/3855 3834/5363/3825
f 3890/5432/3879 3895/5437/3884 1266/1738/1275
f 3723/5187/3711 3884/5422/3872 3900/5442/3888
f 3838/5361/3829 3871/5427/3875 3840/5364/3831
f 3898/5443/3889 3902/5440/3834 3840/5364/3831
f 3898/5443/3889 3840/5364/3831 3871/5427/3875
f 3579/4942/3560 3723/5187/3711 3900/5442/3888
f 3863/5398/3854 3580/4950/3567 3579/4942/3560
f 3805/5327/3802 3840/5364/3831 3316/4610/3312
f 3903/5444/3890 3884/5422/3872 3721/5192/3713
f 3902/5440/3834 3316/4610/3312 3840/5364/3831
f 3895/5445/3884 3891/5446/3880 1043/1434/1043
f 968/1345/971 954/1317/952 3901/5447/3891
f 954/1317/952 978/1351/977 3901/5447/3891
f 1042/1435/1042 1043/1434/1043 3891/5446/3880
f 3891/5433/3880 974/1344/970 1040/1429/1039
f 3875/5410/3864 835/1265/922 3899/5448/3892
f 3893/5436/3883 970/5449/966 972/1343/968
f 968/1345/971 3899/5448/3892 835/1265/922
f 3874/5450/3873 3032/4204/3033 3877/5282/3777
f 1690/2365/1702 1702/2364/1701 3927/5451/3893
f 3927/5451/3893 3906/5452/3894 1690/2365/1702
f 3860/5388/3848 3470/4814/3460 2107/2944/2107
f 3860/5453/3848 2847/5454/2858 3470/4826/3460
f 3894/5455/3895 3519/4881/3509 3415/4730/3401
f 3873/5407/3862 3839/5362/3830 3609/4997/3595
f 3863/5398/3854 3579/4942/3560 3517/4878/3507
f 3839/5362/3830 3608/4996/3594 3609/4997/3595
f 3583/4956/3573 3580/4950/3567 3863/5398/3854
f 3839/5362/3830 3873/5407/3862 3867/5408/3855
f 3907/5456/3896 2856/5457/3897 3903/5458/3890
f 2852/3966/2860 2847/3968/2858 3860/5459/3848
f 3894/5455/3895 3415/4730/3401 3514/4875/3504
f 3514/4875/3504 3539/5460/3898 3540/5438/3885
f 3388/4707/3379 3539/5460/3898 3514/4875/3504
f 3315/4643/3315 3902/5372/3834 2878/4003/2884
f 2856/5457/3897 3907/5456/3896 2946/4091/2947
f 2946/4091/2947 2857/3982/2867 2856/5457/3897
f 3898/5461/3889 3846/5373/3835 3902/5372/3834
f 3473/4827/3466 2847/5454/2858 2849/5394/2857
f 1267/1744/1277 3609/4997/3595 3597/4978/3585
f 3367/4682/3358 3396/4868/3499 3522/5428/3876
f 3539/5460/3898 3388/4707/3379 3919/5462/3899
f 3885/5425/3874 3910/5463/3900 3522/5428/3876
f 3911/5464/3901 3862/5393/3851 3863/5398/3854
f 1689/2759/1957 3906/5452/3894 3899/5448/3892
f 3906/5452/3894 1689/2759/1957 1690/2365/1702
f 3908/5465/3902 3541/4904/3526 3912/5466/3903
f 3908/5465/3902 3913/5467/3904 3541/4904/3526
f 3899/5448/3892 1949/2758/1956 1689/2759/1957
f 3529/4898/3520 3541/4904/3526 3526/4893/3516
f 3905/5468/3905 3308/4595/3303 3897/5469/3906
f 3914/5470/3907 3912/5466/3903 3529/4898/3520
f 3529/4898/3520 3912/5466/3903 3541/4904/3526
f 3272/4545/3267 3308/4595/3303 3605/4989/3591
f 3915/5471/3908 1949/2758/1956 3899/5448/3892
f 1949/2758/1956 3915/5471/3908 1723/2403/1722
f 1723/2403/1722 3915/5471/3908 3918/5472/3909
f 3605/4989/3591 3308/4595/3303 3905/5468/3905
f 3883/5473/3871 3539/5460/3898 3919/5462/3899
f 3865/5406/3861 3916/5474/3910 3920/5475/3911
f 1174/1606/1174 1178/1613/1178 1763/2502/1792
f 1203/5476/3912 1763/2502/1792 1178/1613/1178
f 1786/2503/1793 1763/2502/1792 1203/5476/3912
f 3500/4871/3502 3921/5477/3913 3529/4898/3520
f 3919/5462/3899 3683/5137/3686 3758/5238/3747
f 3919/5462/3899 3758/5238/3747 3883/5473/3871
f 3923/5478/3914 3924/5479/3915 1206/1650/1212
f 3921/5477/3913 3914/5470/3907 3529/4898/3520
f 3920/5480/3911 3922/5481/3916 3925/5482/3917
f 3909/5483/3918 3885/5425/3874 3431/4877/3506
f 3889/5439/3886 3894/5455/3895 3514/4875/3504
f 3894/5455/3895 3889/5439/3886 3926/5484/3919
f 3920/5475/3911 3871/5427/3875 3865/5406/3861
f 3863/5398/3854 3517/4878/3507 3911/5464/3901
f 3924/5479/3915 1178/1611/1178 1177/1610/1177
f 3741/5225/3739 3753/5224/3738 3848/5375/3837
f 3921/5477/3913 2855/5485/3920 2854/5486/2866
f 3927/5451/3893 3875/5410/3864 3906/5452/3894
f 3470/4826/3460 2847/5454/2858 3473/4827/3466
f 3473/4827/3466 3911/5464/3901 3465/4825/3456
f 2855/5487/3920 3921/5488/3913 3500/5489/3502
f 3912/5466/3903 3917/5490/3921 3908/5465/3902
f 3862/5393/3851 3473/4827/3466 2849/5394/2857
f 3929/5491/3922 3635/5492/3622 3908/5465/3902
f 3635/5492/3622 3930/5493/3923 3908/5465/3902
f 3919/5462/3899 3388/4707/3379 1642/2288/1651
f 3931/5494/3924 3635/5492/3622 3929/5491/3922
f 3919/5462/3899 1642/2288/1651 3037/4218/3042
f 3914/5470/3907 3917/5490/3921 3912/5466/3903
f 3917/5490/3921 3929/5491/3922 3908/5465/3902
f 3087/4288/3089 3919/5462/3899 3037/4218/3042
f 3868/5402/3857 3876/5412/3866 3933/5495/3925
f 3900/5442/3888 3523/4888/3513 3506/5496/3500
f 3500/4890/3502 3506/5496/3500 3523/4888/3513
f 3547/5497/3926 3934/5498/3927 3909/5483/3918
f 3919/5462/3899 3087/4288/3089 3683/5137/3686
f 3484/4879/3473 3517/4878/3507 3506/5496/3500
f 3517/4878/3507 3900/5442/3888 3506/5496/3500
f 3924/5479/3915 1203/5499/3912 1178/1611/1178
f 3431/4877/3506 3547/5497/3926 3909/5483/3918
f 1177/1610/1177 1206/1650/1212 3924/5479/3915
f 3081/4283/3085 3087/4288/3089 3084/4284/3086
f 3911/5464/3901 3517/4878/3507 3465/4825/3456
f 3872/5500/3865 3897/5469/3906 3935/5501/3928
f 3848/5375/3837 3880/5502/3867 3739/5234/3728
f 3081/4283/3085 3683/5137/3686 3087/4288/3089
f 3847/5374/3836 3935/5503/3928 3876/5412/3866
f 3872/5411/3865 3935/5503/3928 3847/5374/3836
f 3928/5504/3929 3880/5502/3867 3848/5375/3837
f 3927/5451/3893 3739/5211/3728 3880/5414/3867
f 3927/5451/3893 1702/2364/1701 3739/5211/3728
f 3473/4827/3466 3862/5393/3851 3911/5464/3901
f 3936/5505/3930 3531/5506/3931 3530/4900/3522
f 3937/5507/3932 3876/5412/3866 4531/5508/3933
f 3741/5225/3739 3848/5375/3837 3739/5234/3728
f 4531/5508/3933 3876/5412/3866 3935/5503/3928
f 1954/2767/1961 1723/2403/1722 3918/5472/3909
f 3875/5410/3864 3899/5448/3892 3906/5452/3894
f 1752/2461/1757 3535/4902/3524 1863/4901/3523
f 3938/5509/3934 4531/5510/3933 3935/5501/3928
f 3308/4595/3303 3306/4596/3299 4531/5510/3933
f 1715/2392/1715 3535/4902/3524 1752/2461/1757
f 3645/5511/3632 3940/5512/3935 3554/4917/3538
f 3523/4888/3513 3900/5442/3888 3884/5422/3872
f 3897/5469/3906 3938/5509/3934 3935/5501/3928
f 3897/5469/3906 3308/4595/3303 3938/5509/3934
f 4531/5510/3933 3938/5509/3934 3308/4595/3303
f 3579/4942/3560 3900/5442/3888 3517/4878/3507
f 2856/5457/3897 2854/3981/2866 2855/5487/3920
f 3530/4900/3522 3940/5512/3935 3936/5505/3930
f 2857/3982/2867 2854/3981/2866 2856/5457/3897
f 3903/5458/3890 2856/5457/3897 3904/5513/3514
f 3898/5443/3889 3871/5427/3875 3920/5475/3911
f 3898/5461/3889 3920/5480/3911 3925/5482/3917
f 3945/5514/3936 3941/5515/3937 3831/5353/3823
f 3875/5410/3864 3927/5451/3893 3878/5409/3863
f 1786/5516/1793 1203/5499/3912 3924/5479/3915
f 3904/4889/3514 3884/5422/3872 3903/5444/3890
f 3530/4900/3522 3535/4902/3524 3556/4920/3540
f 3942/5517/3938 3945/5514/3936 3943/5518/3939
f 3554/4917/3538 3940/5512/3935 3552/4915/3536
f 3530/4900/3522 3556/4920/3540 3940/5512/3935
f 3552/4915/3536 3940/5512/3935 3556/4920/3540
f 3942/5519/3938 3944/5520/3940 3945/5521/3936
f 3946/5522/3941 3945/5521/3936 3944/5520/3940
f 3978/5523/3942 1793/3042/2181 1786/2503/1793
f 3880/5414/3867 3878/5409/3863 3927/5451/3893
f 3945/5521/3936 3946/5522/3941 3947/5524/3943
f 3535/4902/3524 1715/2392/1715 3556/4920/3540
f 2019/5525/3944 3948/5526/3945 3949/5527/3946
f 1314/1822/1343 3556/4920/3540 1715/2392/1715
f 968/1345/971 3915/5471/3908 3899/5448/3892
f 3948/5526/3945 2019/5525/3944 1631/2270/1643
f 3918/5472/3909 3915/5471/3908 968/1345/971
f 968/1345/971 3901/5447/3891 3918/5472/3909
f 2856/5457/3897 2855/5487/3920 3904/5513/3514
f 978/1351/977 3950/5528/3947 3901/5447/3891
f 3904/5513/3514 2855/5487/3920 3500/5489/3502
f 3901/5447/3891 3950/5528/3947 3918/5472/3909
f 3523/4888/3513 3884/5422/3872 3904/4889/3514
f 3898/5461/3889 3925/5482/3917 3846/5373/3835
f 3866/5397/3853 3846/5373/3835 3925/5482/3917
f 3780/5256/3760 2965/5045/2968 2957/5015/3604
f 3188/5246/3753 3780/5256/3760 2957/5015/3604
f 3866/5397/3853 3925/5482/3917 3886/5434/3881
f 1954/2766/1961 1959/2773/1967 1953/2772/1966
f 3886/5434/3881 3925/5482/3917 3922/5481/3916
f 3426/4736/3407 3427/4740/3409 3434/4753/3421
f 3551/5529/3428 3434/4753/3421 3427/4740/3409
f 3922/5530/3916 3916/5474/3910 3952/5531/3948
f 3918/5472/3909 3950/5528/3947 1954/2767/1961
f 3920/5475/3911 3916/5474/3910 3922/5530/3916
f 1959/2773/1967 1954/2766/1961 3950/5532/3947
f 2911/3985/2870 2931/4076/2936 2894/4031/2905
f 2931/4076/2936 3849/5378/3838 2894/4031/2905
f 3954/5533/3949 3849/5378/3838 2931/4076/2936
f 3954/5533/3949 2931/4076/2936 2940/4084/2943
f 3634/5038/3619 3955/5534/3950 3956/5535/3951
f 3948/5526/3945 1631/2270/1643 3957/5536/3952
f 1216/718/549 3958/5537/3953 1206/1650/1212
f 2869/5538/2877 3914/5470/3907 2854/5486/2866
f 3917/5490/3921 3914/5470/3907 2869/5538/2877
f 3921/5477/3913 2854/5486/2866 3914/5470/3907
f 3958/5537/3953 3923/5478/3914 1206/1650/1212
f 3917/5490/3921 2869/5538/2877 3959/5539/3954
f 3599/4981/3587 3960/5540/3955 3621/5541/3956
f 3599/4981/3587 3621/5541/3956 2160/4993/3593
f 3621/5541/3956 3853/5542/3842 2160/4993/3593
f 3670/5105/3660 3596/4973/3584 3618/5016/3605
f 3596/4973/3584 3670/5105/3660 3960/5540/3955
f 3596/4973/3584 3960/5540/3955 3599/4981/3587
f 3964/5543/3957 3820/5342/3814 3966/5544/3958
f 3923/5478/3914 3958/5537/3953 3967/5545/3959
f 3964/5543/3957 3965/5546/3960 3928/5504/3929
f 3880/5502/3867 3928/5504/3929 3965/5546/3960
f 1216/718/549 550/716/547 3958/5537/3953
f 3969/5547/3961 3958/5537/3953 550/716/547
f 3960/5540/3955 3968/5548/3962 3621/5541/3956
f 3963/4923/3543 3962/5549/3963 3486/5550/3661
f 3853/5542/3842 3621/5541/3956 3968/5548/3962
f 3968/5548/3962 3970/5551/3964 3856/5552/3844
f 3486/5550/3661 2685/4894/2685 3963/4923/3543
f 3968/5548/3962 3856/5552/3844 3853/5542/3842
f 2019/5525/3944 3949/5527/3946 3972/5553/3965
f 3985/5554/3966 3486/5550/3661 3962/5549/3963
f 2019/5525/3944 3972/5553/3965 3973/5555/3967
f 3954/5533/3949 2940/4084/2943 3971/4086/2944
f 3960/5540/3955 3670/5105/3660 3975/5556/3968
f 3934/5498/3927 3547/5497/3926 3992/5557/3969
f 3968/5548/3962 3960/5540/3955 3975/5556/3968
f 3975/5556/3968 3976/5558/3970 3977/5559/3971
f 3934/5560/3927 3992/5561/3969 3894/5455/3895
f 3975/5556/3968 3977/5559/3971 3968/5548/3962
f 3970/5551/3964 3968/5548/3962 3977/5559/3971
f 3939/5562/3972 3924/5479/3915 3923/5478/3914
f 3967/5545/3959 3939/5562/3972 3923/5478/3914
f 3516/4821/3464 3547/5497/3926 3431/4877/3506
f 3545/4907/3528 3527/4895/3517 3667/5099/3655
f 3667/5563/3655 3672/5104/3659 3665/5093/3653
f 3542/4908/3529 3971/5564/2944 2655/3737/2657
f 3541/4904/3526 3913/5467/3904 3667/5099/3655
f 1786/5516/1793 3924/5479/3915 3939/5562/3972
f 3913/5565/3904 3979/5566/3973 3667/5563/3655
f 3978/5567/3942 1786/5516/1793 3939/5562/3972
f 3667/5563/3655 3979/5566/3973 3672/5104/3659
f 3665/5093/3653 3672/5104/3659 3618/5016/3605
f 3894/5455/3895 3992/5561/3969 3519/4881/3509
f 3981/5568/3974 3997/5569/3975 3982/5570/3976
f 3645/5511/3632 3936/5505/3930 3940/5512/3935
f 3542/4908/3529 3996/5571/3977 3971/5564/2944
f 3784/5280/3775 3752/5227/3741 3961/5572/3978
f 3634/5038/3619 3956/5535/3951 3645/5056/3632
f 3547/5497/3926 3516/4821/3464 3563/4958/3574
f 3982/5570/3976 3983/5573/3979 3964/5543/3957
f 3645/5056/3632 3956/5535/3951 3936/5574/3930
f 3982/5570/3976 3964/5543/3957 3966/5544/3958
f 2752/3829/2757 3961/5572/3978 3752/5227/3741
f 3992/5557/3969 3547/5497/3926 3563/4958/3574
f 3536/4903/3525 3613/5575/3612 3499/4853/3488
f 3536/4903/3525 3549/5576/3980 3984/5577/3981
f 3986/5578/3982 3982/5570/3976 3966/5544/3958
f 3672/5104/3659 3979/5566/3973 3670/5105/3660
f 3908/5465/3902 3930/5493/3923 3913/5467/3904
f 3572/4943/3561 3992/5561/3969 3620/5070/3638
f 3930/5493/3923 3980/5579/3983 3913/5467/3904
f 3913/5565/3904 3980/5580/3983 3979/5566/3973
f 3572/4943/3561 3519/4881/3509 3992/5561/3969
f 3954/5533/3949 3953/5581/3984 3849/5378/3838
f 3620/5582/3638 3563/4958/3574 3615/5006/3600
f 3989/5583/3985 3930/5493/3923 3635/5492/3622
f 3930/5493/3923 3989/5583/3985 3980/5579/3983
f 3954/5533/3949 3971/4086/2944 3953/5581/3984
f 3980/5580/3983 3990/5584/3986 3979/5566/3973
f 3980/5580/3983 3988/5585/3987 3990/5584/3986
f 3600/4987/3590 3620/5070/3638 3615/5012/3600
f 3979/5566/3973 3990/5584/3986 3670/5105/3660
f 3975/5556/3968 3670/5105/3660 3990/5584/3986
f 3990/5584/3986 3976/5558/3970 3975/5556/3968
f 2752/3829/2757 3046/5586/3988 3961/5572/3978
f 3990/5584/3986 3988/5585/3987 3976/5558/3970
f 2752/3829/2757 3044/4230/3052 3046/5586/3988
f 3988/5585/3987 3993/5587/3989 3976/5558/3970
f 3948/5526/3945 3987/5588/3990 3991/5589/3991
f 3555/4990/3570 3635/5041/3622 3959/5590/3954
f 3992/5557/3969 3563/4958/3574 3620/5582/3638
f 3931/5591/3924 3959/5590/3954 3635/5041/3622
f 3949/5527/3946 3948/5526/3945 3991/5589/3991
f 3663/5592/3651 3879/5593/3868 3994/5594/3992
f 3994/5594/3992 3664/5132/3652 3663/5592/3651
f 3663/5089/3651 3878/5409/3863 3879/5415/3868
f 3957/5536/3952 2010/2816/2003 4001/5595/3993
f 3775/5263/3764 3995/5596/3994 3774/3826/2755
f 3663/5089/3651 961/5094/3654 3878/5409/3863
f 3708/5164/3683 3486/5106/3661 3985/5597/3966
f 3953/5598/3984 3971/5564/2944 3996/5571/3977
f 3994/5594/3992 3879/5593/3868 3965/5546/3960
f 3880/5502/3867 3965/5546/3960 3879/5593/3868
f 4001/5595/3993 3987/5588/3990 3957/5536/3952
f 3965/5546/3960 3983/5573/3979 3994/5594/3992
f 3948/5526/3945 3957/5536/3952 3987/5588/3990
f 3964/5543/3957 3983/5573/3979 3965/5546/3960
f 3997/5569/3975 3694/5135/3684 3983/5573/3979
f 3994/5594/3992 3694/5135/3684 3664/5132/3652
f 3983/5573/3979 3694/5135/3684 3994/5594/3992
f 3967/5545/3959 3999/5599/3995 3978/5567/3942
f 3978/5567/3942 3939/5562/3972 3967/5545/3959
f 3909/5483/3918 3910/5463/3900 3885/5425/3874
f 3982/5570/3976 3997/5569/3975 3983/5573/3979
f 4002/5600/3996 3910/5463/3900 3909/5483/3918
f 3774/3826/2755 3995/5596/3994 3118/4325/3118
f 3774/3826/2755 3118/4325/3118 2712/3775/2711
f 3964/5543/3957 3928/5504/3929 3820/5342/3814
f 3999/5599/3995 3998/5601/3997 4001/5602/3993
f 3999/5599/3995 4001/5602/3993 3978/5567/3942
f 3605/4989/3591 3542/4908/3529 3538/1412/1027
f 3820/5342/3814 3928/5504/3929 3848/5375/3837
f 3819/5341/3813 3859/5389/3849 3966/5544/3958
f 3819/5341/3813 3966/5544/3958 3820/5342/3814
f 4002/5600/3996 3909/5483/3918 3932/5603/3998
f 3118/4325/3118 3995/5596/3994 3132/4336/3128
f 3932/5603/3998 3909/5483/3918 3934/5498/3927
f 3105/4309/3103 3132/4336/3128 3107/4349/3138
f 4003/5604/3999 3961/5572/3978 3046/5586/3988
f 3985/5605/3966 3962/5606/3963 2691/4848/3484
f 3046/5586/3988 3044/4230/3052 3133/4338/3129
f 3962/5606/3963 3490/4849/3485 2691/4848/3484
f 4010/4924/3544 3490/4849/3485 3962/5606/3963
f 367/546/421 1905/550/424 364/357/287
f 3929/5607/3922 3959/5608/3954 3931/5609/3924
f 3046/5586/3988 3172/4398/3172 4040/5610/4000
f 3046/5586/3988 3133/4338/3129 3172/4398/3172
f 3536/5611/3525 3630/5029/3613 3613/5031/3612
f 3536/5611/3525 3984/5612/3981 3630/5029/3613
f 3932/5613/3998 3934/5560/3927 3894/5455/3895
f 2191/3049/2188 3978/5523/3942 4001/5614/3993
f 4001/5595/3993 2010/2816/2003 2191/3105/2188
f 3605/4989/3591 3905/5468/3905 3542/4908/3529
f 3959/5539/3954 2869/5538/2877 2868/5615/2926
f 3926/5484/3919 3932/5613/3998 3894/5455/3895
f 1959/2773/1967 1995/2802/1990 1960/2774/1968
f 1995/2802/1990 1010/1394/1012 1996/2803/1991
f 1010/1394/1012 2280/3182/2285 1996/2803/1991
f 1010/1394/1012 1014/1409/1024 2280/3182/2285
f 1959/2773/1967 987/1362/986 1995/2802/1990
f 3107/4349/3138 4005/5616/4001 3147/4362/3147
f 987/1362/986 1010/1394/1012 1995/2802/1990
f 981/1354/980 1959/2773/1967 978/1355/977
f 978/1355/977 1959/2773/1967 3950/5532/3947
f 4006/5617/4002 4005/5616/4001 3107/4349/3138
f 987/1362/986 1959/2773/1967 981/1354/980
f 4001/5595/3993 3998/5618/3997 3987/5588/3990
f 3107/4349/3138 3132/4336/3128 4006/5617/4002
f 3991/5589/3991 3987/5588/3990 3998/5618/3997
f 3647/5075/3636 4007/5619/4003 3058/4246/3065
f 3509/4865/3497 4007/5619/4003 3513/4874/3503
f 3509/4865/3497 3058/4246/3065 4007/5619/4003
f 3996/5571/3977 3542/4908/3529 3905/5468/3905
f 3708/5130/3683 3985/5605/3966 2691/4848/3484
f 3963/4923/3543 2685/4894/2685 3510/4914/3535
f 3513/4874/3503 4007/5619/4003 4009/5620/4004
f 3647/5075/3636 3651/5077/3643 4007/5619/4003
f 3995/5596/3994 3775/5263/3764 4024/5621/4005
f 3996/5571/3977 3872/5500/3865 3953/5598/3984
f 3996/5571/3977 3897/5469/3906 3872/5500/3865
f 3917/5490/3921 3959/5539/3954 3929/5491/3922
f 3962/5549/3963 3963/4923/3543 4010/5622/3544
f 3849/5378/3838 3953/5581/3984 3872/5411/3865
f 3434/4753/3421 3510/4914/3535 3435/4540/3264
f 3932/5613/3998 3926/5484/3919 4002/5623/3996
f 3555/4990/3570 3592/5039/3620 3635/5041/3622
f 3958/5537/3953 3969/5547/3961 3967/5545/3959
f 3970/5624/3964 4018/5625/4006 3881/5418/3869
f 4018/5626/4006 3970/5551/3964 3977/5559/3971
f 4008/5627/4007 3955/5534/3950 4292/5628/4008
f 3605/4989/3591 3601/4984/3588 3272/4545/3267
f 3651/5077/3643 4012/5629/4009 4007/5619/4003
f 4009/5620/4004 4007/5619/4003 4012/5629/4009
f 3963/4923/3543 4017/5630/4010 4010/5622/3544
f 4006/5617/4002 4013/5631/4011 4005/5616/4001
f 3963/4923/3543 3434/4753/3421 4017/5630/4010
f 3955/5534/3950 4008/5627/4007 4014/5632/4012
f 4009/5620/4004 4015/5032/3615 3513/4874/3503
f 3970/5551/3964 3882/5633/3870 3856/5552/3844
f 3956/5535/3951 3955/5534/3950 4014/5632/4012
f 3271/4543/3265 3272/4545/3267 3601/4984/3588
f 3993/5634/3989 4019/5635/4013 4020/5636/4014
f 4018/5625/4006 3993/5634/3989 3888/5637/3878
f 3976/5558/3970 4018/5626/4006 3977/5559/3971
f 3976/5558/3970 3993/5587/3989 4018/5626/4006
f 4020/5636/4014 3888/5637/3878 3993/5634/3989
f 551/1335/963 550/716/547 548/715/546
f 3905/5468/3905 3897/5469/3906 3996/5571/3977
f 4014/5632/4012 4226/5638/4015 3936/5574/3930
f 4014/5632/4012 3936/5574/3930 3956/5535/3951
f 551/1335/963 3969/5547/3961 550/716/547
f 3980/5580/3983 4019/5639/4013 3988/5585/3987
f 3936/5574/3930 4226/5638/4015 3531/5640/3931
f 3989/5641/3985 4019/5639/4013 3980/5580/3983
f 377/637/362 4020/5636/4014 4019/5635/4013
f 4021/5642/4016 27/14/14 3972/5553/3965
f 27/14/14 4021/5642/4016 28/15/15
f 3993/5587/3989 3988/5585/3987 4019/5639/4013
f 3959/5590/3954 2868/5002/2926 3555/4990/3570
f 3882/5419/3870 3970/5624/3964 3881/5418/3869
f 4022/5643/4017 4023/5644/4018 3893/5436/3883
f 3851/5401/3856 3742/5245/3752 3833/5244/3751
f 974/1344/970 4022/5643/4017 3893/5436/3883
f 4006/5617/4002 3995/5596/3994 4024/5621/4005
f 4025/5645/4019 3896/5441/3887 3890/5432/3879
f 4026/5646/4020 4025/5645/4019 3890/5432/3879
f 3896/5647/3887 4022/5648/4017 3891/5446/3880
f 3896/5647/3887 3891/5446/3880 3895/5445/3884
f 3995/5596/3994 4006/5617/4002 3132/4336/3128
f 974/1344/970 3891/5433/3880 4022/5643/4017
f 4028/5649/4021 3893/5436/3883 4023/5644/4018
f 1469/1990/1480 3742/5245/3752 3851/5401/3856
f 976/1348/974 4029/5650/4022 979/1352/978
f 976/1348/974 970/1338/966 4029/5650/4022
f 970/5449/966 3893/5436/3883 4029/5651/4022
f 3893/5436/3883 4028/5649/4021 4029/5651/4022
f 3831/5353/3823 3941/5515/3937 4030/5652/4023
f 4031/5653/4024 4030/5654/4023 3941/5655/3937
f 4032/5656/4025 4033/5657/4026 4026/5646/4020
f 1842/2582/1853 3788/5290/3783 1467/1989/1479
f 4012/5629/4009 4011/5658/4027 4009/5620/4004
f 4034/5659/4028 4003/5604/3999 3046/5586/3988
f 4021/5642/4016 3949/5527/3946 3991/5589/3991
f 3046/5586/3988 4040/5610/4000 4034/5659/4028
f 4021/5642/4016 3972/5553/3965 3949/5527/3946
f 3888/5431/3878 4032/5656/4025 3887/5430/3877
f 4033/5657/4026 4032/5656/4025 3888/5431/3878
f 4033/5657/4026 3888/5431/3878 4020/5660/4014
f 3890/5432/3879 4032/5656/4025 4026/5646/4020
f 3999/5599/3995 3967/5545/3959 3969/5547/3961
f 4049/5661/4029 3841/5662/4030 3842/5663/4031
f 3887/5430/3877 4032/5656/4025 3890/5432/3879
f 3881/5418/3869 4018/5625/4006 3888/5637/3878
f 4017/5630/4010 3434/4753/3421 3551/5529/3428
f 4379/5664/4032 2104/5665/2102 2133/5666/4033
f 4037/5667/4034 3833/5244/3751 3874/5423/3873
f 4049/5668/4029 4038/5669/4035 3843/5670/4036
f 4012/5671/4009 3651/5133/3643 3693/5672/4037
f 3693/5672/4037 3651/5133/3643 3694/5135/3684
f 389/479/370 4039/5673/4038 376/470/361
f 376/470/361 4033/5657/4026 4020/5660/4014
f 377/471/362 376/470/361 4020/5660/4014
f 4010/4924/3544 4017/5674/4010 3498/4925/3545
f 385/492/368 4041/5675/4039 395/489/378
f 3498/4925/3545 4017/5674/4010 3444/4761/3427
f 3961/5572/3978 4003/5604/3999 3784/5280/3775
f 376/470/361 4042/5676/4040 4033/5657/4026
f 376/470/361 4039/5673/4038 4042/5676/4040
f 3551/4762/3428 3444/4761/3427 4017/5674/4010
f 3147/5270/3147 4005/5677/4001 4013/5678/4011
f 4043/5679/4041 4042/5676/4040 4044/5680/4042
f 2173/5681/4043 4444/5682/4044 2120/2963/2125
f 4011/5683/4027 4012/5671/4009 3693/5672/4037
f 4026/5646/4020 4033/5657/4026 4042/5676/4040
f 4043/5679/4041 4025/5645/4019 4026/5646/4020
f 4046/5684/4045 4048/5685/4046 4040/5610/4000
f 4025/5686/4019 4022/5648/4017 3896/5647/3887
f 3843/5670/4036 3841/5687/4030 4049/5668/4029
f 4042/5676/4040 4043/5679/4041 4026/5646/4020
f 4025/5686/4019 4043/5688/4041 4023/5689/4018
f 4030/5652/4023 4049/5661/4029 3831/5353/3823
f 4025/5686/4019 4023/5689/4018 4022/5648/4017
f 4041/5675/4039 4028/5649/4021 4023/5644/4018
f 4023/5689/4018 4043/5688/4041 4050/5690/4047
f 4023/5644/4018 4050/5691/4047 4041/5675/4039
f 4045/5692/4048 3999/5599/3995 3969/5547/3961
f 4029/5651/4022 4041/5675/4039 385/492/368
f 979/1352/978 4029/5650/4022 385/477/368
f 385/477/368 381/474/365 979/1352/978
f 4041/5675/4039 4029/5651/4022 4028/5649/4021
f 3727/5196/3715 3907/5456/3896 3903/5458/3890
f 3903/5444/3890 3721/5192/3713 3727/5194/3715
f 3693/5672/4037 4052/5693/4049 4011/5683/4027
f 3997/5569/3975 3693/5672/4037 3694/5135/3684
f 4030/5654/4023 4038/5694/4035 4049/5695/4029
f 3729/5198/3717 3907/5456/3896 3727/5196/3715
f 3851/5401/3856 3833/5244/3751 4037/5667/4034
f 4000/5696/4050 4052/5693/4049 3693/5672/4037
f 4038/5669/4035 2942/4113/2965 3843/5670/4036
f 3693/5672/4037 3997/5569/3975 4000/5696/4050
f 3734/5206/3724 3747/5204/3722 2728/3798/2731
f 4054/5697/4051 4055/5698/4052 512/660/504
f 4044/5699/4042 504/5700/498 4054/5701/4051
f 1082/1482/1082 1027/1411/1026 2942/4113/2965
f 2936/4092/2948 3734/5206/3724 2728/3798/2731
f 396/490/379 395/489/378 4056/5702/4053
f 3734/5206/3724 2936/4092/2948 2946/4091/2947
f 396/490/379 4054/5697/4051 512/660/504
f 4035/5703/4054 3825/5381/3841 1842/2582/1853
f 2962/4125/2976 2942/4113/2965 4038/5669/4035
f 4056/5702/4053 4054/5697/4051 396/490/379
f 4048/5685/4046 4153/5704/4055 4040/5610/4000
f 1842/2582/1853 4057/2554/1829 4035/5703/4054
f 504/5700/498 4055/5705/4052 4054/5701/4051
f 4047/5706/4056 2784/3883/2794 2777/3863/2783
f 504/5700/498 502/5707/495 4055/5705/4052
f 4039/5673/4038 389/479/370 504/5708/498
f 504/5708/498 4044/5680/4042 4039/5673/4038
f 4058/5709/4057 4011/5683/4027 4052/5693/4049
f 4039/5673/4038 4044/5680/4042 4042/5676/4040
f 4043/5688/4041 4044/5699/4042 4056/5710/4053
f 4056/5702/4053 4041/5675/4039 4050/5691/4047
f 395/489/378 4041/5675/4039 4056/5702/4053
f 4056/5710/4053 4050/5690/4047 4043/5688/4041
f 4054/5701/4051 4056/5710/4053 4044/5699/4042
f 3734/5206/3724 3907/5456/3896 3729/5198/3717
f 409/508/392 980/1353/979 383/476/367
f 3734/5206/3724 2946/4091/2947 3907/5456/3896
f 409/508/392 408/507/391 980/1353/979
f 425/527/408 407/506/390 414/515/397
f 3172/4398/3172 4046/5684/4045 4040/5610/4000
f 980/1353/979 381/474/365 383/476/367
f 980/1353/979 979/1352/978 381/474/365
f 4031/5653/4024 4051/5711/4058 4030/5654/4023
f 4058/5709/4057 4052/5693/4049 4059/5712/4059
f 21/2340/1686 4045/5692/4048 3969/5547/3961
f 3998/5601/3997 3999/5599/3995 4045/5692/4048
f 4038/5694/4035 4030/5654/4023 4051/5711/4058
f 4052/5693/4049 4000/5696/4050 455/593/457
f 4051/5711/4058 2964/4118/2970 2962/4126/2976
f 4038/5694/4035 4051/5711/4058 2962/4126/2976
f 1861/2753/1952 3512/5713/4060 1740/2446/1748
f 4061/5714/4061 4046/5684/4045 3172/4398/3172
f 2795/5715/4062 2793/3866/2786 2797/5716/4063
f 1740/2446/1748 3512/5713/4060 3511/4866/3498
f 3562/4929/3548 4101/4931/3550 4064/5717/4064
f 3549/5576/3980 3511/4866/3498 3512/5713/4060
f 4063/5718/4065 4065/5719/4066 3512/5713/4060
f 2795/5715/4062 2780/3867/2787 2793/3866/2786
f 3830/5352/3822 3943/5518/3939 3831/5353/3823
f 4045/5720/4048 3991/5589/3991 3998/5618/3997
f 3943/5518/3939 3945/5514/3936 3831/5353/3823
f 1148/1476/1077 83/144/81 84/81/71
f 1148/1476/1077 84/81/71 88/83/73
f 3941/5655/3937 3947/5524/3943 4031/5653/4024
f 2974/4136/2982 4031/5653/4024 3947/5524/3943
f 83/144/81 1148/1476/1077 1080/1480/1080
f 969/1336/964 3969/5547/3961 551/1335/963
f 3825/5381/3841 4060/5721/4067 3760/5239/3746
f 4060/5721/4067 3825/5381/3841 4035/5703/4054
f 21/2340/1686 3969/5547/3961 969/1336/964
f 3883/5421/3871 3760/5239/3746 4060/5721/4067
f 3947/5524/3943 3941/5655/3937 3945/5521/3936
f 3549/5576/3980 3536/4903/3525 3511/4866/3498
f 2974/4136/2982 3947/5524/3943 2978/4148/2994
f 2974/4136/2982 4051/5711/4058 4031/5653/4024
f 2964/4118/2970 4051/5711/4058 2974/4136/2982
f 3946/5522/3941 2978/4148/2994 3947/5524/3943
f 2978/4148/2994 3946/5522/3941 2904/4151/2996
f 4021/5642/4016 3991/5589/3991 4045/5720/4048
f 1495/5722/1513 1732/2425/1734 1494/2426/1504
f 4070/5723/4068 4064/5717/4064 4068/5724/4069
f 1728/5320/1726 132/133/119 1704/5725/1733
f 1704/5725/1733 132/133/119 1523/3617/1532
f 4021/5642/4016 4045/5720/4048 28/15/15
f 3877/5282/3777 3367/4682/3358 4107/5726/4070
f 4071/5727/4071 4072/5728/4072 4073/5729/4073
f 21/2344/1686 28/15/15 4045/5720/4048
f 3160/4377/3158 4061/5714/4061 3172/4398/3172
f 4075/5730/4074 4072/5731/4072 4076/5732/4075
f 3567/4936/3555 4078/5733/4076 4077/5734/4077
f 4079/5735/4078 4076/5736/4075 4080/5737/4079
f 4080/5737/4079 4082/5738/4080 4079/5735/4078
f 4083/5739/4081 4081/5740/4082 4060/5721/4067
f 2011/2820/2007 1629/2268/1641 2019/5525/3944
f 3957/5536/3952 2009/2817/2004 2010/2816/2003
f 4086/5741/4083 4088/5742/4084 4087/5743/4085
f 3957/5536/3952 1811/2313/1665 2009/2817/2004
f 4035/5703/4054 4083/5739/4081 4060/5721/4067
f 4087/5744/4085 4075/5745/4074 4089/5746/4086
f 1492/2423/1501 1728/2414/1726 1704/2424/1733
f 1631/2270/1643 1811/2313/1665 3957/5536/3952
f 4081/5740/4082 3883/5421/3871 4060/5721/4067
f 3636/5747/3621 4064/5717/4064 4070/5723/4068
f 1732/5748/1734 4073/5749/4073 1711/5750/1707
f 1712/5751/1708 1711/5750/1707 4084/5752/4087
f 1489/2377/1498 1494/2426/1504 1711/2375/1707
f 4063/5753/4065 3530/4900/3522 3531/5506/3931
f 4074/5754/4088 3883/5421/3871 4081/5740/4082
f 4079/5735/4078 4082/5738/4080 4090/5755/4089
f 4079/5735/4078 4090/5755/4089 4089/5746/4086
f 4047/5706/4056 4067/5756/4090 4092/5757/4091
f 3530/4900/3522 4063/5753/4065 1863/4901/3523
f 4062/5758/4092 1863/4901/3523 4063/5753/4065
f 4073/5729/4073 4075/5759/4074 4084/5760/4087
f 1080/5761/1080 101/98/88 83/91/81
f 4087/5743/4085 4084/5760/4087 4075/5759/4074
f 4073/5749/4073 4084/5752/4087 1711/5750/1707
f 4089/5746/4086 4075/5745/4074 4079/5735/4078
f 4094/5762/4093 2777/3863/2783 2773/3862/2782
f 4011/5658/4027 4096/5763/4094 4009/5620/4004
f 4067/5756/4090 4047/5706/4056 4094/5762/4093
f 3892/5435/3882 4098/5764/4095 2929/4073/2933
f 4047/5706/4056 2777/3863/2783 4094/5762/4093
f 4067/5756/4090 4094/5762/4093 4095/5765/4096
f 3249/4502/3241 2929/4073/2933 4098/5764/4095
f 1754/2469/1765 4157/5766/4097 4093/2470/1766
f 1754/2469/1765 4097/5767/4098 4157/5766/4097
f 3562/4929/3548 4064/5717/4064 3636/5747/3621
f 3800/5309/3795 4027/5768/4099 3775/5263/3764
f 4101/4931/3550 4015/5032/3615 4102/5769/4100
f 4157/5766/4097 4097/5767/4098 4162/5770/4101
f 4103/5771/4102 3800/5309/3795 3801/5310/3776
f 1631/2270/1643 2019/5525/3944 1629/2268/1641
f 4015/5032/3615 4009/5620/4004 4102/5769/4100
f 4102/5769/4100 4009/5620/4004 4096/5763/4094
f 4104/5772/4103 4100/5773/4104 2797/5716/4063
f 3800/5309/3795 4103/5771/4102 4027/5768/4099
f 4100/5773/4104 2795/5715/4062 2797/5716/4063
f 4099/5774/4105 4027/5768/4099 4103/5771/4102
f 4103/5775/4102 4105/5776/4106 4099/5777/4105
f 4106/5778/4107 4078/5733/4076 3567/4936/3555
f 1860/2604/1867 1855/2603/1866 4108/5779/4108
f 4109/5780/4109 4162/5770/4101 4097/5767/4098
f 4078/5733/4076 4085/5781/4110 4077/5734/4077
f 4075/5745/4074 4076/5736/4075 4079/5735/4078
f 4104/5772/4103 4091/5782/4111 4100/5773/4104
f 3804/5783/3798 4110/5784/4112 4111/5785/4113
f 4112/5786/4114 3623/5787/3607 3627/5788/3611
f 1855/2603/1866 3870/5404/3859 4108/5779/4108
f 3627/5788/3611 4113/5789/4115 4112/5786/4114
f 3803/5790/3797 4112/5791/4114 3817/5339/3811
f 4085/5781/4110 4078/5733/4076 4116/5792/4116
f 3803/5790/3797 2228/3111/2232 3623/5019/3607
f 3623/5019/3607 4112/5791/4114 3803/5790/3797
f 3627/5788/3611 3626/5793/3610 3641/5049/3627
f 4120/5794/4117 4110/5795/4112 3803/5322/3797
f 4121/5796/4118 4120/5794/4117 3803/5322/3797
f 3803/5322/3797 4110/5795/4112 3804/5323/3798
f 4107/5797/4070 4037/5667/4034 3874/5423/3873
f 4122/5798/4119 4123/5799/4120 4124/5072/3640
f 4080/5737/4079 4111/5785/4113 4120/5800/4117
f 4111/5785/4113 4110/5784/4112 4120/5800/4117
f 4080/5737/4079 4120/5800/4117 4082/5738/4080
f 4120/5800/4117 4090/5755/4089 4082/5738/4080
f 4120/5800/4117 4121/5801/4118 4090/5755/4089
f 3817/5802/3811 4113/5789/4115 4125/5803/4121
f 3784/5280/3775 4105/5776/4106 4103/5775/4102
f 4115/5804/4122 2780/3867/2787 2795/5715/4062
f 4122/5798/4119 4126/5805/4123 4123/5799/4120
f 3784/5280/3775 4103/5775/4102 3801/5281/3776
f 4123/5799/4120 1077/5806/1076 4124/5072/3640
f 2130/2977/2130 4119/5807/4124 4117/5808/4125
f 4093/2470/1766 4119/5807/4124 2130/2977/2130
f 4024/5621/4005 3775/5263/3764 4027/5768/4099
f 4114/5809/4126 4115/5804/4122 2795/5715/4062
f 4016/5810/4127 4013/5631/4011 4006/5617/4002
f 666/880/667 670/5811/4128 1747/2454/1754
f 3654/5073/1288 4124/5072/3640 1077/5806/1076
f 4006/5617/4002 4024/5621/4005 4016/5810/4127
f 4024/5621/4005 4129/5812/4129 4016/5810/4127
f 1898/2553/1828 4171/5813/4130 4130/5814/4131
f 3817/5802/3811 4112/5786/4114 4113/5789/4115
f 3817/5802/3811 4125/5803/4121 3806/5324/3799
f 3809/5328/3803 3817/5802/3811 3806/5324/3799
f 3813/5338/3807 3803/5790/3797 3817/5339/3811
f 1810/2444/1746 4171/5813/4130 1898/2553/1828
f 4107/5797/4070 3874/5423/3873 3877/5815/3777
f 2800/3950/2845 2742/3948/2843 4128/5816/4132
f 1080/5817/1080 1077/5806/1076 4123/5799/4120
f 3566/4935/3554 4106/5778/4107 3567/4936/3555
f 4027/5768/4099 4129/5812/4129 4024/5621/4005
f 4068/5724/4069 4069/5818/4133 4132/5819/4134
f 1898/2553/1828 4130/5814/4131 1902/2886/2059
f 4133/5820/4135 4134/5821/4136 4135/5822/4137
f 4136/5823/4138 4131/5824/4139 3282/4559/3279
f 4159/5825/4140 3870/5404/3859 4161/5826/4141
f 3282/4559/3279 4131/5824/4139 2801/3902/2808
f 670/5811/4128 1756/3173/1769 1747/2454/1754
f 4040/5610/4000 4153/5704/4055 4034/5659/4028
f 2805/3900/2806 2801/3902/2808 4131/5824/4139
f 1756/2474/1769 4109/5780/4109 4097/5767/4098
f 1756/3173/1769 672/5827/4142 4109/5828/4109
f 670/5811/4128 672/5827/4142 1756/3173/1769
f 4064/5717/4064 4101/4931/3550 4102/5769/4100
f 661/881/668 672/5827/4142 670/5811/4128
f 4133/5820/4135 4138/5829/4143 4134/5821/4136
f 4128/5816/4132 4139/5830/4144 4137/5831/4145
f 666/880/667 661/881/668 670/5811/4128
f 4133/5832/4135 3943/5518/3939 4138/5833/4143
f 4077/5734/4077 4085/5781/4110 4140/5834/4146
f 4135/5835/4137 3652/5258/3762 4133/5832/4135
f 4135/5835/4137 3644/5069/3631 3652/5258/3762
f 4135/5822/4137 4134/5821/4136 4141/5836/4147
f 3640/5048/3626 4141/5836/4147 4134/5821/4136
f 4134/5821/4136 4113/5789/4115 3640/5048/3626
f 4113/5789/4115 3627/5788/3611 3640/5048/3626
f 3642/5050/3628 4141/5836/4147 3640/5048/3626
f 3627/5788/3611 3641/5049/3627 3640/5048/3626
f 3644/5837/3631 4135/5822/4137 3642/5050/3628
f 4135/5822/4137 4141/5836/4147 3642/5050/3628
f 4137/5831/4145 4139/5830/4144 4142/5838/4148
f 4143/5839/4149 4144/5840/4150 4134/5821/4136
f 4143/5839/4149 3837/5358/3828 4144/5840/4150
f 4143/5839/4149 3830/5359/3822 3837/5358/3828
f 3835/5356/3826 4144/5840/4150 3837/5358/3828
f 4144/5840/4150 4113/5789/4115 4134/5821/4136
f 4113/5789/4115 4144/5840/4150 4125/5803/4121
f 3835/5356/3826 3806/5324/3799 4144/5840/4150
f 4124/5072/3640 3688/5123/3677 4122/5798/4119
f 3806/5324/3799 4125/5803/4121 4144/5840/4150
f 1753/2451/1752 4097/5767/4098 1754/2469/1765
f 4138/5829/4143 3830/5359/3822 4143/5839/4149
f 4138/5829/4143 4143/5839/4149 4134/5821/4136
f 4138/5833/4143 3943/5518/3939 3830/5352/3822
f 4097/5767/4098 1753/2451/1752 1756/2474/1769
f 4142/5838/4148 4511/5841/4151 4137/5831/4145
f 3569/4939/3557 4122/5798/4119 3688/5123/3677
f 4146/5842/4152 3942/5517/3938 3943/5518/3939
f 4077/5734/4077 3569/4939/3557 3567/4936/3555
f 4105/5776/4106 4036/5843/4153 4148/5844/4154
f 4069/5818/4133 4096/5763/4094 4132/5819/4134
f 4102/5769/4100 4069/5818/4133 4068/5724/4069
f 4064/5717/4064 4102/5769/4100 4068/5724/4069
f 4148/5844/4154 4099/5777/4105 4105/5776/4106
f 4034/5659/4028 4153/5704/4055 4036/5843/4153
f 4096/5763/4094 4069/5818/4133 4102/5769/4100
f 4122/5798/4119 4077/5734/4077 4150/5845/4155
f 4122/5798/4119 3569/4939/3557 4077/5734/4077
f 4126/5805/4123 4122/5798/4119 4150/5845/4155
f 4146/5846/4152 4147/5847/4156 3944/5520/3940
f 4156/5848/4157 4142/5838/4148 4139/5830/4144
f 4003/5604/3999 4034/5659/4028 4036/5843/4153
f 4003/5604/3999 4036/5843/4153 4105/5776/4106
f 3784/5280/3775 4003/5604/3999 4105/5776/4106
f 4108/5849/4108 1967/5850/4158 1860/5851/1867
f 4037/5667/4034 4149/5852/4159 4053/5405/3860
f 3851/5401/3856 4037/5667/4034 4053/5405/3860
f 4093/2470/1766 4157/5766/4097 4119/5807/4124
f 4146/5842/4152 3652/5258/3762 3772/5267/3766
f 4109/5780/4109 4151/5853/4160 4162/5770/4101
f 3772/5854/3766 3773/5855/3773 4146/5846/4152
f 4147/5847/4156 4146/5846/4152 3773/5855/3773
f 4162/5770/4101 4158/5856/4161 4157/5766/4097
f 4162/5770/4101 4151/5853/4160 4158/5856/4161
f 539/5857/4162 455/593/457 461/719/550
f 4058/5858/4057 4096/5763/4094 4011/5658/4027
f 39/140/126 4119/5807/4124 4157/5766/4097
f 4158/5856/4161 39/140/126 4157/5766/4097
f 4158/5856/4161 4151/5853/4160 4165/5859/4163
f 4070/5723/4068 4068/5724/4069 4164/5860/4164
f 4165/5861/4163 4151/5862/4160 4152/5863/4165
f 4133/5832/4135 3652/5258/3762 3943/5518/3939
f 4068/5724/4069 4132/5819/4134 4164/5860/4164
f 3652/5258/3762 4146/5842/4152 3943/5518/3939
f 4129/5812/4129 4208/5864/4166 4016/5810/4127
f 661/881/668 653/862/653 4167/5865/4167
f 4160/5866/4168 4129/5812/4129 4148/5867/4154
f 653/862/653 696/931/695 4167/5865/4167
f 672/5827/4142 4151/5862/4160 4109/5828/4109
f 3944/5520/3940 3942/5519/3938 4146/5846/4152
f 4147/5847/4156 3229/5868/4169 3944/5520/3940
f 672/5827/4142 4152/5863/4165 4151/5862/4160
f 4147/5847/4156 3783/5869/3774 2608/3629/2607
f 4147/5847/4156 3773/5855/3773 3783/5869/3774
f 3229/5868/4169 4147/5847/4156 2608/3629/2607
f 4167/5865/4167 4152/5863/4165 672/5827/4142
f 661/881/668 4167/5865/4167 672/5827/4142
f 2608/3629/2607 3212/4444/3203 3229/5868/4169
f 4166/5870/4170 4164/5871/4164 4154/5872/4171
f 3212/4444/3203 3224/4494/3236 3229/5868/4169
f 4132/5873/4134 4155/5874/4172 4164/5871/4164
f 3783/5869/3774 2605/3627/2605 2608/3629/2607
f 4164/5871/4164 4155/5874/4172 4154/5872/4171
f 69/92/82 38/94/84 4158/5856/4161
f 4165/5859/4163 69/92/82 4158/5856/4161
f 3946/5522/3941 3944/5520/3940 3229/5868/4169
f 4165/5859/4163 4152/5875/4165 4169/5876/4173
f 3223/4491/3235 3946/5522/3941 3229/5868/4169
f 3229/5868/4169 3224/4494/3236 3223/4491/3235
f 38/94/84 39/140/126 4158/5856/4161
f 2904/4151/2996 3946/5522/3941 3223/4491/3235
f 4165/5859/4163 4169/5876/4173 69/92/82
f 1921/5877/1942 4170/5878/4174 4171/5879/4130
f 1716/2429/1736 1717/2386/1712 1733/2427/1735
f 2144/3019/2162 1921/5877/1942 1906/3020/1818
f 1733/5880/1735 1717/5881/1712 4175/5882/4175
f 4175/5883/4175 1717/5884/1712 4173/5885/4176
f 4175/5883/4175 4173/5885/4176 4172/5886/4177
f 4057/2554/1829 2065/2887/2060 4168/5887/4178
f 447/5888/435 69/92/82 4169/5876/4173
f 4169/5889/4173 943/1307/945 447/564/435
f 4035/5703/4054 4057/2554/1829 4168/5887/4178
f 4176/5890/4179 4177/5891/4180 4178/5892/4181
f 4179/5893/4182 2332/3254/2342 4176/5890/4179
f 943/5894/945 4169/5895/4173 4152/5863/4165
f 4176/5890/4179 2332/3254/2342 2335/3258/2345
f 4167/5865/4167 943/5894/945 4152/5863/4165
f 942/1309/943 4167/5865/4167 696/931/695
f 2328/3255/2343 2332/3254/2342 4179/5893/4182
f 4167/5865/4167 942/1309/943 943/5894/945
f 1822/2555/1830 4057/2554/1829 1842/2582/1853
f 943/1307/945 449/567/437 447/564/435
f 4511/5896/4151 4142/5897/4148 4136/5823/4138
f 943/1307/945 1766/1304/942 449/567/437
f 1766/1304/942 458/590/454 449/567/437
f 4131/5824/4139 4142/5897/4148 4156/5898/4157
f 1861/2753/1952 1740/2446/1748 1739/1547/1127
f 4123/5799/4120 101/5899/88 1080/5817/1080
f 1947/2751/1951 4062/5900/4092 1861/2753/1952
f 101/5899/88 4123/5799/4120 4126/5805/4123
f 4136/5823/4138 4142/5897/4148 4131/5824/4139
f 4129/5812/4129 4027/5768/4099 4148/5867/4154
f 1717/5884/1712 1584/3248/1599 2323/3249/2337
f 1717/5884/1712 2323/3249/2337 4173/5885/4176
f 2323/3263/2337 2328/5901/2343 4173/5902/4176
f 2328/5901/2343 4172/5903/4177 4173/5902/4176
f 1921/2732/1942 4171/5813/4130 1810/2444/1746
f 2328/3255/2343 4179/5893/4182 4172/5904/4177
f 4160/5905/4168 4036/5843/4153 4153/5704/4055
f 1860/5851/1867 1967/5850/4158 1841/2763/1958
f 4059/5712/4059 4052/5693/4049 455/593/457
f 4131/5824/4139 4156/5898/4157 2805/3900/2806
f 4059/5712/4059 455/593/457 539/5857/4162
f 4156/5898/4157 4104/5906/4103 2805/3900/2806
f 4183/5907/4183 57/50/46 101/98/88
f 4183/5907/4183 4184/5908/4184 652/863/654
f 4177/5891/4180 4176/5890/4179 2335/3258/2345
f 1720/5909/1717 4185/5910/4185 1713/5911/1709
f 4027/5768/4099 4099/5774/4105 4148/5867/4154
f 4174/5912/4186 4172/5904/4177 4186/5913/4187
f 4172/5904/4177 4179/5893/4182 4186/5913/4187
f 4186/5913/4187 4176/5890/4179 4178/5892/4181
f 4179/5893/4182 4176/5890/4179 4186/5913/4187
f 4187/5914/4188 4172/5903/4177 4174/5915/4186
f 4036/5843/4153 4160/5905/4168 4148/5844/4154
f 1720/5909/1717 1733/5880/1735 4175/5882/4175
f 652/863/654 57/50/46 4183/5907/4183
f 1498/2395/1508 1680/2430/1687 1733/2427/1735
f 1498/2395/1508 1733/2427/1735 1720/2394/1717
f 4184/5908/4184 4183/5907/4183 4126/5916/4123
f 4183/5907/4183 101/98/88 4126/5916/4123
f 4185/5910/4185 1720/5909/1717 4175/5882/4175
f 4185/5917/4185 4175/5883/4175 4172/5886/4177
f 4185/5917/4185 4172/5886/4177 4187/5918/4188
f 4062/5900/4092 4063/5718/4065 3512/5713/4060
f 4177/5891/4180 4189/5919/4189 4178/5892/4181
f 4189/5919/4189 3804/5920/3798 4178/5892/4181
f 4132/5921/4134 4096/5922/4094 4058/5923/4057
f 2335/3258/2345 2340/3264/2349 4177/5891/4180
f 2340/5035/2349 2228/3117/2232 4177/5924/4180
f 4189/5925/4189 2228/3117/2232 3804/5323/3798
f 2228/3117/2232 4189/5925/4189 4177/5924/4180
f 4071/5926/4071 1713/5911/1709 4185/5910/4185
f 1732/5748/1734 1713/5911/1709 4071/5926/4071
f 4083/5739/4081 4035/5703/4054 4168/5887/4178
f 1713/5927/1709 1732/2425/1734 1495/5722/1513
f 4190/5928/4190 4191/5929/4191 4186/5913/4187
f 4080/5737/4079 4191/5930/4191 4190/5931/4190
f 4139/5932/4144 4188/5933/4192 4092/5757/4091
f 2845/3961/2855 4188/5933/4192 2742/3957/2843
f 3549/5576/3980 3512/5713/4060 4065/5719/4066
f 4188/5934/4192 4128/5816/4132 2742/3948/2843
f 4191/5929/4191 4174/5912/4186 4186/5913/4187
f 4187/5935/4188 4072/5728/4072 4071/5727/4071
f 4187/5935/4188 4071/5727/4071 4185/5936/4185
f 4163/5937/4193 4182/5938/4194 4199/5939/487
f 4187/5914/4188 4174/5915/4186 4072/5731/4072
f 4180/5940/4195 4182/5938/4194 4163/5941/4193
f 4073/5749/4073 1732/5748/1734 4071/5926/4071
f 4075/5759/4074 4073/5729/4073 4072/5728/4072
f 4191/5930/4191 4080/5737/4079 4076/5736/4075
f 4190/5928/4190 4186/5913/4187 3804/5920/3798
f 4191/5930/4191 4076/5736/4075 4174/5942/4186
f 4190/5931/4190 4111/5785/4113 4080/5737/4079
f 4193/5943/4196 4365/5944/4197 3952/5531/3948
f 3804/5783/3798 4111/5785/4113 4190/5931/4190
f 4178/5892/4181 3804/5920/3798 4186/5913/4187
f 3951/5945/4198 3922/5481/3916 3952/5946/3948
f 4076/5732/4075 4072/5731/4072 4174/5915/4186
f 1722/5947/1720 4194/5948/4199 1679/5949/1685
f 4180/5940/4195 4163/5941/4193 4140/5834/4146
f 1652/2304/1661 1707/2401/1705 1679/2337/1685
f 4195/5950/4200 4196/5951/4201 4197/5952/4202
f 4139/5830/4144 4128/5816/4132 4188/5934/4192
f 4085/5781/4110 4180/5940/4195 4140/5834/4146
f 3951/5945/4198 3886/5434/3881 3922/5481/3916
f 3886/5434/3881 3951/5945/4198 3892/5435/3882
f 4047/5706/4056 4092/5757/4091 4188/5933/4192
f 2845/3961/2855 2784/3883/2794 4188/5933/4192
f 4092/5757/4091 4156/5953/4157 4139/5932/4144
f 4091/5954/4111 4092/5757/4091 4067/5756/4090
f 3522/5428/3876 4198/5955/4203 4107/5726/4070
f 4065/5719/4066 4226/5956/4015 3549/5576/3980
f 4200/5054/3630 4199/638/487 3635/5041/3622
f 4188/5933/4192 2784/3883/2794 4047/5706/4056
f 3592/5047/3620 3562/4929/3548 3636/5747/3621
f 3522/5428/3876 4107/5726/4070 3367/4682/3358
f 4104/5772/4103 4092/5957/4091 4091/5782/4111
f 4092/5958/4091 4104/5906/4103 4156/5898/4157
f 4063/5753/4065 3531/5506/3931 4065/5959/4066
f 4070/5723/4068 4200/5960/3630 3636/5747/3621
f 4106/5778/4107 4201/5961/4204 4078/5733/4076
f 4116/5792/4116 4078/5733/4076 4201/5961/4204
f 2797/5716/4063 2805/3977/2806 4104/5772/4103
f 4194/5948/4199 4203/5962/4205 1679/5949/1685
f 4195/5963/4200 4194/5964/4199 4196/5965/4201
f 4132/5873/4134 4058/5709/4057 4155/5874/4172
f 4197/5952/4202 4207/5966/4206 4195/5950/4200
f 4083/5739/4081 4192/5967/4207 4081/5740/4082
f 2805/3977/2806 2797/5716/4063 2793/3866/2786
f 3595/5057/3633 4202/5968/4208 4201/5969/4204
f 4201/5961/4204 4106/5778/4107 3595/5064/3633
f 4106/5778/4107 3566/4935/3554 3595/5064/3633
f 4204/5970/4209 1970/2785/1977 1841/2763/1958
f 4114/5971/4126 4091/5954/4111 4067/5756/4090
f 4019/5635/4013 3989/5972/3985 4199/638/487
f 4062/5758/4092 1947/2752/1951 1863/4901/3523
f 4205/5973/4210 4208/5974/4166 4206/5975/4211
f 4108/5779/4108 3870/5404/3859 4159/5825/4140
f 1724/5976/1723 4194/5948/4199 1722/5947/1720
f 4070/5723/4068 4164/5860/4164 4200/5960/3630
f 4209/5977/4212 4210/5978/4213 4211/5979/4214
f 4074/5754/4088 4081/5740/4082 4145/5980/4215
f 4192/5967/4207 4145/5980/4215 4081/5740/4082
f 4184/5981/4184 4150/5845/4155 4140/5834/4146
f 4210/5978/4213 4209/5977/4212 4197/5982/4202
f 4184/5981/4184 4126/5805/4123 4150/5845/4155
f 3989/5972/3985 3635/5041/3622 4199/638/487
f 4127/5983/4216 4114/5971/4126 4095/5765/4096
f 4198/5984/4203 4149/5852/4159 4037/5667/4034
f 4200/5960/3630 4164/5860/4164 4166/5985/4170
f 4107/5797/4070 4198/5984/4203 4037/5667/4034
f 1863/4901/3523 1864/2635/1891 1752/2461/1757
f 4199/5986/487 4200/5960/3630 4166/5985/4170
f 4140/5834/4146 4150/5845/4155 4077/5734/4077
f 1734/5987/1738 4212/5988/4217 1724/5976/1723
f 1724/2405/1723 1501/2398/1511 1734/2435/1738
f 4202/5968/4208 4214/5989/4218 4201/5969/4204
f 4206/5990/4211 4208/5864/4166 4160/5866/4168
f 4194/5948/4199 1724/5976/1723 4212/5988/4217
f 4129/5812/4129 4160/5866/4168 4208/5864/4166
f 4194/5964/4199 4212/5991/4217 4196/5965/4201
f 4213/5992/4219 4196/5965/4201 4212/5991/4217
f 4210/5978/4213 4213/5993/4219 4216/5994/4220
f 4155/5874/4172 4058/5709/4057 4059/5712/4059
f 4212/5991/4217 4086/5741/4083 4213/5992/4219
f 4217/5995/4221 4016/5996/4127 4208/5974/4166
f 4155/5874/4172 4059/5712/4059 539/5857/4162
f 4108/5779/4108 4159/5825/4140 4218/5997/4222
f 4197/5982/4202 4196/5998/4201 4210/5978/4213
f 4196/5998/4201 4213/5993/4219 4210/5978/4213
f 4210/5978/4213 4216/5994/4220 4211/5979/4214
f 4211/5979/4214 4216/5994/4220 4219/5999/4223
f 4154/5872/4171 4155/5874/4172 539/5857/4162
f 4171/5813/4130 4181/6000/4224 4130/5814/4131
f 4067/5756/4090 4095/5765/4096 4114/5971/4126
f 4220/6001/4225 602/795/603 652/863/654
f 4091/5782/4111 4114/5809/4126 4100/5773/4104
f 4114/5809/4126 2795/5715/4062 4100/5773/4104
f 4184/5908/4184 4220/6001/4225 652/863/654
f 3512/5713/4060 1861/2753/1952 4062/5900/4092
f 4221/6002/4226 4181/6000/4224 4222/6003/4227
f 4220/6004/4225 4140/5834/4146 4163/5941/4193
f 4115/5804/4122 4114/5809/4126 4127/6005/4216
f 1863/4901/3523 1947/2752/1951 1864/2635/1891
f 4184/5981/4184 4140/5834/4146 4220/6004/4225
f 4209/5977/4212 4211/5979/4214 3811/6006/3805
f 4211/5979/4214 3812/6007/3806 3811/6006/3805
f 4219/5999/4223 3812/6007/3806 4211/5979/4214
f 4219/6008/4223 4121/5796/4118 3803/5322/3797
f 4224/6009/4228 4198/5984/4203 3522/6010/3876
f 4219/6008/4223 3813/5332/3807 3812/5331/3806
f 4219/6008/4223 3803/5322/3797 3813/5332/3807
f 3811/6006/3805 3814/6011/3808 4225/6012/4229
f 1712/5751/1708 4088/6013/4084 1734/5987/1738
f 4084/5752/4087 4088/6013/4084 1712/5751/1708
f 4212/5988/4217 1734/5987/1738 4088/6013/4084
f 1902/2886/2059 4130/5814/4131 4221/6002/4226
f 1734/2435/1738 1490/2436/1499 1712/2376/1708
f 4212/5991/4217 4088/5742/4084 4086/5741/4083
f 4087/6014/4085 4213/6015/4219 4086/6016/4083
f 4153/5704/4055 4206/6017/4211 4160/5905/4168
f 4084/5760/4087 4087/5743/4085 4088/5742/4084
f 4216/5994/4220 4087/5744/4085 4089/5746/4086
f 4216/5994/4220 4213/5993/4219 4087/5744/4085
f 4090/5755/4089 4219/5999/4223 4216/5994/4220
f 4216/5994/4220 4089/5746/4086 4090/5755/4089
f 4090/5755/4089 4121/5801/4118 4219/5999/4223
f 2042/2860/2039 2739/3908/2814 2039/2856/2035
f 4153/5704/4055 4048/5685/4046 4206/6017/4211
f 2675/3725/2674 2049/2866/2044 2070/2897/2068
f 2231/3115/2235 4159/5825/4140 4161/5826/4141
f 2035/3113/2234 2231/3115/2235 4161/5826/4141
f 1967/5850/4158 4108/5849/4108 4218/6018/4222
f 377/637/362 4019/5635/4013 4199/638/487
f 4228/6019/4230 2901/4040/2909 2902/4041/2910
f 3003/4164/3007 2902/4041/2910 2818/3932/2827
f 4226/5956/4015 4223/6020/4231 3549/5576/3980
f 4223/6021/4231 4226/5638/4015 4014/5632/4012
f 4218/6018/4222 4159/6022/4140 4229/6023/4232
f 4230/6024/4233 2924/4070/2930 4228/6019/4230
f 2901/4040/2909 4228/6019/4230 2924/4070/2930
f 3003/4164/3007 4232/6025/4234 4231/6026/4235
f 4232/6025/4234 3003/4164/3007 4234/6027/4236
f 4214/5989/4218 4233/6028/4237 4116/6029/4116
f 4226/5638/4015 4065/6030/4066 3531/5640/3931
f 4233/6028/4237 4393/6031/4238 4182/6032/4194
f 4234/6027/4236 1991/2797/1986 4232/6025/4234
f 4181/6000/4224 4221/6002/4226 4130/5814/4131
f 4116/5792/4116 4182/5938/4194 4180/5940/4195
f 4085/5781/4110 4116/5792/4116 4180/5940/4195
f 3984/5612/3981 3549/6033/3980 4223/6034/4231
f 4234/6027/4236 2815/3923/2822 1991/2797/1986
f 4234/6027/4236 3003/4164/3007 2815/3923/2822
f 4223/6034/4231 4004/6035/4239 3984/5612/3981
f 3147/5270/3147 4235/6036/4240 3781/5271/3769
f 1991/2797/1986 4236/6037/4241 4232/6025/4234
f 1991/2797/1986 2084/2911/2078 4236/6037/4241
f 4240/6038/4242 4237/6039/4243 4238/6040/4244
f 4236/6041/4241 2084/6042/2078 2090/4882/2085
f 4236/6041/4241 2090/4882/2085 1634/2276/1646
f 1634/6043/1646 4239/6044/4245 4236/6037/4241
f 4061/5714/4061 4241/6045/4246 4046/5684/4045
f 4276/6046/4247 4061/5714/4061 3794/5299/3789
f 4239/6044/4245 4232/6025/4234 4236/6037/4241
f 4224/6047/4228 3522/5428/3876 3910/5463/3900
f 4061/5714/4061 3160/4377/3158 3794/5299/3789
f 4535/6048/4248 4254/6049/4249 4243/6050/4250
f 4242/6051/4251 4232/6025/4234 4239/6044/4245
f 4232/6025/4234 4242/6051/4251 4231/6026/4235
f 1633/2275/1645 1678/2352/1692 4239/6052/4245
f 1902/2886/2059 4221/6002/4226 25/2874/2050
f 1634/2276/1646 1633/2275/1645 4239/6052/4245
f 4243/6050/4250 4245/6053/4252 4535/6048/4248
f 2053/2872/2048 25/2874/2050 4221/6002/4226
f 1678/2352/1692 1687/2504/1794 4239/6052/4245
f 4246/6054/4253 4247/6055/4254 4237/6039/4243
f 4242/6051/4251 4239/6044/4245 1687/6056/1794
f 4238/6040/4244 4237/6039/4243 4247/6055/4254
f 4223/6021/4231 4008/5627/4007 4004/6057/4239
f 4008/5627/4007 4223/6021/4231 4014/5632/4012
f 4253/6058/4255 74/111/101 75/110/100
f 4170/5878/4174 4252/6059/4256 4171/5879/4130
f 4255/6060/4257 4254/6049/4249 4535/6048/4248
f 3910/5463/3900 4002/5600/3996 4224/6047/4228
f 4308/6061/4258 4224/6047/4228 4002/5600/3996
f 4002/5623/3996 3926/5484/3919 4256/6062/4259
f 4258/6063/4260 4242/6051/4251 1687/6056/1794
f 3870/5404/3859 4053/5405/3860 4161/5826/4141
f 1967/5850/4158 4204/5970/4209 1841/2763/1958
f 4259/6064/4261 3003/4164/3007 4231/6026/4235
f 4218/6018/4222 4273/6065/4262 1967/5850/4158
f 4145/6066/4215 4002/5623/3996 4256/6062/4259
f 4002/5623/3996 4145/6066/4215 4308/6067/4258
f 4259/6064/4261 4231/6026/4235 4242/6051/4251
f 2902/4041/2910 4259/6064/4261 4228/6019/4230
f 2902/4041/2910 3003/4164/3007 4259/6064/4261
f 4260/6068/4263 3255/4517/3247 4261/6069/4264
f 4074/6070/4088 4145/6066/4215 4256/6062/4259
f 4171/5813/4130 4252/6071/4256 4181/6000/4224
f 4261/6069/4264 3255/4517/3247 3260/6072/3253
f 4263/6073/4265 4265/6074/4266 4248/6075/4267
f 4259/6064/4261 4267/6076/4268 4266/6077/4269
f 4256/6062/4259 3540/5438/3885 4074/6070/4088
f 4268/6078/4270 575/743/572 4269/6079/4271
f 4270/6080/4272 4266/6077/4269 4267/6076/4268
f 4250/6081/4273 2788/6082/2811 4251/6083/2812
f 4256/6062/4259 3926/5484/3919 3889/5439/3886
f 4266/6077/4269 4228/6019/4230 4259/6064/4261
f 4270/6080/4272 4228/6019/4230 4266/6077/4269
f 3883/5473/3871 3540/5438/3885 3539/5460/3898
f 4271/6084/4274 4248/6075/4267 4265/6074/4266
f 3250/4503/3242 4261/6085/4264 3260/4523/3253
f 4256/6062/4259 3889/5439/3886 3540/5438/3885
f 3779/5284/3779 3781/5271/3769 3857/5386/3846
f 3883/5473/3871 4074/6070/4088 3540/5438/3885
f 3629/5030/3614 3330/4627/3325 2832/6086/3597
f 3613/5031/3612 3629/5030/3614 2832/6086/3597
f 2832/6086/3597 3330/4627/3325 2809/4638/2815
f 1967/5850/4158 4273/6065/4262 4204/5970/4209
f 2654/3697/2655 312/406/317 4251/6083/2812
f 4244/6087/4275 4259/6064/4261 4242/6051/4251
f 4267/6076/4268 4259/6064/4261 4244/6087/4275
f 4275/6088/4276 3330/4627/3325 4274/6089/4277
f 3332/4628/3326 3330/4627/3325 4275/6088/4276
f 4277/6090/4278 3332/4628/3326 4275/6088/4276
f 3790/5293/3786 4272/6091/4279 3789/5291/3784
f 4278/6092/4280 3633/5037/3618 3382/4702/3375
f 2820/6093/2831 2824/6094/2830 2941/6095/4281
f 3633/5037/3618 3345/4651/3341 3382/4702/3375
f 3344/4650/3340 3382/4702/3375 3345/4651/3341
f 3794/5299/3789 4272/6091/4279 4276/6046/4247
f 4181/6096/4224 4252/6059/4256 4222/6097/4227
f 4272/6091/4279 3794/5299/3789 3789/5291/3784
f 4274/6089/4277 3330/4627/3325 3629/5030/3614
f 4168/5887/4178 2065/2887/2060 4282/6098/4282
f 3781/5271/3769 4235/6036/4240 4279/6099/4283
f 4235/6036/4240 3147/5270/3147 4013/5678/4011
f 584/784/599 3973/5555/3967 671/889/672
f 3973/5555/3967 3972/5553/3965 27/14/14
f 4013/5678/4011 4217/5995/4221 4235/6036/4240
f 2824/6100/2830 2820/3936/2831 2681/3747/2688
f 4016/5996/4127 4217/5995/4221 4013/5678/4011
f 4192/5967/4207 4083/5739/4081 4168/5887/4178
f 4257/6101/4284 4149/5852/4159 4198/5984/4203
f 4248/6075/4267 4271/6084/4274 4551/6102/4285
f 4271/6084/4274 4285/6103/4286 4551/6102/4285
f 4261/6104/4264 4284/6105/4287 1819/2542/1820
f 4048/5685/4046 4046/5684/4045 4241/6045/4246
f 671/889/672 3973/5555/3967 27/14/14
f 671/889/672 27/14/14 26/13/13
f 4276/6046/4247 4241/6045/4246 4061/5714/4061
f 4280/6106/4288 4269/6079/4271 4240/6038/4242
f 3974/6107/4289 2011/2820/2007 2019/5525/3944
f 4286/6108/4290 4285/6103/4286 4287/6109/4291
f 4289/6110/4292 3857/5386/3846 3781/5271/3769
f 3781/5271/3769 4288/6111/4293 4289/6110/4292
f 4288/6111/4293 3781/5271/3769 4279/6099/4283
f 4260/6112/4263 1819/2542/1820 1798/2523/1808
f 4149/5852/4159 4161/5826/4141 4053/5405/3860
f 4261/6104/4264 1819/2542/1820 4260/6112/4263
f 4278/6092/4280 4290/6113/4294 3633/5037/3618
f 4291/6114/4295 4261/6115/4264 3250/4503/3242
f 4237/6039/4243 4240/6038/4242 4269/6079/4271
f 4248/6075/4267 4245/6053/4252 4263/6073/4265
f 4293/6116/4296 4257/6101/4284 4337/6117/4297
f 4263/6073/4265 4245/6053/4252 4264/6118/4298
f 4243/6050/4250 4264/6118/4298 4245/6053/4252
f 4292/5628/4008 3633/5037/3618 4290/6113/4294
f 4161/5826/4141 4257/6101/4284 2035/3113/2234
f 4161/5826/4141 4149/5852/4159 4257/6101/4284
f 1862/2559/1834 3189/4520/3250 1823/2550/1827
f 4271/6084/4274 4287/6109/4291 4285/6103/4286
f 3176/4408/3178 1862/2559/1834 1828/2561/1836
f 4286/6119/4290 4287/6120/4291 1526/6121/1536
f 4295/6122/4299 4300/6123/4300 4296/6124/4301
f 2346/3269/2354 2302/3270/2355 4295/6122/4299
f 2717/3787/2721 2996/4087/2945 289/367/296
f 4280/6125/4288 4240/6126/4242 4298/6127/4302
f 4277/6090/4278 3474/4828/3467 3346/4656/3343
f 3189/4520/3250 4294/2606/1869 1823/2550/1827
f 1798/2551/1808 4294/2606/1869 4260/6068/4263
f 4280/6125/4288 4298/6127/4302 4297/6128/4303
f 4337/6129/4297 4192/5967/4207 4168/5887/4178
f 4297/6128/4303 4281/6130/4304 4280/6125/4288
f 4281/6130/4304 4297/6128/4303 740/1001/745
f 4276/6131/4247 4272/6132/4279 4326/6133/4305
f 4326/6133/4305 4301/6134/4306 4276/6131/4247
f 4276/6046/4247 4301/6135/4306 4241/6045/4246
f 2996/4087/2945 2820/4000/2831 2941/6095/4281
f 2996/4087/2945 2941/6095/4281 4359/6136/4307
f 3821/5387/3847 3857/5386/3846 4303/6137/4308
f 2019/5525/3944 3973/5555/3967 3974/6107/4289
f 2011/2820/2007 3974/6107/4289 1999/783/598
f 4293/6138/4296 4337/6129/4297 4282/6098/4282
f 4238/6139/4244 4305/6140/4309 4240/6126/4242
f 1999/783/598 3974/6107/4289 584/784/599
f 4304/6141/4310 4227/672/513 3859/5389/3849
f 1862/2559/1834 3184/4144/2990 3189/4520/3250
f 3974/6107/4289 3973/5555/3967 584/784/599
f 4395/6142/4311 4297/6128/4303 4298/6127/4302
f 4277/6090/4278 3346/4656/3343 3332/4628/3326
f 4282/6098/4282 4337/6129/4297 4168/5887/4178
f 4281/6143/4304 4268/6078/4270 4280/6106/4288
f 4269/6079/4271 4280/6106/4288 4268/6078/4270
f 3821/5387/3847 4304/6141/4310 3859/5389/3849
f 4215/6144/4312 4257/6101/4284 4198/5984/4203
f 4304/6141/4310 3821/5387/3847 4303/6137/4308
f 4224/6009/4228 4215/6144/4312 4198/5984/4203
f 2144/3019/2162 4345/6145/4313 4306/6146/4314
f 4290/6113/4294 4278/6092/4280 4310/6147/4315
f 3194/4518/3248 3255/4517/3247 4260/6068/4263
f 3194/4518/3248 4260/6068/4263 4294/2606/1869
f 4306/6146/4314 1921/5877/1942 2144/3019/2162
f 4154/5872/4171 539/5857/4162 461/719/550
f 461/719/550 542/6148/4316 4154/5872/4171
f 3189/4520/3250 3194/4518/3248 4294/2606/1869
f 4244/6087/4275 4242/6051/4251 4258/6063/4260
f 461/719/550 462/592/456 542/6148/4316
f 4283/6149/4317 4244/6087/4275 4258/6063/4260
f 4267/6076/4268 4244/6087/4275 4283/6149/4317
f 2131/6150/4318 2115/2962/2124 1964/2779/1973
f 1687/2504/1794 1780/2500/1790 4258/6151/4260
f 4258/6063/4260 1780/6152/1790 1785/2850/1789
f 4258/6063/4260 1785/2850/1789 4283/6149/4317
f 4250/6153/4273 2960/4114/2966 2637/3921/2636
f 2780/3867/2787 4307/6154/4319 4066/6155/4320
f 4066/6155/4320 3377/4695/3369 2759/3843/2767
f 4250/6081/4273 2637/3668/2636 2638/3670/2637
f 2346/3274/2354 4311/6156/4321 2343/3267/2352
f 4250/6157/4273 2638/3676/2637 2788/3905/2811
f 542/6148/4316 462/592/456 573/741/570
f 1964/2779/1973 1970/2785/1977 4262/6158/4322
f 2343/3267/2352 4311/6156/4321 4313/6159/4323
f 1970/2785/1977 4204/5970/4209 4262/6158/4322
f 4224/6009/4228 4308/6160/4258 4215/6144/4312
f 542/6148/4316 573/741/570 4314/6161/4324
f 4230/6024/4233 4315/6162/4325 3865/5406/3861
f 505/674/515 575/743/572 573/741/570
f 3865/5406/3861 4315/6162/4325 3916/5474/3910
f 4230/6024/4233 3865/5406/3861 2924/4070/2930
f 4331/6163/4326 4215/6144/4312 4308/6160/4258
f 4307/6154/4319 4319/6164/4327 4066/6155/4320
f 3377/4695/3369 4066/6155/4320 4319/6164/4327
f 4066/6155/4320 2759/3843/2767 2780/3867/2787
f 4321/6165/4328 4313/6159/4323 4311/6156/4321
f 4310/6147/4315 4278/6092/4280 4312/6166/4329
f 4312/6166/4329 4278/6092/4280 4319/6164/4327
f 3382/4702/3375 3377/4695/3369 4319/6164/4327
f 4319/6164/4327 4278/6092/4280 3382/4702/3375
f 4270/6080/4272 4230/6024/4233 4228/6019/4230
f 4267/6076/4268 4323/6167/4330 4270/6080/4272
f 367/546/421 434/548/423 1918/2699/1926
f 4262/6158/4322 2131/6150/4318 1964/2779/1973
f 3179/6168/3181 3168/4393/3169 4510/6169/4331
f 3791/6170/3787 434/578/423 4317/579/444
f 531/759/582 4322/6171/4332 579/758/581
f 3179/6168/3181 4325/4397/3171 3168/4393/3169
f 4324/6172/4333 2173/5681/4043 2131/6150/4318
f 2131/6150/4318 2173/5681/4043 2115/2962/2124
f 4272/6132/4279 3790/6173/3786 4316/6174/4334
f 4322/6171/4332 4327/6175/4335 579/758/581
f 4319/6164/4327 4307/6154/4319 4312/6166/4329
f 3320/4626/3324 3474/4828/3467 2778/4817/3462
f 4329/6176/4336 4328/6177/4337 4330/6178/4338
f 2620/6179/2620 2960/6180/2966 2071/6181/2069
f 4145/5980/4215 4331/6182/4326 4308/6183/4258
f 4098/5764/4095 4332/6184/4339 3249/4502/3241
f 3249/4502/3241 4332/6184/4339 4291/6114/4295
f 4192/5967/4207 4331/6182/4326 4145/5980/4215
f 3474/4828/3467 2773/3862/2782 2778/4817/3462
f 4316/6174/4334 3790/6173/3786 4317/579/444
f 3474/4828/3467 4094/5762/4093 2773/3862/2782
f 3250/4503/3242 3249/4502/3241 4291/6114/4295
f 3791/6170/3787 4317/579/444 3790/6173/3786
f 4333/6185/4340 4334/6186/4341 4332/6184/4339
f 4334/6186/4341 4291/6114/4295 4332/6184/4339
f 4277/6090/4278 4299/6187/4342 3474/4828/3467
f 3474/4828/3467 4299/6187/4342 4335/6188/4343
f 4338/6189/4344 4303/6137/4308 4289/6110/4292
f 4215/6144/4312 4337/6117/4297 4257/6101/4284
f 4270/6080/4272 4315/6162/4325 4230/6024/4233
f 3857/5386/3846 4289/6110/4292 4303/6137/4308
f 4337/6117/4297 4215/6144/4312 4331/6163/4326
f 4301/6134/4306 4326/6133/4305 4340/6190/4345
f 3892/5435/3882 4339/6191/4346 4098/5764/4095
f 4335/6188/4343 4094/5762/4093 3474/4828/3467
f 4098/5764/4095 4339/6191/4346 4332/6184/4339
f 4304/6141/4310 520/673/514 4227/672/513
f 4115/5804/4122 4307/6154/4319 2780/3867/2787
f 679/897/678 4342/6192/4347 700/935/699
f 4303/6137/4308 4338/6189/4344 4304/6141/4310
f 4344/6193/4348 4275/6088/4276 4343/6194/4349
f 3156/4372/3153 3168/4393/3169 4325/4397/3171
f 2144/3019/2162 4342/6192/4347 4345/6145/4313
f 4314/6161/4324 4330/6178/4338 4328/6177/4337
f 3343/6195/4350 3168/4393/3169 3322/4623/3321
f 4332/6184/4339 4339/6191/4346 4333/6185/4340
f 4343/6194/4349 4274/6089/4277 3629/5030/3614
f 3630/5029/3613 4343/6194/4349 3629/5030/3614
f 4346/6196/4351 4343/6194/4349 3630/5029/3613
f 4275/6088/4276 4274/6089/4277 4343/6194/4349
f 4344/6193/4348 4299/6187/4342 4277/6090/4278
f 453/580/445 341/434/336 342/1003/747
f 342/1003/747 4347/6197/4352 453/580/445
f 341/434/336 453/580/445 345/439/341
f 4316/6174/4334 4326/6133/4305 4272/6132/4279
f 4348/6198/4353 4349/6199/4354 4323/6167/4330
f 4192/5967/4207 4337/6129/4297 4331/6182/4326
f 2157/3009/2152 2038/6200/4355 4350/6201/4356
f 542/6148/4316 4328/6177/4337 4154/5872/4171
f 4316/6174/4334 4317/579/444 453/580/445
f 4328/6177/4337 542/6148/4316 4314/6161/4324
f 4316/6174/4334 453/580/445 4326/6133/4305
f 3179/4414/3181 3113/4322/3115 4325/6202/3171
f 4342/6192/4347 2144/3019/2162 2148/3001/2147
f 2197/3107/2228 4342/6192/4347 2148/3001/2147
f 4334/6186/4341 4333/6185/4340 4351/6203/4357
f 3155/4380/3159 4325/6202/3171 3113/4322/3115
f 700/935/699 4342/6192/4347 2197/3107/2228
f 742/1030/766 700/935/699 2197/3107/2228
f 2152/2999/2146 742/1030/766 2197/3107/2228
f 4344/6193/4348 4277/6090/4278 4275/6088/4276
f 2303/3214/2313 2306/3215/2314 4309/6204/4358
f 4309/6204/4358 2406/3347/2412 2303/3214/2313
f 4334/6205/4341 4351/6206/4357 4350/6201/4356
f 2989/4149/2995 2739/4083/2814 4388/6207/4359
f 2002/2806/1994 4350/6201/4356 2038/6200/4355
f 4350/6201/4356 2002/2806/1994 4284/6105/4287
f 4284/6105/4287 2002/2806/1994 1819/2542/1820
f 2003/2807/1995 2002/2806/1994 2038/6200/4355
f 4261/6104/4264 4291/6208/4295 4284/6105/4287
f 4350/6201/4356 4284/6105/4287 4291/6208/4295
f 4334/6205/4341 4350/6201/4356 4291/6208/4295
f 4320/6209/4360 4354/6210/4361 4314/6161/4324
f 4306/6146/4314 4170/5878/4174 1921/5877/1942
f 4309/6204/4358 2306/3215/2314 4318/6211/4362
f 2343/3267/2352 4318/6211/4362 2306/3215/2314
f 4290/6113/4294 4353/6212/4363 4360/6213/4364
f 4360/6213/4364 4292/5628/4008 4290/6113/4294
f 2960/4114/2966 4250/6153/4273 4388/6214/4359
f 4283/6149/4317 1785/2850/1789 4348/6198/4353
f 2343/3267/2352 4313/6159/4323 4318/6211/4362
f 4279/6099/4283 4217/5995/4221 4355/6215/4365
f 121/125/115 2131/6150/4318 4262/6158/4322
f 4217/5995/4221 4279/6099/4283 4235/6036/4240
f 4314/6161/4324 573/741/570 4320/6209/4360
f 4329/6216/4336 4330/6217/4338 603/796/604
f 4345/6145/4313 335/431/333 4306/6146/4314
f 4267/6076/4268 4283/6149/4317 4348/6198/4353
f 4348/6198/4353 4323/6167/4330 4267/6076/4268
f 4348/6198/4353 1785/2850/1789 2033/2849/2032
f 4301/6134/4306 4358/6218/4366 4302/6219/4367
f 2406/3347/2412 4361/6220/4368 2371/3312/2384
f 4048/5685/4046 4241/6045/4246 4356/6221/4369
f 4324/6172/4333 2131/6150/4318 121/125/115
f 4292/5628/4008 3634/5038/3619 3633/5037/3618
f 2157/3009/2152 2003/2807/1995 2038/6200/4355
f 4362/6222/4370 4270/6080/4272 4323/6167/4330
f 4262/6158/4322 106/104/94 121/125/115
f 4262/6158/4322 108/105/95 106/104/94
f 3634/5038/3619 4292/5628/4008 3955/5534/3950
f 223/369/297 2717/3787/2721 289/367/296
f 4356/6221/4369 4241/6045/4246 4301/6135/4306
f 4352/6223/4371 4343/6194/4349 4346/6196/4351
f 4315/6162/4325 4270/6080/4272 4362/6222/4370
f 4301/6135/4306 4302/6224/4367 4356/6221/4369
f 4352/6223/4371 4346/6196/4351 4353/6225/4363
f 4193/5943/4196 3952/5531/3948 4315/6162/4325
f 3984/5612/3981 4346/6196/4351 3630/5029/3613
f 335/431/333 134/432/334 4306/6146/4314
f 4336/6226/4372 4359/6136/4307 2941/6095/4281
f 134/432/334 4170/5878/4174 4306/6146/4314
f 138/522/404 4170/5878/4174 134/432/334
f 3952/5531/3948 3916/5474/3910 4315/6162/4325
f 4362/6222/4370 4193/5943/4196 4315/6162/4325
f 250/348/281 4324/6172/4333 121/125/115
f 4322/6171/4332 4354/6227/4361 4327/6175/4335
f 4354/6227/4361 4322/6171/4332 4314/6228/4324
f 4322/6171/4332 531/759/582 4330/6217/4338
f 2173/5681/4043 4324/6172/4333 250/348/281
f 4330/6217/4338 531/759/582 603/796/604
f 1902/2886/2059 25/2874/2050 2065/2887/2060
f 4322/6171/4332 4330/6217/4338 4314/6228/4324
f 4328/6177/4337 4166/5870/4170 4154/5872/4171
f 4247/6055/4254 4246/6054/4253 4249/6229/4373
f 4282/6098/4282 2065/2887/2060 25/2874/2050
f 4364/6230/4374 4246/6054/4253 4237/6039/4243
f 3951/5945/4198 3952/5946/3948 4365/6231/4197
f 4338/6189/4344 4288/6111/4293 4364/6230/4374
f 4004/6035/4239 4346/6196/4351 3984/5612/3981
f 3951/5945/4198 4339/6191/4346 3892/5435/3882
f 4352/6223/4371 4344/6193/4348 4343/6194/4349
f 4339/6191/4346 4371/6232/4375 4333/6185/4340
f 2406/3347/2412 4309/6204/4358 4363/6233/4376
f 4363/6233/4376 4361/6220/4368 2406/3347/2412
f 335/431/333 294/423/326 141/364/293
f 4247/6234/4254 4305/6140/4309 4238/6139/4244
f 4282/6098/4282 4357/6235/4377 4293/6138/4296
f 4329/6216/4336 603/796/604 4368/6236/4378
f 4193/5943/4196 4362/6222/4370 4369/6237/4379
f 4353/6225/4363 4370/6238/4380 4352/6223/4371
f 4208/5974/4166 4205/5973/4210 4246/6054/4253
f 4293/6116/4296 4357/6239/4377 4257/6101/4284
f 4246/6054/4253 4364/6230/4374 4355/6215/4365
f 4367/6240/4381 4163/6241/4193 4199/6242/487
f 4288/6111/4293 4279/6099/4283 4355/6215/4365
f 4355/6215/4365 4364/6230/4374 4288/6111/4293
f 4329/6216/4336 4368/6236/4378 4367/6240/4381
f 4163/6241/4193 4367/6240/4381 4368/6236/4378
f 4257/6101/4284 4357/6239/4377 2035/3113/2234
f 4385/898/679 4251/6083/2812 312/406/317
f 603/796/604 602/795/603 4368/6236/4378
f 4372/3114/2049 2035/3113/2234 4357/6239/4377
f 2390/3329/2396 4361/6220/4368 4366/6243/4382
f 4373/6244/4383 2390/6245/2396 4366/6246/4382
f 4220/6001/4225 4368/6236/4378 602/795/603
f 4368/6236/4378 4220/6001/4225 4163/6241/4193
f 2687/3743/2686 2739/3908/2814 2042/2860/2039
f 1232/1717/1264 2687/3743/2686 2612/3637/2612
f 4371/6247/4375 4193/5943/4196 4369/6237/4379
f 2042/2860/2039 2041/2859/2038 2687/3743/2686
f 4365/5944/4197 4193/5943/4196 4371/6247/4375
f 2675/3725/2674 1242/1706/1257 2669/3718/2668
f 575/743/572 4320/6209/4360 573/741/570
f 4320/6209/4360 575/743/572 4268/6078/4270
f 4361/6220/4368 2390/3329/2396 2371/3312/2384
f 4354/6210/4361 4320/6209/4360 4281/6143/4304
f 4281/6130/4304 4327/6175/4335 4354/6227/4361
f 4346/6248/4351 4004/6057/4239 4360/6213/4364
f 4374/6249/4384 4318/6211/4362 4462/6250/4385
f 4281/6143/4304 4320/6209/4360 4268/6078/4270
f 679/897/678 429/428/331 334/429/332
f 4346/6248/4351 4360/6213/4364 4353/6212/4363
f 335/431/333 334/429/332 294/423/326
f 679/897/678 334/429/332 4342/6192/4347
f 4365/6231/4197 4339/6191/4346 3951/5945/4198
f 4360/6213/4364 4004/6057/4239 4292/5628/4008
f 4292/5628/4008 4004/6057/4239 4008/5627/4007
f 4309/6204/4358 4318/6211/4362 4374/6249/4384
f 334/429/332 335/431/333 4345/6145/4313
f 4339/6191/4346 4365/6231/4197 4371/6232/4375
f 334/429/332 4345/6145/4313 4342/6192/4347
f 3978/5523/3942 2191/3049/2188 1793/3042/2181
f 2070/2897/2068 2071/2898/2069 2675/3725/2674
f 4362/6222/4370 4323/6167/4330 4349/6199/4354
f 4348/6198/4353 2103/2937/2101 4349/6199/4354
f 2103/2937/2101 4377/6251/4386 4349/6199/4354
f 2103/2937/2101 4379/6252/4032 4377/6251/4386
f 4380/6253/4387 4377/6251/4386 4379/6252/4032
f 4249/6229/4373 4246/6054/4253 4205/5973/4210
f 2675/3725/2674 2071/2898/2069 4381/1707/1254
f 25/2874/2050 4372/2873/2049 4357/6235/4377
f 740/1001/745 579/758/581 4281/6130/4304
f 579/758/581 4327/6175/4335 4281/6130/4304
f 2739/4083/2814 4382/6254/4388 4388/6207/4359
f 4282/6098/4282 25/2874/2050 4357/6235/4377
f 2231/6255/2235 4392/6256/4389 4229/6023/4232
f 2960/6180/2966 4388/6207/4359 2071/6181/2069
f 2071/6181/2069 4388/6207/4359 4381/1702/1254
f 2231/3115/2235 4229/6257/4232 4159/5825/4140
f 4392/6258/4389 2231/3115/2235 2053/3116/2048
f 4299/6187/4342 4352/6223/4371 4375/6259/4390
f 4363/6233/4376 4384/6260/4391 4361/6220/4368
f 4374/6249/4384 4363/6233/4376 4309/6204/4358
f 4344/6193/4348 4352/6223/4371 4299/6187/4342
f 4307/6154/4319 4378/6261/4392 4386/6262/4393
f 2302/3270/2355 4300/6123/4300 4295/6122/4299
f 1616/2257/1631 4300/6123/4300 2302/3270/2355
f 1616/2257/1631 2119/2961/2123 4300/6123/4300
f 4217/5995/4221 4246/6054/4253 4355/6215/4365
f 4302/6219/4367 4358/6218/4366 4305/6140/4309
f 4369/6237/4379 4349/6199/4354 4377/6251/4386
f 4310/6147/4315 4370/6263/4380 4353/6212/4363
f 4290/6113/4294 4310/6147/4315 4353/6212/4363
f 4208/5974/4166 4246/6054/4253 4217/5995/4221
f 4312/6166/4329 4386/6262/4393 4370/6263/4380
f 4349/6199/4354 4369/6237/4379 4362/6222/4370
f 4310/6147/4315 4312/6166/4329 4370/6263/4380
f 4371/6247/4375 4369/6237/4379 4380/6253/4387
f 4380/6253/4387 4369/6237/4379 4377/6251/4386
f 4390/6264/4394 4295/6122/4299 4296/6124/4301
f 4295/6122/4299 4390/6264/4394 4311/6265/4321
f 4295/6122/4299 4311/6265/4321 2346/3269/2354
f 4302/6219/4367 4247/6234/4254 4249/6266/4373
f 4312/6166/4329 4307/6154/4319 4386/6262/4393
f 4247/6234/4254 4302/6219/4367 4305/6140/4309
f 4370/6238/4380 4386/6267/4393 4352/6223/4371
f 4375/6259/4390 4352/6223/4371 4386/6267/4393
f 4205/6268/4210 4206/6017/4211 4048/5685/4046
f 4205/6268/4210 4048/5685/4046 4356/6221/4369
f 2033/2849/2032 2103/2937/2101 4348/6198/4353
f 2104/2939/2102 2103/2937/2101 2086/2936/2080
f 4383/6269/4395 4492/6270/4396 4387/6271/4397
f 4205/6268/4210 4356/6221/4369 4249/6272/4373
f 4385/6273/679 2989/6274/2995 4388/6275/4359
f 2104/2939/2102 4379/6252/4032 2103/2937/2101
f 4249/6266/4373 4356/6276/4369 4302/6219/4367
f 4387/6271/4397 733/985/731 4383/6269/4395
f 4383/6269/4395 733/985/731 735/987/733
f 4117/5808/4125 4391/6277/4398 4412/6278/4399
f 4392/6279/4389 2053/2872/2048 4221/6002/4226
f 4119/5807/4124 4391/6277/4398 4117/5808/4125
f 4386/6267/4393 4378/6280/4392 4375/6259/4390
f 4118/6281/4400 1131/1550/1130 2127/3540/2128
f 4375/6259/4390 4095/5765/4096 4335/6188/4343
f 4378/6280/4392 4127/5983/4216 4375/6259/4390
f 4095/5765/4096 4094/5762/4093 4335/6188/4343
f 4117/5808/4125 4118/6282/4400 2127/2969/2128
f 2118/2959/2121 4117/5808/4125 2127/2969/2128
f 2118/2959/2121 2130/2977/2130 4117/5808/4125
f 4199/6283/487 4166/5870/4170 4367/6284/4381
f 4289/6110/4292 4288/6111/4293 4338/6189/4344
f 4393/6031/4238 4394/6285/4401 4199/638/487
f 1131/1550/1130 4413/6286/1136 1132/1551/1131
f 1131/6287/1130 4118/6288/4400 4413/1557/1136
f 4166/5870/4170 4328/6177/4337 4367/6284/4381
f 4118/6288/4400 4412/6289/4399 4413/1557/1136
f 4335/6188/4343 4299/6187/4342 4375/6259/4390
f 4118/6282/4400 4117/5808/4125 4412/6278/4399
f 4095/5765/4096 4375/6259/4390 4127/5983/4216
f 4358/6218/4366 4301/6134/4306 4340/6190/4345
f 4395/6142/4311 4358/6218/4366 4340/6190/4345
f 4127/6005/4216 4378/6261/4392 4307/6154/4319
f 4307/6154/4319 4115/5804/4122 4127/6005/4216
f 4385/898/679 4388/6290/4359 4250/6081/4273
f 453/580/445 4340/6190/4345 4326/6133/4305
f 4396/6291/4402 4397/6292/4403 4398/6293/4404
f 4218/6018/4222 4229/6023/4232 4397/6292/4403
f 4367/6284/4381 4328/6177/4337 4329/6176/4336
f 2675/3725/2674 4381/1707/1254 1242/1706/1257
f 2125/2981/2133 2133/5666/4033 2104/5665/2102
f 2157/3009/2152 2133/5666/4033 2125/2981/2133
f 2037/2985/2136 2157/3009/2152 2125/2981/2133
f 4400/6294/4405 4199/638/487 4399/6295/4406
f 489/6296/483 375/639/360 4199/638/487
f 520/673/514 4304/6141/4310 4341/6297/4407
f 4321/6165/4328 4311/6156/4321 4390/6298/4394
f 4401/6299/4408 1360/1852/1370 1219/1666/1226
f 4304/6141/4310 4338/6189/4344 4341/6297/4407
f 4403/6300/4409 4404/6301/4410 4405/6302/4411
f 1547/6303/1566 1551/6304/1565 4406/6305/4412
f 4340/6190/4345 4408/6306/4413 4395/6142/4311
f 4406/6305/4412 1552/6307/1567 4407/6308/4414
f 4403/6309/4409 4406/6310/4412 4404/6311/4410
f 4407/6312/4414 4404/6311/4410 4406/6310/4412
f 4409/6313/4415 4410/6314/4416 4405/6315/4411
f 4300/6123/4300 2119/2961/2123 4411/6316/4417
f 4347/6197/4352 740/1001/745 4408/6306/4413
f 4340/6190/4345 453/580/445 4347/6197/4352
f 4412/6289/4399 4414/6317/4418 23/6318/4419
f 23/6318/4419 4413/1557/1136 4412/6289/4399
f 4398/6293/4404 4229/6023/4232 4392/6256/4389
f 1609/6319/1622 1539/6320/1552 132/133/119
f 1552/6307/1567 1673/6321/1676 4415/6322/4420
f 1552/6307/1567 4415/6322/4420 4407/6308/4414
f 4411/6316/4417 4296/6124/4301 4300/6123/4300
f 4414/6323/4418 4412/6278/4399 4391/6277/4398
f 4391/6277/4398 87/6324/4421 4414/6323/4418
f 4253/6058/4255 4391/6277/4398 4119/5807/4124
f 1673/2324/1676 1552/2140/1567 1486/2272/1497
f 4416/6325/4422 4404/6326/4410 4415/6327/4420
f 4407/6328/4414 4415/6327/4420 4404/6326/4410
f 4380/6329/4387 4379/5664/4032 2133/5666/4033
f 4376/6330/4423 4380/6329/4387 2133/5666/4033
f 785/2467/1763 4336/6226/4372 4385/6273/679
f 4411/6316/4417 2120/2963/2125 355/6331/446
f 4417/6332/4424 4410/6314/4416 4409/6313/4415
f 4409/6313/4415 4418/6333/4425 4417/6332/4424
f 4405/6302/4411 4404/6301/4410 4416/6334/4422
f 4416/6335/4422 4419/6336/4426 4421/6337/4427
f 4409/6313/4415 4416/6335/4422 4421/6337/4427
f 4421/6337/4427 4418/6333/4425 4409/6313/4415
f 4416/6338/4422 4409/6339/4415 4405/6340/4411
f 3757/1670/1228 4401/6299/4408 1219/1666/1226
f 741/1002/746 4347/6197/4352 342/1003/747
f 1609/6319/1622 132/133/119 1516/6341/1527
f 87/6324/4421 4253/6058/4255 75/110/100
f 2120/2963/2125 4411/6316/4417 2119/2961/2123
f 225/6342/3771 4401/6299/4408 3757/1670/1228
f 4371/6232/4375 4380/6343/4387 4376/6344/4423
f 4269/6079/4271 575/743/572 4422/6345/4428
f 3757/1670/1228 3782/5278/3772 225/6342/3771
f 4253/6058/4255 87/6324/4421 4391/6277/4398
f 4229/6023/4232 4398/6293/4404 4397/6292/4403
f 4237/6039/4243 4269/6079/4271 4422/6345/4428
f 575/743/572 520/673/514 4341/6297/4407
f 4422/6345/4428 575/743/572 4341/6297/4407
f 2133/5666/4033 2157/3009/2152 4376/6330/4423
f 4351/6206/4357 4376/6330/4423 2157/3009/2152
f 4364/6230/4374 4237/6039/4243 4422/6345/4428
f 4371/6232/4375 4376/6344/4423 4333/6185/4340
f 4351/6203/4357 4333/6185/4340 4376/6344/4423
f 4422/6345/4428 4341/6297/4407 4338/6189/4344
f 370/6346/4429 366/775/594 4402/6347/4430
f 4390/6348/4394 4296/6349/4301 4402/6347/4430
f 366/775/594 370/6346/4429 361/576/442
f 370/6346/4429 4402/6347/4430 4296/6349/4301
f 4297/6128/4303 4408/6306/4413 740/1001/745
f 355/581/446 361/576/442 370/6346/4429
f 4296/6124/4301 4411/6316/4417 370/6350/4429
f 4351/6206/4357 2157/3009/2152 4350/6201/4356
f 4411/6351/4417 355/581/446 370/6346/4429
f 1235/1703/1255 4381/1702/1254 4382/6254/4388
f 4423/6352/4431 4424/6353/4432 4425/6354/4433
f 4426/6355/4434 4424/6353/4432 4423/6352/4431
f 4396/6356/4402 4398/6357/4404 4452/6358/4435
f 4425/6354/4433 14/9/9 20/11/11
f 74/111/101 4253/6058/4255 4119/5807/4124
f 4425/6354/4433 20/11/11 4423/6352/4431
f 4119/5807/4124 39/140/126 74/111/101
f 15/10/10 14/9/9 4427/6359/4436
f 4222/6003/4227 4452/6358/4435 4398/6357/4404
f 4425/6354/4433 4427/6359/4436 14/9/9
f 15/6360/10 4427/6361/4436 4428/6362/4437
f 4423/6363/4431 4429/6364/4438 4430/6365/4439
f 4417/6332/4424 4418/6333/4425 4431/6366/4440
f 4222/6003/4227 4398/6357/4404 4221/6002/4226
f 4429/6367/4438 4431/6366/4440 4418/6333/4425
f 4429/6364/4438 4423/6363/4431 4431/6368/4440
f 4398/6357/4404 4392/6279/4389 4221/6002/4226
f 4170/5878/4174 138/522/404 4252/6059/4256
f 4432/6369/4441 4424/6353/4432 4433/6370/4442
f 4433/6370/4442 4426/6355/4434 4434/6371/4443
f 4424/6353/4432 4426/6355/4434 4433/6370/4442
f 4424/6353/4432 4427/6359/4436 4425/6354/4433
f 4432/6369/4441 4427/6359/4436 4424/6353/4432
f 3751/5223/3737 3769/5253/3757 4202/6372/4208
f 4435/6373/4444 4436/6374/4445 4428/6362/4437
f 4428/6362/4437 4427/6361/4436 4432/6375/4441
f 4338/6189/4344 4364/6230/4374 4422/6345/4428
f 4428/6362/4437 4432/6375/4441 4435/6373/4444
f 79/62/55 4437/6376/4446 80/77/68
f 4436/6374/4445 52/6377/40 54/6378/42
f 54/6378/42 4428/6362/4437 4436/6374/4445
f 54/6378/42 15/6360/10 4428/6362/4437
f 56/48/45 4436/6379/4445 4437/6376/4446
f 56/6380/45 52/6377/40 4436/6374/4445
f 4435/6373/4444 4432/6375/4441 4433/6381/4442
f 4435/6373/4444 4433/6381/4442 4439/6382/4447
f 4347/6197/4352 4408/6306/4413 4340/6190/4345
f 4440/6383/4448 4439/6382/4447 4441/6384/4449
f 4439/6382/4447 4440/6383/4448 4442/6385/4450
f 4439/6382/4447 4442/6385/4450 4435/6373/4444
f 4442/6385/4450 4436/6374/4445 4435/6373/4444
f 4442/6385/4450 4443/6386/4451 4436/6374/4445
f 4443/6386/4451 4437/6387/4446 4436/6374/4445
f 4440/6383/4448 4445/6388/4452 4442/6385/4450
f 4442/6385/4450 4445/6388/4452 4443/6386/4451
f 741/1002/746 740/1001/745 4347/6197/4352
f 80/77/68 4437/6376/4446 4443/6389/4451
f 4446/6390/4453 80/77/68 4445/6391/4452
f 2120/2963/2125 2115/2962/2124 2173/5681/4043
f 4447/6392/4454 4318/6211/4362 4313/6159/4323
f 22/19/19 23/6318/4419 451/732/563
f 785/2477/1763 4385/898/679 553/722/553
f 451/732/563 566/20/20 22/19/19
f 4381/1702/1254 4388/6207/4359 4382/6254/4388
f 115/733/104 451/732/563 4414/6317/4418
f 4443/6389/4451 4445/6391/4452 80/77/68
f 56/48/45 4437/6376/4446 79/62/55
f 451/732/563 23/6318/4419 4414/6317/4418
f 4273/6065/4262 4218/6018/4222 4397/6292/4403
f 4446/6390/4453 4483/6393/4455 80/77/68
f 4414/6323/4418 75/110/100 115/114/104
f 1516/6341/1527 132/133/119 1671/6394/1679
f 4426/6355/4434 4423/6352/4431 4449/6395/4456
f 4414/6323/4418 87/6324/4421 75/110/100
f 4336/6226/4372 2824/6094/2830 2989/6274/2995
f 1198/6396/4457 1144/1558/1137 4413/1557/1136
f 135/6397/176 4450/584/449 136/6398/4458
f 4413/1557/1136 23/6318/4419 1198/6396/4457
f 2989/6274/2995 4385/6273/679 4336/6226/4372
f 4262/6158/4322 4204/5970/4209 108/105/95
f 108/105/95 4204/5970/4209 4273/6065/4262
f 4451/6399/4459 356/6400/447 4444/5682/4044
f 356/6400/447 355/6331/446 4444/5682/4044
f 4202/6372/4208 3769/5253/3757 4438/6401/4460
f 1227/1677/1235 4438/6401/4460 3769/5253/3757
f 108/105/95 4273/6065/4262 4397/6292/4403
f 2173/5681/4043 4451/6399/4459 4444/5682/4044
f 4321/6402/4328 4390/6348/4394 4448/6403/4461
f 4447/6392/4454 4313/6159/4323 4321/6165/4328
f 4444/5682/4044 355/6331/446 2120/2963/2125
f 78/6404/66 136/6398/4458 460/589/67
f 3755/5236/3745 1228/1678/1236 3769/5253/3757
f 4222/6097/4227 4252/6059/4256 4452/6405/4435
f 3769/5253/3757 1228/1678/1236 1227/1677/1235
f 4450/584/449 460/589/67 136/6398/4458
f 250/348/281 4451/6399/4459 2173/5681/4043
f 4358/6218/4366 4395/6142/4311 4305/6140/4309
f 4321/6402/4328 4448/6403/4461 4453/6406/4462
f 4305/6140/4309 4395/6142/4311 4298/6127/4302
f 1360/1852/1370 4401/6299/4408 4456/6407/4463
f 593/773/592 1191/1624/1188 4457/6408/4464
f 622/816/620 593/773/592 4457/6408/4464
f 4240/6126/4242 4305/6140/4309 4298/6127/4302
f 2941/6095/4281 2824/6094/2830 4336/6226/4372
f 1360/1852/1370 4456/6407/4463 1357/1853/1371
f 4297/6128/4303 4395/6142/4311 4408/6306/4413
f 4456/6407/4463 4454/6409/4465 1357/1853/1371
f 4458/6410/4466 623/819/621 622/816/620
f 4458/6410/4466 622/816/620 4457/6408/4464
f 225/6342/3771 4459/6411/4467 4401/6299/4408
f 4459/6411/4467 4456/6407/4463 4401/6299/4408
f 4000/5696/4050 3997/5569/3975 3981/5568/3974
f 225/6342/3771 4460/6412/4468 4459/6411/4467
f 4459/6411/4467 4454/6409/4465 4456/6407/4463
f 499/647/494 3193/6413/3193 485/649/476
f 4451/6399/4459 250/348/281 4455/6414/4469
f 356/6400/447 4451/6399/4459 4455/6414/4469
f 33/1643/1205 1138/1604/1173 1198/6396/4457
f 22/19/19 33/1643/1205 1198/6396/4457
f 4461/6415/4470 4463/6416/4471 4233/6417/4237
f 22/19/19 1198/6396/4457 23/6318/4419
f 1138/1604/1173 1144/1558/1137 1198/6396/4457
f 109/106/96 108/105/95 4397/6292/4403
f 4461/6415/4470 4438/6401/4460 1331/1829/1349
f 4438/6401/4460 1227/1677/1235 1331/1829/1349
f 4452/6405/4435 4252/6059/4256 138/522/404
f 1331/1829/1349 1333/1844/1362 4463/6416/4471
f 4463/6416/4471 4461/6415/4470 1331/1829/1349
f 2521/600/463 4455/6414/4469 250/348/281
f 78/6418/66 251/6419/4472 136/6420/4458
f 3981/5568/3974 3982/5570/3976 3986/5578/3982
f 1028/6421/1032 356/6400/447 4455/6414/4469
f 3177/6422/3179 3193/6423/3193 4464/6424/4473
f 3859/5389/3849 3986/5578/3982 3966/5544/3958
f 2521/600/463 1113/6425/2519 1028/6421/1032
f 4455/6414/4469 2521/600/463 1028/6421/1032
f 1338/2101/1550 4463/6426/4471 1333/2099/1362
f 471/3505/466 1113/3504/2519 2521/6427/463
f 250/348/281 120/124/114 2521/600/463
f 4465/6428/4474 4467/6429/4475 4447/6392/4454
f 4447/6392/4454 4467/6429/4475 4462/6250/4385
f 4321/6165/4328 4465/6428/4474 4447/6392/4454
f 4463/6426/4471 4468/6430/4476 4233/6431/4237
f 4460/6432/4468 225/5273/3771 216/5275/203
f 37/5260/207 216/5275/203 3782/5274/3772
f 455/593/457 4000/5696/4050 457/591/455
f 4202/5968/4208 3595/5057/3633 3793/5266/3765
f 4202/6372/4208 3793/5298/3765 3751/5223/3737
f 1875/2623/1883 4457/6408/4464 1191/1624/1188
f 4469/651/497 732/988/734 9/6433/170
f 3193/6413/3193 499/647/494 4469/651/497
f 1875/2623/1883 68/68/59 4457/6408/4464
f 1875/2623/1883 222/263/213 68/68/59
f 4460/6432/4468 215/6434/202 4471/6435/4477
f 4460/6412/4468 4471/6436/4477 4459/6411/4467
f 4471/6436/4477 4454/6409/4465 4459/6411/4467
f 1191/1624/1188 1194/1627/1191 1879/2624/1884
f 4470/6437/4478 4397/6292/4403 4396/6291/4402
f 189/204/177 135/203/176 136/6438/4458
f 216/5275/203 215/6434/202 4460/6432/4468
f 9/196/170 4472/214/183 4469/6439/497
f 462/592/456 457/591/455 505/674/515
f 4182/6032/4194 4116/6029/4116 4233/6028/4237
f 4116/6029/4116 4201/5969/4204 4214/5989/4218
f 3981/5568/3974 457/591/455 4000/5696/4050
f 4472/214/183 3193/6440/3193 4469/6439/497
f 3981/5568/3974 506/6441/4479 457/591/455
f 4214/6442/4218 4438/6401/4460 4461/6415/4470
f 4251/6083/2812 4385/898/679 4250/6081/4273
f 4214/6442/4218 4202/6372/4208 4438/6401/4460
f 457/591/455 506/6441/4479 505/674/515
f 251/6419/4472 230/340/275 136/6420/4458
f 136/6420/4458 230/340/275 189/216/177
f 230/340/275 196/217/185 189/216/177
f 4461/6415/4470 4233/6417/4237 4214/6442/4218
f 4473/820/622 4474/6443/4480 594/774/593
f 4397/6292/4403 4470/6437/4478 109/106/96
f 4402/6347/4430 4474/6443/4480 4390/6348/4394
f 4474/6443/4480 4448/6403/4461 4390/6348/4394
f 139/529/400 109/106/96 4470/6437/4478
f 4474/6443/4480 366/775/594 594/774/593
f 4470/6444/4478 138/522/404 139/518/400
f 506/6441/4479 4227/672/513 505/674/515
f 4474/6443/4480 4402/6347/4430 366/775/594
f 506/6441/4479 3981/5568/3974 3986/5578/3982
f 506/6441/4479 3986/5578/3982 4227/672/513
f 4470/6444/4478 4452/6405/4435 138/522/404
f 4227/672/513 3986/5578/3982 3859/5389/3849
f 4396/6445/4402 4452/6405/4435 4470/6444/4478
f 4359/6136/4307 289/367/296 2996/4087/2945
f 4473/820/622 623/819/621 4466/6446/4481
f 4466/6446/4481 4453/6406/4462 4473/820/622
f 289/367/296 4359/6136/4307 755/6447/752
f 341/434/336 7/46/44 346/690/529
f 8/688/527 346/690/529 7/46/44
f 4474/6443/4480 4473/820/622 4448/6403/4461
f 4448/6403/4461 4473/820/622 4453/6406/4462
f 4321/6402/4328 4453/6406/4462 4465/6448/4474
f 4453/6406/4462 4466/6446/4481 4465/6448/4474
f 2408/6449/2413 2409/6450/2414 4477/6451/4482
f 2409/6450/2414 2390/6245/2396 4373/6244/4383
f 4373/6244/4383 4477/6451/4482 2409/6450/2414
f 1879/2624/1884 1875/2623/1883 1191/1624/1188
f 4373/6244/4383 4500/6452/4483 4499/6453/4484
f 1525/2083/1542 1524/6454/1534 4475/6455/4485
f 4500/6452/4483 4373/6244/4383 4366/6246/4382
f 4500/6456/4483 4366/6243/4382 4361/6220/4368
f 4499/6453/4484 4478/6457/4486 4373/6244/4383
f 4475/6458/4485 1524/2086/1534 1357/1853/1371
f 1357/1853/1371 4454/6409/4465 4475/6458/4485
f 4479/318/259 4472/262/183 264/303/247
f 2739/3908/2814 2687/3743/2686 4382/6459/4388
f 4382/6459/4388 2687/3743/2686 1232/1717/1264
f 4464/6424/4473 4472/262/183 4479/318/259
f 3193/6423/3193 4472/262/183 4464/6424/4473
f 4477/6451/4482 4373/6244/4383 4478/6457/4486
f 1232/1717/1264 1235/1719/1255 4382/6459/4388
f 485/619/476 3193/4429/3193 2643/3715/2643
f 4478/6457/4486 4482/6460/4487 4477/6451/4482
f 2597/3613/2595 2408/3348/2413 4477/6461/4482
f 2597/6462/2595 4477/6451/4482 4482/6460/4487
f 78/75/66 80/77/68 4483/6393/4455
f 4447/6392/4454 4462/6250/4385 4318/6211/4362
f 755/6447/752 4359/6136/4307 1761/2466/1762
f 4484/6463/4488 4486/6464/4489 4476/6465/4490
f 4483/6466/4455 4485/6467/4491 251/6419/4472
f 4374/6249/4384 4487/6468/4492 4363/6233/4376
f 78/6418/66 4483/6466/4455 251/6419/4472
f 4484/6463/4488 4468/6430/4476 1338/2101/1550
f 4468/6430/4476 4463/6426/4471 1338/2101/1550
f 1542/2128/1560 1614/6469/4493 4484/6463/4488
f 1542/2128/1560 4484/6463/4488 1338/2101/1550
f 1596/2234/1613 1532/2084/1543 4488/6470/4494
f 1525/2083/1542 4475/6455/4485 4490/6471/4495
f 4489/6472/4496 4483/6393/4455 4446/6390/4453
f 4490/6471/4495 1532/2084/1543 1525/2083/1542
f 4383/6473/4395 4488/6470/4494 4492/6474/4396
f 4489/6475/4496 4491/6476/4497 4485/6467/4491
f 4480/6477/4498 4481/464/355 4494/6478/4499
f 4485/6467/4491 4483/6466/4455 4489/6475/4496
f 4487/6468/4492 4384/6260/4391 4363/6233/4376
f 4480/6477/4498 253/6479/239 246/297/235
f 1761/2466/1762 4359/6136/4307 4336/6226/4372
f 4490/6471/4495 4488/6470/4494 1532/2084/1543
f 4490/6471/4495 4493/6480/4500 4492/6474/4396
f 4487/6468/4492 4496/6481/4501 4384/6260/4391
f 4490/6471/4495 4492/6474/4396 4488/6470/4494
f 4493/6480/4500 4495/6482/4502 4492/6474/4396
f 4498/6483/4503 253/6479/239 4480/6477/4498
f 4493/6480/4500 4490/6471/4495 4475/6455/4485
f 4476/6484/4490 4493/6480/4500 4475/6455/4485
f 4336/6226/4372 785/2467/1763 1761/2466/1762
f 253/293/239 4498/6485/4503 4497/6486/4504
f 4492/6270/4396 4495/6487/4502 4387/6271/4397
f 4499/6453/4484 4500/6452/4483 4496/6488/4501
f 4497/6489/4504 4498/6490/4503 4501/6491/4505
f 4502/6492/4506 4499/6453/4484 4496/6488/4501
f 4500/6456/4483 4361/6220/4368 4384/6260/4391
f 4387/6271/4397 4486/6464/4489 733/985/731
f 4480/6477/4498 4494/6478/4499 4498/6483/4503
f 4500/6456/4483 4384/6260/4391 4496/6481/4501
f 4494/6478/4499 4503/6493/4507 4498/6483/4503
f 4495/6487/4502 4476/6465/4490 4486/6464/4489
f 4501/6491/4505 4498/6490/4503 4503/6494/4507
f 4387/6271/4397 4495/6487/4502 4486/6464/4489
f 4502/6492/4506 4504/6495/4508 4499/6453/4484
f 4501/6496/4505 4576/6497/4509 4497/6486/4504
f 4499/6453/4484 4504/6495/4508 4478/6457/4486
f 230/340/275 251/6419/4472 4485/6467/4491
f 1567/2231/1610 3336/4640/3334 4504/6495/4508
f 4481/464/355 199/258/211 4263/6073/4265
f 4265/6074/4266 199/258/211 130/135/121
f 1614/6469/4493 733/985/731 4486/6464/4489
f 3321/4622/3320 4506/6498/4510 3322/4623/3321
f 4137/5831/4145 3321/4622/3320 4128/5816/4132
f 130/135/121 4505/461/353 4265/6074/4266
f 4137/5831/4145 4506/6498/4510 3321/4622/3320
f 4511/5841/4151 4509/6499/4511 4506/6498/4510
f 3321/4622/3320 2800/3950/2845 4128/5816/4132
f 733/985/731 1614/6469/4493 1542/2128/1560
f 1614/6469/4493 4486/6464/4489 4484/6463/4488
f 4481/464/355 4480/6477/4498 246/297/235
f 3322/4623/3321 4506/6498/4510 3343/6195/4350
f 4506/6498/4510 4509/6499/4511 3343/6195/4350
f 272/319/260 4464/6424/4473 4479/318/259
f 4509/6499/4511 4510/6169/4331 3343/6195/4350
f 4505/461/353 369/463/354 4516/6500/4512
f 387/559/431 4516/6500/4512 369/463/354
f 4516/6500/4512 387/559/431 4520/6501/4513
f 4454/6409/4465 4471/6436/4477 4393/6502/4238
f 3282/4559/3279 3327/4621/3319 4136/5823/4138
f 215/6434/202 227/6503/217 4471/6435/4477
f 4393/6502/4238 4475/6458/4485 4454/6409/4465
f 4393/6504/4238 4476/6484/4490 4475/6455/4485
f 4199/638/487 4182/6032/4194 4393/6031/4238
f 4233/6431/4237 4468/6430/4476 4393/6505/4238
f 4476/6465/4490 4393/6505/4238 4484/6463/4488
f 4484/6463/4488 4393/6505/4238 4468/6430/4476
f 4511/5896/4151 4136/5823/4138 4509/6506/4511
f 4265/6074/4266 4263/6073/4265 199/258/211
f 4136/5823/4138 3327/4621/3319 4509/6506/4511
f 227/6507/217 226/6508/216 4394/6509/4401
f 2699/3768/2705 2196/3053/2189 3070/3057/2193
f 226/6508/216 4513/6510/4514 4514/6511/4515
f 215/247/202 219/250/205 227/267/217
f 4515/6512/4516 226/266/216 219/250/205
f 4494/6478/4499 4481/464/355 4264/6118/4298
f 4393/6031/4238 4471/6435/4477 227/6503/217
f 4394/6285/4401 4393/6031/4238 227/6503/217
f 4264/6118/4298 4481/464/355 4263/6073/4265
f 3327/4621/3319 3122/4620/3318 4509/6506/4511
f 3078/4275/3078 2699/3768/2705 3070/3057/2193
f 4394/6509/4401 226/6508/216 4514/6511/4515
f 4399/6513/4406 4394/6509/4401 4514/6511/4515
f 226/6508/216 4515/6514/4516 4513/6510/4514
f 3168/4393/3169 3166/4391/3167 3322/4623/3321
f 4265/6074/4266 4505/461/353 4271/6084/4274
f 4271/6084/4274 4505/461/353 4516/6500/4512
f 4493/6480/4500 4476/6484/4490 4495/6482/4502
f 3078/4275/3078 4529/6515/4517 4508/6516/4518
f 4399/6295/4406 4199/638/487 4394/6285/4401
f 4510/6169/4331 3168/4393/3169 3343/6195/4350
f 4485/6467/4491 4512/6517/4519 287/341/276
f 4512/6517/4519 4485/6467/4491 4491/6476/4497
f 248/290/237 3836/5357/3827 247/288/236
f 3122/4620/3318 4510/6518/4331 4509/6506/4511
f 230/340/275 4485/6467/4491 287/341/276
f 3836/5357/3827 67/66/57 247/288/236
f 4510/6518/4331 3122/4620/3318 3179/4414/3181
f 239/277/227 4517/6519/4520 234/274/224
f 233/273/223 234/274/224 4517/6519/4520
f 3836/5357/3827 248/290/237 4518/6520/4521
f 4518/6521/4521 4517/6522/4520 3836/5367/3827
f 4517/6522/4520 239/6523/227 3836/5367/3827
f 272/319/260 379/473/364 4519/6524/4522
f 4518/6521/4521 4521/6525/4523 4517/6522/4520
f 3836/5367/3827 239/6523/227 238/5365/226
f 4506/6498/4510 4137/5831/4145 4511/5841/4151
f 258/299/243 259/304/244 4523/6526/4524
f 384/1388/1008 4524/6527/4525 379/473/364
f 4519/6524/4522 379/473/364 4524/6527/4525
f 4515/6514/4516 4525/6528/4526 4513/6510/4514
f 4520/6529/4513 387/560/431 4522/6530/4527
f 258/299/243 4523/6526/4524 4526/6531/4528
f 4526/6531/4528 4521/6532/4523 258/299/243
f 4521/6532/4523 4518/6520/4521 248/290/237
f 4513/6510/4514 4525/6528/4526 4527/6533/4529
f 4515/6512/4516 233/273/223 4517/6519/4520
f 4526/6531/4528 4523/6526/4524 4528/6534/4530
f 4522/6530/4527 387/560/431 405/561/432
f 4521/6532/4523 248/290/237 258/299/243
f 4521/6525/4523 4526/6535/4528 4527/6536/4529
f 4525/6537/4526 4521/6525/4523 4527/6536/4529
f 4515/6512/4516 219/250/205 233/273/223
f 4525/6538/4526 4515/6512/4516 4517/6519/4520
f 4529/6539/4517 3127/4276/3079 3047/4235/3056
f 4521/6525/4523 4525/6537/4526 4517/6522/4520
f 261/6540/246 263/6541/249 4523/6526/4524
f 259/304/244 261/6540/246 4523/6526/4524
f 608/802/608 3181/4419/3185 405/561/432
f 2088/6542/2083 4530/6543/4531 2176/6544/2134
f 4522/6530/4527 405/561/432 3181/4419/3185
f 3306/4596/3299 3167/6545/3306 4531/5510/3933
f 2088/2917/2083 2087/2915/2081 4530/6543/4531
f 3167/6545/3306 3171/4409/3168 3310/4601/3308
f 4254/6546/4249 4503/6494/4507 4494/6547/4499
f 4487/6468/4492 4374/6249/4384 4533/6548/4532
f 3310/6549/3308 3170/6550/3307 4534/6551/4533
f 4535/6048/4248 4536/6552/4534 4467/6429/4475
f 4519/6524/4522 4524/6527/4525 4532/6553/4535
f 4536/6552/4534 4462/6250/4385 4467/6429/4475
f 4494/6478/4499 4264/6118/4298 4254/6049/4249
f 2104/5665/2102 2088/6554/2083 2125/2981/2133
f 2125/2981/2133 2088/6554/2083 2176/2982/2134
f 4537/6555/4536 4535/6048/4248 4467/6429/4475
f 4465/6428/4474 4537/6555/4536 4467/6429/4475
f 887/1217/888 3114/6556/4537 3471/4304/3100
f 4254/6049/4249 4264/6118/4298 4243/6050/4250
f 4529/6539/4517 3047/4235/3056 3086/4305/3101
f 4541/6557/4538 4542/6558/4539 4543/6559/4540
f 4532/6553/4535 4524/6527/4525 4612/6560/4541
f 4540/6561/4542 4539/6562/4543 2312/3222/2318
f 4532/6553/4535 4612/6560/4541 3170/6550/3307
f 4541/6557/4538 60/56/50 4548/6563/4544
f 3170/6550/3307 4612/6560/4541 4534/6551/4533
f 4548/6563/4544 4542/6558/4539 4541/6557/4538
f 3086/4305/3101 3471/4304/3100 3114/6556/4537
f 3177/4411/3179 3170/4600/3307 3171/4409/3168
f 3086/4305/3101 3114/6556/4537 4529/6539/4517
f 4519/6524/4522 3177/6422/3179 4464/6424/4473
f 2087/2915/2081 2164/3017/2160 4539/6562/4543
f 4539/6562/4543 4530/6543/4531 2087/2915/2081
f 3177/6422/3179 4519/6524/4522 4532/6553/4535
f 3170/6550/3307 3177/6422/3179 4532/6553/4535
f 4255/6564/4257 4543/6559/4540 4542/6558/4539
f 272/319/260 4519/6524/4522 4464/6424/4473
f 2176/6544/2134 4530/6543/4531 4539/6562/4543
f 4543/6559/4540 623/819/621 4541/6557/4538
f 4421/6337/4427 4544/6565/4545 4545/6566/4546
f 4545/6566/4546 4430/6567/4439 4421/6337/4427
f 4430/6567/4439 4418/6333/4425 4421/6337/4427
f 4419/6336/4426 4546/6568/4547 4421/6337/4427
f 4544/6565/4545 4421/6337/4427 4546/6568/4547
f 4458/6410/4466 4541/6557/4538 623/819/621
f 4547/6569/4548 4420/6570/4549 1643/6571/1653
f 1673/6321/1676 1643/6571/1653 4420/6570/4549
f 4503/6494/4507 4542/6558/4539 4548/6563/4544
f 4254/6546/4249 4542/6558/4539 4503/6494/4507
f 1487/2290/1470 1643/2292/1653 1673/2324/1676
f 4419/6572/4426 4420/6573/4549 4546/6574/4547
f 4547/6575/4548 4546/6574/4547 4420/6573/4549
f 4415/6322/4420 1673/6321/1676 4420/6570/4549
f 4420/6573/4549 4419/6572/4426 4415/6327/4420
f 4416/6325/4422 4415/6327/4420 4419/6572/4426
f 2312/3222/2318 4539/6562/4543 2164/3017/2160
f 4254/6546/4249 4255/6564/4257 4542/6558/4539
f 1671/2327/1679 1675/2331/1682 1447/2328/1460
f 1449/2333/1458 1447/2328/1460 1675/2331/1682
f 94/102/92 3114/6556/4537 887/1217/888
f 4501/6491/4505 4503/6494/4507 4548/6563/4544
f 4548/6563/4544 4585/53/48 4501/6491/4505
f 4585/53/48 4548/6563/4544 60/56/50
f 3127/6576/3079 4529/6515/4517 3078/4275/3078
f 4540/6577/4542 2311/6578/4550 4538/3026/2168
f 4533/6548/4532 4374/6249/4384 4462/6250/4385
f 4462/6250/4385 4536/6552/4534 4533/6548/4532
f 60/56/50 68/68/59 59/54/49
f 4539/6579/4543 4540/6577/4542 4538/3026/2168
f 2699/3768/2705 3078/4275/3078 4508/6516/4518
f 4508/6516/4518 4507/3777/2713 2699/3768/2705
f 4533/6548/4532 4536/6552/4534 4248/6075/4267
f 4551/6102/4285 4533/6548/4532 4248/6075/4267
f 1645/2293/1654 1643/2292/1653 1448/2291/1459
f 4552/6580/4551 4550/6581/4552 1645/6582/1654
f 4458/6410/4466 60/56/50 4541/6557/4538
f 4549/6583/4553 4533/6548/4532 4551/6102/4285
f 4544/6565/4545 4553/6584/4554 4545/6566/4546
f 4458/6410/4466 68/68/59 60/56/50
f 4550/6581/4552 4547/6569/4548 1645/6582/1654
f 1643/6571/1653 1645/6582/1654 4547/6569/4548
f 4546/6568/4547 4553/6584/4554 4544/6565/4545
f 4546/6574/4547 4547/6575/4548 4554/6585/4555
f 4550/6586/4552 4554/6585/4555 4547/6575/4548
f 4458/6410/4466 4457/6408/4464 68/68/59
f 4555/6587/4556 4556/6588/4557 4553/6584/4554
f 4553/6584/4554 4554/6589/4555 4555/6587/4556
f 1482/6590/4558 4508/6516/4518 4529/6515/4517
f 2176/2982/2134 4539/6579/4543 2126/2980/2132
f 4538/3026/2168 2126/2980/2132 4539/6579/4543
f 2172/3028/2170 2126/2980/2132 4538/3026/2168
f 4553/6584/4554 4546/6568/4547 4554/6589/4555
f 4537/6591/4536 4466/6446/4481 4543/6559/4540
f 4553/6584/4554 4559/6592/4559 4545/6566/4546
f 4543/6559/4540 4255/6564/4257 4537/6591/4536
f 4559/6592/4559 4560/6593/4560 4545/6566/4546
f 4271/6084/4274 4516/6500/4512 4287/6109/4291
f 4466/6446/4481 4537/6591/4536 4465/6448/4474
f 4561/6594/4561 4434/6371/4443 4426/6355/4434
f 4287/6109/4291 4516/6500/4512 4520/6501/4513
f 4557/6595/4562 4520/6529/4513 4522/6530/4527
f 4562/6596/4563 4441/6384/4449 4434/6597/4443
f 4557/6595/4562 4287/6120/4291 4520/6529/4513
f 4507/3777/2713 1308/1795/1321 2708/3786/2720
f 4508/6516/4518 1295/1782/1309 4507/3777/2713
f 4430/6567/4439 4429/6367/4438 4418/6333/4425
f 4545/6566/4546 4560/6593/4560 4430/6567/4439
f 4507/3777/2713 1295/1782/1309 1308/1795/1321
f 1526/6121/1536 4287/6120/4291 4557/6595/4562
f 4449/6598/4456 4423/6363/4431 4430/6365/4439
f 4557/6595/4562 1527/6599/1537 1526/6121/1536
f 3204/4438/3199 1527/6599/1537 4557/6595/4562
f 4556/6588/4557 4559/6592/4559 4553/6584/4554
f 2342/3266/2351 2291/3225/2320 2283/3186/2289
f 1295/1782/1309 4508/6516/4518 1482/6590/4558
f 4564/6600/4564 4441/6384/4449 4563/6601/4565
f 4441/6384/4449 4564/6600/4564 4440/6383/4448
f 2291/3225/2320 2311/6602/4550 2308/3221/2317
f 4441/6384/4449 4562/6596/4563 4563/6601/4565
f 4439/6382/4447 4434/6597/4443 4441/6384/4449
f 4537/6555/4536 4255/6060/4257 4535/6048/4248
f 4565/6603/4566 4566/6604/4567 4564/6600/4564
f 1311/1783/1310 1295/1782/1309 1482/6590/4558
f 4565/6603/4566 4564/6600/4564 4563/6601/4565
f 4543/6559/4540 4466/6446/4481 623/819/621
f 4439/6382/4447 4433/6381/4442 4434/6597/4443
f 4566/6604/4567 4440/6383/4448 4564/6600/4564
f 4566/6604/4567 4445/6388/4452 4440/6383/4448
f 3204/4438/3199 1558/6605/1575 1527/6599/1537
f 3204/4438/3199 3180/4423/3188 1558/6605/1575
f 1731/4433/1741 1558/6605/1575 3180/4423/3188
f 4446/6390/4453 4445/6391/4452 4566/6606/4567
f 2291/3225/2320 4568/6607/4568 2311/6602/4550
f 4567/6608/4569 4552/6580/4551 1645/6582/1654
f 4552/6609/4551 4558/6610/4570 4550/6586/4552
f 2342/3266/2351 4568/6607/4568 2291/3225/2320
f 4554/6585/4555 4550/6586/4552 4558/6610/4570
f 4569/6611/4571 4555/6587/4556 4558/6612/4570
f 4570/6613/4572 4556/6588/4557 4555/6587/4556
f 4555/6587/4556 4554/6589/4555 4558/6612/4570
f 3204/4438/3199 4522/6530/4527 3181/4419/3185
f 4557/6595/4562 4522/6530/4527 3204/4438/3199
f 1646/6614/1656 132/133/119 1647/5319/1525
f 1675/6615/1682 132/133/119 1646/6614/1656
f 1675/6615/1682 1671/6394/1679 132/133/119
f 4562/6616/4563 4572/6617/4573 4573/6618/4574
f 4574/6619/4575 2311/6602/4550 4568/6607/4568
f 4561/6594/4561 4562/6616/4563 4434/6371/4443
f 4449/6395/4456 4561/6594/4561 4426/6355/4434
f 4574/6620/4575 4581/6621/4576 4575/3211/2310
f 2297/3213/2312 4575/3211/2310 4581/6621/4576
f 4572/6617/4573 4562/6616/4563 4561/6594/4561
f 151/3412/173 2430/3411/2452 1464/4395/1476
f 4575/3211/2310 2297/3213/2312 2296/3212/2311
f 4559/6622/4559 4449/6598/4456 4560/6623/4560
f 4449/6598/4456 4430/6365/4439 4560/6623/4560
f 1390/1894/1405 151/6624/173 1464/1986/1476
f 146/155/137 151/6624/173 1390/1894/1405
f 4497/6486/4504 4576/6497/4509 592/769/590
f 592/769/590 352/742/571 4497/6486/4504
f 4556/6588/4557 4577/6625/4577 4559/6592/4559
f 352/742/571 253/293/239 4497/6486/4504
f 1464/4395/1476 2430/3411/2452 2499/3475/2499
f 253/293/239 352/742/571 240/279/228
f 4578/6626/4578 4449/6598/4456 4577/6627/4577
f 4449/6598/4456 4559/6622/4559 4577/6627/4577
f 4573/6628/4574 4579/6629/4579 4562/6596/4563
f 4572/6617/4573 4561/6594/4561 4449/6395/4456
f 4449/6395/4456 3813/5338/3807 4580/6630/4580
f 2311/6578/4550 4574/6620/4575 4575/3211/2310
f 3813/5338/3807 3808/5337/3801 4580/6630/4580
f 4580/6630/4580 4572/6617/4573 4449/6395/4456
f 2171/3027/2169 2311/6578/4550 4575/3211/2310
f 4582/6631/4581 4581/6632/4576 4568/6607/4568
f 4580/6630/4580 4583/6633/4582 4584/6634/4583
f 4579/6629/4579 4573/6628/4574 4584/6635/4583
f 3810/6636/3804 4583/6633/4582 4580/6630/4580
f 3808/5337/3801 3810/6636/3804 4580/6630/4580
f 4584/6634/4583 4572/6617/4573 4580/6630/4580
f 4574/6619/4575 4568/6607/4568 4581/6632/4576
f 4584/6634/4583 4573/6618/4574 4572/6617/4573
f 3814/5333/3808 3813/5332/3807 4449/6598/4456
f 4576/6637/4509 4501/6491/4505 4585/53/48
f 1482/6590/4558 4529/6515/4517 11/6638/4584
f 10/2048/1489 1311/1783/1310 1482/6590/4558
f 4535/6048/4248 4245/6053/4252 4536/6552/4534
f 4529/6539/4517 3114/6556/4537 11/6639/4584
f 2311/6602/4550 2312/3222/2318 2308/3221/2317
f 4540/6561/4542 2312/3222/2318 2311/6602/4550
f 4587/6640/4585 2032/2833/2019 1813/2608/1871
f 4536/6552/4534 4245/6053/4252 4248/6075/4267
f 4538/3026/2168 2311/6578/4550 2171/3027/2169
f 10/2000/1489 11/6639/4584 3114/6556/4537
f 1813/2608/1871 1808/2536/1816 4587/6640/4585
f 4590/6641/4586 4446/6390/4453 4565/6642/4566
f 4588/6643/4587 4589/6644/4588 4590/6641/4586
f 4285/6103/4286 4549/6583/4553 4551/6102/4285
f 4587/6640/4585 592/769/590 4576/6497/4509
f 4563/6601/4565 4579/6629/4579 4586/6645/4589
f 4582/6631/4581 4568/6607/4568 2342/3266/2351
f 4563/6601/4565 4562/6596/4563 4579/6629/4579
f 1482/6590/4558 11/6638/4584 10/2048/1489
f 1808/2536/1816 592/769/590 4587/6640/4585
f 4488/6470/4494 2314/3229/2322 1596/2234/1613
f 214/6646/201 1997/2811/1996 2001/2810/1998
f 4592/6647/4590 4597/6648/4591 4549/6583/4553
f 4488/6470/4494 2342/3266/2351 2314/3229/2322
f 3114/6556/4537 89/101/91 10/2000/1489
f 4576/6497/4509 58/6649/47 4587/6640/4585
f 3114/6556/4537 94/102/92 89/101/91
f 4586/6645/4589 4588/6650/4587 4563/6601/4565
f 4589/6651/4588 4588/6650/4587 4586/6645/4589
f 2020/2831/2017 2032/2833/2019 4587/6640/4585
f 4588/6650/4587 4565/6603/4566 4563/6601/4565
f 4576/6652/4509 4585/6653/48 58/6654/47
f 3827/5348/3819 4593/6655/4592 3829/5350/3821
f 2020/2831/2017 4587/6640/4585 58/6649/47
f 4593/6656/4592 4594/6657/4593 4595/6658/4594
f 4586/6645/4589 4594/6657/4593 4589/6651/4588
f 4593/6656/4592 4596/6659/4595 4594/6657/4593
f 4596/6659/4595 4589/6651/4588 4594/6657/4593
f 4596/6660/4595 4593/6655/4592 3827/5348/3819
f 4589/6644/4588 4596/6661/4595 3842/5663/4031
f 4592/6647/4590 4549/6583/4553 4285/6103/4286
f 4579/6629/4579 4595/6658/4594 4594/6657/4593
f 4285/6103/4286 4286/6108/4290 4592/6647/4590
f 4595/6658/4594 4584/6635/4583 4583/6662/4582
f 4286/6663/4290 1526/2067/1536 1555/2150/1571
f 4586/6645/4589 4579/6629/4579 4594/6657/4593
f 1555/2150/1571 4592/6664/4590 4286/6663/4290
f 3826/5347/3818 3832/5360/3824 4596/6660/4595
f 3827/6665/3819 3826/6666/3818 4596/6667/4595
f 63/60/53 2020/3033/2017 58/52/47
f 3832/5354/3824 3831/5353/3823 4596/6661/4595
f 4583/6668/4582 3829/5350/3821 4593/6655/4592
f 4583/6668/4582 3810/5329/3804 3829/5350/3821
f 4584/6635/4583 4595/6658/4594 4579/6629/4579
f 4583/6662/4582 4593/6656/4592 4595/6658/4594
f 4597/6648/4591 4487/6468/4492 4549/6583/4553
f 4487/6468/4492 4533/6548/4532 4549/6583/4553
f 4565/6642/4566 4588/6643/4587 4590/6641/4586
f 4566/6606/4567 4565/6642/4566 4446/6390/4453
f 4597/6648/4591 4496/6481/4501 4487/6468/4492
f 4502/6492/4506 4496/6488/4501 4597/6669/4591
f 2344/3268/2353 4389/6670/4596 735/987/733
f 4446/6390/4453 4590/6641/4586 4489/6472/4496
f 4389/6670/4596 2344/3268/2353 2297/3213/2312
f 4491/6476/4497 4489/6475/4496 4599/6671/4597
f 4582/6672/4581 2297/3213/2312 4581/6621/4576
f 4597/6669/4591 4598/6673/4598 4502/6492/4506
f 287/341/276 4512/6517/4519 960/403/314
f 4591/6674/4599 2342/3266/2351 4488/6470/4494
f 4599/6671/4597 4600/6675/4600 4601/6676/4601
f 280/385/306 256/316/257 276/2945/264
f 4582/6631/4581 2342/3266/2351 4591/6674/4599
f 958/1322/955 4491/6476/4497 4599/6671/4597
f 4598/6673/4598 4597/6669/4591 4592/6664/4590
f 4592/6664/4590 1555/2150/1571 4598/6673/4598
f 1564/2151/1572 4598/6673/4598 1555/2150/1571
f 4598/6673/4598 1564/2151/1572 1566/2163/1581
f 4591/6674/4599 4389/6677/4596 4582/6631/4581
f 4489/6472/4496 4590/6641/4586 4599/6678/4597
f 2028/2846/210 214/6646/201 2001/2810/1998
f 4591/6674/4599 4488/6470/4494 4383/6473/4395
f 4591/6674/4599 4383/6473/4395 4389/6677/4596
f 4504/6495/4508 4502/6492/4506 4598/6673/4598
f 29/34/34 214/244/201 322/409/319
f 1566/2163/1581 4504/6495/4508 4598/6673/4598
f 1566/2163/1581 1565/2162/1580 1567/2231/1610
f 4504/6495/4508 1566/2163/1581 1567/2231/1610
f 29/34/34 1997/2808/1996 214/244/201
f 16/815/619 280/385/306 276/2945/264
f 17/23/23 280/385/306 16/815/619
f 4504/6495/4508 3336/4640/3334 4478/6457/4486
f 18/22/22 280/385/306 17/23/23
f 4478/6457/4486 3336/4640/3334 4482/6460/4487
f 958/1322/955 4599/6671/4597 4601/6676/4601
f 3336/4640/3334 3329/4629/3327 4482/6460/4487
f 2597/6462/2595 3329/4629/3327 869/6679/868
f 3933/5495/3925 3876/5412/3866 3937/5507/3932
f 735/987/733 4389/6670/4596 4383/6269/4395
f 4482/6460/4487 3329/4629/3327 2597/6462/2595
f 4389/6670/4596 2297/3213/2312 4582/6672/4581
f 19/25/25 321/84/74 18/22/22
f 321/84/74 19/25/25 322/409/319
f 3933/6680/3925 4534/6551/4533 4602/6681/4602
f 3933/6680/3925 3937/6682/3932 4534/6551/4533
f 29/34/34 322/409/319 19/25/25
f 4400/6683/4405 4603/6684/4603 492/640/488
f 493/641/489 4400/6683/4405 492/640/488
f 492/640/488 4604/6685/4604 515/666/507
f 493/6686/489 491/6687/485 4199/638/487
f 4400/6294/4405 493/6686/489 4199/638/487
f 489/6296/483 4199/638/487 491/6687/485
f 4605/6688/4605 513/662/505 512/660/504
f 4605/6688/4605 512/660/504 4055/5698/4052
f 4055/5705/4052 502/5707/495 503/6689/496
f 4605/6690/4605 4055/5705/4052 503/6689/496
f 4605/6690/4605 503/6689/496 4606/6691/4606
f 4531/5508/3933 3310/6692/3308 3937/5507/3932
f 4528/6534/4530 4523/6526/4524 4607/6693/4607
f 4604/6685/4604 492/640/488 4603/6684/4603
f 3310/4601/3308 4531/5510/3933 3167/6545/3306
f 4606/6694/4606 515/666/507 4604/6685/4604
f 4608/6695/4608 4606/6694/4606 4604/6685/4604
f 4528/6696/4530 4608/6697/4608 4609/6698/4609
f 4534/6551/4533 3937/6682/3932 3310/6549/3308
f 4610/6699/4610 513/662/505 4605/6688/4605
f 4608/6697/4608 4610/6700/4610 4606/6691/4606
f 4610/6700/4610 4608/6697/4608 4611/6701/4611
f 4526/6535/4528 4528/6696/4530 4609/6698/4609
f 4608/6697/4608 4528/6696/4530 4611/6701/4611
f 515/666/507 4606/6694/4606 503/650/496
f 4602/6681/4602 4534/6551/4533 4612/6560/4541
f 4610/6700/4610 4605/6690/4605 4606/6691/4606
f 4611/6702/4611 4528/6534/4530 4613/6703/4612
f 4610/6699/4610 4613/6703/4612 525/679/520
f 4614/6704/4613 4599/6678/4597 4590/6641/4586
f 4610/6699/4610 4611/6702/4611 4613/6703/4612
f 4610/6699/4610 525/679/520 513/662/505
f 4528/6534/4530 4607/6693/4607 4613/6703/4612
f 523/680/518 525/679/520 4613/6703/4612
f 4400/6683/4405 4399/6513/4406 4603/6684/4603
f 4614/6704/4613 3842/5663/4031 3841/5662/4030
f 4603/6684/4603 4399/6513/4406 4615/6705/4614
f 4616/6706/4615 4604/6685/4604 4603/6684/4603
f 4615/6705/4614 4616/6706/4615 4603/6684/4603
f 4513/6510/4514 4615/6705/4614 4514/6511/4515
f 4514/6511/4515 4615/6705/4614 4399/6513/4406
f 4616/6706/4615 4608/6695/4608 4604/6685/4604
f 263/308/249 262/307/248 4617/6707/4616
f 4617/6707/4616 521/675/516 523/677/518
f 523/677/518 263/308/249 4617/6707/4616
f 263/6541/249 4607/6693/4607 4523/6526/4524
f 4613/6703/4612 263/6541/249 523/680/518
f 4590/6641/4586 3842/5663/4031 4614/6704/4613
f 263/6541/249 4613/6703/4612 4607/6693/4607
f 262/307/248 354/449/346 4617/6707/4616
f 354/449/346 521/675/516 4617/6707/4616
f 4616/6706/4615 4609/6708/4609 4608/6695/4608
f 4616/6706/4615 4513/6510/4514 4609/6708/4609
f 4513/6510/4514 4616/6706/4615 4615/6705/4614
f 2961/4112/2964 4600/6675/4600 4614/6709/4613
f 4609/6708/4609 4513/6510/4514 4527/6533/4529
f 4527/6536/4529 4526/6535/4528 4609/6698/4609
f 262/307/248 351/445/344 354/449/346
f 612/807/613 353/448/345 331/424/327
f 351/445/344 332/425/328 354/449/346
f 613/808/614 354/449/346 612/807/613
f 354/449/346 353/448/345 612/807/613
f 331/424/327 580/750/576 614/809/615
f 614/809/615 612/807/613 331/424/327
f 354/449/346 613/808/614 521/675/516
f 331/424/327 350/443/343 580/750/576
f 350/443/343 331/424/327 333/426/329
f 191/207/179 4618/6710/4617 20/208/11
f 4614/6709/4613 3841/5687/4030 3843/5670/4036
f 4619/6711/4618 4620/6712/4619 4621/6713/4620
f 4622/6714/4621 4623/6715/4622 4619/6711/4618
f 4614/6709/4613 4600/6675/4600 4599/6671/4597
f 958/1322/955 4512/6517/4519 4491/6476/4497
f 1411/2124/1429 1410/2122/1416 1530/2121/1557
f 1410/2122/1416 1414/6716/1423 1505/2123/1558
f 4624/6717/4623 1530/6718/1557 4621/6719/4620
f 1505/6720/1558 4621/6719/4620 1530/6718/1557
f 4626/6721/4624 1505/2123/1558 1414/6716/1423
f 4626/6722/4624 4627/6723/4625 1505/6720/1558
f 4628/6724/4626 4620/6712/4619 4619/6711/4618
f 118/117/107 4624/6725/4623 4620/6712/4619
f 4620/6712/4619 4628/6724/4626 118/117/107
f 958/1322/955 4601/6676/4601 959/1323/956
f 4624/6726/4623 117/127/106 4629/6727/4627
f 96/2089/85 1411/2124/1429 1530/2121/1557
f 4629/6728/4627 96/95/85 4624/6717/4623
f 96/95/85 4629/6728/4627 97/96/86
f 188/2143/169 1408/2072/1414 187/2071/168
f 4619/6711/4618 4623/6715/4622 4628/6724/4626
f 4621/6713/4620 4620/6712/4619 4624/6725/4623
f 960/403/314 4512/6517/4519 958/1322/955
f 4623/6715/4622 4618/6729/4617 4628/6724/4626
f 4618/6729/4617 191/6730/179 4628/6724/4626
f 4624/6725/4623 118/117/107 117/116/106
f 97/129/86 4629/6727/4627 117/127/106
f 1530/6718/1557 4624/6717/4623 96/95/85
f 165/169/150 118/117/107 4628/6724/4626
f 2900/6731/2908 3933/6680/3925 4602/6681/4602
f 165/169/150 4628/6724/4626 191/6730/179
f 191/207/179 170/175/153 165/174/150
f 170/205/153 24/12/12 190/206/178
f 24/12/12 4631/6732/4628 190/206/178
f 4631/6732/4628 4632/6733/4629 190/206/178
f 171/176/154 190/206/178 4632/6733/4629
f 32/18/18 171/191/154 4632/6734/4629
f 4630/6735/4630 1002/1379/999 1004/1381/1001
f 4621/6736/4620 4627/6737/4625 4625/6738/4631
f 1004/1381/1001 4602/6681/4602 4630/6735/4630
f 4626/6721/4624 1414/6716/1423 1415/6739/1420
f 4621/6719/4620 1505/6720/1558 4627/6723/4625
f 1415/6739/1420 1417/2139/1422 1547/2138/1566
f 4626/6721/4624 1415/6739/1420 1547/2138/1566
f 4627/6723/4625 4626/6722/4624 4633/6740/4632
f 4625/6741/4631 4634/6742/4633 4622/6714/4621
f 4625/6741/4631 4622/6714/4621 4619/6711/4618
f 4634/6742/4633 4625/6741/4631 4633/6743/4632
f 4622/6714/4621 4634/6742/4633 4635/6744/4634
f 4625/6738/4631 4627/6737/4625 4633/6745/4632
f 4612/6560/4541 4524/6527/4525 4630/6735/4630
f 188/195/169 132/133/119 1535/6746/1547
f 4619/6711/4618 4621/6713/4620 4625/6741/4631
f 4618/6729/4617 4623/6715/4622 4622/6714/4621
f 1002/1379/999 4630/6735/4630 384/1388/1008
f 1539/6320/1552 1536/6747/1548 132/133/119
f 1536/6747/1548 1535/6746/1547 132/133/119
f 4626/6722/4624 1547/6748/1566 4633/6740/4632
f 4612/6560/4541 4630/6735/4630 4602/6681/4602
f 1552/6307/1567 4406/6305/4412 1551/6304/1565
f 1417/2111/1422 1543/2110/1554 1551/2141/1565
f 4636/6749/4635 4635/6744/4634 4634/6742/4633
f 384/1388/1008 4630/6735/4630 4524/6527/4525
f 4637/6750/4636 4410/6751/4416 4636/6752/4635
f 4636/6753/4635 4410/6314/4416 4417/6332/4424
f 1547/6754/1566 4406/6755/4412 4403/6756/4409
f 1547/6754/1566 4403/6756/4409 4633/6757/4632
f 1026/1410/1025 4601/6676/4601 4600/6675/4600
f 4403/6300/4409 4637/6758/4636 4633/6745/4632
f 4633/6743/4632 4637/6759/4636 4634/6742/4633
f 4637/6759/4636 4636/6749/4635 4634/6742/4633
f 4637/6758/4636 4403/6300/4409 4405/6302/4411
f 4637/6750/4636 4405/6760/4411 4410/6751/4416
f 1026/1410/1025 959/1323/956 4601/6676/4601
f 3843/5670/4036 2961/4112/2964 4614/6709/4613
f 4618/6729/4617 4622/6714/4621 4638/6761/4637
f 4618/6729/4617 4638/6761/4637 4639/6762/4638
f 4639/6763/4638 20/208/11 4618/6710/4617
f 4600/6675/4600 2961/4112/2964 1026/1410/1025
f 4635/6744/4634 4640/6764/4639 4638/6761/4637
f 4622/6714/4621 4635/6744/4634 4638/6761/4637
f 4639/6762/4638 4638/6761/4637 4640/6764/4639
f 12/7/7 4641/6765/4640 13/8/8
f 4641/6765/4640 4631/6732/4628 24/12/12
f 1027/1411/1026 1026/1410/1025 2961/4112/2964
f 4641/6765/4640 24/12/12 13/8/8
f 40/27/27 4641/6766/4640 51/41/39
f 12/55/7 51/41/39 4641/6766/4640
f 40/27/27 30/16/16 4631/6767/4628
f 4631/6767/4628 4641/6766/4640 40/27/27
f 32/18/18 4631/6767/4628 30/16/16
f 32/18/18 4632/6734/4629 4631/6767/4628
f 4636/6753/4635 4417/6332/4424 4642/6768/4641
f 4417/6332/4424 4431/6366/4440 4642/6768/4641
f 3868/5402/3857 3933/5495/3925 2900/4037/2908
f 4635/6769/4634 4636/6770/4635 4640/6771/4639
f 4642/6772/4641 4640/6773/4639 4636/6774/4635
f 4643/6775/4642 4640/6776/4639 4642/6777/4641
f 4431/6368/4440 4643/6775/4642 4642/6777/4641
f 20/208/11 4643/6775/4642 4431/6368/4440
f 4640/6776/4639 4643/6775/4642 20/208/11
f 4640/6776/4639 20/208/11 4639/6763/4638
f 20/208/11 4431/6368/4440 4423/6363/4431
f 1004/1381/1001 2900/6731/2908 4602/6681/4602
f 4589/6644/4588 3842/5663/4031 4590/6641/4586
f 3842/5663/4031 4596/6661/4595 3831/5353/3823
f 3831/5353/3823 4049/5661/4029 3842/5663/4031
f 2961/4112/2964 3843/5670/4036 2942/4113/2965
f 1453/6778/1464 4567/6779/4569 1450/2294/1462
f 1645/2293/1654 1450/2294/1462 4567/6779/4569
f 1653/6780/1662 4644/6781/4643 4567/6608/4569
f 1453/6778/1464 1455/6782/1466 4567/6779/4569
f 4571/6783/4644 4552/6609/4551 4569/6784/4571
f 4558/6610/4570 4552/6609/4551 4571/6783/4644
f 4570/6613/4572 4555/6587/4556 4569/6611/4571
f 4569/6611/4571 4207/6785/4206 4570/6613/4572
f 4225/6786/4229 4578/6787/4578 4570/6613/4572
f 4578/6787/4578 4556/6588/4557 4570/6613/4572
f 4569/6788/4571 4558/6789/4570 4571/6790/4644
f 1651/6791/1660 1679/5949/1685 4203/5962/4205
f 1653/6780/1662 1651/6791/1660 4203/5962/4205
f 4552/6580/4551 4567/6608/4569 4644/6781/4643
f 1653/6792/1662 4567/6779/4569 1455/6782/1466
f 4203/6793/4205 4195/6794/4200 4644/6795/4643
f 4569/6784/4571 4644/6795/4643 4195/6794/4200
f 4203/5962/4205 4644/6781/4643 1653/6780/1662
f 4552/6609/4551 4644/6795/4643 4569/6784/4571
f 4207/5966/4206 4569/6788/4571 4195/5950/4200
f 4194/5964/4199 4195/5963/4200 4203/6796/4205
f 4207/6785/4206 4645/6797/4645 4570/6613/4572
f 4645/6798/4645 4207/6799/4206 4197/5982/4202
f 4197/5982/4202 4209/5977/4212 4645/6798/4645
f 4645/6797/4645 4225/6786/4229 4570/6613/4572
f 4209/5977/4212 4225/6012/4229 4645/6798/4645
f 4209/5977/4212 3811/6006/3805 4225/6012/4229
f 4225/6786/4229 3814/6800/3808 4578/6787/4578
f 4578/6787/4578 4577/6625/4577 4556/6588/4557
f 3814/5333/3808 4449/6598/4456 4578/6626/4578
f 183/825/172 465/597/460 466/596/459
f 183/825/172 466/596/459 135/6397/176
f 135/6397/176 466/596/459 454/583/448
f 480/634/486 739/998/742 706/941/702
f 480/634/486 706/941/702 732/988/734
f 184/940/171 9/6433/170 706/941/702
f 9/6433/170 732/988/734 706/941/702
f 4450/584/449 135/6397/176 454/583/448
